actual,predicted,error,abs_error,pv_power_w_lag_0,pv_power_w_lag_1,pv_power_w_lag_2
7020.67,17942,10921.4,10921.4,13524,17887.3,18330.7
3863.67,2879.05,-984.612,984.612,13713.3,16612.7,19847.7
36303.7,33491.6,-2812.12,2812.12,41622.3,41460.3,41396.3
25195.3,20890.3,-4305.07,4305.07,10170.7,9033,6067.33
9762.67,9021.85,-740.813,740.813,10111,7830.33,8684.67
5739.67,22279.7,16540,16540,11065.7,9388.33,10900
5176.33,-729.628,-5905.96,5905.96,41.3333,0,0
2158.33,9163.41,7005.08,7005.08,941,378.667,114.667
19876,20569.9,693.933,693.933,7462.67,4819.33,2834.33
35371.3,34594.5,-776.823,776.823,23615.7,20835,17538.3
22378.7,29709.9,7331.22,7331.22,19721.7,18398,19202.3
21694,28976.9,7282.88,7282.88,30379.7,31993.3,33483.3
4813.67,7293.58,2479.91,2479.91,176,0,0
29919.3,27369.5,-2549.84,2549.84,30317.3,25682,15003
4166.67,5905.01,1738.34,1738.34,17173,19903.3,19628
32742.7,12222.3,-20520.3,20520.3,29796.3,34676,29050
8832.33,10985.1,2152.75,2152.75,12690.7,4496.33,6626
2793.33,14927.8,12134.4,12134.4,3742.33,3586,3224
18292.3,28025.8,9733.49,9733.49,18008.7,11661,10251.3
26246.3,30715.6,4469.26,4469.26,13809.7,16771.7,18008.7
1864.67,1745.21,-119.456,119.456,9400.67,12817,8840
7418.67,20852,13433.4,13433.4,14861.3,19235,19554.3
6910.67,10299.8,3389.16,3389.16,2706.33,2162.33,1701.67
2326.33,5219.86,2893.53,2893.53,8550.67,8712.67,11897
2980.33,2738.77,-241.568,241.568,1873.33,1152.67,1070.67
10170.7,11606.1,1435.43,1435.43,2038,880.667,183.333
2156.67,5520.9,3364.23,3364.23,11021,13279.3,15726
7785,12952.3,5167.32,5167.32,4159.67,5739.67,6084
2905,13345.6,10440.6,10440.6,6131,6990,8391.67
19264.3,27736.6,8472.28,8472.28,12271.7,10101,7601.33
3771,4773.63,1002.63,1002.63,7672.67,7491,8862.33
1852,2706.32,854.321,854.321,10229.3,13051.7,16144.3
28847.7,20143.7,-8703.95,8703.95,16666.3,18179.7,9869.33
3544.67,11690.6,8145.96,8145.96,2520.33,2987,4113
9017,12379.4,3362.42,3362.42,1664,640,107.333
38654,32214,-6440.01,6440.01,42621,43678,42858.7
26381.3,25120.2,-1261.1,1261.1,14998,11963.7,8773
3371.33,1073.68,-2297.65,2297.65,0,0,0
16123,31854.2,15731.2,15731.2,13723.3,13897.3,8963.33
6632,15582.3,8950.32,8950.32,2900.67,1280.67,452
372.333,866.729,494.396,494.396,6703,9027,11315.3
4258.33,10490.1,6231.8,6231.8,5963.67,5287.67,4016.67
0,1157.55,1157.55,1157.55,837.333,832.667,2863
24819,26762.7,1943.69,1943.69,36050,35725,28847.7
42621,47882.9,5261.85,5261.85,42297.7,42150,40766.7
37527.3,32431.1,-5096.23,5096.23,41345.7,42431.3,43418.7
9887.67,14500.8,4613.17,4613.17,6381.67,5430.67,13140.3
10371.3,9610.55,-760.787,760.787,1805.67,554,53.3333
39181.7,33229.3,-5952.33,5952.33,43021,43505.3,43251
4499,7386.59,2887.59,2887.59,7491,8862.33,9283.33
24564,19512.7,-5051.25,5051.25,8778,9854.33,9183.67
8061.33,7256.15,-805.186,805.186,19214,16506.3,35123.3
916.333,1298.72,382.389,382.389,7930.33,10351.3,13056.3
27265,27505.1,240.145,240.145,22631.7,26003.3,34123.3
6980.33,4554.78,-2425.55,2425.55,6623.33,6703.33,4298
32949.3,32129.1,-820.184,820.184,39065,25327,30127.7
147.667,1447.89,1300.23,1300.23,0,0,0
30589.3,23959.7,-6629.59,6629.59,33420.7,33618.3,36685.3
25437,9144.5,-16292.5,16292.5,5430.33,7195,7207
43883.7,42293.2,-1590.5,1590.5,43646,43206,42329
3077,3021.08,-55.9219,55.9219,2485,2779.33,3549
2506.33,8650.08,6143.74,6143.74,896.333,1363.33,1471.67
16199,34450.7,18251.7,18251.7,23045,23557,23600.7
10230.3,19989.8,9759.51,9759.51,14407.3,24893.3,29371.7
12036.3,12801.3,764.981,764.981,3533.33,2038,880.667
1943,337.443,-1605.56,1605.56,0,0,0
23567,24116.9,549.92,549.92,18067.3,17873.3,21218
1055,5313.12,4258.12,4258.12,9066.67,13759.7,17531.7
8836,10021.9,1185.85,1185.85,25235.3,28387.7,14511.7
27933,23151.3,-4781.69,4781.69,36986.3,38205.7,39217.3
13444.7,9629.25,-3815.41,3815.41,26140.7,28797,31214.7
10473.7,8499.09,-1974.57,1974.57,2563,1853.67,950.667
39600.7,38735.6,-865.104,865.104,33708.3,31422,28742
16536.3,14361.2,-2175.12,2175.12,5560.33,3373.33,1764.67
28889,27866.5,-1022.46,1022.46,17884.7,14985,12199
19031.3,15566,-3465.35,3465.35,30565,33233.7,35710.7
30964,22399.9,-8564.07,8564.07,18720.3,15784.7,12114.7
18989.3,20023.2,1033.91,1033.91,29570.7,31603,33604
53.3333,66.1619,12.8286,12.8286,0,0,0
4572.67,1434.02,-3138.64,3138.64,0,0,0
20013.3,20579.1,565.73,565.73,7544.67,5067.33,2836.67
39944,36749.6,-3194.39,3194.39,41396.3,41899.7,42312.3
5366,6375.81,1009.81,1009.81,4115,2467.67,4003
463.667,4862.23,4398.57,4398.57,2197.67,3179,3155
7406,8758.79,1352.79,1352.79,8502,10535,13345.3
17616.7,43130.6,25513.9,25513.9,17256.7,11192,15952.3
12528.3,9302.61,-3225.72,3225.72,1271,209.667,0
18720.3,13742,-4978.31,4978.31,6584.67,3973,2202
21440.7,19146.3,-2294.35,2294.35,30193.3,38554,29445.3
23429,26556.5,3127.52,3127.52,32221.3,34054,35653.3
1748.33,610.855,-1137.48,1137.48,2338,3778.67,4955.67
7491.67,7171.71,-319.954,319.954,193,0,0
4003,5025.52,1022.52,1022.52,2705.67,625.667,1506
1378.67,1638.09,259.42,259.42,323.667,73.3333,163.667
28818.7,35350.7,6532.01,6532.01,30923.3,22999,24323.3
7845.33,7049.49,-795.848,795.848,18830.3,22290,24984.3
36418.7,46547.5,10128.9,10128.9,26924.3,28604.3,38652.7
7813,4621.5,-3191.5,3191.5,5785.33,8308,8806
44906.3,43050.3,-1856.06,1856.06,43141.7,41641.3,39223
546,990.673,444.673,444.673,7738,10354.3,13161.3
19202.3,27736.2,8533.83,8533.83,16921.7,12450.7,7696.33
1266.67,600.424,-666.242,666.242,0,0,0
9196,9970.03,774.03,774.03,1172.67,272,0
5968,11642.2,5674.16,5674.16,2635.67,2800,2431.33
3897,3094.8,-802.201,802.201,5012.33,4648.67,5705
33089.7,31422.1,-1667.54,1667.54,22331.3,19084.7,15901.3
45396,41288.3,-4107.73,4107.73,44937.3,43499.7,42314.3
8775.33,7569.74,-1205.59,1205.59,531,23.6667,0
1852.67,3508.81,1656.14,1656.14,285.333,193.333,106
4784,9931.48,5147.48,5147.48,3516.67,2027.33,1428.67
13739,9583.27,-4155.73,4155.73,27011,29810.7,32606.3
35649.7,36263.8,614.139,614.139,22389,30923.3,22999
19655,17333.3,-2321.74,2321.74,7945,5560.33,3373.33
3997,5969.11,1972.11,1972.11,1135.67,1025.67,703.333
87.3333,763.782,676.449,676.449,5827,8286,11079
25682,25356,-326.012,326.012,16607.7,10420.7,7841.33
1408.67,2376.96,968.29,968.29,109.333,19,0
7809.67,9072.71,1263.05,1263.05,19628,24454,27556
41345.7,33259.1,-8086.58,8086.58,42760.7,42198.7,41943.3
66.3333,481.283,414.949,414.949,4129.67,5382.33,6537
4263.33,11127.5,6864.13,6864.13,7176,5963.67,5287.67
42165,44020.8,1855.81,1855.81,30952.3,33519.3,28600
229.667,152.526,-77.141,77.141,0,0,0
23918.3,23642.5,-275.856,275.856,22448,15969.3,34795.3
2184.67,114.724,-2069.94,2069.94,0,0,0
2338,4779.18,2441.18,2441.18,9111,7905.33,10514.3
373,-5.62256,-378.623,378.623,0,0,0
3837.67,9548.09,5710.42,5710.42,16022.7,24435.3,22485.3
31360.7,31553.5,192.839,192.839,22697.7,13609.3,10934.3
2245.67,113.484,-2132.18,2132.18,0,0,0
13759.7,13611.4,-148.242,148.242,22293.7,23673.7,22655.3
8159,11460.9,3301.91,3301.91,23948,24676,26473
24120.3,27198.8,3078.49,3078.49,32289,30200.7,38367.7
4957.67,5371.5,413.832,413.832,410.667,21,0
17873.3,32547.6,14674.3,14674.3,23878,25456.7,24134.7
38147.7,36358.6,-1789.05,1789.05,38170,38304,36845.7
16513.3,17533.7,1020.39,1020.39,9854.33,9183.67,10445
4835.33,1372.02,-3463.31,3463.31,7813,6672.67,5773
36840,31863.1,-4976.94,4976.94,42948.7,43399,44018
128.333,3637.64,3509.3,3509.3,2618,4945.67,4964.67
43928.3,42471.1,-1457.18,1457.18,43147.7,43141,42548.7
39385.3,38333.7,-1051.63,1051.63,28818.7,38596.3,39637.3
1041.33,1012.09,-29.2481,29.2481,0,0,0
211.333,3352.36,3141.03,3141.03,1557.67,1864,2536.33
46790,49964.9,3174.85,3174.85,42845,41337.3,38697.7
16038,15730.8,-307.207,307.207,12528.3,9775.67,7372
14642.7,3003.34,-11639.3,11639.3,1721,680.667,129.333
5479.33,5915.91,436.578,436.578,2059.33,812,1892.33
1025.67,3298.34,2272.68,2272.68,0,0,0
5353.33,3758.93,-1594.4,1594.4,1920,2091.67,1573.33
32571.7,29547.3,-3024.33,3024.33,44491.7,25028.7,25953
45300,42461.7,-2838.3,2838.3,39223,37373.3,35049
23988.3,16385.4,-7602.98,7602.98,11696.3,8876,5768.33
7649.33,8922.19,1272.86,1272.86,18980.7,21639,24221
2367.33,3807.76,1440.42,1440.42,10798.3,13979,17010.7
32382,29434.7,-2947.31,2947.31,38021.7,39514.3,40742.3
2455.67,2044.76,-410.902,410.902,0,0,0
20627.3,39953.9,19326.5,19326.5,13936,12680.3,24726.7
9231.33,18673.7,9442.4,9442.4,5995,4957.67,3502
24333.3,18730.9,-5602.43,5602.43,12584.3,9590.67,6736.33
5067,3660.87,-1406.13,1406.13,166,0,0
36986.3,33420.6,-3565.74,3565.74,41463.7,42398.7,43522.7
30702.3,27774.6,-2927.71,2927.71,23957,10323,6450.33
39904.7,34320,-5584.63,5584.63,43268.7,41773,35443.3
4179,3652.14,-526.864,526.864,1622.67,918.333,787.667
30510,31361.6,851.632,851.632,14000.7,13809.7,16771.7
8082.67,3319.05,-4763.61,4763.61,1231,443,41.3333
2221.67,13603,11381.3,11381.3,1930.33,4027,3123.67
10798.3,10898.6,100.279,100.279,21757.3,24036.7,26364.7
39090.7,32526.1,-6564.54,6564.54,41940.3,42721,42630
1396.33,3731.48,2335.15,2335.15,3139.67,3435.67,3897
12264.3,15949.4,3685.05,3685.05,18731.7,19975,25495
34314,31057,-3256.98,3256.98,28287,40793,44491.7
31776.3,32631.3,854.948,854.948,38324.3,39103.7,40052.7
27132,26328.7,-803.289,803.289,35508.7,37441.3,39017
1339.33,5197.56,3858.22,3858.22,6875,6663.33,8173.33
17622,18034.9,412.917,412.917,6058.33,3936.67,1940
18509.3,14829.2,-3680.12,3680.12,20051.7,18957.7,20488
661.667,-161.407,-823.073,823.073,0,0,0
35740.3,21368.6,-14371.8,14371.8,20158,22979.3,21992.3
20650.7,32665.9,12015.3,12015.3,36331.7,28419.7,27643.3
15911,14451.7,-1459.33,1459.33,18745.3,20148.3,23264.7
1606.67,2690.17,1083.5,1083.5,8731.67,11814.3,14806.7
1162,571.679,-590.321,590.321,0,0,0
3459,6232.54,2773.54,2773.54,9648,11559.7,13880
10354.3,10014.8,-339.53,339.53,21641.3,24128,27132
22108,27652.4,5544.4,5544.4,14548.3,11911.3,10553
45819.3,26195.3,-19624,19624,47125.3,47257,46904.7
988,2117.32,1129.32,1129.32,145.333,182,43.6667
35278.7,18048.9,-17229.7,17229.7,40781,41583.7,38381.7
43522.7,39617.1,-3905.62,3905.62,43270.7,43222,42859.7
41811,44214.4,2403.36,2403.36,41559,40944,40144.7
11304.3,11198.8,-105.492,105.492,13753.3,19702.3,20592.7
117.667,5779.49,5661.82,5661.82,3361.67,1951.67,3500.67
264,3779.77,3515.77,3515.77,0,0,0
8794,9362.73,568.728,568.728,6505,4418.33,4828.67
436.667,2418.59,1981.92,1981.92,267.667,123,0
5385.67,5060.39,-325.272,325.272,15738.7,19031.3,22451.3
36701.7,33717.8,-2983.88,2983.88,41392,42021,41940.3
4100.67,8603.84,4503.17,4503.17,413,47.6667,0
9184.33,17630.6,8446.25,8446.25,8887.67,6830.67,7073.67
18100.3,25172.8,7072.49,7072.49,7601.33,5121.67,4002.67
34880.7,31530.6,-3350.08,3350.08,40474,41463.7,42398.7
40011,33422,-6588.96,6588.96,43928.3,44068.3,43333.7
26777.3,18694.4,-8082.89,8082.89,11534,9926.33,12835.3
1323.33,7811.08,6487.75,6487.75,6663.33,8173.33,7418.67
8731.67,11778.2,3046.53,3046.53,19323.7,21694,23662.3
51,1524.45,1473.45,1473.45,751.333,2020,2476.33
1234.33,1826.34,592.01,592.01,2827.33,4297.67,4365.33
20145.3,25821.7,5676.36,5676.36,11911.3,10553,8500.33
25846.7,29347.8,3501.13,3501.13,34054,35653.3,37040.3
2110.67,6699.99,4589.33,4589.33,10539.3,13199,16065
11349,32747.7,21398.7,21398.7,9325.33,9037.33,6972.33
16008.7,29800.8,13792.1,13792.1,31264,27155.7,30589.3
41149.3,26988.9,-14160.4,14160.4,37363.7,29895.3,27191.3
14407.3,20098.1,5690.78,5690.78,35740.3,29666,26988.7
11140.7,9185.67,-1955,1955,18574.7,16999.7,16205.7
39512.7,33252.2,-6260.46,6260.46,44616,45135.3,44123.7
3139.67,3737.95,598.283,598.283,4320.67,4623,5012.33
5051.67,6320.41,1268.74,1268.74,1484.33,451.667,267.333
8432,9637.3,1205.3,1205.3,1267.33,213.667,0
1172.67,229.028,-943.639,943.639,0,0,0
1448,6960.69,5512.69,5512.69,7394,9635,12264.3
3366.67,15740.5,12373.8,12373.8,2423.67,4433,4378.67
41325.3,45159.8,3834.43,3834.43,39450,39244.3,30952.3
12199,10948.7,-1250.3,1250.3,2671.33,1051.67,185
14062.3,19690.1,5627.81,5627.81,20986.3,21802,23763.7
7310,8581.87,1271.87,1271.87,8026,9844,10448
4720,9140.82,4420.82,4420.82,12590.7,20149.7,24846.7
2170.67,2604.35,433.686,433.686,3377,2485,2779.33
101.333,1435.44,1334.1,1334.1,5409.33,6468,8001
1719.67,2732.35,1012.68,1012.68,4694.33,8205,6463.67
121.667,442.366,320.699,320.699,0,0,0
2327,3992.07,1665.07,1665.07,451.667,267.333,59
430,8296.78,7866.78,7866.78,1216.67,267.667,123
28712.7,27822.7,-889.918,889.918,17065.3,13578.3,10546.3
7420.33,10776.5,3356.15,3356.15,1299,512,45.6667
17021.3,10771.1,-6250.21,6250.21,11570,7959.33,4513.67
5029,10087.7,5058.71,5058.71,14268,18429.7,16861.3
16607.7,16971.4,363.728,363.728,4611.33,4100.67,3575
44292.7,42897.3,-1395.36,1395.36,43206,42329,41169
4182,8487.6,4305.6,4305.6,2430.67,2336.33,1738
22030.7,32561.4,10530.8,10530.8,22108,20145.3,20672
20824.7,27877.6,7052.94,7052.94,17873.3,21218,23624
20429,17565.9,-2863.13,2863.13,32856.7,35457.3,37433
77.3333,2478.72,2401.39,2401.39,1679,2030.33,2738
2269,1379.77,-889.225,889.225,11079,13739,16805.7
3266.33,2754.57,-511.761,511.761,12817,8840,11230.3
10837.7,19994.3,9156.62,9156.62,14688.7,18340,26134
4945.67,10438.7,5493.04,5493.04,9839,12875.3,21199
2487.67,657.311,-1830.36,1830.36,0,0,0
6050.67,11450.1,5399.4,5399.4,1817.67,586,38
29129.3,22996.9,-6132.42,6132.42,38579,40176.3,41125.3
4498.33,5052.39,554.056,554.056,703.333,194,18.3333
24014.7,18657.1,-5357.58,5357.58,35131,37454,39106
43314.3,42932.3,-382.007,382.007,40446,39071.7,37530.3
33235.3,32044.5,-1190.81,1190.81,29227.3,25924.7,22954.3
15937.7,24414.9,8477.27,8477.27,10270.7,8347.33,5278
800.333,229.056,-571.277,571.277,0,0,0
18656.7,18572.5,-84.208,84.208,28799,30851.7,32636.3
11507,20706.6,9199.65,9199.65,7569.67,4179,4172
5357.33,4687.37,-669.967,669.967,15126.3,18094.3,21693
26733,31068,4334.97,4334.97,35171.7,36764,40478.3
1474.67,561.198,-913.468,913.468,55,0,0
22954.3,20446.8,-2507.48,2507.48,10652.7,7945,5560.33
3210,11068.1,7858.14,7858.14,2447.67,1138.33,642.667
15709.3,19210.2,3500.9,3500.9,26423.3,29072.7,31066.7
3371.67,569.015,-2802.65,2802.65,0,0,0
15126.3,12284,-2842.37,2842.37,27186.3,29766.3,32249.3
9916.33,10794.3,877.996,877.996,16999.7,16205.7,23479.3
27503,25993.1,-1509.95,1509.95,32571.7,24384.3,28287
11997.3,24669.2,12671.9,12671.9,13077.3,11499,12266
1728.33,2071.85,343.517,343.517,0,0,0
9935.33,11527.1,1591.73,1591.73,6892.67,5170.33,5650.67
42114.7,42750,635.301,635.301,38590,37422.7,35844
3944.33,8432.84,4488.51,4488.51,4896.67,3622,4124.33
7804,22372.3,14568.3,14568.3,14709,30600.7,24230.7
795.667,1976.72,1181.05,1181.05,0,0,0
2164.33,5794.29,3629.96,3629.96,1633.33,147.667,0
17887.3,33692.8,15805.5,15805.5,22898.3,27099.3,24000
30915.3,30451.4,-463.982,463.982,19084.7,15901.3,12822
1860.33,570.152,-1290.18,1290.18,9777,11304.3,10047.3
34702.3,24758.7,-9943.68,9943.68,21570.7,18395.3,11689.7
25428.3,26685.6,1257.29,1257.29,15510.7,15011.7,10951
23961.7,27420.1,3458.41,3458.41,13045.7,10371.3,7739.67
14985,11986,-2998.96,2998.96,4598.33,2671.33,1051.67
2430,1248.21,-1181.79,1181.79,0,0,0
4922,20745.8,15823.8,15823.8,4499,6885.67,7950.33
40979.7,41244.7,265.061,265.061,40046.3,38722.3,37260.7
43678,47911.2,4233.17,4233.17,42150,40766.7,39728.3
31955,30169.4,-1785.6,1785.6,20372.3,17807.3,14998
7328.67,12810.2,5481.58,5481.58,5692.67,6065.33,3600.33
3632.67,7515.56,3882.9,3882.9,6370.33,5369.67,4845
21693,19272.8,-2420.18,2420.18,32249.3,34738,36459.7
132,663.054,531.054,531.054,0,0,0
212,1052.41,840.406,840.406,6062.33,8051.33,10798.3
28595.3,14361.7,-14233.6,14233.6,12713,11202.3,8018.33
27186.3,22840.4,-4345.96,4345.96,36459.7,38049,39181.7
3749,4705.63,956.632,956.632,13492.7,16690.7,19485.7
652,877.561,225.561,225.561,8374,11063.3,13713.3
941,1433.69,492.685,492.685,0,0,0
97.6667,1480.19,1382.53,1382.53,5364.67,7073.33,9400.67
99,102.951,3.95099,3.95099,0,0,0
43783,33285.6,-10497.4,10497.4,46125.7,45609,44552.3
32349,15993.5,-16355.5,16355.5,23461.3,28045.3,18203
2591.33,6022.32,3430.99,3430.99,1701.67,661.667,440
4226,12771.6,8545.55,8545.55,3177.33,2296,2177.33
32722.3,24261.3,-8461.04,8461.04,31331.7,26379.7,27846.3
14082,7997.6,-6084.4,6084.4,5777.67,5176.33,2823.67
6181,7473.91,1292.91,1292.91,902,29.6667,0
3870,2805.12,-1064.88,1064.88,13684.3,16666,19992
382.667,1225.31,842.64,842.64,8.33333,0,0
3910,5606.82,1696.82,1696.82,1520,1612,902.333
18442.3,18076,-366.363,366.363,13973.7,14305.7,12528.3
2378.33,5591.47,3213.13,3213.13,1636.33,1401.33,1108
10,2419.72,2409.72,2409.72,3837.67,6642,9122.67
8957.33,11653.7,2696.39,2696.39,1906,2098,843
40744,36264,-4479.96,4479.96,11945.7,7475.33,10589.7
9703,11558.5,1855.51,1855.51,7710,13491.7,6381.67
19432.7,21630.7,2198.06,2198.06,8727.33,6058.33,3936.67
28287,30700.2,2413.24,2413.24,25953,24171,26368.7
4523,7757.73,3234.73,3234.73,4845,4284.33,3253
13897.3,20710.8,6813.51,6813.51,9562.67,7610,7386.67
6923.67,11511.3,4587.63,4587.63,14235.3,16008.7,25420.7
7002,12548.1,5546.11,5546.11,2638,1383.33,413
13422.3,15745.5,2323.15,2323.15,4037.67,2245.67,800.333
3312.67,27913.1,24600.5,24600.5,7600.67,4790.67,4901.67
7694.33,8026.8,332.464,332.464,19485.7,22204.7,24792.7
26497,39713.6,13216.6,13216.6,20627.3,17512.3,32933.3
14835.3,31422.5,16587.2,16587.2,13897.3,8963.33,11388.7
14927.7,18805.1,3877.44,3877.44,19238,21239.7,23642
22362,30235.8,7873.77,7873.77,18461.7,17948.7,9796
3897.33,11118.5,7221.12,7221.12,2720,2447.67,1138.33
9071,8790.04,-280.958,280.958,5381,4182,3657
42707.3,33223.5,-9483.8,9483.8,44773.7,46125.7,45609
30332.7,31131.4,798.712,798.712,17538.3,14645.3,11476.3
31034.7,29094,-1940.69,1940.69,19340.7,16183.3,12891.7
10668.3,18248.2,7579.89,7579.89,4179,4172,5321.67
2437.67,6280.42,3842.75,3842.75,1738,1636.33,1401.33
3688,7730.36,4042.36,4042.36,6885.67,7950.33,7672.67
250.333,1623.08,1372.74,1372.74,1865.67,3232.67,4694.33
22477.7,25294.5,2816.87,2816.87,11602.3,8432,6244.33
35329.7,33684,-1645.66,1645.66,41333,42160.3,41988
11782.3,12330.2,547.857,547.857,5836.33,4928.33,2483
36881.7,33522.2,-3359.43,3359.43,41475.3,42165.7,42724.7
21657.7,25914.7,4257.03,4257.03,21368.7,20650.7,30475
3488.33,2791.96,-696.371,696.371,12492,15126.3,18094.3
41357.7,47084,5726.36,5726.36,32935,30477,28229
764.667,1151.65,386.987,386.987,96.3333,0,0
38208.7,35511.4,-2697.23,2697.23,29585.3,26381.3,23582
17884.7,15073.7,-2810.99,2810.99,7072.33,4598.33,2671.33
21718,25793.7,4075.67,4075.67,12450.7,7696.33,7839
3177.33,9784.97,6607.63,6607.63,1625.33,1098.67,528.333
26379.7,34855.4,8475.72,8475.72,38923.3,26523.3,18008
12264.3,13162,897.642,897.642,10407,5968,5792.67
2945,12263.7,9318.72,9318.72,11347.7,12827.3,13524
23624,31791.3,8167.25,8167.25,24134.7,19179.7,18214
41679.7,40440.2,-1239.51,1239.51,40744,36707.3,28412.7
26067.7,13801.9,-12265.8,12265.8,8447.33,16517,10120.7
15540.7,20121.2,4580.49,4580.49,10053,9555.67,9741.67
2702.33,112.379,-2589.95,2589.95,0,0,0
245,2773.47,2528.47,2528.47,2030.33,2738,8104.67
3002.67,1232.42,-1770.24,1770.24,625.667,1506,180.667
18203,10088.3,-8114.67,8114.67,9136,8082.67,5777.67
20130.3,33422.6,13292.3,13292.3,16564.7,12461.7,11566
0,637.354,637.354,637.354,5384.33,6573,4875.33
6397,9752.55,3355.55,3355.55,7742.67,6505,4418.33
8502.33,13763,5260.65,5260.65,17468.7,22511,26733
3620,1582.49,-2037.51,2037.51,0,0,0
5052.67,7099.2,2046.53,2046.53,2760.33,2648,2212.67
3371.33,13551.1,10179.8,10179.8,1298,1041.33,373
15014.7,33396.1,18381.4,18381.4,24709.3,23529.7,25155
41899.7,39683.8,-2215.9,2215.9,39600.7,37386,36663.7
19079.7,30273,11193.4,11193.4,11566,11773,11507
3680,3203.14,-476.862,476.862,233,0,0
42548.7,33723.5,-8825.21,8825.21,46287,45785.7,45827.7
1546.33,7324.73,5778.39,5778.39,11496.7,12269.7,17916.7
1070.33,7295.84,6225.5,6225.5,3028,2535.33,1981.67
244.333,1106.4,862.062,862.062,5730,6367.33,11012.3
0,2510.04,2510.04,2510.04,77.3333,245,1241.33
4819.33,1314.12,-3505.22,3505.22,0,0,0
3772.33,1192.51,-2579.82,2579.82,0,0,0
10430.7,10542.6,111.982,111.982,11242.3,14266.7,17095.7
4016.67,7100.88,3084.21,3084.21,1530,380.333,89.6667
7025.67,5801.11,-1224.56,1224.56,9542.67,8713,8026
27155.7,17404.7,-9750.97,9750.97,24819,33420.7,33618.3
33755.3,26432.5,-7322.81,7322.81,40980,42497,44200
39820,34664.9,-5155.14,5155.14,40877.7,41426.7,40897
3896.67,9502.27,5605.6,5605.6,5971.67,7536.67,7932.67
10759.3,7893.99,-2865.35,2865.35,1563.67,130.667,0
13481,13342.5,-138.521,138.521,2890.67,3685,1906
16682.3,33477.1,16794.8,16794.8,13970.7,15078,10071.3
18686.7,21724.4,3037.74,3037.74,29800.7,31587.3,33763.3
32206,16911.7,-15294.3,15294.3,26803.3,23461.3,28045.3
39103.7,33388.3,-5715.39,5715.39,41966.7,43025.7,42698.7
12953.3,11842.2,-1111.1,1111.1,10906,5753.67,5468
10481.3,9451.07,-1030.26,1030.26,22250.3,25612,28641.3
6707,7350.91,643.91,643.91,161,0,0
34668.3,26728.5,-7939.8,7939.8,41125.3,42548.7,44818
18008.7,20198.4,2189.77,2189.77,6530.67,6050.67,5289.33
7569.67,10070.2,2500.58,2500.58,2112.67,528.333,31.6667
30733.3,38317.4,7584.03,7584.03,19843.3,16980.3,13998
26298.3,22834.6,-3463.75,3463.75,35156,36881.7,37867.3
4598.33,7988.25,3389.91,3389.91,1716,836.667,410.667
16809,43514.8,26705.8,26705.8,18052.7,17256.7,11192
204.667,494.912,290.246,290.246,2074,4231.67,6607
13279.3,26675.2,13395.9,13395.9,24275.7,28237.3,29341
4846.67,3235.57,-1611.1,1611.1,2164.33,836.333,562
33441,29890.2,-3550.82,3550.82,40547.7,42103.3,43072.7
39537.7,27938.7,-11599,11599,18008,16177.3,17000.7
2836.67,1112.59,-1724.07,1724.07,0,0,0
3582.33,3273.17,-309.16,309.16,918.333,787.667,764.667
7711,8150.31,439.308,439.308,19120,22250.3,25612
9716,12874,3157.96,3157.96,17482,9556.67,11814.7
20488,23038.9,2550.91,2550.91,19557,19016.3,18186
43505.3,43065.7,-439.633,439.633,43725.3,42729.7,41540
24842.7,36072.6,11230,11230,33972.7,32007.7,30771.7
3622,710.612,-2911.39,2911.39,6078,5352.33,6018
10378,10350.5,-27.4698,27.4698,20458.3,22563,25868
38322,33049,-5273,5273,41460.3,41396.3,41899.7
1663.67,6689.68,5026.01,5026.01,3292.67,2887.33,4259.67
41097.3,30678.2,-10419.1,10419.1,32370.7,29842.7,26930
10546.3,11383.8,837.517,837.517,1162,193,0
40068.3,32175.3,-7893.02,7893.02,42645.3,42207.7,41679.7
45358,50169,4811.01,4811.01,43094.7,41357.7,39573
34304.7,24824.7,-9479.92,9479.92,18442.3,17896.7,16038
35249.3,31582.5,-3666.87,3666.87,41084.7,40367,43485
5877.33,4977.61,-899.725,899.725,16612.7,19847.7,23722.7
1921.67,1062.61,-859.054,859.054,6607,9391,9834
1122,1044.71,-77.2868,77.2868,2519,2837.67,4385.67
30952.3,40203.4,9251.09,9251.09,28825.3,26996.3,23621.7
491.667,2341.21,1849.54,1849.54,0,0,0
47971.7,42763.5,-5208.14,5208.14,24070.7,13936,12680.3
17974,12823.6,-5150.36,5150.36,4320.33,3520.67,2635.67
33309,26963.8,-6345.17,6345.17,10934.3,8247.33,5589.33
10101.7,13799.8,3698.15,3698.15,5968,5792.67,4320.33
9490.67,16435.3,6944.68,6944.68,4957.67,3502,2201.67
3922,5864.97,1942.97,1942.97,812,1892.33,2238.67
5214,13371.7,8157.67,8157.67,3771,4499,6885.67
5896.33,5062.35,-833.986,833.986,5353.33,3221.33,3642.33
39431.7,40803.4,1371.68,1371.68,29387.7,26132,23237.7
42857.3,41466.6,-1390.74,1390.74,41859.3,42190.7,41542
102.333,2363.66,2261.32,2261.32,1791.67,2905,4114
4920.33,10154,5233.71,5233.71,7536.67,7932.67,9057.67
45703.3,48710.6,3007.24,3007.24,47298,46790,45938.7
2494.67,8785.2,6290.54,6290.54,1701.67,1701.67,661.667
0,80.8021,80.8021,80.8021,82.6667,47.3333,142
5523,5211.42,-311.579,311.579,15696.7,18830.3,22290
8435.67,9982.18,1546.52,1546.52,800.333,112.667,0
36313.3,33180,-3133.32,3133.32,26381.3,23582,20372.3
36167.7,32280.8,-3886.82,3886.82,41249.3,38672.7,39005.3
4173,27133.6,22960.6,22960.6,9259.33,11506.7,9146
18180,32354.3,14174.3,14174.3,11773,11507,10668.3
531,228.761,-302.239,302.239,0,0,0
17486.3,32857.1,15370.8,15370.8,14362.3,17660.7,20032
2890.67,8229.33,5338.66,5338.66,843,151,0.333333
19650.7,35553.2,15902.6,15902.6,24778.3,21230.7,20133.7
39450,42942.6,3492.62,3492.62,28600,29685,28825.3
3095.33,3214.1,118.77,118.77,0,0,0
13343,11188.4,-2154.55,2154.55,24441.7,28561,30514
9844,22887.4,13043.4,13043.4,16199,16370.3,19888.3
8260.33,10749.1,2488.76,2488.76,3600.33,2486.67,1626.67
2380,5384.08,3004.08,3004.08,167,99,0
9686,10474.1,788.1,788.1,13573,13753.3,19702.3
7043.33,33968,26924.7,26924.7,12118,13970.7,15078
9486.33,9753.6,267.265,267.265,996,161,0
26996.3,30745.1,3748.78,3748.78,16822.3,14624,11602.3
4796,7115.92,2319.92,2319.92,7290.33,7994.67,11065.7
4688,4753.35,65.3468,65.3468,13998,16858.7,19787.3
25962.3,37360.6,11398.2,11398.2,20133.7,16439.3,19860
19175.7,5091,-14084.7,14084.7,9183.33,4026.33,1721
8880.33,19859.1,10978.8,10978.8,11405.7,14366.7,7240.67
22368,19264.1,-3103.86,3103.86,32731.3,34921,36840
20835,22019.6,1184.58,1184.58,8775.33,5803,3544.67
10514.3,11150.3,635.939,635.939,15877,16193.3,13158.3
9921,10876.7,955.663,955.663,1467.67,366.667,0
8026,20280.7,12254.7,12254.7,14675.3,16199,16370.3
83.6667,105.674,22.0076,22.0076,4916,5666.33,3005
6626,9166.33,2540.33,2540.33,16995,19323.7,21694
2423.67,11421.7,8998,8998,3066,1751,2787.33
22031.7,35882.7,13851,13851,34849.3,33972.7,32007.7
117.667,4203.06,4085.4,4085.4,6488.67,10378,12880.3
7247.33,12646,5398.66,5398.66,1747.67,1127.67,448.333
6058.33,3573.44,-2484.89,2484.89,14.6667,0,0
18583,21372.4,2789.44,2789.44,7739.67,5356.67,3420.33
873.333,2920.68,2047.35,2047.35,95,9.33333,0
12584,7016.28,-5567.72,5567.72,8896,7710,13491.7
33484.3,18101.5,-15382.8,15382.8,30674.7,26803.3,23461.3
41859.3,39518.2,-2341.15,2341.15,36707.3,28412.7,18072.3
6716,6747.27,31.2704,31.2704,4846.67,4524,4375.33
8902,17461.5,8559.55,8559.55,10295,10147,10071.7
20711.7,19436,-1275.68,1275.68,9522,7072.33,4598.33
15994.3,20030.1,4035.79,4035.79,6087.67,4037.67,2245.67
4276.67,11301.9,7025.28,7025.28,3197.67,3660.67,3448.33
22584.3,27829.8,5245.44,5245.44,9403.33,6169.33,3832.33
9144.33,14233.1,5088.78,5088.78,9474,6306.67,6624.33
7539,11108.2,3569.24,3569.24,18753.7,21440.7,24397.7
2084.67,1356.88,-727.79,727.79,11063.3,13713.3,16612.7
35525.7,22861.9,-12663.8,12663.8,17568,13575.7,11782.3
26930,15873,-11057,11057,8137.33,3597.33,2133.67
6881.33,7497.11,615.775,615.775,1853.67,950.667,532
1138.33,671.097,-467.236,467.236,0,0,0
30262.7,24822.3,-5440.37,5440.37,38464.7,39980,41498.3
2990.67,9189.05,6198.38,6198.38,3975.67,3066,1751
5099,1271.17,-3827.83,3827.83,6551.67,4837.33,8832.33
24903,10148.1,-14754.9,14754.9,18049,19175.7,13806.7
12118,10466,-1651.96,1651.96,11498,9071,7695.33
0,592.844,592.844,592.844,1339.33,1323.33,3917.33
13345.3,11611.7,-1733.61,1733.61,6975.33,7002.33,13422.7
25670,18022.1,-7647.92,7647.92,19668.7,19736.7,16962
2738,9617.68,6879.68,6879.68,20904.3,19025.7,2780.67
5011,1042.3,-3968.7,3968.7,0,0,0
38697.7,42707.5,4009.83,4009.83,28683,25618.7,22584.3
44123.7,40489.5,-3634.17,3634.17,39800,40083.7,39031.7
15988.7,17708.9,1720.2,1720.2,25846.7,28306.3,30442
617,864.557,247.557,247.557,7609.33,10067.3,12492
16953.3,17546.3,592.916,592.916,5067.33,2836.67,1211
24417.7,33225.6,8807.95,8807.95,30496,20829.7,22343
6075.33,6703.09,627.752,627.752,198,0,0
19335.3,16969,-2366.36,2366.36,30514,32212,34486.3
3007.33,13100,10092.7,10092.7,5330,6268,6028
26507.7,23836.8,-2670.9,2670.9,36458.7,38055.3,39810.7
32822,32989.1,167.06,167.06,38316.3,38147.7,38365
2030.33,3271.03,1240.7,1240.7,4479.33,6310,6533.67
239,732.163,493.163,493.163,0,0,0
587.667,-69.0115,-656.678,656.678,0,0,0
5633.33,21608.6,15975.3,15975.3,7081,5549,5355
40714,41291.4,577.382,577.382,38722.3,37260.7,35055
37451.3,37976.5,525.185,525.185,33891.3,32674,31381.3
1453.67,708.232,-745.435,745.435,1515,1810,1966.67
14229.7,28523.6,14293.9,14293.9,23750.3,31748.3,22448
287.667,5824.19,5536.53,5536.53,1022,2164.67,5695.33
29666,21879.4,-7786.62,7786.62,22979.3,21992.3,26777.3
12269.7,24383.4,12113.7,12113.7,24120.3,26652.7,29056
39042,39198.7,156.681,156.681,31257.7,29219,26911.3
6305.67,14429.2,8123.56,8123.56,7886.33,8352.67,10845.3
36386,20558.2,-15827.8,15827.8,21863.7,17157.3,13287.7
5355,7071.62,1716.62,1716.62,1674,1135.67,1025.67
0,701.128,701.128,701.128,3689,4711.67,5596
3878,7300.24,3422.24,3422.24,464.667,458.667,0
8491.33,32593.1,24101.8,24101.8,13122,17223,15798
2900.33,2007.92,-892.415,892.415,0,0,0
2060,6968.3,4908.3,4908.3,3549,4512.67,3567.33
123,119.021,-3.97923,3.97923,0,0,0
43781.3,41533.6,-2247.72,2247.72,35371.3,33076,30332.7
39005.3,45863.2,6857.87,6857.87,42165,38470,39450
8094,8842.9,748.902,748.902,18686.7,22041,24793.7
4356.33,17042.7,12686.4,12686.4,6647,7078.67,7423.67
4196.67,5714.15,1517.48,1517.48,3002.67,2214.33,3494
24182,18398.7,-5783.27,5783.27,35457.3,37433,39270.7
18049,5301.73,-12747.3,12747.3,11432,9183.33,4026.33
17345.3,17167.5,-177.818,177.818,17593,17021.3,13248.3
2981.33,14003.8,11022.5,11022.5,13191.3,16234.3,17906.3
8939,12536.1,3597.08,3597.08,3210,3505.33,3420.33
23237.7,25957.3,2719.59,2719.59,10452,7462.67,4819.33
39867,29996.4,-9870.63,9870.63,34997.7,38814.3,41307.7
4124.33,-46.7053,-4171.04,4171.04,5352.33,6018,6397
17916.7,26198.8,8282.12,8282.12,26652.7,29056,28253.7
11439,12538,1099,1099,21157.3,23250.7,25318
6395.67,6225.57,-170.093,170.093,2483,796.333,592.333
17482,9646.06,-7835.94,7835.94,3907.67,3440.67,4475.33
24601.3,20976,-3625.38,3625.38,7247.33,7536,5514
31012.7,29519.4,-1493.26,1493.26,20711.7,17884.7,14985
21859.7,29390.2,7530.53,7530.53,38521.3,27528.7,31872.3
31016.7,36568.5,5551.79,5551.79,31632.7,36055,35649.7
44066.7,39102.3,-4964.35,4964.35,45609,44552.3,44000.7
40484,34733.5,-5750.52,5750.52,40897,39960.3,39143
15481.3,13382.4,-2098.98,2098.98,4237.67,2487.67,996
11945.7,23539.9,11594.2,11594.2,6048.33,5833,3371.33
45941.3,44314,-1627.31,1627.31,46228.3,45596.7,44634
17110.3,38556.8,21446.4,21446.4,8103.33,14023,8138
238.333,1549.06,1310.73,1310.73,0,0,0
8491.67,8952.43,460.768,460.768,16039.7,14772.7,13647.7
45019.7,49782.3,4762.68,4762.68,41357.7,39573,37698
8018.33,4722.85,-3295.48,3295.48,1616.33,795.667,233
17587.3,23701.3,6114.01,6114.01,14112,35865.3,41811
99.6667,2906.27,2806.6,2806.6,2139.33,2197.67,3179
500.667,-43.1033,-543.77,543.77,0,0,0
1034,1326.44,292.437,292.437,8174.67,10528.3,13343
7462.67,8221.25,758.583,758.583,307,0,0
16039.7,17000,960.286,960.286,18509.3,18837,19545.3
46904.7,44608.8,-2295.82,2295.82,42413.7,40705,37974.7
29603.3,26524.3,-3079.04,3079.04,33618.3,36685.3,36050
9112,17290.4,8178.39,8178.39,5633.33,5630.33,4837.67
27846.3,34928.9,7082.56,7082.56,26523.3,18008,16177.3
1475.33,-1789.27,-3264.6,3264.6,0,0,0
3960,5920.79,1960.79,1960.79,2212.67,1520,1612
3759,12052.5,8293.45,8293.45,2296,2177.33,1852.67
21863.7,21464.6,-399.082,399.082,12378,15351,15559.3
3420,1303.96,-2116.04,2116.04,21.6667,0,0
2536.33,4295.02,1758.69,1758.69,4190.33,4320.67,4623
4167,5546.38,1379.38,1379.38,2497,3515.33,4784
4113,6062.71,1949.71,1949.71,4276.67,2497,3515.33
38381.7,10524.5,-27857.2,27857.2,15125,11789,14836
32289,21598.2,-10690.8,10690.8,23338,22378.7,45397.7
19158.7,14609.2,-4549.51,4549.51,24472.7,33769.3,21859.7
40595.3,36860.3,-3735,3735,39745,38990.7,37240.7
3125,8577.27,5452.27,5452.27,1042.33,62,0
11963.7,11196.5,-767.152,767.152,1450.33,359.333,0
4513.67,14769.6,10255.9,10255.9,4821.67,5325.33,6887.33
7994.67,21515.8,13521.1,13521.1,12115.7,14198,12295.3
38734.3,26504.6,-12229.7,12229.7,37897.3,42499,34997.7
41542,37690.6,-3851.41,3851.41,18072.3,11945.7,7475.33
5352.33,6896.53,1544.2,1544.2,9110.67,8206.67,7742.67
5768.33,4338.24,-1430.09,1430.09,79.3333,0,0
4418.33,4429.34,11.0072,11.0072,4131,3830.67,1622.67
1337.67,1486.99,149.319,149.319,0,0,0
4544.67,11742.1,7197.45,7197.45,1942,1596.67,464.667
8887.67,16859.4,7971.77,7971.77,6490.33,6905,4226
37433,30565,-6868.03,6868.03,44252.7,45819.3,46112.7
43147.7,43217.2,69.4857,69.4857,40135.7,37762,35662
2082.33,4796.35,2714.02,2714.02,2038,1603,873.667
14509.7,34694.8,20185.1,20185.1,21513.7,8780,12118
16704,14839.3,-1864.7,1864.7,4819.33,2834.33,1217
7738,8056.59,318.589,318.589,18989.3,21641.3,24128
28464,34407.8,5943.75,5943.75,37356,49739,28553
23730.7,30701.3,6970.61,6970.61,28684.3,21799,22838
812,3001.85,2189.85,2189.85,407.333,217.667,71.6667
40360.3,30191.7,-10168.6,10168.6,30220.3,23715.3,25042
40891.7,27815.8,-13075.8,13075.8,32348.3,29741.3,27106
15805,13307.6,-2497.41,2497.41,4461.33,2377.67,945
6551.67,5800.73,-750.934,750.934,13423,17587.3,12690.7
17099,14527.9,-2571.06,2571.06,20199.7,20051.7,18957.7
239.333,298.89,59.5563,59.5563,2918.33,2444.33,2338
22204.7,21999.4,-205.258,205.258,32300.7,34456.7,36303.7
29741.3,20290.9,-9450.43,9450.43,17869,14828.7,11696.3
2497,10769.6,8272.61,8272.61,3660.67,3448.33,3516.67
31360,27120.8,-4239.17,4239.17,37519.7,39090.7,40664.3
43725.3,41410.8,-2314.54,2314.54,38208.7,36313.3,34268.7
14998,13588.4,-1409.62,1409.62,3371.67,1450.33,359.333
3449.67,2878.35,-571.316,571.316,13076.3,15738.7,19031.3
14198,20287.6,6089.6,6089.6,9499.33,8412,6910.67
17095.7,17528,432.348,432.348,22169,22325,26121.7
22.6667,5081.41,5058.74,5058.74,1225.33,2038.67,2772.67
0,735.462,735.462,735.462,1241.33,494,1679
28253.7,24799.5,-3454.12,3454.12,36719.7,23338,22378.7
16612.7,13901.6,-2711.08,2711.08,29036.7,31639.3,34302.7
0,-14.5057,-14.5057,14.5057,142,71,137
44491.7,29207.7,-15284,15284,26368.7,21680,17486.3
41540,38793.5,-2746.46,2746.46,34268.7,31955,29585.3
7374,10857.2,3483.2,3483.2,9350,9012.67,9445.33
7932.67,16296.9,8364.24,8364.24,10081.3,13257,9824
93.6667,455.544,361.877,361.877,4265.67,5909,7539
9474,9435.97,-38.0293,38.0293,4598.33,3402.33,2832
101.667,1624.12,1522.45,1522.45,3828.67,8881.67,7493
24235.7,30261.2,6025.53,6025.53,23727.7,16370.7,9231.33
24472.7,25365.9,893.194,893.194,26255,33629.7,38521.3
24128,23968,-160.004,160.004,33604,35508.7,37441.3
33758,19295.7,-14462.3,14462.3,32595.7,30674.7,26803.3
5827,4820.71,-1006.29,1006.29,16805.7,20583.7,24014.7
32262.7,18697.3,-13565.3,13565.3,11782.3,7108.33,6395.67
42713.7,39572.9,-3140.76,3140.76,28553,42487,34426
4694.33,3793.52,-900.817,900.817,4816.67,5719.67,8900.33
11154,12466.3,1312.33,1312.33,14511.7,24472.7,33769.3
26406,18053,-8353.01,8353.01,16691.7,10473.7,6881.33
0,652.17,652.17,652.17,2005.67,2891.33,5555.67
17395.3,39634,22238.7,22238.7,9779,8103.33,14023
41988,47898,5910.01,5910.01,36418.7,34240.3,37592.7
16958,12948.8,-4009.18,4009.18,5011,3014.33,1563.67
689.333,194.388,-494.946,494.946,0,0,0
5012.33,2590.42,-2421.91,2421.91,5695.67,6090,7297.33
66.6667,643.655,576.988,576.988,5357.33,7609.33,10067.3
10934.3,12583.1,1648.72,1648.72,3620,672.667,259.667
38579,33453.8,-5125.2,5125.2,44818,45247.7,45941.3
3292.67,8260.37,4967.71,4967.71,6371.33,5739.67,4628.67
4524,5560.64,1036.64,1036.64,836.333,562,2639.67
10050.7,25026.6,14976,14976,7952.67,6104,6279
918,533.124,-384.876,384.876,0,0,0
23522.7,35395.3,11872.7,11872.7,22513,25962.3,28830.3
1809.33,580.036,-1229.3,1229.3,3005,5099,11827
90.3333,847.884,757.551,757.551,0,0,0
1805.67,35.3688,-1770.3,1770.3,0,0,0
42630,39655.9,-2974.06,2974.06,39131.7,37545.3,35719.7
3488.67,4900.71,1412.04,1412.04,10550.3,10245.7,19214
14976,13012.6,-1963.38,1963.38,26227,28962.3,31360
11672.3,7415.92,-4256.41,4256.41,6515.33,6762.33,5174
37106,24173.2,-12932.8,12932.8,27106,23988.3,21022
39702.7,32530.7,-7172,7172,31547.7,29332.7,36575
13583,31983.6,18400.6,18400.6,15264,13723.3,13897.3
642.667,165.534,-477.133,477.133,0,0,0
832.667,7634.19,6801.52,6801.52,6696.33,5650,5971.67
18768.3,29192.9,10424.6,10424.6,17496,14548.3,11911.3
2987,6551.85,3564.85,3564.85,3066.67,4276.67,2497
82.6667,49.6919,-32.9747,32.9747,137,242.667,229.667
5084,11075.4,5991.4,5991.4,2506.33,2765.33,2157
8502,9651.82,1149.82,1149.82,5228,6024.33,6975.33
6905,13560.4,6655.42,6655.42,3522.67,3177.33,2296
34826,42628,7802.01,7802.01,23860,23276.7,20177
852.667,915.748,63.0814,63.0814,8631,11333.3,14009
8030.33,11769.3,3738.93,3738.93,5650.67,5190,5672
36719.7,30123.6,-6596.04,6596.04,27428.3,25382.3,19721.7
2431.33,8750.05,6318.72,6318.72,1531.67,1929,2176
21294,27820.7,6526.74,6526.74,11090.3,8435.67,6087.67
13578.3,13607,28.6379,28.6379,2762,1162,193
9012.67,8539.61,-473.054,473.054,8684.67,6874.33,5896.33
6169.33,6847.56,678.223,678.223,55.3333,0,0
767,6681.44,5914.44,5914.44,4365.33,3543.67,4275.33
11814.7,7816.46,-3998.21,3998.21,4475.33,2869.33,1850
25858.7,27285.3,1426.66,1426.66,36685.3,36050,35725
42289.7,35917.8,-6371.89,6371.89,30268.3,32170,31795.3
20149.7,22017.7,1867.99,1867.99,32283.3,35222.3,37605.3
0,883.465,883.465,883.465,2246.67,4301,7025.67
2354.67,7376.43,5021.77,5021.77,107.333,0,0
5659,8530.74,2871.74,2871.74,2380,1716,836.667
9743.33,5456.07,-4287.26,4287.26,2784,2596,1439.33
7413.67,9222.16,1808.5,1808.5,20085.7,14442.3,13573
71,2221.58,2150.58,2150.58,307.333,2505.67,3275.33
20904.3,3097.99,-17806.3,17806.3,64.3333,287.667,884
38345,32195.4,-6149.59,6149.59,42857.3,42645.3,42207.7
42606,33813.6,-8792.44,8792.44,40386,38543.3,39385.3
42377.7,43500.9,1123.23,1123.23,40144.7,38590,37422.7
21799,29293.6,7494.57,7494.57,13680.7,18100.3,14541.3
1716,2284.93,568.925,568.925,99,0,0
2999,12253,9254.03,9254.03,2977.67,2506.33,2765.33
9926.33,18223.5,8297.14,8297.14,7930.67,6611,4798.33
8793.67,14169.4,5375.75,5375.75,25803.7,28959.7,18340.3
3231.33,14895.1,11663.7,11663.7,2990.67,2423.67,4433
902.333,3305.72,2403.38,2403.38,312,168.333,114.333
0,2343.28,2343.28,2343.28,245,1241.33,494
1920,1424.54,-495.462,495.462,689.667,588.333,335.333
494,5468.03,4974.03,4974.03,8104.67,207,2565.67
34826.3,19537.5,-15288.9,15288.9,32349,32595.7,30674.7
40063.7,22526.5,-17537.2,17537.2,34638.3,28595.3,16778.3
8019.33,12469.6,4450.31,4450.31,13491.7,6381.67,5430.67
6215,4922.36,-1292.64,1292.64,16792.7,20429,24182
16941,29007.9,12066.9,12066.9,8963.33,11388.7,9036
35222.3,32345.8,-2876.56,2876.56,40068.3,41312,42100.7
42160.3,45366.1,3205.75,3205.75,35443.3,36418.7,34240.3
42820.7,47726.9,4906.2,4906.2,39728.3,38260.3,37063.7
37974.7,35929.8,-2044.91,2044.91,26788.7,23615.7,20835
1940,112.923,-1827.08,1827.08,0,0,0
36.6667,704.341,667.674,667.674,3459,5409.33,6468
18340,34376.4,16036.4,16036.4,37303.3,27223.7,26939
32772,39530.2,6758.19,6758.19,22996,19843.3,16980.3
12003.3,33196.5,21193.2,21193.2,26134,32794,39057.3
5430.67,25140.3,19709.7,19709.7,33599,32262.7,24085
3361.67,7340.67,3979,3979,2887.33,4259.67,3944.33
41400,41653.7,253.686,253.686,41252,40046.3,38722.3
35055,33608.3,-1446.66,1446.66,26254,23471.7,20711.7
193.333,280.426,87.0926,87.0926,0,0,0
0,215.288,215.288,215.288,1921.67,4169.33,2074
6887.33,26640.2,19752.8,19752.8,9013,7952.67,6104
106,-13.403,-119.403,119.403,0,0,0
40664.3,35135.7,-5528.66,5528.66,42721,42630,42543.3
29159.7,9178.14,-19981.5,19981.5,8082.67,5777.67,5176.33
4297.67,15962.9,11665.2,11665.2,6803.67,7872.33,9589.33
18493,29548.9,11055.9,11055.9,13609.3,10934.3,8247.33
10653,33165.5,22512.5,22512.5,14835.3,16941,15264
30923.3,29519.1,-1404.19,1404.19,17676,13025,12036.3
5417.33,10727.8,5310.43,5310.43,2098,843,151
12114.7,11473.8,-640.846,640.846,2202,746,64
6573,7858.89,1285.89,1285.89,10890.7,14091.7,16066.7
29842.7,18828.3,-11014.4,11014.4,11689.7,8137.33,3597.33
4627,23234.4,18607.4,18607.4,8834.33,9017,6970.67
712.667,1657.98,945.314,945.314,3917.33,5167.33,6875
35443.3,47069.2,11625.8,11625.8,29445,26924.3,28604.3
35527,8894.58,-26632.4,26632.4,22215.7,25308.7,25437
36055,37194.1,1139.07,1139.07,39637.3,22389,30923.3
2362.33,8598.96,6236.63,6236.63,139.333,0,0
13343,13638.2,295.152,295.152,24793.7,26990.7,29800.7
6803.67,32531.5,25727.8,25727.8,15798,15169.7,15002.7
4304,2790.17,-1513.83,1513.83,430,436.667,153
9922.67,17536.3,7613.63,7613.63,10147,10071.7,8887.67
6.33333,752.731,746.398,746.398,5031,7697.33,10828
23464.7,18632.6,-4832.06,4832.06,15978,16736.3,15253
2584,9508.97,6924.97,6924.97,3659.33,3632.67,3133.67
33518.7,34019.2,500.544,500.544,21607,18597.3,16475.3
595.333,1833.95,1238.61,1238.61,90.3333,0,0
10902.3,14599.7,3697.39,3697.39,4539,3899.67,1783.33
13680.7,26838.9,13158.2,13158.2,10101,7601.33,5121.67
4695,1305.07,-3389.93,3389.93,0,0,0
42413.7,39782.8,-2630.91,2630.91,33076,30332.7,26788.7
5451.67,31175.1,25723.5,25723.5,5009.33,5223.33,5680
5555.67,7181.11,1625.44,1625.44,10559.7,13333,16039.7
17593,15842.5,-1750.51,1750.51,8343,11570,7959.33
27528.7,46452.2,18923.5,18923.5,28678.7,38344.3,39780.3
39450.3,14770.3,-24680.1,24680.1,40468.3,17568,14713.7
25682.3,30018.3,4335.99,4335.99,21799,22838,21692
4628.67,8791.5,4162.83,4162.83,4847.67,6127.67,6078
6065.33,5909.21,-156.123,156.123,458,6.33333,0
371,394.496,23.4964,23.4964,0,0,0
443,211.519,-231.481,231.481,0,0,0
42190.7,38633.9,-3556.79,3556.79,28412.7,18072.3,11945.7
23844.7,11006.7,-12838,12838,6881.33,4635.33,3254
3420.33,8355.5,4935.16,4935.16,642.667,160,0
22910,23821.5,911.481,911.481,33521.3,35329.7,38256.3
28110.7,27215.9,-894.747,894.747,16183.3,12891.7,9937
20700.7,30443.1,9742.46,9742.46,30589.3,29603.3,25858.7
1764.67,261.941,-1502.73,1502.73,0,0,0
1299.67,4184.74,2885.07,2885.07,5167.33,6875,6663.33
4851.33,724.255,-4127.08,4127.08,11304.3,10047.3,8836
27684.7,31159.3,3474.62,3474.62,36764,40478.3,39065
7807.33,7143.88,-663.452,663.452,19031.3,22451.3,25520.3
66.3333,740.42,674.087,674.087,5877.33,8374,11063.3
372.333,1669.79,1297.45,1297.45,5806.33,5361.33,4479.33
2537,489.531,-2047.47,2047.47,0,0,0
32731.3,26393.9,-6337.48,6337.48,39980,41498.3,42948.7
41392,40647.5,-744.526,744.526,42630,42543.3,41751.3
422.333,1776.82,1354.49,1354.49,114.333,0,0
30127.7,47086,16958.3,16958.3,21099,18364.3,18713
7418.67,16102.9,8684.19,8684.19,13538.3,14688.7,18340
0,227.447,227.447,227.447,0,0,0
641.333,1023.4,382.071,382.071,1180.67,1085.67,1657.67
9136,6153.75,-2982.25,2982.25,2823.67,1231,443
8778,11472.5,2694.5,2694.5,6400.67,2455.67,865
11448,18331.2,6883.21,6883.21,16096.7,12199,14027.3
11559.7,23296.7,11737,11737,22393.3,23498,34309.7
1702.33,2746.45,1044.11,1044.11,264,63.6667,95
8143,12000.6,3857.64,3857.64,13206.3,15846.7,22476.7
6938.33,18459.1,11520.8,11520.8,8880.33,10080.3,9206.33
3832.33,368.545,-3463.79,3463.79,0,0,0
63.3333,144.545,81.2118,81.2118,2389.67,3096.67,4835.33
39049,27161.2,-11887.8,11887.8,42499,34997.7,38814.3
40474,34242.8,-6231.18,6231.18,41910.3,43411.3,41815.7
0,428.876,428.876,428.876,0,0,78
24441.7,19511.2,-4930.5,4930.5,34486.3,36167.7,38000.7
24659,33851.9,9192.85,9192.85,36052,27245.3,25889.7
24582.7,31554.9,6972.19,6972.19,22343,24235.7,20950.3
8604.67,34076.2,25471.5,25471.5,8780,12118,13970.7
842,10657.4,9815.36,9815.36,1741.67,2252.33,2990.67
13437.3,12463.8,-973.546,973.546,2834.33,1217,307
24,746.793,722.793,722.793,5476.67,7955.67,10687.7
38814.3,27357.1,-11457.2,11457.2,28500,9802.67,12472.3
2462.33,633.409,-1828.92,1828.92,0,0,0
34363.7,33915.7,-448.003,448.003,32432.3,29865.7,33410.7
121.333,1707.29,1585.96,1585.96,0,0,0
2416,15863.5,13447.5,13447.5,5894,9259.33,11506.7
27011,20260.3,-6750.65,6750.65,37454,39106,40822.3
27684,17546,-10138,10138,12333.7,9277,5067
4788,1422.87,-3365.13,3365.13,1075.67,379.333,40.3333
2467.67,4842.61,2374.94,2374.94,3494,2705.67,625.667
26297.7,26368.5,70.8018,70.8018,39049,39867,37511.7
16962,12256.6,-4705.42,4705.42,7933,8030.33,7540.33
896.333,4529.59,3633.25,3633.25,469.667,541.333,371
28744.3,28096.5,-647.863,647.863,27528.7,31872.3,41716.3
309,242.837,-66.1627,66.1627,3096.67,4835.33,6020.33
751.333,13142.4,12391.1,12391.1,8767,8491.33,10546
27703.7,19724.9,-7978.78,7978.78,15784.7,12114.7,9247.33
1604,9600.46,7996.46,7996.46,3543.67,4275.33,6803.67
4298,2874.22,-1423.78,1423.78,1862,1827,1873.33
13492.7,12777.2,-715.45,715.45,24792.7,28005.7,30333.7
45609,33538.1,-12070.9,12070.9,42356.7,40891.7,39396.3
31795.3,27606,-4189.35,4189.35,19655,16536.3,13407.7
1963.33,10946.7,8983.38,8983.38,3960,4356.33,5330
36052,8634.3,-27417.7,27417.7,25308.7,25437,13262
1524.67,1252.06,-272.61,272.61,9027,11315.3,13998
966.333,93.0846,-873.249,873.249,0,0,0
21022,14481.7,-6540.29,6540.29,8876,5768.33,3772.33
35865.3,41939.2,6073.9,6073.9,42114.7,41559,40944
250,676.985,426.985,426.985,1518.67,2019.67,2519
5833,16301.2,10468.2,10468.2,2483.67,1298,1041.33
38923.3,36796.4,-2126.92,2126.92,17000.7,19578,22576.3
26890,23686.7,-3203.33,3203.33,18829.3,15805,12584.3
9937,12446,2508.97,2508.97,960.333,210.333,0
21639,21380.8,-258.161,258.161,31625.3,33455.7,35304.3
44270.3,50206.3,5936.02,5936.02,43865.7,43094.7,41357.7
959.667,1426.91,467.241,467.241,4767.67,4945,8983
5195,5113.32,-81.6807,81.6807,12584,9703,8019.33
40581.3,32186.3,-8394.99,8394.99,40982.3,40847,40063.7
24792.7,24118,-674.644,674.644,34456.7,36303.7,38322
1725,608.205,-1116.8,1116.8,0,0,0
0,582.996,582.996,582.996,3961.33,6399.33,8174.67
2127,3920.32,1793.32,1793.32,4772.33,4441.33,2669.67
2105.67,35.0641,-2070.6,2070.6,0,0,0
18167.7,21531,3363.34,3363.34,8347.33,5278,4629.67
20285,18355,-1930,1930,32032.7,34104.3,36261.3
37303.3,33113.3,-4190.02,4190.02,21191.3,13373,12264.3
283.667,316.313,32.6466,32.6466,2757,2918.33,2444.33
16792.7,12197.3,-4595.39,4595.39,29990,32856.7,35457.3
19787.3,16929.5,-2857.86,2857.86,29704.3,32382,33497.3
11897,15847.4,3950.41,3950.41,20196,17140,22043.7
0,229.04,229.04,229.04,0,0,0
14027.3,17915.5,3888.14,3888.14,7680,11208.3,12953.3
2767.67,1510.46,-1257.2,1257.2,9916.33,8954,11024.7
22290,19716.2,-2573.81,2573.81,32938.7,35249.3,37078.3
1247.33,5237.15,3989.82,3989.82,1702.33,1233.33,873.333
11090.3,12947.1,1856.75,1856.75,2245.67,800.333,112.667
12295.3,16990.9,4695.59,4695.59,8412,6910.67,4844
26,981.574,955.574,955.574,3625,5029,6541.33
8155,8202.11,47.1106,47.1106,7053.33,5479.33,3922
17158,23819.8,6661.77,6661.77,15969.3,34795.3,26698.3
21641.3,21887.7,246.374,246.374,31603,33604,35508.7
22934.7,19320.8,-3613.85,3613.85,33755.3,36379.7,38393.7
6219.67,9767.45,3547.79,3547.79,15726,19141,21536
34268.7,31704.1,-2564.6,2564.6,23582,20372.3,17807.3
5633,7691.44,2058.44,2058.44,16144.3,18980.7,21639
5381,9854.62,4473.62,4473.62,2378.33,2430.67,2336.33
19847.7,20108.7,261.066,261.066,31639.3,34302.7,36458.7
42497,33513.5,-8983.55,8983.55,45354.3,45092.7,44906.3
4496.33,33569.5,29073.2,29073.2,41811,41562.7,42377.7
7839,4870.43,-2968.57,2968.57,2327,1138.67,1192
517.333,3051.09,2533.76,2533.76,7025.67,9126.33,7310
14105,20600.6,6495.59,6495.59,3853.33,2045,595.667
28111.3,30584.8,2473.5,2473.5,16475.3,12371,10997.3
1090.67,565.532,-525.134,525.134,2444.33,2338,3778.67
32526.7,32778.1,251.469,251.469,31026.3,26890,25817.3
16065,17715.7,1650.72,1650.72,26979,27503,23298
3742.33,29119.7,25377.3,25377.3,5342.33,5367.33,5451.67
3488.33,2804.66,-683.676,683.676,13236,15849.3,19109
44166.3,42400.8,-1765.58,1765.58,42665.7,41800.7,40200.7
10828,7114.53,-3713.47,3713.47,22086.7,21561,22890.3
22255.3,33256.4,11001.1,11001.1,34363.7,32788.3,32434.7
30634.7,18782.7,-11852,11852,11389.7,8504.33,6516.33
42073,32588.9,-9484.1,9484.1,46303.7,46677.3,47125.3
34449.7,24358.4,-10091.2,10091.2,15673,19650.7,22513
11261.7,8502.86,-2758.81,2758.81,5366,4677,3829.67
574.333,5813.09,5238.75,5238.75,3179,3155,3736.33
4864.33,13610.5,8746.14,8746.14,4312.33,3354,2234.33
2074,4442.27,2368.27,2368.27,9834,6776.33,9857
8840,11562.7,2722.73,2722.73,15413.7,13798,21089
656,668.341,12.3407,12.3407,2829.67,2282.67,2396.67
2716,9917.15,7201.15,7201.15,1041.33,373,13.6667
37.3333,804.328,766.994,766.994,4720,5730,6367.33
624.333,874.393,250.059,250.059,8470.33,11115.3,13684.3
2829.67,5385.04,2555.37,2555.37,1849.67,2584,3463.67
28594.3,23130,-5464.38,5464.38,32462.3,32264.3,21863.7
8834.33,13940.6,5106.22,5106.22,1406,1664,640
4172,4597.63,425.626,425.626,31.6667,0,0
15462,12650.6,-2811.4,2811.4,17307,18745.3,20148.3
43011,42357.1,-653.907,653.907,39071.7,37530.3,35442
3883.33,6550.41,2667.07,2667.07,11012.3,12590.7,20149.7
0,2010.36,2010.36,2010.36,3026,3781,2618
764.333,873.276,108.943,108.943,8018,10592.3,13160.3
40052.7,27940.5,-12112.1,12112.1,43025.7,42698.7,41884.7
7073.67,15841.8,8768.17,8768.17,4226,3759,3696
19254.7,32860.3,13605.6,13605.6,12461.7,11566,11773
27245.3,8383.87,-18861.5,18861.5,25437,13262,10346.3
4172.67,2974.71,-1197.96,1197.96,13993.7,16657.7,20285
35253,24891,-10362,10362,37511.7,37897.3,42499
18502,30429.9,11927.9,11927.9,7139,8390.33,7669.67
3420.33,1121.37,-2298.96,2298.96,0,0,0
12607.3,13895.1,1287.76,1287.76,23840.7,26423.3,29072.7
42845,45965.2,3120.2,3120.2,34075,31642.7,28683
31932,25174,-6758.02,6758.02,40176.3,41125.3,42548.7
883,1905.41,1022.41,1022.41,3232.67,4694.33,8205
37,759.356,722.356,722.356,5316,7544.67,9988.67
40567.7,32488.4,-8079.28,8079.28,42858.7,42820.7,42297.7
6833.33,11801.9,4968.58,4968.58,3505.33,3420.33,2720
3533.33,6495.4,2962.07,2962.07,7218,11140.3,13007
12875.3,12336.5,-538.823,538.823,18340.3,27195.7,27916.7
13254,23213.3,9959.34,9959.34,10791.7,8880.33,10080.3
39840.7,36717.6,-3123.11,3123.11,40792.7,41270.7,40724.3
10788.3,13499.8,2711.47,2711.47,4086.33,3095.33,1664.33
26299.3,22404,-3895.36,3895.36,26777.3,17073,20803.7
37644,29856.6,-7787.45,7787.45,27703.7,24362.7,21773.3
10109.3,27696.6,17587.3,17587.3,8390.33,7669.67,6632
494.667,1056.02,561.355,561.355,7694.33,10548.3,13492.7
15003,24075.2,9072.2,9072.2,10420.7,7841.33,7002
353.333,1533.2,1179.87,1179.87,5435.67,8061.33,9137.67
35841.7,41355.2,5513.49,5513.49,29280.7,26924.3,24015.7
37260.7,35498.4,-1762.29,1762.29,28889,26254,23471.7
40273,39240,-1032.98,1032.98,35553.3,33708.3,31422
41940.3,40275.7,-1664.63,1664.63,41751.3,40549.7,39131.7
5695.33,9907.49,4212.16,4212.16,454.333,421.333,454.333
41337.3,44548.3,3211,3211,31642.7,28683,25618.7
19120,18245.3,-874.682,874.682,29889.7,33950.3,35357
618,761.394,143.394,143.394,4231.67,6607,9391
19485.7,20106.1,620.433,620.433,30333.7,32300.7,34456.7
35156,31841.5,-3314.47,3314.47,40873.3,41475.3,42165.7
2760.33,5975.78,3215.45,3215.45,1612,902.333,623.667
430,2732.64,2302.64,2302.64,83.6667,0,0
908.667,781.95,-126.717,126.717,0,0,0
223.667,109.101,-114.566,114.566,0,0,0
529.667,2460.5,1930.83,1930.83,70.3333,8.33333,0
26961.3,32651.8,5690.44,5690.44,34273,35411,35831
1753.67,4126.64,2372.97,2372.97,7493,7418.67,10837.7
23662.3,27826.1,4163.8,4163.8,31993.3,33483.3,34929.3
28647.3,31708.9,3061.59,3061.59,34929.3,36210.7,36666.3
4875.33,9144.69,4269.36,4269.36,14091.7,16066.7,13581.7
6067.33,7337.97,1270.64,1270.64,183.333,0,0
21934.3,34050.8,12116.5,12116.5,33236,28254,31026.3
4629.67,5864.7,1235.03,1235.03,652.333,21.6667,0
37530.3,36451.7,-1078.59,1078.59,28236.7,25274.3,22331.3
15866,16661.8,795.785,795.785,28641.3,29889.7,33950.3
6026.67,25156.5,19129.9,19129.9,19741.3,11386.3,17090.7
6048.33,19853.3,13805,13805,3261.33,2483.67,1298
35807.3,24964.3,-10843,10843,41464,37363.7,29895.3
11024.7,15770.3,4745.65,4745.65,23479.3,34718,35709.7
34733,29426.7,-5306.28,5306.28,15003,16430.3,16094
40.6667,3686.93,3646.27,3646.27,986,1530.67,2889.33
26652.7,25966.4,-686.3,686.3,30200.7,38367.7,36719.7
2289.33,2321.39,32.0542,32.0542,2205,2082.33,1515
16276.7,16872.9,596.281,596.281,25868,28799,30851.7
11115.3,7594.75,-3520.58,3520.58,24023.3,26652.7,29129.3
27191.3,26042.6,-1148.76,1148.76,25879.3,26406,27831
5174,2177.3,-2996.7,2996.7,988,668,420.667
28962.3,25590.6,-3371.72,3371.72,36701.7,37519.7,39090.7
4756,6835.05,2079.05,2079.05,2648,2212.67,1520
83.6667,118.592,34.9251,34.9251,0,0,0
11304.3,7495.11,-3809.22,3809.22,11154,19158.7,25235.3
10382,10448.5,66.4625,66.4625,11814.7,10473,3907.67
9078,7283.2,-1794.8,1794.8,4196.67,4115,2467.67
43111,42595.2,-515.849,515.849,41784,40446,39071.7
6975.33,29531.4,22556.1,22556.1,21507.7,13286.7,14417.7
2117.67,1501.74,-615.93,615.93,0,0,0
35.6667,683.25,647.583,647.583,5323,7505,10154.7
2999.33,695.263,-2304.07,2304.07,0,0,0
13595.3,14521.5,926.145,926.145,5417.33,2890.67,3685
15510.7,24535.3,9024.65,9024.65,11386.3,17090.7,15577.3
16666.3,12970.7,-3695.62,3695.62,6945,4166.33,3312.33
6024.33,33002.3,26978,26978,21243.3,21507.7,13286.7
2720,8726.52,6006.52,6006.52,160,0,0
7078.67,27251.4,20172.8,20172.8,9713.33,9184.33,10295
40058.3,32636.8,-7421.48,7421.48,42091.7,41325.3,44396.3
1633.33,2947.64,1314.31,1314.31,0,0,0
34437,32987.8,-1449.16,1449.16,38147.7,38365,38619.7
17840.3,32296,14455.6,14455.6,14307,12689,13201.3
6463.67,5246.34,-1217.33,1217.33,8900.33,7142,7679.33
9103,19311.4,10208.4,10208.4,4798.33,4118.33,5068.67
16657.7,12850.4,-3807.25,3807.25,29369.7,32032.7,34104.3
8684.67,6197.45,-2487.22,2487.22,4787,5437.33,5353.33
27099.3,34071.8,6972.45,6972.45,20597.3,20318.7,19668.7
7423.67,22508.5,15084.8,15084.8,9184.33,10295,10147
5560.33,2872.41,-2687.92,2687.92,60.6667,0,0
0,888.998,888.998,888.998,471,1055.33,1396.33
13936,36324.4,22388.4,22388.4,25609.3,15937.7,18167.7
9818.67,19869.1,10050.5,10050.5,4118.33,5068.67,4627
950.667,1397.42,446.752,446.752,0,0,0
5062,8440.59,3378.59,3378.59,401.667,38.6667,0
25274.3,25901.3,626.933,626.933,12822,9921,7057.67
10563.7,4403.35,-6160.32,6160.32,4788,4121,3905
11418,8075.39,-3342.61,3342.61,23456.7,26519.3,29369.7
39583.7,31380.3,-8203.34,8203.34,30964,27703.7,24362.7
733,4122.99,3389.99,3389.99,4945.67,4964.67,5515.67
2,505.366,503.366,503.366,4688,6703,9027
33565.7,26755,-6810.66,6810.66,40067.7,41096.3,42780.3
458.667,-42.0583,-500.725,500.725,0,0,0
5361.33,4973.4,-387.931,387.931,5195,7239.67,11340.7
1450.33,111.353,-1338.98,1338.98,0,0,0
6990,24763.9,17773.9,17773.9,13098.3,13361,12427
5185,5025.54,-159.465,159.465,14976,17946.3,21072
15472.7,24023.2,8550.54,8550.54,21239.7,23642,25657
17392.7,15666,-1726.63,1726.63,6075.33,4048,2117.67
24709.3,36238,11528.7,11528.7,22030.7,22020.7,20827.7
1849.67,9013.1,7163.43,7163.43,3140.33,3659.33,3632.67
359,995.981,636.981,636.981,5555.67,11188.3,8491.67
20882.7,24989.7,4107.04,4107.04,30442,32221.3,34054
566.333,144.221,-422.113,422.113,0,0,0
98.3333,2506.82,2408.49,2408.49,0,0,0
18597.3,17954.5,-642.882,642.882,7649.33,4842.33,2462.33
586,63.6676,-522.332,522.332,0,0,0
42165.7,42962.8,797.166,797.166,43011,42737,41784
4713,4310.94,-402.061,402.061,284.333,19.6667,0
0,1590.13,1590.13,1590.13,0,78,77.3333
10251.3,15552.5,5301.16,5301.16,5289.33,4014.33,3003
43358,34819.5,-8538.54,8538.54,42948.7,43147.7,43141
7148.67,7415.16,266.489,266.489,210.333,0,0
865,1115.96,250.957,250.957,0,0,0
24793.7,27108.1,2314.44,2314.44,33763.3,34763.7,36623.3
9857,29161.4,19304.4,19304.4,30757.3,42606,43657.7
2892.67,5327.7,2435.03,2435.03,1950.67,2205,2082.33
1151.33,1072.29,-79.0396,79.0396,4875.33,4925,5975.67
11432,-666.472,-12098.5,12098.5,680.667,129.333,92
325,1245.68,920.682,920.682,6646.33,8800.67,11439
5571,13959.5,8388.47,8388.47,17343,19929.7,28110.3
38652.7,39416.6,763.921,763.921,17943.3,23076.7,19975.7
82.6667,787.929,705.263,705.263,5761,7738,10354.3
21505.7,29029,7523.29,7523.29,23298,34314,26184
38055.3,31240.4,-6814.97,6814.97,44141,44251.7,44852.3
461,925.174,464.174,464.174,8032,10779.7,13444.7
40320.7,31904.6,-8416.05,8416.05,40847,40063.7,38592
40458.3,35577.1,-4881.23,4881.23,39960.3,39143,37193
1484.33,2437.07,952.736,952.736,0,0,0
30193.3,22678.8,-7514.56,7514.56,25448.7,28464,30841.3
33483.3,32640.1,-843.202,843.202,38538,22031.7,24842.7
23471.7,23152.5,-319.18,319.18,12199,9522,7072.33
0,1384.52,1384.52,1384.52,1100,2139.33,2197.67
1127.67,731.625,-396.042,396.042,0,0,0
28600,36092.4,7492.35,7492.35,23621.7,22477.7,17398
1524.67,2742.59,1217.92,1217.92,658.333,121.667,26
10399.3,11681.2,1281.84,1281.84,9556.67,11814.7,10473
17896.7,16571.7,-1324.92,1324.92,14305.7,12528.3,9775.67
26652.7,21103.3,-5549.41,5549.41,37009.3,38579,40176.3
37593,36742.5,-850.478,850.478,36843,35521.7,33891.3
24676,24775.3,99.3163,99.3163,28377,31444.3,38324.3
16657.7,21977.1,5319.46,5319.46,25318,26961.3,30359
3373.33,375.355,-2997.98,2997.98,0,0,0
35928.7,17028.3,-18900.3,18900.3,41583.7,38381.7,40468.3
8498.33,21941.4,13443.1,13443.1,6632,4362.67,4357
3586,30875,27289,27289,5367.33,5451.67,5021
10589.7,25888.9,15299.2,15299.2,3371.33,2716,3261.33
26206,44320.4,18114.4,18114.4,15191.7,9098,9779
15523,27777.6,12254.6,12254.6,11856.7,6901,12113.7
435,8902.88,8467.88,8467.88,2198.33,3007.33,3644.33
14650.3,14632.7,-17.6515,17.6515,4190.33,2411,966.333
18214,20056.8,1842.83,1842.83,9650,7776.33,4713
174,661.987,487.987,487.987,0,0,0
218.667,6133.6,5914.94,5914.94,2772.67,3028,2535.33
0,58.5701,58.5701,58.5701,0,0,0
5468,7061.33,1593.33,1593.33,965,961,491.667
11559.7,16234.7,4675.02,4675.02,2702.33,1172.67,272
7610,9429.72,1819.72,1819.72,5052.67,4756,3960
12304.7,12297.3,-7.38745,7.38745,3685,1906,2098
24,4366.15,4342.15,4342.15,2863,3896.67,4920.33
4916,823.859,-4092.14,4092.14,11827,14916.7,18328
9098,36656.4,27558.4,27558.4,8138,9504.33,3815.33
15.3333,1002.77,987.438,987.438,4391.67,5630.67,6923.67
11363,16743.3,5380.26,5380.26,2045,595.667,34.3333
22215.7,8435.17,-13780.5,13780.5,10346.3,8155,5430.33
4433,9927.65,5494.65,5494.65,1751,2787.33,2746.67
571.667,1715.2,1143.54,1143.54,1085.67,1657.67,2170.67
7609.33,6392.62,-1216.71,1216.71,18094.3,21693,24789
3000.33,12718.2,9717.87,9717.87,2418.33,1945.33,941
41464,31586.1,-9877.92,9877.92,33685.3,38508,35652.3
28110.3,32251.1,4140.8,4140.8,36307.3,39702.7,30911
3494,952.818,-2541.18,2541.18,180.667,132,61
31993.3,31200.8,-792.577,792.577,36666.3,38538,22031.7
2214.33,3189.7,975.362,975.362,1506,180.667,132
13140.3,24328.7,11188.3,11188.3,32262.7,24085,17568
7905.33,10152.6,2247.29,2247.29,8913.33,15877,16193.3
22362,28631.5,6269.51,6269.51,21692,19264.3,13680.7
63.6667,270.468,206.802,206.802,4417,7103,9777
33427,32897.5,-529.51,529.51,23675,18631.7,19432.7
21536,32825.4,11289.4,11289.4,31737,33331,34949.7
117,743.225,626.225,626.225,5668.67,8018,10592.3
28503.3,26633.3,-1870,1870,30634.7,25781.3,20135.3
37528.3,39567.5,2039.17,2039.17,26132,23237.7,19876
13230.7,31575.5,18344.9,18344.9,17660.7,20032,11856.7
1781.67,916.58,-865.087,865.087,0,0,0
36175.3,32090.1,-4085.24,4085.24,41421.3,42621,43678
2839.33,6279.56,3440.23,3440.23,4922,3688,2690
36307.3,32857,-3450.29,3450.29,32742.7,31547.7,29332.7
5316,4724.17,-591.829,591.829,14964.3,17852.3,20922.7
0,145.765,145.765,145.765,0,0,0
1657.67,2484.64,826.97,826.97,2060,3377,2485
10316.7,23253.9,12937.2,12937.2,19235,19554.3,23730.7
14964.3,12390.5,-2573.83,2573.83,26298.3,28972,31507.7
44616,36059.5,-8556.52,8556.52,44416,44815.3,39800
33612.7,24830.2,-8782.47,8782.47,21773.3,18720.3,15784.7
7536.67,17068.2,9531.53,9531.53,10279.3,10081.3,13257
982.333,9646.69,8664.36,8664.36,8433,11347.7,12827.3
43984.7,39152,-4832.66,4832.66,42487,34426,40360.3
21680,33483.2,11803.2,11803.2,15523,14362.3,17660.7
4854,7350.11,2496.11,2496.11,14806.7,16995,19323.7
26036,23367.9,-2668.05,2668.05,32264.3,21863.7,17157.3
1152.67,1759.03,606.365,606.365,262.667,214.333,98.3333
41562.7,43970.7,2408.01,2408.01,40944,40144.7,38590
19929.7,32133.1,12203.5,12203.5,30458.3,36307.3,39702.7
44369.7,42777.7,-1591.94,1591.94,43325.3,42665.7,41800.7
5287.67,7813.41,2525.74,2525.74,2430,1530,380.333
101.333,1215.23,1113.9,1113.9,1922,2514.67,2416
17140,20217.8,3077.84,3077.84,26121.7,23567,20824.7
2887.33,8274.92,5387.58,5387.58,5739.67,4628.67,4896.67
18574.7,20112.1,1537.41,1537.41,34718,35709.7,36175.3
43913.3,47166.2,3252.85,3252.85,36546,34075,31642.7
22086.7,14108.4,-7978.25,7978.25,29361,26297.7,25203.3
1298,1586.94,288.936,288.936,0,0,0
23975.7,31785.5,7809.8,7809.8,24235.7,20950.3,23947.7
1269.67,9777.82,8508.15,8508.15,3007.33,3644.33,3960
1257.67,91.0967,-1166.57,1166.57,0,0,0
8051.33,9328.52,1277.18,1277.18,19228.3,21757.3,24036.7
242.667,2922.22,2679.55,2679.55,3275.33,4397,2839.33
40742,29755.2,-10986.8,10986.8,44852.3,45396,45450
9635,14394.1,4759.08,4759.08,17989.7,18731.7,19975
13270.3,13888.7,618.346,618.346,3936.67,1940,558.333
19428,18429.8,-998.169,998.169,7696.33,7839,6743.33
4048,2437.1,-1610.9,1610.9,0,0,0
23498,33652.7,10154.7,10154.7,32434.7,32815.7,32432.3
3384.67,5612.46,2227.79,2227.79,891.333,430,436.667
41312,35001.4,-6310.6,6310.6,42207.7,41679.7,41859.3
46125.7,34366.1,-11759.6,11759.6,43041,42356.7,40891.7
3515.33,10595.1,7079.81,7079.81,3448.33,3516.67,2027.33
11498,8724.2,-2773.8,2773.8,6799.67,5381,4182
92,555.286,463.286,463.286,0,0,0
32815.7,31501.5,-1314.19,1314.19,38505.7,31592.3,30893.7
312,-441.478,-753.478,753.478,0,0,0
39931.3,31766.4,-8164.96,8164.96,40683.3,40982.3,40847
6885.67,9831.04,2945.38,2945.38,8862.33,9283.33,6871.33
43747,39521.7,-4225.34,4225.34,40083.7,39031.7,36100.7
13351.3,31003.6,17652.3,17652.3,15799,17395.3,17110.3
10997.3,9538.72,-1458.62,1458.62,863,117.667,0
21773.3,14931,-6842.31,6842.31,9247.33,6584.67,3973
562,971.223,409.223,409.223,0,0,0
22020.7,31627,9606.28,9606.28,20145.3,20672,17496
0,2236.61,2236.61,2236.61,3714.67,6488.67,10378
1922,12705.5,10783.5,10783.5,8595.67,7336.67,5894
388,3757.58,3369.58,3369.58,2416,4173,8595.67
3973,682.6,-3290.4,3290.4,0,0,0
0,188.875,188.875,188.875,0,0,0
42645.3,42138.7,-506.611,506.611,42190.7,41542,40744
16778.3,12819.3,-3959.07,3959.07,11202.3,8018.33,5815.33
3936.67,674.372,-3262.29,3262.29,0,0,0
15435.7,4563.32,-10872.3,10872.3,9743.33,9599.67,6411
30477,39524.3,9047.31,9047.31,20177,16723.7,14105
3253,12000.1,8747.06,8747.06,4258.33,8823.33,8435.67
10539.3,18956.5,8417.18,8417.18,21505.7,23983,26979
1002,4904.35,3902.35,3902.35,163.667,30,0
43399,47437.8,4038.77,4038.77,45019.7,44234,43865.7
17073,17003.8,-69.2274,69.2274,9926.33,12835.3,9103
40386,37183.9,-3202.11,3202.11,36055,35649.7,28818.7
25495,21799,-3695.96,3695.96,15545.7,15673,19650.7
17943.3,32548.3,14605,14605,11857.7,7971,4716.33
964.333,796.652,-167.681,167.681,7539,8259.67,8448
2444.33,4279.91,1835.58,1835.58,4527.67,9111,7905.33
10053,12187.2,2134.18,2134.18,6306.67,6624.33,5659
42698.7,43115,416.296,416.296,39042,37636,35911.3
35049,34634.6,-414.412,414.412,23159.3,19976,16767.7
1626.67,229.993,-1396.67,1396.67,0,0,0
7195,6204.93,-990.066,990.066,3922,2934,3252
421.333,12626.4,12205.1,12205.1,3384.67,4304,3556
29190.7,47367.3,18176.7,18176.7,16809,17616.7,22440.7
10789.7,9486.35,-1303.32,1303.32,15911,17548.7,16935.7
390.333,6150.41,5760.07,5760.07,1951.67,3500.67,3292.67
1051.67,20.6265,-1031.04,1031.04,0,0,0
8352.67,26615.7,18263,18263,13326.7,13163.7,13077.3
9348.33,13259.5,3911.2,3911.2,5321.67,3897.33,3210
9227.33,16894.9,7667.59,7667.59,12304.7,8957.33,5417.33
2780.67,3078.33,297.666,297.666,884,3669.67,6213.67
82.6667,275.66,192.993,192.993,2767.67,3973,7875.33
902,786.265,-115.735,115.735,0,0,0
11340.7,6136.37,-5204.3,5204.3,8019.33,9887.67,8896
14713.7,9603.52,-5110.15,5110.15,11672.3,9630.33,7885.67
4147.33,6946.82,2799.48,2799.48,13979,17010.7,19228.3
34849.3,33740.3,-1108.99,1108.99,29050.7,26941,24184.3
42077.7,35958.9,-6118.75,6118.75,43251,43946.7,44430
32636.3,19038.1,-13598.3,13598.3,39450.3,40781,41583.7
15726,30988.6,15262.6,15262.6,28237.3,29341,31737
1401.33,2818.4,1417.07,1417.07,664.333,498.667,320
8155.33,30896.5,22741.1,22741.1,14596.3,20016.7,26206
420.667,2399.79,1979.13,1979.13,43.6667,83.6667,0
1563.67,102.236,-1461.43,1461.43,0,0,0
1680.33,4615.37,2935.04,2935.04,1860.33,1521.67,2226
31737,34318.8,2581.85,2581.85,38034.7,38728.7,41824.3
4716.33,10569.5,5853.19,5853.19,748.667,43.3333,0
4475.33,5890.11,1414.78,1414.78,1524.67,1091.33,1624.67
2005.67,2118.15,112.481,112.481,8491.67,8837.33,10559.7
12891.7,14692.7,1801.07,1801.07,2513.33,960.333,210.333
8713,16791.4,8078.43,8078.43,10649.7,14675.3,16199
4362.67,13798.8,9436.18,9436.18,1280.67,452,139.333
28419.7,26809.1,-1610.56,1610.56,30895.3,47971.7,20627.3
24070.7,38363.2,14292.6,14292.6,18996.3,25609.3,15937.7
13970.7,10458.5,-3512.12,3512.12,9071,7695.33,8928
3224,29487.8,26263.8,26263.8,5451.67,5021,5518.33
2882.33,1210.08,-1672.25,1672.25,0,0,0
30353.7,25248.2,-5105.51,5105.51,38644,39588,41084.7
33233.7,26635.2,-6598.46,6598.46,40011,41066,42440.7
0,957.12,957.12,957.12,1231.33,1621.33,2620.67
6468,10709.5,4241.53,4241.53,13880,14934.7,22255.3
27014.7,24722.7,-2291.97,2291.97,35304.3,37229.3,38917.7
5730,10826.3,5096.34,5096.34,20149.7,24846.7,21135
40668,9095.9,-31572.1,31572.1,25889.7,22215.7,25308.7
11065.7,22468.3,11402.6,11402.6,14198,12295.3,8586
38260.3,44203,5942.66,5942.66,30733.3,28267,25539.3
7207,5841.48,-1365.52,1365.52,2934,3252,2059.33
20829.7,30973.6,10143.9,10143.9,23947.7,25828.7,23727.7
10509.7,10167.2,-342.483,342.483,1211,240,0
2953.67,3106.27,152.603,152.603,0,0,0
1892.33,2745.91,853.578,853.578,217.667,71.6667,0
33763.3,29200.9,-4562.45,4562.45,39942,35807.3,41149.3
20672,23112.1,2440.09,2440.09,10553,8500.33,6339
18243.7,30214.1,11970.4,11970.4,34733,37328,30317.3
13161.3,12744.4,-416.935,416.935,24128,27132,29570.7
24323.3,24307.3,-16.0442,16.0442,12036.3,10170.7,9033
19975,19494.8,-480.192,480.192,23522.7,15545.7,15673
5650,11224.1,5574.07,5574.07,9057.67,11650.7,10279.3
1664,1353.27,-310.735,310.735,10480,13076.3,15738.7
7073.33,6049.33,-1024,1024,11230.3,15496.3,21657.7
23982,29520.7,5538.73,5538.73,16771.7,18008.7,11661
1998.67,9675.09,7676.43,7676.43,1531,1594,2520.33
9854.33,9859.15,4.82125,4.82125,2455.67,865,65.6667
9522,8130.32,-1391.68,1391.68,1051.67,185,0
1506,-39.5145,-1545.51,1545.51,0,0,0
4928.33,4682.46,-245.872,245.872,319.333,258.333,15
27694.7,22882.5,-4812.2,4812.2,37078.3,38644,39588
37529,27164.5,-10364.5,10364.5,26930,21570.7,18395.3
36715,34137.8,-2577.17,2577.17,28712.7,26369.7,23278.3
17948.7,33230.9,15282.3,15282.3,43657.7,37169,31016.7
7394,12981.5,5587.52,5587.52,16446,17989.7,18731.7
14091.7,17040,2948.28,2948.28,19007.3,20250.3,20557
9183.67,6257.49,-2926.18,2926.18,865,65.6667,0
42150,47309.8,5159.8,5159.8,37063.7,35239.7,32772
9778.67,28494.7,18716,18716,10759.7,11219.3,13429.7
19578,35380.2,15802.2,15802.2,15238.7,13495.3,18461.7
23642,33720.9,10078.9,10078.9,24582.7,23975.7,30496
4173.33,2926.12,-1247.22,1247.22,14009,16792.7,20429
4837.33,7565.47,2728.13,2728.13,17587.3,12690.7,4496.33
33236,30458.4,-2777.65,2777.65,25817.3,24333.3,21374.7
42198.7,37408.6,-4790.04,4790.04,39973.3,33235.3,30268.3
2553.67,7390.32,4836.65,4836.65,8693.33,13656.7,14268
30697.7,31525.5,827.79,827.79,18631.7,19432.7,17622
11008.3,20439.4,9431.06,9431.06,24893.3,29371.7,33509.3
41631.3,40627.6,-1003.72,1003.72,33518.7,31172.3,28111.3
16370.3,34353.8,17983.5,17983.5,23557,23600.7,22627
5898.67,14008.2,8109.56,8109.56,11556.3,17482,9556.67
27213.7,32636.3,5422.68,5422.68,30911,26724.7,32742.7
22813,17653.5,-5159.52,5159.52,16811.7,17033.3,31331.7
6153.67,13269.9,7116.19,7116.19,16234.3,17906.3,20552
39728.3,45300.1,5571.79,5571.79,32772,30733.3,28267
33769.3,28061.9,-5707.41,5707.41,33629.7,38521.3,27528.7
4312.33,7843.29,3530.96,3530.96,673.667,248.333,101.667
40944,41545.3,601.32,601.32,35844,33427,30697.7
21191.3,13428,-7763.35,7763.35,13861,17974,10407
2059.33,4815.01,2755.67,2755.67,1512,407.333,217.667
6537,9478.98,2941.98,2941.98,20062.3,23948,24676
29403,28403.6,-999.378,999.378,38538.7,35893,22182.3
33455.7,32517.2,-938.517,938.517,39820,40562.7,40484
6473.67,31957,25483.3,25483.3,26206,15799,17395.3
10850.3,19691.2,8840.86,8840.86,29371.7,33509.3,35740.3
9869.33,6077.09,-3792.24,3792.24,3312.33,2156.33,1426.67
7252.67,15325.2,8072.56,8072.56,4140.33,3372.67,4312.33
3968,2878.17,-1089.83,1089.83,13739,16805.7,20583.7
29704.3,26601.3,-3103.04,3103.04,36719,38021.7,39514.3
6533.67,5740.44,-793.226,793.226,9455.33,12584,9703
31291.3,35714,4422.67,4422.67,21294,18605.7,15994.3
41910.3,38179.6,-3730.72,3730.72,43222,42859.7,41761
543,1246.94,703.941,703.941,30,0,0
9877.33,8389.93,-1487.4,1487.4,21072,23836.7,26227
25584,23959.3,-1624.73,1624.73,12891.7,9937,7148.67
2038,4125.23,2087.23,2087.23,529.667,382.667,241.333
6857.33,14542,7684.69,7684.69,3372.67,4312.33,3354
21230.7,34761.5,13530.8,13530.8,18502,10109.3,8464.33
11556.3,9752.11,-1804.22,1804.22,10473,3907.67,3440.67
4441.33,6634.92,2193.58,2193.58,6141,5042,7785
7697.33,5919.52,-1777.82,1777.82,15949.3,22086.7,21561
43418.7,36327.3,-7091.39,7091.39,41943.3,42289.7,41568
46112.7,42607.1,-3505.53,3505.53,47257,46904.7,45905.3
17374.7,28721.3,11346.7,11346.7,27684.7,29508.3,32949.3
15843.7,11164.2,-4679.48,4679.48,12164,11170,10563.7
18370.7,17588.8,-781.91,781.91,6707,4237.67,2487.67
15750.3,19570.7,3820.35,3820.35,33509.3,35740.3,29666
35911.3,35618,-293.373,293.373,26911.3,23961.7,21200.7
0,88.0769,88.0769,88.0769,47.3333,142,71
410.667,1420.22,1009.55,1009.55,0,0,0
16294.7,32716.1,16421.5,16421.5,26270.3,24820,24659
6279,13801.9,7522.93,7522.93,3878,2483.67,1942
19640.3,15378.1,-4262.24,4262.24,31214.7,33755.3,36379.7
2027.33,3171.26,1143.93,1143.93,840.667,1002,543
16205.7,22600.6,6394.98,6394.98,36175.3,38654,40110.7
896.333,-51.4578,-947.791,947.791,0,0,0
183,2001.31,1818.31,1818.31,6243.67,8716.67,11496.7
22736.7,28439.3,5702.62,5702.62,25344.7,24133.7,30971.3
7945,7514.9,-430.104,430.104,505.667,60.6667,0
35062.7,29878.6,-5184.06,5184.06,34123.3,14465.7,33481.7
2695,19684.4,16989.4,16989.4,3224,4598.33,5342.33
6193.67,21192.2,14998.5,14998.5,8041,7081,5549
21992.3,24023.1,2030.79,2030.79,18259,11534,9926.33
6090,5884.57,-205.432,205.432,4747.67,4569.33,4787.67
223,4309.18,4086.18,4086.18,6642,9122.67,13718.7
30496,31623.6,1127.61,1127.61,20950.3,23947.7,25828.7
1579,2769.68,1190.68,1190.68,9680.67,12607.3,15709.3
61,186.218,125.218,125.218,0,0,0
1636.33,4513.15,2876.82,2876.82,1160.67,664.333,498.667
70.3333,694.993,624.66,624.66,0,0,0
7719.33,4756.05,-2963.28,2963.28,130.667,0,0
10165.3,12374.4,2209.07,2209.07,4934,1728.33,1337.67
11689.7,5200,-6489.67,6489.67,1317.33,551.333,223.667
13160.3,11066.9,-2093.46,2093.46,24957,27512,30262.7
918.333,1088.91,170.578,170.578,298,174,96.3333
31214.7,24895.4,-6319.24,6319.24,39987.3,40980,42497
28237.3,34046.2,5808.86,5808.86,34949.7,29403,38034.7
7963.67,11473.2,3509.53,3509.53,2900.33,1458,1042.33
6620.33,4038.94,-2581.4,2581.4,3905,2656,1075.67
19628,22175.7,2547.66,2547.66,33441,35998,37910.7
8500.33,12095.3,3594.99,3594.99,1943,896.333,176
43094.7,48006.2,4911.52,4911.52,34826,32935,30477
19554.3,29129.2,9574.86,9574.86,22362,28684.3,21799
26254,25942.6,-311.417,311.417,14985,12199,9522
2690.67,4771.97,2081.3,2081.3,14207,17173,19903.3
9277,8644.91,-632.088,632.088,1257.67,166,0
18929.7,15224.9,-3704.74,3704.74,32722.3,28801.7,16811.7
35715.3,11471.1,-24244.3,24244.3,21530.7,13069.3,14742.7
40705,38158.5,-2546.52,2546.52,30332.7,26788.7,23615.7
35511.7,33649.6,-1862.06,1862.06,40742.3,40901,41400
14645.3,16037.7,1392.39,1392.39,3544.67,1822,531
27019.3,31362.4,4343.03,4343.03,26890,25817.3,24333.3
10759.7,20158.2,9398.55,9398.55,9838,7086.67,5062
717,1120.95,403.953,403.953,1604,2827.33,4297.67
0,770.834,770.834,770.834,0,0,0
39565.3,33451.1,-6114.23,6114.23,42724.7,43111,43314.3
10147.7,16608.4,6460.74,6460.74,20552,19072,27265
1406,1759.09,353.094,353.094,0,0,0
4837.67,25373.1,20535.4,20535.4,5355,3997,4403.67
15865,13188.6,-2676.41,2676.41,28561,30514,32212
2705.67,2602.4,-103.264,103.264,132,61,0
13462,15023.1,1561.09,1561.09,2354.67,1406,1664
11242.3,16340.1,5097.74,5097.74,17140,22043.7,22169
31639.3,26576.2,-5063.14,5063.14,39810.7,40742,42332.3
43021,43578.6,557.641,557.641,44430,43725.3,42729.7
11388.7,13297.5,1908.86,1908.86,7386.67,6011.67,5943
8433,25116.8,16683.8,16683.8,17887.3,18330.7,18888
21561,15222.6,-6338.38,6338.38,26297.7,25203.3,35253
3155,17057.4,13902.4,13902.4,7657.33,7336,6979.67
30911,32442.6,1531.61,1531.61,29332.7,36575,29796.3
31587.3,30307.2,-1280.16,1280.16,39137,39942,35807.3
13098.3,18612.1,5513.78,5513.78,6938.33,6809,8588.67
5409.33,8732.92,3323.59,3323.59,11559.7,13880,14934.7
14257.3,16384.9,2127.52,2127.52,23250.7,25318,26961.3
45596.7,44408.1,-1188.54,1188.54,39431.7,37528.3,35210.7
19109,15465.2,-3643.75,3643.75,30805.3,33565.7,35855.7
1432.33,3084,1651.67,1651.67,0,0,0
5884,5410.86,-473.142,473.142,6700.33,8014.33,8502
7218,14748.2,7530.22,7530.22,16008.7,25420.7,20700.7
6018,8567.69,2549.69,2549.69,8206.67,7742.67,6505
17568,15546.8,-2021.16,2021.16,6395.67,5881.67,5836.33
11585.7,15336.7,3751.03,3751.03,9277,5067,3371.33
19557,30339.2,10782.2,10782.2,36717.3,34276.3,33786
18753.7,17974.3,-779.415,779.415,38178,30193.3,38554
1383.33,629.544,-753.789,753.789,0,0,0
10229.3,10979.5,750.119,750.119,21639,24221,27014.7
31331.7,31211.1,-120.609,120.609,47872,38923.3,26523.3
5190,6942.44,1752.44,1752.44,4952.33,2528,2276
3685,4246.64,561.637,561.637,151,0.333333,0
528.333,1118.91,590.574,590.574,0,0,0
42297.7,47835.3,5537.59,5537.59,38260.3,37063.7,35239.7
8806,17578.5,8772.53,8772.53,13199.3,14709,30600.7
8487,32994.8,24507.8,24507.8,7083.33,9762.67,9350
24023.3,19394.4,-4628.89,4628.89,34668.3,37009.3,38579
28070.3,29305.5,1235.2,1235.2,22838,21692,19264.3
10445,2495.1,-7949.9,7949.9,65.6667,0,0
11389.7,10635.4,-754.305,754.305,1557.67,433,215.667
11602.3,12853.1,1250.77,1250.77,3059,1267.33,213.667
17589.7,10596.6,-6993.02,6993.02,8327.67,11261.7,17348
6381.67,26438.5,20056.9,20056.9,35525.7,33599,32262.7
1108,1765.98,657.984,657.984,498.667,320,166
3575,4185.26,610.262,610.262,47.6667,0,0
8327.67,8739.94,412.273,412.273,9078,5366,4677
36459.7,31542.8,-4916.84,4916.84,42077.7,42941.3,43021
31026.7,24010.9,-7015.8,7015.8,27868.3,26340.3,32475.7
22451.3,20230.6,-2220.74,2220.74,33233.7,35710.7,37578
37328,28215.7,-9112.31,9112.31,16430.3,16094,16607.7
18829.3,14836.4,-3992.9,3992.9,6736.33,4461.33,2377.67
27195.7,10922.1,-16273.5,16273.5,16426.3,11356,9743.33
39396.3,25937.1,-13459.2,13459.2,29741.3,27106,23988.3
30514,22463.9,-8050.07,8050.07,38000.7,35940,40058.3
21757.3,24728.1,2970.8,2970.8,31084,32822,34437
42858.7,48094.3,5235.64,5235.64,40766.7,39728.3,38260.3
9388.33,22258,12869.7,12869.7,12295.3,8586,8607.33
25456.7,28686.3,3229.6,3229.6,16704,12806.3,10902.3
7086.67,8245.15,1158.48,1158.48,1664.33,401.667,38.6667
32170,29269.7,-2900.35,2900.35,22954.3,19655,16536.3
39745,36287.3,-3457.68,3457.68,35863.7,34060.3,31675.7
7841.33,14117.9,6276.52,6276.52,3575,2638,1383.33
4767.67,6274.16,1506.5,1506.5,10789.7,13534,14060
14555,15444.6,889.588,889.588,25851,28716.7,31071
2785,16916.9,14131.9,14131.9,3586,3224,4598.33
10101,15984.9,5883.88,5883.88,3000.33,2467,2158.33
34763.7,28250.9,-6512.75,6512.75,35807.3,41149.3,41576.3
18581.7,10016.8,-8564.83,8564.83,11453.3,9042.33,8327.67
3520.67,10014,6493.38,6493.38,2222.67,2304.33,1986.67
13534,10508.7,-3025.31,3025.31,17548.7,16935.7,17307
11496.7,17429.2,5932.53,5932.53,21234.7,24120.3,26652.7
17512.3,40681.5,23169.2,23169.2,12680.3,24726.7,18996.3
1568.67,5216.68,3648.01,3648.01,8143,14453.3,15009.7
22838,28611.5,5773.5,5773.5,18100.3,14541.3,12271.7
17676,17418.6,-257.388,257.388,9033,6067.33,3533.33
16234.3,24591.8,8357.52,8357.52,27265,23042,35062.7
5021,28398.3,23377.3,23377.3,5223.33,5680,6776.67
11480,32543.7,21063.7,21063.7,15798,18581.7,15666.3
151.667,670.358,518.692,518.692,767,1604,2827.33
965,3562.43,2597.43,2597.43,0,0,0
112,3358,3246,3246,6153.67,8308.33,10147.7
7540.33,10528.8,2988.47,2988.47,5190,5672,3640
21099,47052.8,25953.8,25953.8,17616.7,22440.7,22573.3
9445.33,7773.44,-1671.89,1671.89,6874.33,5896.33,4911.67
14366.7,16762.8,2396.09,2396.09,7233.67,8939,6833.33
8913.33,16788.1,7874.81,7874.81,14229.7,19708.7,23918.3
727.333,1094.74,367.407,367.407,8094,10812.7,13343
15859.3,19920.5,4061.18,4061.18,3832.33,1936,584.667
7959.33,14316.4,6357.02,6357.02,8938.67,4821.67,5325.33
3736.33,17926.8,14190.5,14190.5,7336,6979.67,8487
36623.3,27247.2,-9376.17,9376.17,41149.3,41576.3,41119.3
9646.67,24639.1,14992.5,14992.5,30600.7,24230.7,21934.3
8448,16264.2,7816.16,7816.16,24397.7,32619.7,38178
22343,30074,7730.96,7730.96,25828.7,23727.7,16370.7
39137,26331.6,-12805.4,12805.4,41576.3,41119.3,41464
41773,47558.4,5785.42,5785.42,37592.7,29445,26924.3
25219.7,21479.1,-3740.6,3740.6,34880.7,36986.3,38205.7
30220.3,21034.3,-9186.05,9186.05,13792.3,8711.67,6746.67
35357,31920.2,-3436.78,3436.78,25584,22389.7,19340.7
20250.3,21698.4,1448.05,1448.05,23763.7,23260.3,23158.3
35508.7,33455.2,-2053.5,2053.5,40364.7,40583,40595.3
1743.33,9080.28,7336.94,7336.94,10197.3,16580.7,17343
38256.3,33840.7,-4415.66,4415.66,42160.3,41988,43268.7
38367.7,31233.8,-7133.82,7133.82,45397.7,27428.3,25382.3
14709,34302.3,19593.3,19593.3,34655.7,32526.7,27019.3
8900.33,14751.2,5850.86,5850.86,6472.67,6473.67,13351.3
43639.7,42922.1,-717.581,717.581,42329,41169,39595.3
4891.33,8210.14,3318.81,3318.81,15009.7,16294.7,13206.3
166,496.34,330.34,330.34,0,0,0
37078.3,33489.2,-3589.11,3589.11,40367,43485,43883.7
29332.7,11317.1,-18015.5,18015.5,29050,23464.7,19940.7
3123.67,4332.33,1208.66,1208.66,1787.67,1453.67,1950.67
10528.3,9288.32,-1240.02,1240.02,22618.7,24441.7,28561
29387.7,32584.4,3196.73,3196.73,16704,13437.3,10452
6812.33,7880.79,1068.45,1068.45,1337.67,902,29.6667
2519,4183.26,1664.26,1664.26,7352.33,7406,6606.33
6642,17255.6,10613.6,10613.6,24435.3,22485.3,25726.7
3973,2896.43,-1076.57,1076.57,8954,11024.7,18574.7
4843.33,6720.36,1877.03,1877.03,14257.3,16657.7,19192.3
15287,10432.5,-4854.54,4854.54,11261.7,17348,15849.7
6703.33,2905.61,-3797.72,3797.72,3044,1862,1827
22290.7,28202.6,5911.91,5911.91,24133.7,30971.3,29854.7
42021,41162.4,-858.581,858.581,42543.3,41751.3,40549.7
26523.3,40770,14246.6,14246.6,19578,22576.3,22362
12690.7,30287.7,17597.1,17597.1,35865.3,41811,41562.7
8866.67,6862.02,-2004.65,2004.65,20285,23456.7,26519.3
20803.7,19388.9,-1414.73,1414.73,12835.3,9103,9818.67
15125,7771.25,-7353.75,7353.75,9630.33,7885.67,7886.33
20556,32727.5,12171.5,12171.5,21218,23624,20950
6371.33,8272.1,1900.77,1900.77,3622,4124.33,4847.67
1936,134.195,-1801.81,1801.81,0,0,0
19843.3,29891.2,10047.9,10047.9,9196,6760.33,4572.67
10535,10909.9,374.942,374.942,6024.33,6975.33,7002.33
551.333,326.294,-225.039,225.039,0,0,0
13069.3,6356.68,-6712.65,6712.65,13806.7,14642.7,11432
16771.7,22441.2,5669.52,5669.52,5136.67,6530.67,6050.67
12713,7400.37,-5312.63,5312.63,3680,2488,1616.33
30565,25053.4,-5511.64,5511.64,39227,40011,41066
11386.3,17473.5,6087.15,6087.15,7995,6812.33,6181
40791.3,36709.4,-4081.96,4081.96,41899.7,42312.3,41394
7240.67,15624.1,8383.39,8383.39,8939,6833.33,5321.67
855.333,2380.08,1524.75,1524.75,5596,8502.33,12469.7
261,1622.15,1361.15,1361.15,5630.67,6923.67,7218
5997.67,15139.2,9141.49,9141.49,6425,8159.33,6193.67
5680,16194.2,10514.2,10514.2,3945,2999,5084
15849.3,12384.5,-3464.85,3464.85,27993.7,30805.3,33565.7
23479.3,24285.6,806.253,806.253,38654,40110.7,40567.7
9581.67,33292.2,23710.5,23710.5,13583,16123,14835.3
3028,8808.12,5780.12,5780.12,1998.67,2840.33,3544.67
1055.33,3602.75,2547.42,2547.42,2536.33,3139.67,3435.67
3556,5447.46,1891.46,1891.46,436.667,153,121.333
44200,36450.2,-7749.84,7749.84,45092.7,44906.3,45176.7
4397,8839.47,4442.47,4442.47,5214,4922,3688
14511.7,23921.3,9409.59,9409.59,28744.3,26255,33629.7
13201.3,22252.4,9051.03,9051.03,10788.3,9838,7086.67
478,310.412,-167.588,167.588,5666.33,3005,5099
16999.7,21244.2,4244.49,4244.49,35709.7,36175.3,38654
5766.33,7474.13,1707.79,1707.79,15796.3,18686.7,22041
4461.33,1436.29,-3025.04,3025.04,0,0,0
9680.67,11750.8,2070.09,2070.09,21158.3,23840.7,26423.3
5215.33,8933.33,3718,3718,15709.3,18603.7,21158.3
42548.7,41496.8,-1051.85,1051.85,35662,33518.7,31172.3
1369.33,230.456,-1138.88,1138.88,0,0,0
19195,15330.7,-3864.28,3864.28,30262.7,32731.3,34921
4569.33,3933.67,-635.668,635.668,4298,4132.67,2980.33
7603.67,31139.2,23535.5,23535.5,10653,10972,13583
35210.7,37957.9,2747.22,2747.22,23237.7,19876,16704
18467.7,18501.6,33.9726,33.9726,9144.33,10053,9555.67
8862.33,7501.8,-1360.53,1360.53,6716,6589,6071
101.667,524.358,422.692,422.692,0,0,0
29072.7,32553.2,3480.57,3480.57,36972,38867.3,39931.3
20552,27640.8,7088.82,7088.82,35062.7,17490.7,22631.7
11188.3,8268.71,-2919.62,2919.62,13333,16039.7,14772.7
543,1095.26,552.264,552.264,0,0,0
12806.3,16407,3600.67,3600.67,4713,4539,3899.67
7795.67,20449.5,12653.8,12653.8,30577.7,13595.3,13481
29155.7,30299.1,1143.45,1143.45,37099,27868.3,26340.3
30475,30338.1,-136.856,136.856,28419.7,27643.3,26497
640,232.372,-407.628,407.628,0,0,0
10972,34067.7,23095.7,23095.7,16941,15264,13723.3
2467,11379.6,8912.57,8912.57,1945.33,941,378.667
34738,29095.5,-5642.51,5642.51,40414,42077.7,42941.3
10687.7,7587.87,-3099.8,3099.8,22733.7,25504.3,27993.7
44773.7,35426.7,-9346.99,9346.99,44000.7,43041,42356.7
41716.3,46044.3,4327.92,4327.92,39780.3,35841.7,34517.7
22573.3,41147.8,18574.4,18574.4,15952.3,11444.3,11349
1512,-701.462,-2213.46,2213.46,0,0,0
2261.67,1811.17,-450.498,450.498,8259.67,8448,9036
10489.7,8258.06,-2231.61,2231.61,22290,24984.3,27694.7
1783.33,1427.22,-356.109,356.109,0,0,0
14571,16266.2,1695.17,1695.17,24676,26473,31776.3
18328,4691.39,-13636.6,13636.6,13641,13423,17587.3
8512,11219.3,2707.34,2707.34,28387.7,14511.7,24472.7
1622.67,2536.11,913.446,913.446,396,298,174
4118.33,27814.7,23696.3,23696.3,8947.67,13462,8834.33
29341,33211.3,3870.32,3870.32,29403,38034.7,38728.7
40965.3,44654.4,3689.03,3689.03,41884.7,41052.3,39997.3
4598.33,31421.7,26823.4,26823.4,5021,5518.33,4212.33
8550.67,11481.3,2930.66,2930.66,14266.7,17095.7,20196
2112.67,2024.29,-88.3763,88.3763,0,0,0
593,921.937,328.937,328.937,7544.67,9988.67,12275.3
8247.33,9346.13,1098.79,1098.79,672.667,259.667,126
24184.3,22442.2,-1742.17,1742.17,14615.7,10512,8613.67
36717.3,24447.9,-12269.4,12269.4,25781.3,20135.3,13697
14624,15474,849.986,849.986,3957,3059,1267.33
33599,20570.8,-13028.2,13028.2,13575.7,11782.3,7108.33
323.667,950.021,626.355,626.355,0,0,0
0,327.244,327.244,327.244,3883.33,4720,5730
3597.33,3767.25,169.918,169.918,223.667,18,0
1594,6091.98,4497.98,4497.98,4167,2829,3066.67
3660.67,6354.51,2693.85,2693.85,1428.67,1509.33,1378.67
11192,38782.4,27590.4,27590.4,8544.67,9709,8367.33
16426.3,1547.6,-14878.7,14878.7,6411,2673,2784
36260.7,13968.7,-22292,22292,25218.3,41156.7,24903
14548.3,17508.8,2960.47,2960.47,6339,4813.67,2904.33
1428.67,4046.03,2617.37,2617.37,1002,543,323.667
17033.3,31105,14071.7,14071.7,39537.7,47872,38923.3
40176.3,33617.1,-6559.27,6559.27,45247.7,45941.3,46287
5761,6494.4,733.4,733.4,16243.7,18989.3,21641.3
38425.3,31982,-6443.32,6443.32,35143,34304.7,36588
47.3333,362.18,314.846,314.846,242.667,229.667,307.333
19214,12179.3,-7034.72,7034.72,12977.3,22813,20847.7
23076.7,30047.1,6970.48,6970.48,7971,4716.33,3094.67
11534,17436.6,5902.63,5902.63,9818.67,7930.67,6611
13998,13638.3,-359.698,359.698,25150.7,27518.7,29704.3
24384.3,31392.9,7008.6,7008.6,25028.7,25953,24171
37898.7,35864.8,-2033.92,2033.92,28815.7,25747.7,23020.3
24899.7,38276.2,13376.5,13376.5,23076.7,19975.7,17580
11208.3,13021.7,1813.37,1813.37,9115.67,10906,5753.67
2057.67,10483.4,8425.73,8425.73,4102.33,2892.67,2289.33
5909,9412.95,3503.95,3503.95,9036,18753.7,21440.7
2418.33,4923.47,2505.13,2505.13,114.667,0,0
14112,32145.7,18033.7,18033.7,42377.7,42114.7,41559
3879,3921.15,42.1505,42.1505,12492,14555,17745.3
16995,19503.1,2508.14,2508.14,25955.3,28647.3,30379.7
9146,34068.9,24922.9,24922.9,16682.3,21513.7,8780
1528.67,2905.06,1376.4,1376.4,447.333,658.333,121.667
13122,31340,18218,18218,15666.3,17589.7,15287
3522.67,6490.05,2967.39,2967.39,1852.67,1625.33,1098.67
8447.33,15009.7,6562.36,6562.36,16762.3,8260.33,8169.33
13422.7,29406.3,15983.7,15983.7,14417.7,9999,7795.67
35442,34469.6,-972.409,972.409,25274.3,22331.3,19084.7
24726.7,31444.7,6718,6718,18167.7,14106,11403.7
22389,31380.6,8991.63,8991.63,25195.3,17676,13025
22041,23528.7,1487.74,1487.74,31587.3,33763.3,34763.7
3544.67,469.087,-3075.58,3075.58,0,0,0
25520.3,21807.1,-3713.27,3713.27,35710.7,37578,39227
6972.33,8525.75,1553.42,1553.42,251,0,0
33051.7,20814.7,-12237,12237,36185,34826.3,33758
7955.67,6431.14,-1524.53,1524.53,19109,22733.7,25504.3
34517,23095.3,-11421.7,11421.7,23988.3,21022,17869
38170,30259,-7911,7911,34304.7,36588,29799.3
12378,27375,14997,14997,17484,11592.7,9778.67
35419.3,28451.7,-6967.62,6967.62,25682,15003,16430.3
11696.3,10199.5,-1496.84,1496.84,2105.67,689.333,79.3333
3917.33,9191.55,5274.22,5274.22,8173.33,7418.67,10316.7
40781,5749.65,-35031.3,35031.3,17568,14713.7,15125
23568.3,33460.9,9892.55,9892.55,18768.3,22108,20145.3
194,2303.88,2109.88,2109.88,0,0,0
34795.3,20765.5,-14029.8,14029.8,28897,20644.3,8447.33
23621.7,28734.2,5112.54,5112.54,14624,11602.3,8432
7336,26281.2,18945.2,18945.2,7374,6580.33,7083.33
21199,12241.5,-8957.53,8957.53,27195.7,27916.7,15435.7
20196,18252.4,-1943.58,1943.58,22325,26121.7,23567
3005,883.53,-2121.47,2121.47,18328,6551.67,4837.33
6306.67,9254.54,2947.88,2947.88,3402.33,2832,2380
20592.7,18294,-2298.62,2298.62,13990,15014.7,17402.7
16858.7,15199.9,-1658.74,1658.74,27518.7,29704.3,32382
24454,24075.2,-378.786,378.786,35998,37910.7,39512.7
36588,23356.1,-13231.9,13231.9,17896.7,16038,18771.3
43499.7,34356.3,-9143.33,9143.33,37529,34702.3,32370.7
19072,28767.1,9695.13,9695.13,17490.7,22631.7,26003.3
14934.7,32937.6,18002.9,18002.9,34309.7,34363.7,32788.3
17000.7,37053.8,20053.1,20053.1,14501.3,15238.7,13495.3
31172.3,32440.4,1268.03,1268.03,18597.3,16475.3,12371
9556.67,8070.34,-1486.32,1486.32,3440.67,4475.33,2869.33
6127.67,2338.97,-3788.69,3788.69,6397,8794,9110.67
41824.3,18506.3,-23318.1,23318.1,18467.7,15540.7,11985.7
1280.67,874.481,-406.186,406.186,0,0,0
22898.3,33860,10961.6,10961.6,21015,20597.3,20318.7
39637.3,32919.6,-6717.77,6717.77,24323.3,25195.3,17676
33532.3,31035.2,-2497.12,2497.12,24601.3,23957,10323
22975.3,19624.1,-3351.26,3351.26,10512,8613.67,6075.33
2823.67,1793.09,-1030.58,1030.58,0,0,0
4115,5582.44,1467.44,1467.44,2214.33,3494,2705.67
7809.33,4241.23,-3568.1,3568.1,4121,3905,2656
24893.3,20351.6,-4541.73,4541.73,29666,26988.7,26299.3
5695.67,1969.81,-3725.86,3725.86,6980.33,4747.67,4569.33
1951.67,7708.31,5756.64,5756.64,4259.67,3944.33,6371.33
23600.7,34331.5,10730.8,10730.8,19079.7,18180,16564.7
46.3333,3630.04,3583.71,3583.71,4664,5249.67,4772.33
1548,10358.1,8810.05,8810.05,3644.33,3960,4356.33
664.333,-1541.43,-2205.76,2205.76,53.3333,0,0
6450.33,12352.4,5902.09,5902.09,2377.33,1747.67,1127.67
8135.67,11853.1,3717.44,3717.44,595.667,34.3333,0
4982.33,4788.53,-193.802,193.802,491.667,69.6667,0
29974,36472.9,6498.94,6498.94,19975.7,17580,11857.7
4102.33,3109.2,-993.132,993.132,1453.67,1950.67,2205
4169.33,1520.5,-2648.84,2648.84,9391,9834,6776.33
307.333,3605.88,3298.55,3298.55,2839.33,2063.67,2510.33
33618.3,25433.9,-8184.41,8184.41,28847.7,21148,32867.7
20177,29231.7,9054.66,9054.66,8135.67,5538,3853.33
12930.7,28406.3,15475.6,15475.6,19554.3,23730.7,25682.3
25150.7,23666.4,-1484.24,1484.24,33497.3,35511.7,36719
396,1942.15,1546.15,1546.15,0,0,0
8412,11570.1,3158.15,3158.15,2591.33,2706.33,2162.33
10420.7,15594.3,5173.67,5173.67,4100.67,3575,2638
35321,33545,-1776.01,1776.01,40664.3,41392,42021
9344.67,9953.58,608.912,608.912,14442.3,13573,13753.3
10154.7,9079.23,-1075.44,1075.44,21709,25219.7,27933
13753.3,15125.6,1372.27,1372.27,17685.7,14475.3,13990
3463.67,9649.29,6185.62,6185.62,3632.67,3133.67,4523
37644,15909.4,-21734.6,21734.6,38381.7,40468.3,17568
38049,33147.2,-4901.84,4901.84,42941.3,43021,43505.3
16704,17959.3,1255.34,1255.34,7776.33,4713,4539
36100.7,32448,-3652.69,3652.69,27519.3,24601.3,23957
9122.67,17462.6,8339.88,8339.88,22485.3,25726.7,27872.7
24567,29719.2,5152.23,5152.23,29603.3,25858.7,24819
9599.67,5524.64,-4075.03,4075.03,2596,1439.33,1414
1751,13078.1,11327.1,11327.1,2302,3681.67,2057.67
30577.7,15752.3,-14825.4,14825.4,8957.33,5417.33,2890.67
37762,38110.6,348.6,348.6,28111.3,24478.7,21607
4385.67,4922.9,537.234,537.234,6606.33,6700.33,8014.33
5630.67,9581.41,3950.74,3950.74,13007,14235.3,16008.7
6084,21748,15664,15664,9388.33,10900,12115.7
47872,29618,-18254,18254,16177.3,17000.7,19578
28155.3,28384.8,229.479,229.479,17594,14650.3,11410
1342.67,486.647,-856.02,856.02,4835.33,6020.33,7242
2330,6447.75,4117.75,4117.75,12880.3,16276.7,18656.7
3003,1215.14,-1787.86,1787.86,0,0,0
22631.7,30361.2,7729.49,7729.49,33481.7,12141.7,37921.3
32674,33669.5,995.505,995.505,25760.7,23188.7,20208
40795,32495.8,-8299.18,8299.18,46112.7,46303.7,46677.3
9283.33,7157.01,-2126.32,2126.32,6589,6071,3354
335.333,523.013,187.68,187.68,0,0,0
0,255.059,255.059,255.059,571.667,898.667,2138.67
22485.3,21585.1,-900.209,900.209,26036,36386,30288.3
13051.7,13523.7,471.99,471.99,24221,27014.7,29719.3
9036,11916.1,2880.05,2880.05,6011.67,5943,5052.67
91,1072.26,981.262,981.262,6306.33,10430.7,8550.67
8613.67,7950.66,-663.006,663.006,918,198,0
29677,29552.4,-124.574,124.574,16767.7,13572,10465.3
21049.3,43311.7,22262.4,22262.4,17512.3,32933.3,24070.7
41016.7,32582.7,-8433.92,8433.92,12472.3,16123,31360.7
44160.3,41417.1,-2743.22,2743.22,37373.3,35049,32835
14655,22530.3,7875.28,7875.28,22655.3,29155.7,31026.7
6310,4555,-1755,1755,11340.7,9455.33,12584
69.6667,1639.11,1569.44,1569.44,0,0,0
32407.7,35758.8,3351.16,3351.16,19876,16704,13437.3
25828.7,26317.7,489.035,489.035,9490.67,12886,7127.33
1334,3442.35,2108.35,2108.35,9126.33,7310,7769
13402,9922.45,-3479.55,3479.55,5815.33,3680,2488
25953,28483,2529.98,2529.98,17486.3,13230.7,16071.3
31264,13736.5,-17527.5,17527.5,25858.7,24819,33420.7
16153.3,12303.9,-3849.41,3849.41,28797,31214.7,33755.3
15969.3,21192.5,5223.12,5223.12,28143.7,28897,20644.3
23727.7,23982.5,254.872,254.872,12886,7127.33,5995
13713.3,10777.4,-2935.95,2935.95,26507.7,29036.7,31639.3
34240.3,46002.6,11762.3,11762.3,28604.3,38652.7,24899.7
1853.67,2334.74,481.073,481.073,0,0,0
4844,19025.1,14181.1,14181.1,6979.67,8487,7565.33
25955.3,30247.2,4291.91,4291.91,33483.3,34929.3,36210.7
11650.7,8341.88,-3308.79,3308.79,9824,5997.67,6322
1557.67,4494.71,2937.04,2937.04,3435.67,3897,4190.33
15901.3,14368.7,-1532.6,1532.6,4695,2999.33,1467.67
13045.7,13583.2,537.546,537.546,3420.33,1805.67,554
43411.3,36586.2,-6825.1,6825.1,42859.7,41761,39583.7
37040.3,35979.1,-1061.27,1061.27,37417.7,37451.3,37159.3
18364.3,47410.5,29046.1,29046.1,22440.7,22573.3,18052.7
1664,542.121,-1121.88,1121.88,0,0,0
7297.33,4672.21,-2625.12,2625.12,4569.33,4787.67,6623.33
9656.67,30275.5,20618.8,20618.8,9652.67,10653,10972
95,113.923,18.9233,18.9233,0,0,0
6104,15094.8,8990.76,8990.76,3522.67,3878,2483.67
1657,1965.7,308.702,308.702,0,0,0
25218.3,12187,-13031.4,13031.4,13069.3,14742.7,18049
6809,19568.1,12759.1,12759.1,10080.3,9206.33,10056
1467.67,111.627,-1356.04,1356.04,0,0,0
9115.67,9267.36,151.693,151.693,5412,4982.33,3751.33
45905.3,43837.3,-2068.05,2068.05,40705,37974.7,35371.3
1723.67,105.204,-1618.46,1618.46,0,0,0
9650,12585.5,2935.47,2935.47,3899.67,1783.33,284.333
23947.7,28116.7,4169.02,4169.02,9231.33,9490.67,12886
6705.33,10261.6,3556.22,3556.22,7804,9646.67,10144.7
49.3333,2033.23,1983.89,1983.89,5831.67,7772.33,10539.3
15796.3,16977.5,1181.22,1181.22,26990.7,29800.7,31587.3
12492,12204.7,-287.343,287.343,22910,25851,28716.7
35115.7,36907.7,1792.06,1792.06,24176,21497,18370.7
47125.3,45154.1,-1971.21,1971.21,45184.7,43781.3,42413.7
153,3057.28,2904.28,2904.28,123,0,0
6686.33,5731.75,-954.583,954.583,1192,1484.33,451.667
2497,3236.22,739.217,739.217,8159,14571,16734.3
5963.67,7754.19,1790.52,1790.52,15988.7,18290,20882.7
38976.3,32461.5,-6514.85,6514.85,42431.3,43418.7,43158.7
2840.33,10573.4,7733.09,7733.09,1594,2520.33,2987
114.333,507.322,392.989,392.989,0,0,0
5121.67,15180.2,10058.5,10058.5,2158.33,2018.33,2418.33
2202,582.469,-1619.53,1619.53,0,0,0
43251,42614.6,-636.428,636.428,42729.7,41540,40269
3073.67,3812.4,738.737,738.737,6310,6533.67,5195
23860,35982.6,12122.6,12122.6,14105,11363,8135.67
3392,12155.5,8763.55,8763.55,8823.33,8435.67,7176
9111,9230.9,119.898,119.898,9256.33,8913.33,15877
1098.67,3115.75,2017.08,2017.08,106,0,0
1945.33,3292.92,1347.59,1347.59,0,0,0
418.667,881.042,462.375,462.375,7807.33,10480,13076.3
3502,4283.62,781.617,781.617,21,0,0
44234,49859.1,5625.12,5625.12,39573,37698,34826
27357.7,31555,4197.33,4197.33,20829.7,22343,24235.7
4845,7002.83,2157.83,2157.83,3805.33,4263.33,4258.33
2904.33,1732.15,-1172.18,1172.18,0,0,0
19027,24157.9,5130.92,5130.92,6169.33,3832.33,1936
5042,11035.1,5993.1,5993.1,4796,4159.67,5739.67
2827.33,12667.5,9840.15,9840.15,4275.33,6803.67,7872.33
7680,14434.3,6754.29,6754.29,7265,9115.67,10906
42265.3,37493.3,-4772.03,4772.03,16123,31360.7,18493
26527.7,28593.2,2065.54,2065.54,17622,13270.3,11216.7
37229.3,32416.9,-4812.44,4812.44,40484,40458.3,40877.7
39800,37421.4,-2378.59,2378.59,33532.3,30702.3,33275.7
126,1104.96,978.961,978.961,1621.33,2620.67,2829.67
43222,34586.4,-8635.65,8635.65,37644,35654.3,33612.7
19016.3,29553.9,10537.5,10537.5,34276.3,33786,30634.7
26979,27897,917.966,917.966,26184,32571.7,24384.3
6436.67,15897,9460.32,9460.32,17345.3,16299.3,15442.3
454.333,12793.4,12339.1,12339.1,4304,3556,1077.33
0,435.033,435.033,435.033,661.667,1922,2514.67
5836.33,6153.59,317.261,317.261,592.333,319.333,258.333
1750.33,9310.92,7560.59,7560.59,2508,1531,1594
863,41.004,-821.996,821.996,0,0,0
6071,6115.27,44.274,44.274,4375.33,3512,2164.33
433,698.011,265.011,265.011,0,0,0
3657,7003.6,3346.6,3346.6,2336.33,1738,1636.33
19323.7,28550.2,9226.52,9226.52,28647.3,30379.7,31993.3
11021,15788.8,4767.79,4767.79,21536,24275.7,28237.3
3096.67,913.074,-2183.59,2183.59,7578.33,7813,6672.67
1514,2361.27,847.267,847.267,10481.3,13377.3,15866
38324.3,33712.3,-4612.05,4612.05,40965.3,41966.7,43025.7
18771.3,14438,-4333.29,4333.29,9775.67,7372,3308
26941,24795,-2145.98,2145.98,17392.7,14615.7,10512
38365,33932.4,-4432.59,4432.59,38304,36845.7,35143
6762.33,3607.54,-3154.8,3154.8,2227,988,668
7265,10218.5,2953.45,2953.45,5468,5412,4982.33
32264.3,19092,-13172.3,13172.3,11739.3,12378,15351
25618.7,31443.8,5825.18,5825.18,12674.7,9403.33,6169.33
34426,31954.9,-2471.13,2471.13,31501.3,30220.3,23715.3
10512,11628.1,1116.07,1116.07,2117.67,918,198
45785.7,44651.4,-1134.26,1134.26,44634,43302.7,41946
39017,36589.1,-2427.87,2427.87,40595.3,40792.7,41270.7
17496,19955.3,2459.31,2459.31,8500.33,6339,4813.67
37159,32844.6,-4314.37,4314.37,42100.7,42857.3,42645.3
8001,13510.3,5509.31,5509.31,14934.7,22255.3,22393.3
0,16.9257,16.9257,16.9257,0,0,0
23159.3,23673.7,514.396,514.396,10465.3,7442,4539.33
9037,15991.8,6954.77,6954.77,5739.67,6084,7290.33
20.3333,181.304,160.97,160.97,1234.33,1218,767
26270.3,33718.8,7448.44,7448.44,40668,35527,36052
16580.7,29495.1,12914.4,12914.4,27594.3,27213.7,30458.3
6647,28606.5,21959.5,21959.5,9922.67,9713.33,9184.33
35863.7,33089.5,-2774.22,2774.22,26369.7,23278.3,20096
22255.7,19643.4,-2612.31,2612.31,6026.67,15510.7,15011.7
4973.67,9207.48,4233.82,4233.82,500.667,183.667,0
137.333,2824.73,2687.4,2687.4,6219.67,8334.33,11021
19124.3,32042.5,12918.1,12918.1,37169,31016.7,40386
2932.67,2893.82,-38.8421,38.8421,1475.33,689.667,588.333
5031,5168.05,137.048,137.048,11678.3,15949.3,22086.7
30442,33546.5,3104.51,3104.51,37040.3,37686,37594.3
3435.67,3211.3,-224.368,224.368,4623,5012.33,4648.67
6970.67,10291.9,3321.2,3321.2,640,107.333,0
2800,9011.92,6211.92,6211.92,1986.67,1531.67,1929
2030.33,8484.32,6453.98,6453.98,2565.67,20904.3,19025.7
11140.3,24571.7,13431.4,13431.4,25420.7,20700.7,24567
24171,21302.9,-2868.14,2868.14,13230.7,16071.3,15523
23188.7,21814,-1374.65,1374.65,11410,8315,6271.67
4747.67,4966.87,219.203,219.203,6703.33,4298,4132.67
2762,1562.89,-1199.11,1199.11,0,0,0
262.667,1854.64,1591.98,1591.98,0,0,0
2102.33,2428.76,326.428,326.428,10812.7,13343,15796.3
42543.3,38826.9,-3716.39,3716.39,37545.3,35719.7,33996.7
10652.7,11355.1,702.388,702.388,1764.67,505.667,60.6667
23983,29228.4,5245.37,5245.37,34314,26184,32571.7
25308.7,8854.83,-16453.8,16453.8,8155,5430.33,7195
12674.7,16235.9,3561.24,3561.24,1936,584.667,55.3333
451.667,1023.41,571.741,571.741,0,0,0
324.667,4495.55,4170.88,4170.88,7413.67,9344.67,9686
15877,20161.8,4284.8,4284.8,19708.7,23918.3,17158
2411,743.735,-1667.26,1667.26,0,0,0
7696.33,7674.09,-22.2454,22.2454,5051.67,2327,1138.67
2514,7613.28,5099.28,5099.28,13718.7,16022.7,24435.3
9036,17143,8107.01,8107.01,32619.7,38178,30193.3
16475.3,13335.9,-3139.41,3139.41,4842.33,2462.33,863
36546,40582.3,4036.32,4036.32,25618.7,22584.3,19027
22182.3,17641.8,-4540.56,4540.56,9373.33,9144.33,10053
34517.7,39523.3,5005.61,5005.61,26924.3,24015.7,21294
23615.7,25741,2125.3,2125.3,11476.3,8775.33,5803
11476.3,13580.8,2104.47,2104.47,1822,531,23.6667
27128.7,20036,-7092.7,7092.7,37433,39270.7,40795
7669.67,16981.8,9312.09,9312.09,2362.33,2900.67,1280.67
32370.7,21863.5,-10507.2,10507.2,18395.3,11689.7,8137.33
40873.3,36654,-4219.3,4219.3,43111,43314.3,43011
37594.3,36082,-1512.3,1512.3,37159.3,36843,35521.7
0,234.886,234.886,234.886,0,0,0
39987.3,33022.4,-6964.93,6964.93,45219,45465,45354.3
22169,16337.9,-5831.12,5831.12,20824.7,20556,15268.3
31084,32846.8,1762.79,1762.79,37422,38316.3,38147.7
0,2392.14,2392.14,2392.14,3781,2618,4945.67
1860,1464.62,-395.383,395.383,10489.7,12982,15696.7
4821.67,17808.5,12986.8,12986.8,7770.67,7318.67,9013
6623.33,2850.61,-3772.72,3772.72,2980.33,3044,1862
38508,22268.7,-16239.3,16239.3,27831,23844.7,20853.3
986,8601.4,7615.4,7615.4,2785,2695,2322.33
7000.67,7573.12,572.453,572.453,17745.3,20186.7,22910
38619.7,34525.6,-4094.08,4094.08,36845.7,35143,34304.7
29570.7,29118,-452.656,452.656,37441.3,39017,39840.7
23763.7,26736.1,2972.39,2972.39,22290.7,22137.3,23188.3
27872.7,22678.1,-5194.57,5194.57,30288.3,32462.3,32264.3
37686,36164.9,-1521.1,1521.1,37451.3,37159.3,36843
3640,6867.07,3227.07,3227.07,2276,1474.67,908.667
18980.7,19806.5,825.79,825.79,29719.3,31625.3,33455.7
4212.33,19443,15230.7,15230.7,6776.67,6602.33,4689
0,888.815,888.815,888.815,3819.33,6243.67,8716.67
379.333,305.01,-74.3234,74.3234,0,0,0
23750.3,23889.9,139.576,139.576,34795.3,26698.3,26067.7
45450,40732.2,-4717.84,4717.84,43499.7,42314.3,41097.3
16762.3,11774.3,-4988.01,4988.01,6065.33,3600.33,2486.67
23557,34256,10699,10699,19254.7,19079.7,18180
16370.7,21242.5,4871.87,4871.87,7127.33,5995,4957.67
8767,30380.2,21613.2,21613.2,11859,13122,17223
13287.7,28313.5,15025.8,15025.8,15559.3,17840.3,17484
47390.3,49992.6,2602.3,2602.3,45083.3,43913.3,42845
165,842.585,677.585,677.585,5963.67,7930.33,10351.3
6141,9455.86,3314.86,3314.86,5616.67,4796,4159.67
1192,3872.6,2680.6,2680.6,59,0,0
42312.3,40325.2,-1987.1,1987.1,37386,36663.7,35553.3
145.667,369.431,223.764,223.764,1748.33,2757,2918.33
6011.67,7493.86,1482.19,1482.19,3960,3910,2760.33
17580,22949.5,5369.46,5369.46,3094.67,1725,1980.33
9687.33,15862.7,6175.39,6175.39,16299.3,15442.3,18305
13573.7,3280.26,-10293.4,10293.4,9599.67,6411,2673
40683.3,28709.5,-11973.9,11973.9,38592,36681.7,35578.7
15649.7,13583.1,-2066.58,2066.58,27933,30306.3,32407.7
4690.33,3505.94,-1184.39,1184.39,0,0,0
16861.3,16520,-341.379,341.379,20816,19238,21239.7
33685.3,23717.9,-9967.44,9967.44,26406,27831,23844.7
25420.7,25321,-99.7035,99.7035,27155.7,30589.3,29603.3
2177.33,5051.33,2873.99,2873.99,528.333,285.333,193.333
34054,33173.1,-880.875,880.875,37594.3,37593,37417.7
40067.7,33498.4,-6569.23,6569.23,43982.7,44369.7,44166.3
2765.33,7348.47,4583.14,4583.14,1363.33,1471.67,869.667
12266,15386.6,3120.6,3120.6,10057,7831.67,7498.33
4375.33,2427.02,-1948.32,1948.32,562,2639.67,1633.33
41488.7,33456.1,-8032.61,8032.61,43839.7,44773.7,46125.7
215,13229.4,13014.4,13014.4,1728,2033.67,3384.67
1127,2328.52,1201.52,1201.52,0,0,0
35131,26467.9,-8663.09,8663.09,42254.7,43774.3,44928.3
15817,13818.1,-1998.94,1998.94,27512,30262.7,32731.3
16736.3,7052.97,-9683.37,9683.37,10563.7,7809.33,6620.33
7831.67,17622.1,9790.48,9790.48,4864.33,4341,4140.33
29036.7,25189.2,-3847.43,3847.43,38055.3,39810.7,40742
38707.3,33580.9,-5126.4,5126.4,43731.3,43982.7,44369.7
11453.3,9642.02,-1811.31,1811.31,17348,15849.7,9078
0,189.504,189.504,189.504,927.333,1122,1344
505.667,-205.429,-711.096,711.096,0,0,0
10147,17756.4,7609.36,7609.36,7073.67,5886.33,6490.33
6945,5763.33,-1181.67,1181.67,1426.67,1372,651.667
25318,32646.5,7328.46,7328.46,33051.7,34273,35411
15724.3,17301.6,1577.3,1577.3,5356.67,3420.33,1805.67
42760.7,37992.9,-4767.75,4767.75,41568,39973.3,33235.3
41307.7,26597.4,-14710.3,14710.3,9802.67,12472.3,16123
56,787.193,731.193,731.193,2891.33,5555.67,11188.3
14916.7,3924.9,-10991.8,10991.8,8832.33,13641,13423
15784.7,12566.9,-3217.79,3217.79,3973,2202,746
2289.33,2631.7,342.363,342.363,89.6667,0,0
2389.67,653.317,-1736.35,1736.35,7242,7578.33,7813
101.667,-53.6853,-155.352,155.352,0,0,0
12959.7,16063.3,3103.66,3103.66,12953.3,6723.67,7265
1216.67,289.245,-927.422,927.422,0,0,0
1530.67,10122.2,8591.56,8591.56,2695,2322.33,3742.33
19847.3,15978.7,-3868.64,3868.64,7719.33,5011,3014.33
19736.7,12304.4,-7432.23,7432.23,9935.33,7933,8030.33
29050,15881.3,-13168.7,13168.7,15843.7,15978,16736.3
2832,5746.14,2914.14,2914.14,410.667,167,99
927.333,813.513,-113.82,113.82,2019.67,2519,2837.67
27.6667,2059.11,2031.44,2031.44,2428,3832.67,4431
0,690.916,690.916,690.916,574.333,1100,2139.33
3659.33,6954.64,3295.3,3295.3,6229,6370.33,5369.67
21434.7,31930.4,10495.7,10495.7,18186,28503.3,36717.3
12584.3,11827.2,-757.119,757.119,2377.67,945,175.667
13755.3,11049,-2706.36,2706.36,3014.33,1563.67,130.667
12164,4824.88,-7339.12,7339.12,6620.33,5100.67,4788
9400.67,7214.26,-2186.41,2186.41,15496.3,21657.7,15413.7
10047.3,9066.84,-980.49,980.49,19158.7,25235.3,28387.7
7242,3192.46,-4049.54,4049.54,5773,6705.33,5785.33
32938.7,29096.5,-3842.17,3842.17,39588,41084.7,40367
29889.7,27412.5,-2477.14,2477.14,38976.3,39698.7,40691.7
1966.67,2587.94,621.273,621.273,788.333,529.667,382.667
63.6667,1249.35,1185.69,1185.69,0,0,0
2639.67,1883.72,-755.948,755.948,0,0,0
4037.67,307.167,-3730.5,3730.5,0,0,0
6746.67,5548.28,-1198.38,1198.38,566.333,101.667,0
44.3333,-126.495,-170.828,170.828,2261.67,4265.67,5909
4925,10699.5,5774.55,5774.55,16066.7,13581.7,14062.3
0,7431.36,7431.36,7431.36,842,1376.33,3231.33
2787.33,14936.2,12148.9,12148.9,3681.67,2057.67,1930.33
22325,20439.9,-1885.13,1885.13,20556,15268.3,18067.3
8308.33,19649.3,11340.9,11340.9,17906.3,20552,19072
1426.67,3269.92,1843.26,1843.26,0,0,0
382.667,3616.66,3234,3234,5249.67,4772.33,4441.33
160,4.89766,-155.102,155.102,0,0,0
2620.67,4625.2,2004.53,2004.53,2278,1849.67,2584
5067.33,2869.52,-2197.81,2197.81,0,0,0
43141,42680.4,-460.61,460.61,37762,35662,33518.7
11859,32900.9,21041.9,21041.9,18581.7,15666.3,17589.7
24134.7,25767,1632.38,1632.38,12806.3,10902.3,9650
9499.33,12767,3267.72,3267.72,2494.67,2591.33,2706.33
17223,32046.1,14823.1,14823.1,17589.7,15287,11453.3
4772.33,6312.93,1540.6,1540.6,5199.33,6141,5042
19825.3,27181,7355.65,7355.65,29155.7,31026.7,33228.7
41815.7,36219,-5596.64,5596.64,41761,39583.7,37644
20105.7,36823.8,16718.1,16718.1,25155,23568.3,22030.7
2991,2715.13,-275.867,275.867,11315.3,13998,16858.7
19741.3,18961.7,-779.67,779.67,10165.3,7995,6812.33
23298,28029.3,4731.25,4731.25,24384.3,28287,40793
0,627.756,627.756,627.756,4166.67,6458.33,7809.67
2648,3605.61,957.61,957.61,902.333,623.667,422.333
2045,128.537,-1916.46,1916.46,0,0,0
11403.7,15391.1,3987.45,3987.45,4629.67,3420,2479
11230.3,13927.3,2696.92,2696.92,13798,21089,21368.7
21234.7,27037.1,5802.44,5802.44,28253.7,32289,30200.7
25817.3,20829.8,-4987.54,4987.54,15805,12584.3,9590.67
7290.33,21500,14209.7,14209.7,10900,12115.7,14198
34104.3,28902.2,-5202.17,5202.17,41488.7,42707.3,43783
17568,10523.9,-7044.15,7044.15,14836,11672.3,9630.33
37519.7,33575.7,-3943.97,3943.97,42021,41940.3,42721
19192.3,24037.1,4844.75,4844.75,26961.3,30359,31427.3
6505,7020.49,515.488,515.488,3582.33,4131,3830.67
2934,5237.41,2303.41,2303.41,1892.33,2238.67,1512
15496.3,17193.9,1697.58,1697.58,21089,21368.7,20650.7
13491.7,26312.1,12820.4,12820.4,18475,35525.7,33599
2784,5760.83,2976.83,2976.83,1255.33,1143.67,1680.33
3184.67,3812.85,628.187,628.187,13752,11678.3,15949.3
40562.7,34484.9,-6077.82,6077.82,41426.7,40897,39960.3
103.333,4892,4788.67,4788.67,1963.33,2198.33,3007.33
2596,5364.4,2768.4,2768.4,1143.67,1680.33,1976.67
15253,5517.3,-9735.7,9735.7,7809.33,6620.33,5100.67
26939,18261.7,-8677.33,8677.33,12264.3,10101.7,13861
40446,39269.4,-1176.64,1176.64,33089.7,30915.3,28236.7
40135.7,39505.4,-630.27,630.27,31172.3,28111.3,24478.7
5435.67,6067.34,631.67,631.67,10245.7,19214,16506.3
24318,37106.8,12788.8,12788.8,23568.3,22030.7,22020.7
8983,7997.94,-985.062,985.062,14060,15462,15911
25171,26401.2,1230.23,1230.23,19016.3,18186,28503.3
2276,3559.42,1283.42,1283.42,587.667,55,0
5356.67,2988.67,-2367.99,2367.99,53.3333,0,0
13572,13739.9,167.886,167.886,2537,985.667,164.667
33259.3,31137.8,-2121.57,2121.57,23471.7,20711.7,17884.7
40877.7,36261.5,-4616.16,4616.16,39143,37193,36332
13656.7,12505.1,-1151.58,1151.58,14927.7,15472.7,21592
7038,27195.1,20157.1,20157.1,4790.67,4901.67,5327.67
43774.3,33284.3,-10490,10490,46255,47390.3,47298
19007.3,20698.9,1691.53,1691.53,21802,23763.7,23260.3
1986.67,6994.58,5007.91,5007.91,1408.67,704,543
17398,21905,4507.05,4507.05,8432,6244.33,3957
6802.67,6896.27,93.6026,93.6026,7142,7679.33,8155.33
44852.3,42288.9,-2563.48,2563.48,45344.7,44937.3,43499.7
17256.7,39736,22479.3,22479.3,11349,8544.67,9709
6611,21710.2,15099.2,15099.2,4627,6804.33,8947.67
21218,32152.8,10934.8,10934.8,25456.7,24134.7,19179.7
10071.7,17498.9,7427.23,7427.23,5886.33,6490.33,6905
12333.7,10727.8,-1605.83,1605.83,2613.33,1257.67,166
34921,29288.8,-5632.22,5632.22,41498.3,42948.7,43399
22440.7,42407.2,19966.6,19966.6,11192,15952.3,11444.3
32462.3,16544.1,-15918.2,15918.2,13287.7,11739.3,12378
21709,20000.6,-1708.37,1708.37,32407.7,34880.7,36986.3
2227,2118.51,-108.487,108.487,430,145.333,182
15169.7,20784.8,5615.1,5615.1,14027.3,14421.7,12959.7
13609.3,14789.6,1180.28,1180.28,6069.67,3620,672.667
34471,47589.7,13118.7,13118.7,18713,16809,17616.7
25747.7,23856.8,-1890.88,1890.88,13755.3,10759.3,7719.33
28897,16679.5,-12217.5,12217.5,10120.7,7328.67,16762.3
21015,14763.5,-6251.49,6251.49,19736.7,16962,13604
18052.7,40194.7,22142,22142,11444.3,11349,8544.67
3183,603.589,-2579.41,2579.41,5099,11827,14916.7
12469.7,17734.5,5264.82,5264.82,22511,26733,27684.7
1976.67,5287.3,3310.63,3310.63,1521.67,2226,1702.33
43731.3,40882.8,-2848.49,2848.49,43565.7,44077.3,43325.3
4179,8865.29,4686.29,4686.29,528.333,31.6667,0
554,229.483,-324.517,324.517,0,0,0
1458,835.388,-622.612,622.612,0,0,0
9562.67,10403.6,840.96,840.96,5943,5052.67,4756
18461.7,19587.4,1125.78,1125.78,6239.33,4466,1781.67
38554,26881.9,-11672.1,11672.1,28464,30841.3,42713.7
1184.33,4345.3,3160.97,3160.97,5052.33,5628.67,5237.67
847,7066.84,6219.84,6219.84,869.667,469.667,541.333
19702.3,16600.3,-3102.02,3102.02,14475.3,13990,15014.7
7544.67,6440.73,-1103.94,1103.94,17852.3,20922.7,23698.7
28716.7,29402.5,685.876,685.876,38256.3,32386,39904.7
41096.3,32767.7,-8328.64,8328.64,44369.7,44166.3,43565.7
319.333,859.55,540.217,540.217,0,0,0
19228.3,21011.7,1783.36,1783.36,28988,31084,32822
2912,6877.87,3965.87,3965.87,13759.7,17531.7,14655
10452,9386.93,-1065.07,1065.07,1217,307,0
37578,33420,-4157.96,4157.96,42440.7,43358,43928.3
2157,7027.81,4870.81,4870.81,1471.67,869.667,469.667
4611.33,9236.79,4625.45,4625.45,1383.33,413,47.6667
5549,14458.5,8909.51,8909.51,4498.33,1674,1135.67
13377.3,11301.2,-2076.13,2076.13,25612,28641.3,29889.7
7565.33,12040,4474.63,4474.63,9762.67,9350,9012.67
14362.3,25232.4,10870.1,10870.1,6901,12113.7,7963.67
41421.3,46982.2,5560.88,5560.88,42820.7,42297.7,42150
0,139.127,139.127,139.127,717,1234.33,1218
22618.7,18471.5,-4147.13,4147.13,32212,34486.3,36167.7
285,2865.2,2580.2,2580.2,3669.67,6213.67,1022
1603,4187.08,2584.08,2584.08,382.667,241.333,176.667
2520.33,6654.16,4133.82,4133.82,2829,3066.67,4276.67
73.3333,1223.67,1150.33,1150.33,0,0,0
40414,33344.9,-7069.1,7069.1,43505.3,43251,43946.7
16506.3,12965.3,-3541.06,3541.06,22813,20847.7,32722.3
625.667,-710.441,-1336.11,1336.11,61,0,0
46255,50180.5,3925.53,3925.53,45938.7,45083.3,43913.3
3522.67,9311.05,5788.38,5788.38,1596.67,464.667,458.667
19025.7,2815.06,-16210.6,16210.6,287.667,884,3669.67
12835.3,18337.7,5502.36,5502.36,6611,4798.33,4118.33
1255.33,4795.86,3540.52,3540.52,2140.33,1247.33,1860.33
24778.3,35587.1,10808.8,10808.8,19860,18502,10109.3
44251.7,40362.8,-3888.83,3888.83,45165.3,45344.7,44937.3
46677.3,45560.2,-1117.12,1117.12,45905.3,45184.7,43781.3
10057,18106.7,8049.75,8049.75,6857.33,4864.33,4341
6799.67,10863.3,4063.6,4063.6,2437.67,2378.33,2430.67
45397.7,30644.3,-14753.4,14753.4,18398,19202.3,21718
17660.7,22136.3,4475.61,4475.61,12113.7,7963.67,5399.33
5321.67,2929.44,-2392.22,2392.22,0,0,0
5770,6460.61,690.606,690.606,16690.7,19485.7,22204.7
3819.33,9153.77,5334.44,5334.44,12269.7,17916.7,19760.3
9796,12863.7,3067.66,3067.66,1781.67,1299,512
18631.7,24600.5,5968.79,5968.79,11216.7,8727.33,6058.33
37910.7,33379,-4531.64,4531.64,43072.7,44616,45135.3
13191.3,27989.2,14797.9,14797.9,19072,27265,23042
19141,32663.3,13522.3,13522.3,29341,31737,33331
2873.33,3258.16,384.826,384.826,11439,14257.3,16657.7
788.333,560.536,-227.797,227.797,176.667,70.3333,8.33333
37867.3,33475.1,-4392.27,4392.27,42165.7,42724.7,43111
251,-188.729,-439.729,439.729,0,0,0
61.3333,382.784,321.45,321.45,898.667,2138.67,1180.67
2485,12235,9749.99,9749.99,3567.33,3234.67,3721.67
6762.33,9127.91,2365.58,2365.58,14655,19825.3,22293.7
6516.33,7115.3,598.969,598.969,215.667,52,0
130.667,526.138,395.471,395.471,2620.67,2829.67,2282.67
285.333,471.544,186.211,186.211,0,0,0
215.667,-60.9437,-276.61,276.61,0,0,0
137,2680.68,2543.68,2543.68,2505.67,3275.33,4397
163.667,507.975,344.308,344.308,0,0,0
2869.33,2993.17,123.833,123.833,1091.33,1624.67,447.333
973.667,6521.4,5547.73,5547.73,6436.67,9687.33,9277.33
35143,26124.5,-9018.45,9018.45,19783,18442.3,17896.7
1596.67,1319.93,-276.738,276.738,0,0,0
14742.7,5653.61,-9089.06,9089.06,14642.7,11432,9183.33
25612,21967.5,-3644.53,3644.53,35357,37527.3,38976.3
16144.3,16205.3,60.9739,60.9739,27014.7,29719.3,31625.3
3377,8901.33,5524.33,5524.33,4512.67,3567.33,3234.67
38304,28683.8,-9620.19,9620.19,36588,29799.3,19783
25504.3,21185.7,-4318.59,4318.59,35855.7,37649.7,38707.3
4945,6780.61,1835.61,1835.61,13534,14060,15462
39071.7,37987.3,-1084.36,1084.36,30915.3,28236.7,25274.3
6839,18102.1,11263.1,11263.1,13481,12304.7,8957.33
8367.33,20887.8,12520.4,12520.4,2882.33,2184.67,1369.33
12371,11809.7,-561.331,561.331,2462.33,863,117.667
28825.3,32530.2,3704.88,3704.88,17398,16822.3,14624
7127.33,9885.13,2757.8,2757.8,2201.67,1127,410.667
28238.7,23635.1,-4603.61,4603.61,37578,39227,40011
11739.3,27847.3,16108,16108,17840.3,17484,11592.7
7139,19407.8,12268.8,12268.8,4362.67,4357,2362.33
23278.3,21280.4,-1997.91,1997.91,10546.3,7491.67,4991.33
58.3333,1015.51,957.175,957.175,5215.33,7262.33,9680.67
13077.3,22162.5,9085.13,9085.13,12050.3,12424.7,10057
7769,11055.1,3286.12,3286.12,9844,10448,10649.7
3312.33,3884.08,571.749,571.749,651.667,238.333,0
1865.67,3058.21,1192.54,1192.54,6463.67,6802.67,4816.67
25868,19815.1,-6052.88,6052.88,35278.7,35928.7,37644
33786,20521.1,-13264.9,13264.9,13697,11389.7,8504.33
2133.67,2727.68,594.012,594.012,18,0,0
7872.33,12196.6,4324.27,4324.27,15169.7,15002.7,16096.7
45344.7,37675.8,-7668.92,7668.92,41097.3,39019.3,37529
25657,32668.3,7011.32,7011.32,23975.7,30496,20829.7
2510.33,10111.4,7601.11,7601.11,2690,3771,4499
8711.67,9707.58,995.918,995.918,1783.67,566.333,101.667
5692.67,7004.7,1312.03,1312.03,1626.67,458,6.33333
21692,27904,6211.99,6211.99,14541.3,12271.7,10101
672.667,647.71,-24.9564,24.9564,0,0,0
33331,33293.2,-37.8349,37.8349,38728.7,41824.3,38538.7
26364.7,30604.6,4239.92,4239.92,34437,36019,37422
43041,31288.6,-11752.4,11752.4,37106,34517,32348.3
32032.7,25054.7,-6977.98,6977.98,39598.3,41488.7,42707.3
592.333,1621.09,1028.76,1028.76,0,0,0
2486.67,99.6899,-2386.98,2386.98,0,0,0
5959.67,4717.99,-1241.68,1241.68,16666,19992,24023.3
28045.3,10909.8,-17135.6,17135.6,10064.3,9136,8082.67
4711.67,9042.6,4330.93,4330.93,14994,17374.7,17468.7
2514.67,12226,9711.28,9711.28,7336.67,5894,9259.33
15011.7,22372.9,7361.21,7361.21,17090.7,15577.3,10165.3
843,117.366,-725.634,725.634,0,0,0
1135.67,3679.95,2544.29,2544.29,18.3333,0,0
512.667,947.85,435.183,435.183,7845.33,10489.7,12982
24846.7,23164.2,-1682.48,1682.48,35222.3,37605.3,37159
22476.7,33587.6,11110.9,11110.9,23841.7,40668,35527
21243.3,23542.6,2299.3,2299.3,9999,7795.67,15105
2975.33,5615.52,2640.18,2640.18,2779.33,3549,4512.67
3862.33,7616.65,3754.32,3754.32,13199,16065,18857.7
12115.7,23506.9,11391.3,11391.3,8607.33,9499.33,8412
35653.3,36330.9,677.575,677.575,37593,37417.7,37451.3
24085,17123.9,-6961.09,6961.09,7108.33,6395.67,5881.67
558.333,229.054,-329.28,329.28,0,0,0
14442.3,12834,-1608.34,1608.34,20592.7,19609,17685.7
9988.67,7595.71,-2392.96,2392.96,20922.7,23698.7,26298.3
34655.7,33546.3,-1109.34,1109.34,28254,31026.3,26890
35725,21888.2,-13836.8,13836.8,18104.7,16666.3,18179.7
229.667,3317.26,3087.6,3087.6,4397,2839.33,2063.67
5741.33,11590.5,5849.15,5849.15,14404.7,16446,17989.7
3372.67,10528.6,7155.89,7155.89,1432.33,673.667,248.333
198,1170.38,972.378,972.378,3716.33,5741.33,7394
8308,15778.1,7470.13,7470.13,10144.7,13199.3,14709
8631,6639.74,-1991.26,1991.26,20429,24182,27128.7
17594,16970.7,-623.344,623.344,6271.67,4190.33,2411
7352.33,6005.71,-1346.62,1346.62,8014.33,8502,10535
4365.33,18421.5,14056.1,14056.1,7872.33,9589.33,11448
17402.7,35317.3,17914.6,17914.6,23529.7,25155,23568.3
20051.7,22639,2587.34,2587.34,21434.7,20594.3,19557
33228.7,29157.9,-4070.73,4070.73,26340.3,32475.7,36260.7
16691.7,9509.85,-7181.81,7181.81,3254,2563,1853.67
40547.7,33195.4,-7352.25,7352.25,45135.3,44123.7,43747
3066,12124.9,9058.88,9058.88,2221.67,2302,3681.67
3066.67,11726.1,8659.43,8659.43,4784,3197.67,3660.67
30674.7,15083.8,-15590.9,15590.9,18203,29159.7,14082
2020,16224.7,14204.7,14204.7,8491.33,10546,11480
30805.3,25232.5,-5572.8,5572.8,38707.3,40067.7,41096.3
0,-101.443,-101.443,101.443,1122,1344,1518.67
145.333,2724.64,2579.3,2579.3,0,0,0
30236,32350.7,2114.67,2114.67,18370.7,15481.3,12384.7
0,-50.5511,-50.5511,50.5511,0,0,0
1531.67,4565.97,3034.3,3034.3,704,543,170.333
447.333,1476.64,1029.3,1029.3,0,0,0
49.6667,4164.57,4114.91,4114.91,1663.67,3361.67,1951.67
4320.33,10471.9,6151.54,6151.54,2431.33,2222.67,2304.33
2476.33,25692.4,23216.1,23216.1,10546,11480,11859
2565.67,1336.05,-1229.62,1229.62,285,64.3333,287.667
14060,10935.4,-3124.56,3124.56,16935.7,17307,18745.3
0,1846.53,1846.53,1846.53,3940.33,6219.67,8334.33
40549.7,36068.4,-4481.24,4481.24,33996.7,32097,27840.7
176.667,341.838,165.171,165.171,0,0,0
6244.33,5901.58,-342.758,342.758,213.667,0,0
4479.33,5297.31,817.974,817.974,7239.67,11340.7,9455.33
11661,17654,5993.04,5993.04,6050.67,5289.33,4014.33
12977.3,16084,3106.69,3106.69,28801.7,16811.7,17033.3
20583.7,14909.2,-5674.49,5674.49,32606.3,35131,37454
42100.7,35126.5,-6974.15,6974.15,41679.7,41859.3,42190.7
14772.7,13937.3,-835.354,835.354,18837,19545.3,20199.7
26103,31253.7,5150.75,5150.75,19650.7,22513,25962.3
9455.33,6783.67,-2671.67,2671.67,9887.67,8896,7710
36707.3,34678.7,-2028.63,2028.63,7475.33,10589.7,9197.33
37921.3,17142,-20779.3,20779.3,9045,6026.67,15510.7
19860,31718.6,11858.6,11858.6,8498.33,7139,8390.33
5831.67,8878.72,3047.06,3047.06,16065,18857.7,21505.7
3790,5433.04,1643.04,1643.04,13343,15796.3,18686.7
18521,11614,-6907.01,6907.01,3371.33,2613.33,1257.67
27993.7,23086.7,-4907,4907,37649.7,38707.3,40067.7
8954,12979.8,4025.84,4025.84,16205.7,23479.3,34718
359.667,6355.87,5996.2,5996.2,3896.67,4920.33,6696.33
18475,24762.6,6287.63,6287.63,24085,17568,13575.7
33333.7,35654.9,2321.26,2321.26,32007.7,30771.7,29050.7
18008,39757.2,21749.2,21749.2,22576.3,22362,14501.3
386,3036.29,2650.29,2650.29,6468,8001,9648
1871.33,1411.24,-460.094,460.094,9877.33,12296,14976
32432.3,30634.7,-1797.59,1797.59,31592.3,30893.7,30510
15191.7,38548.6,23356.9,23356.9,14023,8138,9504.33
9027,8180.51,-846.493,846.493,19787.3,22752.3,25150.7
10480,8621.81,-1858.19,1858.19,22451.3,25520.3,28238.7
2428,5058.82,2630.82,2630.82,5628.67,5237.67,6305.67
8607.33,14031.7,5424.37,5424.37,4844,2494.67,2591.33
33519.3,38532.8,5013.51,5013.51,26996.3,23621.7,22477.7
1950.67,7211.32,5260.65,5260.65,1810,1966.67,2038
1363.33,4458.02,3094.68,3094.68,541.333,371,239
26368.7,29524.7,3156.04,3156.04,16071.3,15523,14362.3
6606.33,6678.5,72.1701,72.1701,10535,13345.3,7794.67
9839,12981.5,3142.54,3142.54,28959.7,18340.3,27195.7
513.333,6412.72,5899.39,5899.39,4114,4967,5026.67
4964.67,14865.3,9900.65,9900.65,12875.3,21199,25803.7
682.333,1284.08,601.752,601.752,7073.33,9400.67,12817
39973.3,33682.8,-6290.53,6290.53,31795.3,29227.3,25924.7
33521.3,33526.9,5.54248,5.54248,39904.7,41333,42160.3
20816,27296.3,6480.26,6480.26,25657,24417.7,27357.7
4284.33,7395.5,3111.17,3111.17,4263.33,4258.33,8823.33
12384.7,11967.2,-417.422,417.422,2487.67,996,161
4287.33,7826.24,3538.9,3538.9,7785,9037,5616.67
42254.7,33541.1,-8713.56,8713.56,45907.3,46255,47390.3
10111,7171.32,-2939.68,2939.68,5896.33,4911.67,4787
18745.3,24032.5,5287.2,5287.2,18856.3,18243.7,21772.3
11499,14975.7,3476.67,3476.67,12424.7,10057,7831.67
27256,29870.4,2614.39,2614.39,15481.3,12384.7,9486.33
25327,33038.9,7711.89,7711.89,29190.7,21099,18364.3
8727.33,8967.3,239.969,239.969,558.333,14.6667,0
1509.33,5573.9,4064.56,4064.56,543,323.667,73.3333
39595.3,39612,16.7127,16.7127,30236,27256,24176
31642.7,37072.5,5429.79,5429.79,19027,15859.3,12674.7
11012.3,15328.9,4316.52,4316.52,21135,23795.3,32283.3
5773,8633.35,2860.35,2860.35,8806,7804,9646.67
35521.7,35585.3,63.634,63.634,30390.7,28155.3,25760.7
7679.33,27501.6,19822.3,19822.3,13351.3,14596.3,20016.7
652.333,126.836,-525.498,525.498,0,0,0
46469.7,12221.3,-34248.3,34248.3,41156.7,24903,21530.7
38393.7,33033.4,-5360.23,5360.23,44200,45219,45465
33497.3,31971.3,-1526.01,1526.01,39514.3,40742.3,40901
26423.3,31078.3,4654.96,4654.96,35027.3,36972,38867.3
6458.33,7452.67,994.338,994.338,19903.3,19628,24454
4341,12586.4,8245.36,8245.36,3354,2234.33,1432.33
15577.3,13940.7,-1636.6,1636.6,6181,4934,1728.33
116.667,3039.38,2922.71,2922.71,5571,5929.67,10197.3
37511.7,29880.8,-7630.84,7630.84,38814.3,41307.7,41016.7
33708.3,35027.6,1319.29,1319.29,23218.3,20013.3,16953.3
11333.3,7788.86,-3544.47,3544.47,24182,27128.7,29990
9709,25904,16195,16195,6972.33,2882.33,2184.67
11219.3,17749.2,6529.9,6529.9,7086.67,5062,4086.33
10546,32779.8,22233.8,22233.8,17223,15798,18581.7
6901,13272.1,6371.05,6371.05,3125,5434,2900.33
42091.7,45611.8,3520.16,3520.16,38470,39450,39244.3
4301,4970.6,669.598,669.598,7769,9542.67,8713
35123.3,16906.8,-18216.6,18216.6,20847.7,32722.3,28801.7
13798,31075.6,17277.6,17277.6,30475,43870.3,29160
13993.7,9826.86,-4166.81,4166.81,26519.3,29369.7,32032.7
8103.33,31492.2,23388.9,23388.9,3815.33,3312.67,7038
2162.33,2660.35,498.015,498.015,440,229.667,13.3333
23188.3,29163.4,5975.07,5975.07,29854.7,29551,34034.7
3186.33,4558.37,1372.04,1372.04,12607.3,15709.3,18603.7
25382.3,31194.7,5812.39,5812.39,21718,19428,20011.7
2779.33,8447.82,5668.49,5668.49,3234.67,3721.67,5898.67
37417.7,37900.4,482.682,482.682,35521.7,33891.3,32674
10951,20413.8,9462.82,9462.82,15577.3,10165.3,7995
8174.67,7942.07,-232.595,232.595,19335.3,22618.7,24441.7
1160.67,893.007,-267.659,267.659,166,53.3333,0
30317.3,26946.7,-3370.65,3370.65,16094,16607.7,10420.7
1278.33,2391.22,1112.89,1112.89,7809.67,14207,17173
12141.7,25443.4,13301.8,13301.8,32292.7,9045,6026.67
4527.67,7765.45,3237.78,3237.78,12153.7,9256.33,8913.33
704,150.403,-553.597,553.597,19,0,0
7103,1043.67,-6059.33,6059.33,8836,8512,11154
33604,33516.1,-87.9002,87.9002,39840.7,40364.7,40583
11856.7,17007.4,5150.74,5150.74,5399.33,3125,5434
40724.3,37112.1,-3612.26,3612.26,36715,35863.7,34060.3
12886,14088.5,1202.48,1202.48,3502,2201.67,1127
6488.67,8659.12,2170.46,2170.46,18656.7,20458.3,22563
13792.3,12703.6,-1088.72,1088.72,2953.67,1783.67,566.333
6271.67,6165.3,-106.364,106.364,157,0,0
32212,24704.5,-7507.53,7507.53,35940,40058.3,41249.3
493.333,1347.56,854.223,854.223,7697.33,10828,13752
2138.67,1994.22,-144.448,144.448,2170.67,3077,2975.33
5437.33,3819.26,-1618.08,1618.08,2932.67,1920,2091.67
8169.33,9857.06,1687.72,1687.72,2486.67,1626.67,458
43565.7,42107.5,-1458.17,1458.17,41800.7,40200.7,37898.7
0,698.211,698.211,698.211,4147.33,6062.33,8051.33
3026,5089.73,2063.73,2063.73,4964.67,5515.67,8793.67
215.333,460.592,245.259,245.259,2138.67,1180.67,1085.67
5214,8362.49,3148.49,3148.49,11304.3,20085.7,14442.3
8343,14365.7,6022.73,6022.73,5714,6776.33,8938.67
41568,35112,-6455.96,6455.96,32170,31795.3,29227.3
6530.67,12412.8,5882.13,5882.13,3003,1817.67,586
35710.7,29511.3,-6199.35,6199.35,41066,42440.7,43358
38178,20560.3,-17617.7,17617.7,26833.7,25448.7,28464
11419,11707.5,288.464,288.464,7540.33,6892.67,5170.33
1906,3000.85,1094.85,1094.85,0.333333,0,0
26134,34452,8317.99,8317.99,27223.7,26939,27421
4391.67,8247.65,3855.98,3855.98,11140.3,13007,14235.3
7930.67,22904,14973.3,14973.3,5068.67,4627,6804.33
13599.7,15039.3,1439.67,1439.67,2836.67,1211,240
19760.3,21095.3,1334.92,1334.92,29056,28253.7,32289
38521.3,44918.4,6397.1,6397.1,30225,28678.7,38344.3
259.667,217.39,-42.2771,42.2771,0,0,0
18857.7,18038.8,-818.816,818.816,27503,23298,34314
22563,18847.5,-3715.54,3715.54,32636.3,35278.7,35928.7
5589.33,9639.96,4050.62,4050.62,259.667,126,0
10197.3,28490.1,18292.7,18292.7,28110.3,27594.3,27213.7
1530,870.272,-659.728,659.728,0,0,0
41460.3,37970.4,-3489.91,3489.91,41394,40273,39600.7
44068.3,43167.3,-901.063,901.063,43141,42548.7,41631.3
44396.3,44636.2,239.864,239.864,39244.3,30952.3,33519.3
4844,9402.69,4558.69,4558.69,2162.33,1701.67,1701.67
15264,24947.8,9683.79,9683.79,11388.7,9036,9562.67
14404.7,19905.6,5500.92,5500.92,19975,25495,34449.7
27223.7,30803.8,3580.18,3580.18,13373,12264.3,10101.7
14106,18473.8,4367.79,4367.79,5278,4629.67,3420
9183.33,-937.039,-10120.4,10120.4,129.333,92,174
1233.33,2727.3,1493.97,1493.97,63.6667,95,9.33333
17946.3,19073.2,1126.82,1126.82,28962.3,31360,33500.3
39588,33493.6,-6094.36,6094.36,43883.7,44292.7,43639.7
2063.67,8001.82,5938.16,5938.16,3688,2690,3771
34034.7,21365.6,-12669,12669,10417.3,8778,9854.33
43072.7,35680.1,-7392.57,7392.57,43747,44416,44815.3
4466,5042.61,576.608,576.608,45.6667,0,0
3077.67,8000.35,4922.68,4922.68,183.667,0,0
10812.7,10798.4,-14.2186,14.2186,22041,24793.7,26990.7
837.333,7195.77,6358.43,6358.43,4920.33,6696.33,5650
40527.7,29949.9,-10577.8,10577.8,40063.7,38592,36681.7
2772.67,7942.04,5169.37,5169.37,1750.33,1998.67,2840.33
41559,42494,935.032,935.032,37422.7,35844,33427
0,465.183,465.183,465.183,0,0,0
8104.67,9231.87,1127.21,1127.21,19025.7,2780.67,285
46303.7,45102.2,-1201.5,1201.5,46904.7,45905.3,45184.7
2563,4100.83,1537.83,1537.83,212,0,0
183.667,74.6662,-109,109,0,0,0
25028.7,28282.8,3254.17,3254.17,21680,17486.3,13230.7
30971.3,28405.1,-2566.22,2566.22,24564,16513.3,13986
108,1137.39,1029.39,1029.39,0,0,0
36685.3,24626.5,-12058.8,12058.8,21148,32867.7,18104.7
21530.7,7831.62,-13699,13699,19175.7,13806.7,14642.7
38092.3,28125.1,-9967.25,9967.25,23715.3,25042,18049.3
3354,6007.81,2653.81,2653.81,3512,2164.33,836.333
21507.7,23739.3,2231.65,2231.65,7795.67,15105,6839
9504.33,31010.5,21506.2,21506.2,9436.67,9729.33,7600.67
21374.7,16490.4,-4884.25,4884.25,9590.67,6736.33,4461.33
280.667,432.823,152.156,152.156,3973,7875.33,11140.7
15413.7,29143.4,13729.7,13729.7,20650.7,30475,43870.3
7848.33,12170.3,4321.99,4321.99,4513.67,5714,6776.33
10779.7,7558.02,-3221.65,3221.65,22934.7,26140.7,28797
11063.3,8698.88,-2364.46,2364.46,23722.7,26507.7,29036.7
471.333,1237.93,766.6,766.6,7649.33,10229.3,13051.7
10067.3,7526.62,-2540.71,2540.71,21693,24789,27186.3
12817,8633.41,-4183.59,4183.59,21657.7,15413.7,13798
3610.33,5764.86,2154.53,2154.53,13051.7,16144.3,18980.7
16935.7,17965.8,1030.16,1030.16,23264.7,20313,18856.3
33910,31530.2,-2379.85,2379.85,23020.3,19847.3,16958
40793,30100,-10693,10693,24171,26368.7,21680
30306.3,25266.3,-5040.05,5040.05,38205.7,39217.3,40474
22979.3,21765.9,-1213.46,1213.46,20803.7,18259,11534
31574,29049.7,-2524.28,2524.28,19847.3,16958,13755.3
2656,582.89,-2073.11,2073.11,0,0,0
4190.33,3045.9,-1144.43,1144.43,4648.67,5705,4361.33
4418.67,13260.2,8841.58,8841.58,9277.33,13533.7,17345.3
5815.33,4171.33,-1644.01,1644.01,795.667,233,0
16980.3,25874.3,8894,8894,6760.33,4572.67,2702.33
42440.7,35715.5,-6725.22,6725.22,43333.7,42948.7,43147.7
35652.3,20920.4,-14731.9,14731.9,23844.7,20853.3,16691.7
24435.3,21263.4,-3171.92,3171.92,28594.3,26036,36386
23218.3,24226.8,1008.48,1008.48,10509.7,7544.67,5067.33
170.333,1090.26,919.929,919.929,0,0,0
8470.33,6436.56,-2033.77,2033.77,19992,24023.3,26652.7
0,824.74,824.74,824.74,0,0,0
42398.7,37656.9,-4741.79,4741.79,41815.7,43270.7,43222
3723.67,4735.87,1012.21,1012.21,13161.3,16243.7,18989.3
1827,1885.44,58.4413,58.4413,698.667,595.333,262.667
145.333,3862.49,3717.16,3717.16,2020,2476.33,4638.33
5806.33,4145.62,-1660.71,1660.71,6533.67,5195,7239.67
2357,1403.41,-953.589,953.589,11333.3,14009,16792.7
881.667,1236.65,354.981,354.981,7000.67,10167.7,12492
21239.7,34907.9,13668.2,13668.2,27357.7,24582.7,23975.7
214.667,862.681,648.014,648.014,4846.33,7000.67,10167.7
6875,13469.5,6594.53,6594.53,10316.7,12930.7,15014.3
213,5978.95,5765.95,5765.95,2889.33,2793.33,2785
1955,1326.15,-628.85,628.85,10067.3,12492,15126.3
29508.3,31857.7,2349.36,2349.36,40478.3,39065,25327
2296,7779.72,5483.72,5483.72,1098.67,528.333,285.333
18045.3,13139,-4906.35,4906.35,5067,3371.33,2613.33
891.333,7416.8,6525.46,6525.46,121.333,1216.67,267.667
5668.67,4989.47,-679.199,679.199,15817,19195,22368
11202.3,5726.98,-5475.35,5475.35,2488,1616.33,795.667
39270.7,32396.8,-6873.84,6873.84,45819.3,46112.7,46303.7
5223.33,15118.1,9894.75,9894.75,4689,3945,2999
4435.33,3998.14,-437.198,437.198,101.667,0,0
208,1477.58,1269.58,1269.58,5029,6541.33,8693.33
5538,5843.27,305.267,305.267,34.3333,0,0
29799.3,21686.9,-8112.46,8112.46,16038,18771.3,13973.7
0.333333,108.698,108.365,108.365,0,0,0
18259,16289.6,-1969.41,1969.41,9103,9818.67,7930.67
3543.67,24996.4,21452.7,21452.7,9589.33,11448,15798
28801.7,27100.1,-1701.56,1701.56,26379.7,27846.3,39537.7
18067.3,32562.1,14494.7,14494.7,20950,23878,25456.7
2091.67,771.467,-1320.2,1320.2,588.333,335.333,0
3361,3568.01,207.013,207.013,13377.3,15866,19120
5364.67,3700.91,-1663.76,1663.76,8840,11230.3,15496.3
10553,14154.5,3601.46,3601.46,2904.33,1943,896.333
31507.7,26486.9,-5020.77,5020.77,37867.3,39565.3,40873.3
1271,-55.2409,-1326.24,1326.24,0,0,0
42103.3,31134.1,-10969.2,10969.2,44123.7,43747,44416
24362.7,16797.2,-7565.49,7565.49,12114.7,9247.33,6584.67
2164.67,8041.55,5876.89,5876.89,215,454.333,421.333
661.667,9072.04,8410.37,8410.37,4173,8595.67,7336.67
13286.7,26982.3,13695.6,13695.6,15105,6839,9227.33
0,336.162,336.162,336.162,1090.67,1748.33,2757
1075.67,-83.3149,-1158.98,1158.98,0,0,0
14541.3,23158.8,8617.42,8617.42,5121.67,4002.67,3000.33
3853.33,791.916,-3061.42,3061.42,0,0,0
8159.33,20293,12133.7,12133.7,4837.67,8041,7081
19940.7,18030.9,-1909.77,1909.77,16736.3,15253,12164
1822,113.251,-1708.75,1708.75,0,0,0
5382.33,7856.57,2474.24,2474.24,16734.3,20062.3,23948
20986.3,24362.7,3376.39,3376.39,23158.3,22736.7,22290.7
8041,22062.7,14021.7,14021.7,3997,4403.67,4498.33
14305.7,11098.3,-3207.34,3207.34,3308,1271,209.667
23042,29205.6,6163.56,6163.56,26003.3,34123.3,14465.7
11773,23080.7,11307.7,11307.7,9129.33,7569.67,4179
40766.7,46617.9,5851.23,5851.23,35239.7,32772,30733.3
9824,14648.3,4824.25,4824.25,9112,6425,8159.33
23338,30065.9,6727.89,6727.89,25382.3,19721.7,18398
8390.33,17910.8,9520.47,9520.47,4357,2362.33,2900.67
30893.7,30839.7,-54.0141,54.0141,18292.3,14000.7,13809.7
13575.7,14007.9,432.189,432.189,5881.67,5836.33,4928.33
1064.67,3328.03,2263.36,2263.36,8716.67,11496.7,12269.7
43657.7,36664.7,-6992.95,6992.95,38543.3,39385.3,31632.7
13.3333,-2.28903,-15.6224,15.6224,0,0,0
34929.3,27281.9,-7647.42,7647.42,22031.7,24842.7,33333.7
2396.67,7126.96,4730.3,4730.3,3463.67,3977.33,3140.33
3416,3885.88,469.881,469.881,9137.67,10550.3,10245.7
6028,22914,16886,16886,8902,9922.67,9713.33
17173,14180,-2993.04,2993.04,27556,30850.7,33441
8544.67,29857,21312.3,21312.3,9037.33,6972.33,2882.33
39131.7,34473.5,-4658.14,4658.14,32097,27840.7,25662.3
10245.7,10069.5,-176.205,176.205,18929.7,12977.3,22813
6700.33,7689.91,989.572,989.572,13345.3,7794.67,5228
1299,575.112,-723.888,723.888,0,0,0
774,7148.17,6374.17,6374.17,5929.67,10197.3,16580.7
13333,13978.4,645.403,645.403,17099,18509.3,18837
43870.3,30700.9,-13169.5,13169.5,27643.3,26497,21049.3
1344,2080.75,736.748,736.748,2837.67,4385.67,5884
3714.67,7425.18,3710.51,3710.51,16276.7,18656.7,20458.3
7657.33,19734.5,12077.1,12077.1,7565.33,7374,6580.33
13429.7,15707.7,2278.03,2278.03,5062,4086.33,3095.33
31444.3,33545.1,2100.75,2100.75,40633.3,40965.3,41966.7
25448.7,32878.5,7429.86,7429.86,43984.7,37356,49739
28959.7,12000.3,-16959.4,16959.4,15435.7,13573.7,16426.3
9589.33,11479.4,1890.02,1890.02,15002.7,16096.7,12199
880.667,220.122,-660.545,660.545,0,0,0
4259.67,7984.59,3724.93,3724.93,4628.67,4896.67,3622
42332.3,31662.6,-10669.7,10669.7,45396,45450,45165.3
25155,34341.2,9186.2,9186.2,20827.7,18768.3,22108
25889.7,8618.93,-17270.7,17270.7,13262,10346.3,8155
9033,9255.74,222.741,222.741,880.667,183.333,0
32283.3,32097.5,-185.878,185.878,38345,40068.3,41312
1951,1901.55,-49.4506,49.4506,10354.3,13161.3,16243.7
28797,22799.2,-5997.8,5997.8,38393.7,39987.3,40980
179.333,1409.88,1230.54,1230.54,4711.67,5596,8502.33
25726.7,22351.5,-3375.16,3375.16,36386,30288.3,32462.3
5434,3729.76,-1704.24,1704.24,62,0,0
45165.3,39484.4,-5680.88,5680.88,42314.3,41097.3,39019.3
28742,31164.9,2422.89,2422.89,16953.3,13599.7,10509.7
23260.3,27996.3,4736,4736,22137.3,23188.3,25344.7
1525.67,1560.13,34.4679,34.4679,10154.7,12884,15649.7
7730.33,14460.5,6730.21,6730.21,6833.33,5321.67,3897.33
6874.33,5800.11,-1074.22,1074.22,5437.33,5353.33,3221.33
13806.7,5000.76,-8805.91,8805.91,4026.33,1721,680.667
14675.3,29958.5,15283.1,15283.1,20747.3,23045,23557
36050,23076.5,-12973.5,12973.5,32867.7,18104.7,16666.3
21200.7,24717,3516.31,3516.31,10371.3,7739.67,5356.67
12461.7,28490.4,16028.7,16028.7,10668.3,10785,9129.33
41052.3,41995.2,942.85,942.85,35911.3,33654,31257.7
27518.7,25055.2,-2463.43,2463.43,35511.7,36719,38021.7
23715.3,19153.3,-4562.03,4562.03,8711.67,6746.67,4435.33
3555.67,2797.09,-758.572,758.572,13444.7,16153.3,19640.3
13076.3,11245.6,-1830.77,1830.77,25520.3,28238.7,30565
3137.67,1545.33,-1592.33,1592.33,4925,5975.67,10890.7
2528,3703.7,1175.7,1175.7,1266.67,587.667,55
1929,4950.65,3021.65,3021.65,543,170.333,109.333
9403.33,11616.4,2213.02,2213.02,584.667,55.3333,0
26698.3,19716,-6982.36,6982.36,20644.3,8447.33,16517
1904.67,4550.2,2645.53,2645.53,4441.33,2669.67,4287.33
1860.33,4195.04,2334.71,2334.71,1233.33,873.333,441.667
36379.7,29193.7,-7185.98,7185.98,42497,44200,45219
6696.33,13144.2,6447.91,6447.91,7932.67,9057.67,11650.7
43333.7,43306.8,-26.8483,26.8483,42548.7,41631.3,40135.7
595.667,140.67,-454.997,454.997,0,0,0
34949.7,33029.2,-1920.44,1920.44,41824.3,38538.7,35893
13647.7,14222.6,574.956,574.956,19545.3,20199.7,20051.7
15078,10368.9,-4709.09,4709.09,7695.33,8928,6799.67
41800.7,38773.6,-3027.03,3027.03,33910,31574,28815.7
10080.3,19493.1,9412.72,9412.72,14366.7,7240.67,7730.33
36681.7,19138.6,-17543,17543,16778.3,15570,13402
3500.67,7939.6,4438.94,4438.94,3944.33,6371.33,5739.67
5881.67,4013.76,-1867.91,1867.91,796.333,592.333,319.333
23276.7,33078.6,9801.98,9801.98,11363,8135.67,5538
1439.33,5000.07,3560.74,3560.74,1680.33,1976.67,2140.33
6343,5053.26,-1289.74,1289.74,16657.7,20285,23456.7
836.667,881.593,44.9259,44.9259,0,0,0
38696.7,12253.6,-26443.1,26443.1,24903,21530.7,13069.3
12689,24860.2,12171.2,12171.2,13429.7,10788.3,9838
6069.67,7392.72,1323.06,1323.06,126,0,0
3567.33,14843.3,11275.9,11275.9,9716,10399.3,10382
44634,43430.3,-1203.7,1203.7,37528.3,35210.7,32407.7
4237.67,1179.58,-3058.09,3058.09,0,0,0
36185,19313.6,-16871.4,16871.4,32206,32349,32595.7
33076,33053.4,-22.6052,22.6052,20835,17538.3,14645.3
38470,43875.4,5405.42,5405.42,33519.3,28600,29685
6062.33,8118.41,2056.07,2056.07,17010.7,19228.3,21757.3
29050.7,27579.8,-1470.92,1470.92,19934.7,17392.7,14615.7
380.333,1518.25,1137.92,1137.92,0,0,0
6760.33,8775.72,2015.39,2015.39,272,0,0
20186.7,21726.4,1539.72,1539.72,31071,33521.3,35329.7
869.667,3902.23,3032.56,3032.56,239,108,0
13809.7,24454.4,10644.8,10644.8,10251.3,5136.67,6530.67
13199.3,31820.9,18621.6,18621.6,21934.3,34655.7,32526.7
41125.3,33529.6,-7595.78,7595.78,45941.3,46287,45785.7
38543.3,38502.1,-41.2304,41.2304,35649.7,28818.7,38596.3
6580.33,8718.98,2138.65,2138.65,9012.67,9445.33,10111
2252.33,14313.7,12061.4,12061.4,4378.67,3975.67,3066
13423,20455.2,7032.24,7032.24,6626,14112,35865.3
3275.33,7133.11,3857.78,3857.78,2510.33,5214,4922
24000,33828.5,9828.46,9828.46,20318.7,19668.7,19736.7
2038,390.203,-1647.8,1647.8,0,0,0
8138,33593.1,25455.1,25455.1,7038,9436.67,9729.33
25203.3,26747.3,1544.01,1544.01,39867,37511.7,37897.3
498.667,-1142.26,-1640.93,1640.93,0,0,0
2013,1339.11,-673.886,673.886,11115.3,13684.3,16666
26369.7,24878.5,-1491.2,1491.2,13578.3,10546.3,7491.67
45827.7,45117.3,-710.327,710.327,43302.7,41946,39431.7
2505.67,5724.69,3219.02,3219.02,2063.67,2510.33,5214
1529.67,549.47,-980.197,980.197,6020.33,7242,7578.33
15846.7,31949.7,16103,16103,24659,23841.7,40668
16243.7,16002.5,-241.195,241.195,27132,29570.7,31603
39057.3,33114.6,-5942.72,5942.72,27421,21191.3,13373
35893,17002.8,-18890.2,18890.2,11985.7,9373.33,9144.33
375.333,631.921,256.587,256.587,5909,7539,8259.67
43302.7,42710.4,-592.303,592.303,35210.7,32407.7,29387.7
37441.3,33147.2,-4294.14,4294.14,40583,40595.3,40792.7
19179.7,22733.3,3553.63,3553.63,10902.3,9650,7776.33
11506.7,33537.3,22030.6,22030.6,7043.33,16682.3,21513.7
1138.67,4127.77,2989.11,2989.11,267.333,59,0
21135,27657.1,6522.15,6522.15,37605.3,37159,38345
3411,2962.76,-448.236,448.236,12296,14976,17946.3
3140.33,5354.35,2214.02,2214.02,4523,6229,6370.33
6243.67,11174.2,4930.51,4930.51,17916.7,19760.3,21234.7
3179,16348.8,13169.8,13169.8,6409.67,7657.33,7336
192,902.412,710.412,710.412,6573,4875.33,4925
9259.33,30172,20912.6,20912.6,8604.67,7043.33,16682.3
23250.7,30826.1,7575.47,7575.47,31427.3,33051.7,34273
37422.7,37011.6,-411.065,411.065,29055,26527.7,23675
32386,34032.6,1646.56,1646.56,41988,43268.7,41773
45907.3,49691.4,3784.05,3784.05,46790,45938.7,45083.3
1225.33,7600.49,6375.16,6375.16,2535.33,1981.67,1750.33
4648.67,2508.93,-2139.74,2139.74,6090,7297.33,5936
42207.7,41268.8,-938.906,938.906,41542,40744,36707.3
29227.3,25624,-3603.36,3603.36,16536.3,13407.7,10652.7
18603.7,21811.7,3208.07,3208.07,29072.7,31066.7,33274
7952.67,17040.2,9087.49,9087.49,4544.67,3522.67,3878
23456.7,19209.6,-4247.09,4247.09,34104.3,36261.3,37739.7
42948.7,43041,92.3489,92.3489,41631.3,40135.7,37762
8693.33,11645,2951.66,2951.66,16861.3,14927.7,15472.7
20853.3,9851.98,-11001.3,11001.3,4635.33,3254,2563
16690.7,16077,-613.715,613.715,28005.7,30333.7,32300.7
44018,50024.2,6006.16,6006.16,44234,43865.7,43094.7
28377,33287.8,4910.76,4910.76,40052.7,40633.3,40965.3
4512.67,12595.9,8083.22,8083.22,5898.67,9716,10399.3
748.667,178.25,-570.417,570.417,0,0,0
6515.33,4380.13,-2135.2,2135.2,4422.33,2227,988
134,3043.82,2909.82,2909.82,1396.33,1557.67,1864
41475.3,38738.1,-2737.25,2737.25,43314.3,43011,42737
965,3328.74,2363.74,2363.74,6541.33,8693.33,13656.7
16299.3,16829.1,529.797,529.797,17021.3,13248.3,7848.33
1981.67,9510.98,7529.32,7529.32,3544.67,2508,1531
1217,111.669,-1105.33,1105.33,0,0,0
40980,32952.4,-8027.57,8027.57,45465,45354.3,45092.7
7233.67,12858.7,5625.05,5625.05,3897.33,3210,3505.33
1515,1848.65,333.654,333.654,1603,873.667,788.333
45465,42057.2,-3407.78,3407.78,45176.7,45300,44160.3
6830.67,16291.5,9460.87,9460.87,6905,4226,3759
1085.67,2294.21,1208.54,1208.54,2975.33,2060,3377
20016.7,30820.1,10803.5,10803.5,17110.3,15191.7,9098
4002.67,14241.8,10239.2,10239.2,2018.33,2418.33,1945.33
3133.67,7441.89,4308.23,4308.23,5369.67,4845,4284.33
7886.33,27689.1,19802.8,19802.8,13075.3,13326.7,13163.7
40269,37344.3,-2924.75,2924.75,31955,29585.3,26381.3
6626,33361.3,26735.3,26735.3,41562.7,42377.7,42114.7
19238,30616.5,11378.5,11378.5,24417.7,27357.7,24582.7
29810.7,21916.7,-7893.92,7893.92,39106,40822.3,42254.7
7372,2163.13,-5208.87,5208.87,0,0,0
40144.7,39938.3,-206.333,206.333,33427,30697.7,29055
6472.67,31970,25497.3,25497.3,20016.7,26206,15799
133.667,309.267,175.601,175.601,1344,1518.67,2019.67
7770.67,23206.1,15435.4,15435.4,6104,6279,4052.67
16430.3,21612.4,5182.02,5182.02,7841.33,7002,4611.33
21802,27827.2,6025.21,6025.21,22736.7,22290.7,22137.3
114.667,-81.7996,-196.466,196.466,0,0,0
9436.67,25424.5,15987.8,15987.8,4901.67,5327.67,5463.67
39980,33509.6,-6470.36,6470.36,44018,44270.3,45358
10906,8620.72,-2285.28,2285.28,4982.33,3751.33,965
4132.67,2881.64,-1251.03,1251.03,1827,1873.33,1152.67
26988.7,22657.2,-4331.48,4331.48,21992.3,26777.3,17073
33481.7,26382.8,-7098.84,7098.84,25428.3,32292.7,9045
7930.33,9554.84,1624.51,1624.51,18290,20882.7,23429
4231.67,6937.38,2705.72,2705.72,6776.33,9857,15679.7
588.333,485.748,-102.585,102.585,0,0,0
41966.7,44154.8,2188.12,2188.12,41052.3,39997.3,39042
11315.3,10819.2,-496.151,496.151,22752.3,25150.7,27518.7
42941.3,41597.7,-1343.64,1343.64,43946.7,44430,43725.3
1166.33,6327.67,5161.34,5161.34,9122.67,13718.7,16022.7
0,4598.85,4598.85,4598.85,1070.33,1225.33,2038.67
22448,22766.9,318.907,318.907,26067.7,28143.7,28897
36764,32371.3,-4392.73,4392.73,30127.7,36980.3,34471
29361,26336.8,-3024.21,3024.21,38734.3,39049,39867
9838,11523.1,1685.13,1685.13,3095.33,1664.33,401.667
22991.7,34090.4,11098.7,11098.7,25670,21015,20597.3
1624.67,-1247.3,-2871.97,2871.97,26,0,0
180.667,853.397,672.73,672.73,0,0,0
32794,34244.9,1450.87,1450.87,26939,27421,21191.3
19976,20479.4,503.37,503.37,7442,4539.33,2537
7493,11952.2,4459.25,4459.25,12003.3,13538.3,14688.7
10559.7,12915.8,2356.12,2356.12,13647.7,17099,18509.3
40110.7,32325.8,-7784.88,7784.88,43678,42858.7,42820.7
13979,13060.7,-918.311,918.311,24036.7,26364.7,28988
4664,4845.65,181.651,181.651,2669.67,4287.33,5199.33
12153.7,12300.4,146.754,146.754,16193.3,13158.3,14229.7
11857.7,18464.3,6606.68,6606.68,1725,1980.33,748.667
29,729.19,700.19,700.19,3488.67,5435.67,8061.33
36663.7,37200.4,536.724,536.724,28742,26345,23218.3
37592.7,45053.7,7461.04,7461.04,38652.7,24899.7,29974
5367.33,29742.5,24375.2,24375.2,4212.33,5009.33,5223.33
31675.7,30231,-1444.67,1444.67,20096,17065.3,13578.3
6672.67,7287.5,614.836,614.836,8308,8806,7804
34718,27557.1,-7160.86,7160.86,40110.7,40567.7,41421.3
6584.67,3978.52,-2606.15,2606.15,64,0,0
33500.3,30075.8,-3424.55,3424.55,39090.7,40664.3,41392
3828.67,6260.95,2432.29,2432.29,10837.7,11364.7,12003.3
41943.3,36706.6,-5236.75,5236.75,33235.3,30268.3,32170
5026.67,24855.4,19828.8,19828.8,10082.7,12938.3,13098.3
5705,2427.75,-3277.25,3277.25,7297.33,5936,6980.33
35654.3,27892,-7762.3,7762.3,24362.7,21773.3,18720.3
15738.7,14039.8,-1698.85,1698.85,28238.7,30565,33233.7
8928,11149.3,2221.31,2221.31,3657,2437.67,2378.33
21158.3,29455,8296.7,8296.7,31066.7,33274,35027.3
41761,32678.9,-9082.15,9082.15,33612.7,30964,27703.7
33410.7,31563.5,-1847.13,1847.13,30510,26246.3,23982
177.667,3104.93,2927.26,2927.26,3832.67,4431,5052.33
40847,24481.2,-16365.8,16365.8,35578.7,34638.3,28595.3
8245.67,9592,1346.34,1346.34,16294.7,13206.3,15846.7
22752.3,21867.9,-884.416,884.416,32382,33497.3,35511.7
10346.3,9592.36,-753.978,753.978,7207,7053.33,5479.33
12822,12196.4,-625.624,625.624,2999.33,1467.67,366.667
25235.3,16613.7,-8621.64,8621.64,33769.3,21859.7,28744.3
43646,43008.6,-637.436,637.436,39595.3,37192.3,35115.7
35709.7,30355.9,-5353.74,5353.74,40567.7,41421.3,42621
4677,3462.95,-1214.05,1214.05,2467.67,4003,3002.67
38344.3,43929.7,5585.37,5585.37,32818,31291.3,29280.7
2701.67,7616.47,4914.81,4914.81,9687.33,9277.33,13533.7
11347.7,31095.2,19747.5,19747.5,18330.7,18888,22991.7
27594.3,32420.9,4826.53,4826.53,39702.7,30911,26724.7
2508,1242.78,-1265.22,1265.22,2987,4113,4167
41463.7,32367.4,-9096.31,9096.31,43411.3,41815.7,43270.7
16094,18973.7,2879.74,2879.74,7002,4611.33,4100.67
33596,30660,-2935.96,2935.96,22389.7,19340.7,16183.3
41622.3,37042.8,-4579.5,4579.5,42312.3,41394,40273
12113.7,13061.8,948.182,948.182,5434,2900.33,1458
3975.67,11554.2,7578.53,7578.53,2746.67,2221.67,2302
5098,15455.4,10357.4,10357.4,12827.3,13524,17887.3
9775.67,6339.34,-3436.33,3436.33,209.667,0,0
14417.7,24698.8,10281.1,10281.1,6839,9227.33,30577.7
27106,18443.8,-8662.16,8662.16,14828.7,11696.3,8876
267.333,216.806,-50.5269,50.5269,0,0,0
11827,2151.22,-9675.78,9675.78,4837.33,8832.33,13641
24.6667,471.516,446.849,446.849,4088.33,5963.67,7930.33
4828.67,3938.04,-890.628,890.628,3830.67,1622.67,918.333
15559.3,32382,16822.6,16822.6,9778.67,14307,12689
0,1329.32,1329.32,1329.32,1055.33,1396.33,1557.67
24133.7,29564.1,5430.48,5430.48,34034.7,24564,16513.3
129.333,1246.62,1117.29,1117.29,0,0,0
37363.7,29944.5,-7419.12,7419.12,38508,35652.3,25879.3
19708.7,24990.8,5282.14,5282.14,31748.3,22448,15969.3
3977.33,7735.1,3757.77,3757.77,3133.67,4523,6229
4027,4446.21,419.208,419.208,2289.33,1787.67,1453.67
931.667,2544.94,1613.28,1613.28,5361.33,4479.33,6310
1100,7935.99,6835.99,6835.99,3155,3736.33,4844
40633.3,43781.9,3148.55,3148.55,42698.7,41884.7,41052.3
1873.33,1341.2,-532.135,532.135,9988.67,12275.3,14964.3
11985.7,19336.2,7350.5,7350.5,9555.67,9741.67,9474
34486.3,30380.5,-4105.8,4105.8,40058.3,41249.3,38672.7
23948,21919.7,-2028.27,2028.27,33175,28377,31444.3
41641.3,39657.2,-1984.18,1984.18,32835,29677,26523.3
23795.3,25337.1,1541.76,1541.76,37159,38345,40068.3
5009.33,13382.8,8373.47,8373.47,6602.33,4689,3945
3261.33,8897.51,5636.17,5636.17,373,13.6667,0
34276.3,22306.9,-11969.4,11969.4,20135.3,13697,11389.7
3922.67,5746.65,1823.98,1823.98,10343,10789.7,13534
8837.33,9748.21,910.881,910.881,14772.7,13647.7,17099
8947.67,16561.4,7613.69,7613.69,6970.67,2354.67,1406
10649.7,31140.6,20490.9,20490.9,19888.3,20747.3,23045
35027.3,30479.2,-4548.15,4548.15,40581.3,40320.7,40527.7
11079,7636.16,-3442.84,3442.84,24014.7,27011,29810.7
139.333,-16.044,-155.377,155.377,0,0,0
43270.7,35788.7,-7481.96,7481.96,39583.7,37644,35654.3
10785,14065.7,3280.66,3280.66,4172,5321.67,2112.67
31603,30042,-1561.04,1561.04,39017,39840.7,40364.7
32835,32285,-549.983,549.983,19976,16767.7,13572
19,112.723,93.7226,93.7226,0,0,0
33654,33743.3,89.3397,89.3397,23961.7,21200.7,18583
11592.7,29788.5,18195.8,18195.8,13201.3,10759.7,11219.3
214.333,1722.15,1507.81,1507.81,0,0,0
5975.67,12235.1,6259.4,6259.4,13581.7,14062.3,19007.3
20148.3,28918.6,8770.27,8770.27,18243.7,21772.3,29919.3
29865.7,29005.1,-860.532,860.532,30893.7,30510,26246.3
37063.7,42606.7,5543.02,5543.02,28267,25539.3,22996
9256.33,14319.4,5063.07,5063.07,13158.3,14229.7,19708.7
0,810.226,810.226,810.226,4854,6626,8731.67
8137.33,4618.09,-3519.24,3519.24,551.333,223.667,18
30757.3,31861.2,1103.88,1103.88,31016.7,40386,38543.3
6020.33,2651.71,-3368.63,3368.63,6672.67,5773,6705.33
45938.7,49369.8,3431.16,3431.16,41337.3,38697.7,36546
35553.3,36201.2,647.902,647.902,26345,23218.3,20013.3
3957,473.445,-3483.56,3483.56,0,0,0
22511,29422.1,6911.11,6911.11,32949.3,35171.7,36764
8876,7964.76,-911.244,911.244,689.333,79.3333,0
29445.3,27528.7,-1916.63,1916.63,30841.3,42713.7,43984.7
45092.7,42654.7,-2437.94,2437.94,44160.3,43141.7,41641.3
17852.3,15483.8,-2368.5,2368.5,28972,31507.7,33450.7
528.667,877.348,348.682,348.682,7955.67,10687.7,13236
1728,12439.6,10711.6,10711.6,3556,1077.33,891.333
25609.3,27483.2,1873.84,1873.84,11403.7,10270.7,8347.33
4919.33,7493.29,2573.96,2573.96,2157,847,896.333
2131.67,1339.56,-792.107,792.107,10592.3,13160.3,15817
9197.33,22833.1,13635.8,13635.8,2716,3261.33,2483.67
1679,2259.24,580.245,580.245,207,2565.67,20904.3
12590.7,17306.6,4715.95,4715.95,23795.3,32283.3,35222.3
1074.33,1460.79,386.457,386.457,11188.3,8491.67,8837.33
15009.7,30856.8,15847.1,15847.1,22476.7,26270.3,24820
19992,15485.3,-4506.71,4506.71,31932,34668.3,37009.3
24478.7,27712.3,3233.6,3233.6,12371,10997.3,7649.33
15673,34644.6,18971.6,18971.6,28830.3,24778.3,21230.7
20318.7,12357.5,-7961.13,7961.13,13604,11419,9935.33
18996.3,29795.3,10799,10799,14106,11403.7,10270.7
26345,28122.8,1777.83,1777.83,13599.7,10509.7,7544.67
18072.3,29918,11845.7,11845.7,9197.33,6048.33,5833
14465.7,26585.8,12120.2,12120.2,22255.7,25428.3,32292.7
64.3333,3444.63,3380.3,3380.3,6213.67,1022,2164.67
89.6667,1107.02,1017.35,1017.35,0,0,0
0,0.6591,0.6591,0.6591,0,0,0
14806.7,16752.9,1946.22,1946.22,23662.3,25955.3,28647.3
23836.7,21457.1,-2379.52,2379.52,33500.3,35321,36701.7
29990,21631.7,-8358.28,8358.28,39270.7,40795,42073
9729.33,23752.2,14022.9,14022.9,5327.67,5463.67,4973.67
37169,36925.4,-243.628,243.628,39385.3,31632.7,36055
16193.3,28195.4,12002.1,12002.1,23918.3,17158,23750.3
773.667,2582.43,1808.76,1808.76,8881.67,7493,7418.67
34676,13499.7,-21176.3,21176.3,19115.3,15843.7,15978
1603.33,5056.83,3453.5,3453.5,8001,9648,11559.7
26519.3,20877.7,-5641.68,5641.68,36261.3,37739.7,39598.3
12450.7,10975.6,-1475.09,1475.09,6686.33,5051.67,2327
12827.3,31918.1,19090.8,19090.8,18888,22991.7,22898.3
32935,40889.3,7954.27,7954.27,23276.7,20177,16723.7
21157.3,26431.4,5274.05,5274.05,30359,31427.3,33051.7
39244.3,41882.7,2638.33,2638.33,29685,28825.3,26996.3
35411,20384,-15027,15027,33758,33484.3,32206
19115.3,14609.9,-4505.45,4505.45,15253,12164,11170
28678.7,45224.9,16546.3,16546.3,34517.7,32818,31291.3
8347.33,12134.6,3787.3,3787.3,2479,1723.67,652.333
27831,16519.8,-11311.2,11311.2,10473.7,6881.33,4635.33
30,-93.6638,-123.664,123.664,0,0,0
12296,10328.1,-1967.89,1967.89,23836.7,26227,28962.3
4159.67,24547.6,20388,20388,7994.67,11065.7,9388.33
31625.3,32488.6,863.252,863.252,38917.7,39820,40562.7
14235.3,26292.4,12057,12057,24567,31264,27155.7
1791.67,10307.1,8515.42,8515.42,5026.67,6131,6990
2483.67,8553,6069.33,6069.33,458.667,0,0
42724.7,42874.4,149.722,149.722,42737,41784,40446
69.6667,749.007,679.34,679.34,5959.67,8470.33,11115.3
0,1126.4,1126.4,1126.4,78,77.3333,245
54.3333,641.322,586.989,586.989,2408.67,3716.33,5741.33
34060.3,31790.3,-2270.02,2270.02,23278.3,20096,17065.3
2837.67,4514.98,1677.32,1677.32,7406,6606.33,6700.33
29895.3,28084.1,-1811.27,1811.27,35652.3,25879.3,26406
2943,6684.68,3741.68,3741.68,1474.67,908.667,1266.67
3059,113.551,-2945.45,2945.45,0,0,0
5170.33,8479.07,3308.74,3308.74,3640,2943,4952.33
25851,26177.3,326.299,326.299,35329.7,38256.3,32386
10791.7,19632.4,8840.69,8840.69,10056,11405.7,14366.7
4991.33,2982.2,-2009.13,2009.13,0,0,0
3402.33,6399.4,2997.07,2997.07,836.667,410.667,167
21772.3,28960.3,7187.94,7187.94,37328,30317.3,25682
3234.67,11097.9,7863.2,7863.2,16580.7,17343,19929.7
6776.33,20827.7,14051.4,14051.4,19124.3,30757.3,42606
1070.67,1778.23,707.564,707.564,214.333,98.3333,90.3333
764.333,900.6,136.267,136.267,8286,11079,13739
6589,6446.57,-142.426,142.426,4524,4375.33,3512
2226,2804.21,578.205,578.205,441.667,264,63.6667
4417,721.927,-3695.07,3695.07,10047.3,8836,8512
22627,33210.8,10583.8,10583.8,18180,16564.7,12461.7
27421,14138.5,-13282.5,13282.5,10101.7,13861,17974
18398,29308.5,10910.5,10910.5,20011.7,16921.7,12450.7
11570,14766.8,3196.78,3196.78,6776.33,8938.67,4821.67
3721.67,15041.7,11320,11320,10382,11556.3,17482
18104.7,15141.7,-2962.99,2962.99,7288.33,6945,4166.33
3448.33,8482.39,5034.06,5034.06,1509.33,1378.67,840.667
6544,2014.14,-4529.86,4529.86,668,420.667,430
44252.7,32713.9,-11538.7,11538.7,46677.3,47125.3,47257
1317.33,788.723,-528.61,528.61,0,0,0
241.333,505.593,264.26,264.26,0,0,0
8773,6913.8,-1859.2,1859.2,359.333,0,0
33509.3,21138.2,-12371.2,12371.2,26299.3,20158,22979.3
9648,17526.1,7878.08,7878.08,22255.3,22393.3,23498
38722.3,37003.7,-1718.61,1718.61,31012.7,28889,26254
40742.3,40709.4,-32.9635,32.9635,40714,41385,41252
1782.67,1341.5,-441.163,441.163,10779.7,13444.7,16153.3
18837,14615.6,-4221.43,4221.43,18957.7,20488,25171
2829,10458.7,7629.69,7629.69,3515.33,4784,3197.67
40982.3,26261.7,-14720.7,14720.7,36681.7,35578.7,34638.3
4129.67,6027.74,1898.07,1898.07,14571,16734.3,20062.3
26121.7,21695.1,-4426.6,4426.6,15268.3,18067.3,17873.3
682.667,433.776,-248.891,248.891,7103,9777,11304.3
45219,36384.2,-8834.77,8834.77,44906.3,45176.7,45300
5237.67,12390.2,7152.5,7152.5,8697.67,7886.33,8352.67
30600.7,35009.2,4408.52,4408.52,32526.7,27019.3,33236
32782,34916.6,2134.64,2134.64,21497,18370.7,15481.3
3232.67,3580.57,347.905,347.905,6802.67,4816.67,5719.67
9630.33,6948.18,-2682.15,2682.15,6762.33,5174,6544
8595.67,26487.6,17892,17892,11506.7,9146,14509.7
39031.7,34819.4,-4212.28,4212.28,33275.7,27519.3,24601.3
3254,4780.37,1526.37,1526.37,532,212,0
35662,36172.7,510.665,510.665,24478.7,21607,18597.3
1810,1724.45,-85.5493,85.5493,873.667,788.333,529.667
7995,11466.1,3471.13,3471.13,1728.33,1337.67,902
4361.33,2236.57,-2124.77,2124.77,5936,6980.33,4747.67
5384.33,3870.8,-1513.54,1513.54,5975.67,10890.7,14091.7
15798,14370.1,-1427.89,1427.89,15287,11453.3,9042.33
6624.33,8728.42,2104.09,2104.09,2832,2380,1716
996,30.8371,-965.163,965.163,0,0,0
32619.7,18618.9,-14000.7,14000.7,29445.3,26833.7,25448.7
32933.3,39989.9,7056.52,7056.52,24726.7,18996.3,25609.3
2246.67,3701.07,1454.41,1454.41,7310,7769,9542.67
2673,4704.11,2031.11,2031.11,1414,1255.33,1143.67
37009.3,29567,-7442.36,7442.36,42548.7,44818,45247.7
3905,-1248.57,-5153.57,5153.57,40.3333,0,0
4816.67,9693.89,4877.22,4877.22,7679.33,8155.33,6472.67
1557.67,1316.97,-240.697,240.697,0,0,0
4787.67,3724.82,-1062.85,1062.85,4132.67,2980.33,3044
2139.33,10344.3,8204.99,8204.99,3736.33,4844,6409.67
4896.67,8659.36,3762.69,3762.69,6127.67,6078,5352.33
44815.3,38323.3,-6492.07,6492.07,36100.7,33532.3,30702.3
31381.3,32372.6,991.221,991.221,23188.7,20208,17594
14421.7,16336.7,1915,1915,11208.3,12953.3,6723.67
8259.67,12082.6,3822.93,3822.93,21440.7,24397.7,32619.7
0,2550.02,2550.02,2550.02,2945,5098,7020.67
36210.7,35159.5,-1051.16,1051.16,24842.7,33333.7,36071.3
5412,4417.41,-994.586,994.586,961,491.667,69.6667
4275.33,28819,24543.6,24543.6,11448,15798,15169.7
9.33333,228.502,219.168,219.168,0,0,0
7794.67,14467.4,6672.71,6672.71,7002.33,13422.7,21243.3
28684.3,29092,407.658,407.658,19264.3,13680.7,18100.3
34638.3,15909,-18729.3,18729.3,13402,12713,11202.3
410.667,639.765,229.099,229.099,0,0,0
31066.7,32244.1,1177.41,1177.41,38867.3,39931.3,40581.3
35831,20010.1,-15820.9,15820.9,33484.3,32206,32349
8206.67,4334.18,-3872.49,3872.49,4828.67,4179,3582.33
40792.7,36933.1,-3859.54,3859.54,38990.7,37240.7,36715
1701.67,3475.04,1773.38,1773.38,229.667,13.3333,0
36845.7,27408.1,-9437.56,9437.56,29799.3,19783,18442.3
3832.67,5843.66,2011,2011,5237.67,6305.67,8150.33
217.667,236.806,19.1393,19.1393,0,0,0
30359,32634.9,2275.86,2275.86,35411,35831,36185
42499,32191.1,-10307.9,10307.9,41016.7,42265.3,28500
6663.33,15233.3,8569.98,8569.98,12930.7,15014.3,14861.3
3716.33,10681.5,6965.16,6965.16,12264.3,14404.7,16446
6131,24776.2,18645.2,18645.2,12938.3,13098.3,13361
29445,43917.8,14472.8,14472.8,24899.7,29974,16207.7
40583,34520.1,-6062.85,6062.85,40724.3,39745,38990.7
441.667,2786.08,2344.41,2344.41,9.33333,0,0
21072,19568.2,-1503.82,1503.82,31360,33500.3,35321
11444.3,34915.6,23471.3,23471.3,8367.33,9325.33,9037.33
14268,14121.2,-146.818,146.818,15472.7,21592,20816
41385,40596.9,-788.099,788.099,37260.7,35055,33259.3
27461.3,24816.1,-2645.27,2645.27,35253,38734.3,39049
1180.67,1889.6,708.931,708.931,3077,2975.33,2060
4088.33,5304.51,1216.18,1216.18,13056.3,15988.7,18290
41119.3,32946.9,-8172.41,8172.41,27191.3,33685.3,38508
2430,6814.12,4384.12,4384.12,9686,11304.3,20085.7
8374,7187.21,-1186.79,1186.79,19847.7,23722.7,26507.7
29369.7,22696.7,-6672.94,6672.94,37739.7,39598.3,41488.7
52.6667,5621.04,5568.37,5568.37,2038.67,2772.67,3028
658.333,1048.64,390.305,390.305,0,0,0
20208,19073.8,-1134.18,1134.18,8315,6271.67,4190.33
24820,33357.4,8537.38,8537.38,35527,36052,27245.3
3696,11206.1,7510.1,7510.1,2177.33,1852.67,1625.33
18957.7,22218.8,3261.12,3261.12,20594.3,19557,19016.3
2401.33,11514.7,9113.34,9113.34,10850.3,15750.3,14407.3
28561,20780.7,-7780.28,7780.28,36167.7,38000.7,35940
4539,4015.19,-523.807,523.807,19.6667,0,0
5596,10770.5,5174.5,5174.5,17374.7,17468.7,22511
24397.7,19976.9,-4420.73,4420.73,38554,29445.3,26833.7
18340.3,11513.1,-6827.22,6827.22,13573.7,16426.3,11356
9834,17859.4,8025.38,8025.38,17948.7,19124.3,30757.3
6339,10105.8,3766.85,3766.85,896.333,176,0
22137.3,29725.1,7587.76,7587.76,30971.3,29854.7,29551
6776.33,17148,10371.7,10371.7,6887.33,10050.7,7770.67
2635.67,9639.89,7004.23,7004.23,2304.33,1986.67,1531.67
32818,37676.6,4858.59,4858.59,24015.7,21294,18605.7
9555.67,10798.9,1243.23,1243.23,6624.33,5659,4598.33
41270.7,37321.3,-3949.33,3949.33,37240.7,36715,35863.7
16666,12398.4,-4267.63,4267.63,29129.3,31932,34668.3
2408.67,8668.39,6259.72,6259.72,9635,12264.3,14404.7
19934.7,17549.8,-2384.91,2384.91,8613.67,6075.33,4048
30268.3,30729.9,461.591,461.591,25924.7,22954.3,19655
11405.7,18741,7335.31,7335.31,9348.33,7233.67,8939
12199,19088.5,6889.45,6889.45,13222.3,7680,11208.3
41156.7,12874.9,-28281.7,28281.7,14742.7,18049,19175.7
182,3850.99,3668.99,3668.99,0,0,0
4052.67,12780.6,8727.97,8727.97,2483.67,1942,1596.67
8697.67,27825.4,19127.8,19127.8,11997.3,13075.3,13326.7
32595.7,15768.2,-16827.5,16827.5,28045.3,18203,29159.7
13533.7,17046,3512.29,3512.29,18305,17593,17021.3
5886.33,14931.6,9045.24,9045.24,3759,3696,3522.67
9777,5478.67,-4298.33,4298.33,8512,11154,19158.7
1518.67,2251.65,732.985,732.985,4385.67,5884,7352.33
8.66667,6931,6922.33,6922.33,10230.3,11008.3,10850.3
7386.67,8456.84,1070.17,1070.17,4756,3960,3910
1621.33,1942.84,321.511,321.511,2396.67,2278,1849.67
4598.33,581.312,-4017.02,4017.02,0,0,0
276.667,1057.08,780.411,780.411,7505,10154.7,12884
8588.67,19949.4,11360.7,11360.7,9206.33,10056,11405.7
10550.3,8444.71,-2105.62,2105.62,35123.3,18929.7,12977.3
351.333,1555.23,1203.9,1203.9,7262.33,9680.67,12607.3
37356,37758.6,402.57,402.57,34426,40360.3,38092.3
5515.67,14445.7,8930.04,8930.04,21199,25803.7,28959.7
12492,9589.03,-2902.97,2902.97,24789,27186.3,29766.3
5068.67,26004.3,20935.6,20935.6,13462,8834.33,9017
39019.3,29245.7,-9773.6,9773.6,29842.7,26930,21570.7
17685.7,21955.2,4269.54,4269.54,17402.7,20105.7,24318
41084.7,33298.6,-7786.08,7786.08,44292.7,43639.7,43468.7
1414,4909.59,3495.59,3495.59,1976.67,2140.33,1247.33
598.333,3822.6,3224.26,3224.26,4431,5052.33,5628.67
37649.7,33419.5,-4230.15,4230.15,42780.3,43731.3,43982.7
0,652.636,652.636,652.636,2030.33,3073.67,5806.33
13998,20761.6,6763.61,6763.61,4572.67,2702.33,1172.67
40822.3,33526.7,-7295.68,7295.68,45703.3,45907.3,46255
44416,39032.7,-5383.29,5383.29,39031.7,36100.7,33532.3
26990.7,25868,-1122.71,1122.71,34763.7,36623.3,39137
15679.7,33054.7,17375,17375,42606,43657.7,37169
32407.7,30707.4,-1700.3,1700.3,39217.3,40474,41463.7
2205,7105.61,4900.61,4900.61,1966.67,2038,1603
6213.67,5910.24,-303.429,303.429,1004.67,48,215
22513,37304.8,14791.8,14791.8,21230.7,20133.7,16439.3
1573.33,1304.94,-268.397,268.397,335.333,0,0
