experiment_id,research_question,experiment_group,protocol,model,model_family,horizon,site,weather_regime,season,feature_regime,seed,n_observations,mae,rmse,nrmse,smape,r2,skill_vs_persistence,train_time_seconds,inference_ms_per_window,n_parameters,status,source,model_kind,horizon_steps,features,feature_spec,n_features,n_train,n_val,n_test,train_start,train_end,val_start,val_end,test_start,test_end,nrmse_capacity,nrmse_mean,bias,peak_error,persistence_rmse,smart_persistence_rmse,skill_vs_persistence_rmse,skill_vs_smart_persistence_rmse,rmse_all_steps,mae_all_steps,r2_all_steps,train_seconds,config_fingerprint,git_revision,python_version,torch_version,notes,stratum_type,stratum,scope,n,under_sampled,test_site,train_sites,rated_w,mse,alpha,nominal_coverage,interval_half_width_w,empirical_coverage,coverage_error,n_calibration,n_calibration_daylight,calibration_window_days,method,guarantee
A_baselines__linear_regression__1h,RQ1,A_baselines,within_site_chronological,linear_regression,classical_ml,1h,LSK North,all_daylight,all,full,42,35009,5174.37,7456.88,0.13558,57.617,0.731048,0.184301,2.14349,0.0012342,793,executed,results/experiments/<experiment_id>.json,sklearn,4,full,full,33,43745,11681,35009,2021-06-02 06:45:00,2022-08-31 22:45:00,2022-09-01 06:45:00,2022-12-31 22:45:00,2023-01-01 06:45:00,2023-12-31 22:45:00,0.13558,0.478769,2165.56,49273.2,9141.7,7952.79,0.184301,0.0623572,5545.24,3550.28,0.813679,2.14349,9b6868cedd9d6f3a,d469139,3.13.14,2.13.0+cpu,Persistence and smart persistence references against a linear fit.,,,,,,,,,,,,,,,,,,,
A_baselines__persistence__1h,RQ1,A_baselines,within_site_chronological,persistence,baseline,1h,LSK North,all_daylight,all,full,42,35009,6615.88,9141.7,0.166213,77.1514,0.595783,0,0,0,0,executed,results/experiments/<experiment_id>.json,rule,4,full,full,33,43745,11681,35009,2021-06-02 06:45:00,2022-08-31 22:45:00,2022-09-01 06:45:00,2022-12-31 22:45:00,2023-01-01 06:45:00,2023-12-31 22:45:00,0.166213,0.586943,-60.7616,48164,9141.7,7952.79,0,-0.149495,6501.51,3372.65,0.743875,0,9b6868cedd9d6f3a,d469139,3.13.14,2.13.0+cpu,Persistence and smart persistence references against a linear fit.,,,,,,,,,,,,,,,,,,,
A_baselines__smart_persistence__1h,RQ1,A_baselines,within_site_chronological,smart_persistence,baseline,1h,LSK North,all_daylight,all,full,42,35009,4569.62,7668.06,0.139419,56.9708,0.715599,0.1612,0,0,0,executed,results/experiments/<experiment_id>.json,rule,4,full,full,33,43745,11681,35009,2021-06-02 06:45:00,2022-08-31 22:45:00,2022-09-01 06:45:00,2022-12-31 22:45:00,2023-01-01 06:45:00,2023-12-31 22:45:00,0.139419,0.492328,180.406,52827.6,9141.7,7952.79,0.1612,0.0358033,5449.17,2310.08,0.820079,0,9b6868cedd9d6f3a,d469139,3.13.14,2.13.0+cpu,Persistence and smart persistence references against a linear fit.,,,,,,,,,,,,,,,,,,,
B_ml_vs_dl__attention_lstm__1h,RQ1,B_ml_vs_dl,within_site_chronological,attention_lstm,hybrid,1h,LSK North,all_daylight,all,full,42,35009,6237.43,9090.15,0.165275,63.701,0.600329,0.00563943,172.778,0.0328235,55201,executed,results/experiments/<experiment_id>.json,torch,4,full,full,33,43745,11681,35009,2021-06-02 06:45:00,2022-08-31 22:45:00,2022-09-01 06:45:00,2022-12-31 22:45:00,2023-01-01 06:45:00,2023-12-31 22:45:00,0.165275,0.583633,216.565,46641.5,9141.7,7952.79,0.00563943,-0.143013,6461.34,3206.79,0.747031,172.778,9b6868cedd9d6f3a,d469139,3.13.14,2.13.0+cpu,"Full model set at the default horizon, identical inputs and split.",,,,,,,,,,,,,,,,,,,
B_ml_vs_dl__cnn_lstm__1h,RQ1,B_ml_vs_dl,within_site_chronological,cnn_lstm,hybrid,1h,LSK North,all_daylight,all,full,42,35009,4165.31,6819.39,0.123989,47.9131,0.775068,0.254035,274.126,0.0265059,64225,executed,results/experiments/<experiment_id>.json,torch,4,full,full,33,43745,11681,35009,2021-06-02 06:45:00,2022-08-31 22:45:00,2022-09-01 06:45:00,2022-12-31 22:45:00,2023-01-01 06:45:00,2023-12-31 22:45:00,0.123989,0.437839,397.749,47042.2,9141.7,7952.79,0.254035,0.142517,4846.68,2123.39,0.857665,274.126,9b6868cedd9d6f3a,d469139,3.13.14,2.13.0+cpu,"Full model set at the default horizon, identical inputs and split.",,,,,,,,,,,,,,,,,,,
B_ml_vs_dl__gradient_boosting__1h,RQ1,B_ml_vs_dl,within_site_chronological,gradient_boosting,classical_ml,1h,LSK North,all_daylight,all,full,42,35009,4373.86,6664.26,0.121168,49.7801,0.785185,0.271004,9.48589,0.0206342,0,executed,results/experiments/<experiment_id>.json,sklearn,4,full,full,33,43745,11681,35009,2021-06-02 06:45:00,2022-08-31 22:45:00,2022-09-01 06:45:00,2022-12-31 22:45:00,2023-01-01 06:45:00,2023-12-31 22:45:00,0.121168,0.427879,871.728,40604.3,9141.7,7952.79,0.271004,0.162023,4737.83,2275.47,0.863987,9.48589,9b6868cedd9d6f3a,d469139,3.13.14,2.13.0+cpu,"Full model set at the default horizon, identical inputs and split.",,,,,,,,,,,,,,,,,,,
B_ml_vs_dl__gru__1h,RQ1,B_ml_vs_dl,within_site_chronological,gru,recurrent,1h,LSK North,all_daylight,all,full,42,35009,6892.61,9611.46,0.174754,68.761,0.553172,-0.0513868,361.926,0.0467192,37825,executed,results/experiments/<experiment_id>.json,torch,4,full,full,33,43745,11681,35009,2021-06-02 06:45:00,2022-08-31 22:45:00,2022-09-01 06:45:00,2022-12-31 22:45:00,2023-01-01 06:45:00,2023-12-31 22:45:00,0.174754,0.617104,-1502.82,41489.9,9141.7,7952.79,-0.0513868,-0.208564,6850.93,3749.99,0.715606,361.926,9b6868cedd9d6f3a,d469139,3.13.14,2.13.0+cpu,"Full model set at the default horizon, identical inputs and split.",,,,,,,,,,,,,,,,,,,
B_ml_vs_dl__linear_regression__1h,RQ1,B_ml_vs_dl,within_site_chronological,linear_regression,classical_ml,1h,LSK North,all_daylight,all,full,42,35009,5174.37,7456.88,0.13558,57.617,0.731048,0.184301,1.96041,0.00124763,793,executed,results/experiments/<experiment_id>.json,sklearn,4,full,full,33,43745,11681,35009,2021-06-02 06:45:00,2022-08-31 22:45:00,2022-09-01 06:45:00,2022-12-31 22:45:00,2023-01-01 06:45:00,2023-12-31 22:45:00,0.13558,0.478769,2165.56,49273.2,9141.7,7952.79,0.184301,0.0623572,5545.24,3550.28,0.813679,1.96041,9b6868cedd9d6f3a,d469139,3.13.14,2.13.0+cpu,"Full model set at the default horizon, identical inputs and split.",,,,,,,,,,,,,,,,,,,
B_ml_vs_dl__lstm__1h,RQ1,B_ml_vs_dl,within_site_chronological,lstm,recurrent,1h,LSK North,all_daylight,all,full,42,35009,6745.83,9263.78,0.168432,65.7897,0.584915,-0.0133541,312.606,0.0520458,50401,executed,results/experiments/<experiment_id>.json,torch,4,full,full,33,43745,11681,35009,2021-06-02 06:45:00,2022-08-31 22:45:00,2022-09-01 06:45:00,2022-12-31 22:45:00,2023-01-01 06:45:00,2023-12-31 22:45:00,0.168432,0.594781,-417.378,46928.6,9141.7,7952.79,-0.0133541,-0.164846,6595.14,3595.73,0.736446,312.606,9b6868cedd9d6f3a,d469139,3.13.14,2.13.0+cpu,"Full model set at the default horizon, identical inputs and split.",,,,,,,,,,,,,,,,,,,
B_ml_vs_dl__persistence__1h,RQ1,B_ml_vs_dl,within_site_chronological,persistence,baseline,1h,LSK North,all_daylight,all,full,42,35009,6615.88,9141.7,0.166213,77.1514,0.595783,0,0,0,0,executed,results/experiments/<experiment_id>.json,rule,4,full,full,33,43745,11681,35009,2021-06-02 06:45:00,2022-08-31 22:45:00,2022-09-01 06:45:00,2022-12-31 22:45:00,2023-01-01 06:45:00,2023-12-31 22:45:00,0.166213,0.586943,-60.7616,48164,9141.7,7952.79,0,-0.149495,6501.51,3372.65,0.743875,0,9b6868cedd9d6f3a,d469139,3.13.14,2.13.0+cpu,"Full model set at the default horizon, identical inputs and split.",,,,,,,,,,,,,,,,,,,
B_ml_vs_dl__random_forest__1h,RQ1,B_ml_vs_dl,within_site_chronological,random_forest,classical_ml,1h,LSK North,all_daylight,all,full,42,35009,4472.94,6693.3,0.121696,46.2257,0.783308,0.267827,287.445,0.0202081,200,executed,results/experiments/<experiment_id>.json,sklearn,4,full,full,33,43745,11681,35009,2021-06-02 06:45:00,2022-08-31 22:45:00,2022-09-01 06:45:00,2022-12-31 22:45:00,2023-01-01 06:45:00,2023-12-31 22:45:00,0.121696,0.429744,815.373,36775,9141.7,7952.79,0.267827,0.158371,4756.43,2260.46,0.862917,287.445,9b6868cedd9d6f3a,d469139,3.13.14,2.13.0+cpu,"Full model set at the default horizon, identical inputs and split.",,,,,,,,,,,,,,,,,,,
B_ml_vs_dl__smart_persistence__1h,RQ1,B_ml_vs_dl,within_site_chronological,smart_persistence,baseline,1h,LSK North,all_daylight,all,full,42,35009,4569.62,7668.06,0.139419,56.9708,0.715599,0.1612,0,0,0,executed,results/experiments/<experiment_id>.json,rule,4,full,full,33,43745,11681,35009,2021-06-02 06:45:00,2022-08-31 22:45:00,2022-09-01 06:45:00,2022-12-31 22:45:00,2023-01-01 06:45:00,2023-12-31 22:45:00,0.139419,0.492328,180.406,52827.6,9141.7,7952.79,0.1612,0.0358033,5449.17,2310.08,0.820079,0,9b6868cedd9d6f3a,d469139,3.13.14,2.13.0+cpu,"Full model set at the default horizon, identical inputs and split.",,,,,,,,,,,,,,,,,,,
B_ml_vs_dl__transformer__1h,RQ1,B_ml_vs_dl,within_site_chronological,transformer,attention,1h,LSK North,all_daylight,all,full,42,35009,5548.56,7850.66,0.142739,60.0508,0.701892,0.141226,1121.99,0.0477623,69185,executed,results/experiments/<experiment_id>.json,torch,4,full,full,33,43745,11681,35009,2021-06-02 06:45:00,2022-08-31 22:45:00,2022-09-01 06:45:00,2022-12-31 22:45:00,2023-01-01 06:45:00,2023-12-31 22:45:00,0.142739,0.504052,716.27,47959.8,9141.7,7952.79,0.141226,0.0128428,6098.89,4149.96,0.774616,1121.99,9b6868cedd9d6f3a,d469139,3.13.14,2.13.0+cpu,"Full model set at the default horizon, identical inputs and split.",,,,,,,,,,,,,,,,,,,
B_ml_vs_dl__xgboost__1h,RQ1,B_ml_vs_dl,within_site_chronological,xgboost,classical_ml,1h,LSK North,all_daylight,all,full,42,35009,4505.29,6835.32,0.124279,48.575,0.774016,0.252292,42.5256,0.00291191,400,executed,results/experiments/<experiment_id>.json,sklearn,4,full,full,33,43745,11681,35009,2021-06-02 06:45:00,2022-08-31 22:45:00,2022-09-01 06:45:00,2022-12-31 22:45:00,2023-01-01 06:45:00,2023-12-31 22:45:00,0.124279,0.438862,570.828,39732.2,9141.7,7952.79,0.252292,0.140514,4859.8,2318.25,0.856893,42.5256,9b6868cedd9d6f3a,d469139,3.13.14,2.13.0+cpu,"Full model set at the default horizon, identical inputs and split.",,,,,,,,,,,,,,,,,,,
C_horizons__attention_lstm__15min,RQ2,C_horizons,within_site_chronological,attention_lstm,hybrid,15min,LSK North,all_daylight,all,full,42,35015,5416.62,8134.21,0.147895,55.5616,0.679969,-0.528248,251.347,0.0368651,55201,executed,results/experiments/<experiment_id>.json,torch,1,full,full,33,43751,11687,35015,2021-06-02 06:00:00,2022-08-31 23:30:00,2022-09-01 06:00:00,2022-12-31 23:30:00,2023-01-01 06:00:00,2023-12-31 23:30:00,0.147895,0.522257,111.944,45197.3,5322.58,6427.01,-0.528248,-0.26563,5781.21,2798.61,0.797462,251.347,9b6868cedd9d6f3a,d469139,3.13.14,2.13.0+cpu,"Every model at 15 minutes, 1 hour, 6 hours and 24 hours ahead.",,,,,,,,,,,,,,,,,,,
C_horizons__attention_lstm__1h,RQ2,C_horizons,within_site_chronological,attention_lstm,hybrid,1h,LSK North,all_daylight,all,full,42,35009,6237.43,9090.15,0.165275,63.701,0.600329,0.00563943,617.12,0.0799525,55201,executed,results/experiments/<experiment_id>.json,torch,4,full,full,33,43745,11681,35009,2021-06-02 06:45:00,2022-08-31 22:45:00,2022-09-01 06:45:00,2022-12-31 22:45:00,2023-01-01 06:45:00,2023-12-31 22:45:00,0.165275,0.583633,216.565,46641.5,9141.7,7952.79,0.00563943,-0.143013,6461.34,3206.79,0.747031,617.12,9b6868cedd9d6f3a,199345f,3.13.14,2.13.0+cpu,"Every model at 15 minutes, 1 hour, 6 hours and 24 hours ahead.",,,,,,,,,,,,,,,,,,,
C_horizons__attention_lstm__24h,RQ2,C_horizons,within_site_chronological,attention_lstm,hybrid,24h,LSK North,all_daylight,all,full,42,34825,8030.61,11124.3,0.202259,70.2468,0.402761,0.0214213,595.461,0.0924103,55201,executed,results/experiments/<experiment_id>.json,torch,96,full,full,33,43561,11497,34825,2021-06-03 05:45:00,2022-08-30 23:45:00,2022-09-02 05:45:00,2022-12-30 23:45:00,2023-01-02 05:45:00,2023-12-30 23:45:00,0.202259,0.71442,889.366,44972.8,11367.8,11489.2,0.0214213,0.0317613,7908.94,4150.99,0.621531,595.461,9b6868cedd9d6f3a,bd34a9e,3.13.14,2.13.0+cpu,"Every model at 15 minutes, 1 hour, 6 hours and 24 hours ahead.",,,,,,,,,,,,,,,,,,,
C_horizons__attention_lstm__6h,RQ2,C_horizons,within_site_chronological,attention_lstm,hybrid,6h,LSK North,all_daylight,all,full,42,34969,7201.88,10008.5,0.181972,69.3022,0.515818,0.552846,1371.93,0.065661,55201,executed,results/experiments/<experiment_id>.json,torch,24,full,full,33,43705,11641,34969,2021-06-02 11:45:00,2022-08-31 17:45:00,2022-09-01 11:45:00,2022-12-31 17:45:00,2023-01-01 11:45:00,2023-12-31 17:45:00,0.181972,0.642522,-14.9269,47466,22382.6,18087.6,0.552846,0.446668,7115.84,3699.47,0.693364,1371.93,9b6868cedd9d6f3a,199345f,3.13.14,2.13.0+cpu,"Every model at 15 minutes, 1 hour, 6 hours and 24 hours ahead.",,,,,,,,,,,,,,,,,,,
C_horizons__cnn_lstm__15min,RQ2,C_horizons,within_site_chronological,cnn_lstm,hybrid,15min,LSK North,all_daylight,all,full,42,35015,2733.77,4853.34,0.0882425,33.9039,0.886069,0.0881599,207.668,0.025835,64225,executed,results/experiments/<experiment_id>.json,torch,1,full,full,33,43751,11687,35015,2021-06-02 06:00:00,2022-08-31 23:30:00,2022-09-01 06:00:00,2022-12-31 23:30:00,2023-01-01 06:00:00,2023-12-31 23:30:00,0.0882425,0.311609,-30.6147,35580.8,5322.58,6427.01,0.0881599,0.244853,3449.17,1410.15,0.927906,207.668,9b6868cedd9d6f3a,d469139,3.13.14,2.13.0+cpu,"Every model at 15 minutes, 1 hour, 6 hours and 24 hours ahead.",,,,,,,,,,,,,,,,,,,
C_horizons__cnn_lstm__1h,RQ2,C_horizons,within_site_chronological,cnn_lstm,hybrid,1h,LSK North,all_daylight,all,full,42,35009,4165.31,6819.39,0.123989,47.9131,0.775068,0.254035,1042.92,0.0705456,64225,executed,results/experiments/<experiment_id>.json,torch,4,full,full,33,43745,11681,35009,2021-06-02 06:45:00,2022-08-31 22:45:00,2022-09-01 06:45:00,2022-12-31 22:45:00,2023-01-01 06:45:00,2023-12-31 22:45:00,0.123989,0.437839,397.749,47042.2,9141.7,7952.79,0.254035,0.142517,4846.68,2123.39,0.857665,1042.92,9b6868cedd9d6f3a,bd34a9e,3.13.14,2.13.0+cpu,"Every model at 15 minutes, 1 hour, 6 hours and 24 hours ahead.",,,,,,,,,,,,,,,,,,,
C_horizons__cnn_lstm__24h,RQ2,C_horizons,within_site_chronological,cnn_lstm,hybrid,24h,LSK North,all_daylight,all,full,42,34825,6852.78,10191.4,0.185299,62.8585,0.498725,0.103481,437.028,0.0695152,64225,executed,results/experiments/<experiment_id>.json,torch,96,full,full,33,43561,11497,34825,2021-06-03 05:45:00,2022-08-30 23:45:00,2022-09-02 05:45:00,2022-12-30 23:45:00,2023-01-02 05:45:00,2023-12-30 23:45:00,0.185299,0.654512,710.534,46761,11367.8,11489.2,0.103481,0.112954,7243.92,3489.79,0.682502,437.028,9b6868cedd9d6f3a,1c9470a,3.13.14,2.13.0+cpu,"Every model at 15 minutes, 1 hour, 6 hours and 24 hours ahead.",,,,,,,,,,,,,,,,,,,
C_horizons__cnn_lstm__6h,RQ2,C_horizons,within_site_chronological,cnn_lstm,hybrid,6h,LSK North,all_daylight,all,full,42,34969,6563.82,9735.23,0.177004,64.0416,0.541893,0.565053,511.96,0.0766397,64225,executed,results/experiments/<experiment_id>.json,torch,24,full,full,33,43705,11641,34969,2021-06-02 11:45:00,2022-08-31 17:45:00,2022-09-01 11:45:00,2022-12-31 17:45:00,2023-01-01 11:45:00,2023-12-31 17:45:00,0.177004,0.624981,64.2089,45986.3,22382.6,18087.6,0.565053,0.461774,6919.19,3369.66,0.710077,511.96,9b6868cedd9d6f3a,bd34a9e,3.13.14,2.13.0+cpu,"Every model at 15 minutes, 1 hour, 6 hours and 24 hours ahead.",,,,,,,,,,,,,,,,,,,
C_horizons__gradient_boosting__15min,RQ2,C_horizons,within_site_chronological,gradient_boosting,classical_ml,15min,LSK North,all_daylight,all,full,42,35015,2878.96,4817.07,0.0875831,37.2615,0.887765,0.0949744,11.8988,0.0173184,0,executed,results/experiments/<experiment_id>.json,sklearn,1,full,full,33,43751,11687,35015,2021-06-02 06:00:00,2022-08-31 23:30:00,2022-09-01 06:00:00,2022-12-31 23:30:00,2023-01-01 06:00:00,2023-12-31 23:30:00,0.0875831,0.30928,476.515,33596.4,5322.58,6427.01,0.0949744,0.250496,3423.69,1483.9,0.928967,11.8988,9b6868cedd9d6f3a,d469139,3.13.14,2.13.0+cpu,"Every model at 15 minutes, 1 hour, 6 hours and 24 hours ahead.",,,,,,,,,,,,,,,,,,,
C_horizons__gradient_boosting__1h,RQ2,C_horizons,within_site_chronological,gradient_boosting,classical_ml,1h,LSK North,all_daylight,all,full,42,35009,4373.86,6664.26,0.121168,49.7801,0.785185,0.271004,47.4346,0.119406,0,executed,results/experiments/<experiment_id>.json,sklearn,4,full,full,33,43745,11681,35009,2021-06-02 06:45:00,2022-08-31 22:45:00,2022-09-01 06:45:00,2022-12-31 22:45:00,2023-01-01 06:45:00,2023-12-31 22:45:00,0.121168,0.427879,871.728,40604.3,9141.7,7952.79,0.271004,0.162023,4737.83,2275.47,0.863987,47.4346,9b6868cedd9d6f3a,79bc6cf,3.13.14,2.13.0+cpu,"Every model at 15 minutes, 1 hour, 6 hours and 24 hours ahead.",,,,,,,,,,,,,,,,,,,
C_horizons__gradient_boosting__24h,RQ2,C_horizons,within_site_chronological,gradient_boosting,classical_ml,24h,LSK North,all_daylight,all,full,42,34825,6912.98,9704.64,0.176448,62.9629,0.545467,0.146302,63.0244,0.0633239,0,executed,results/experiments/<experiment_id>.json,sklearn,96,full,full,33,43561,11497,34825,2021-06-03 05:45:00,2022-08-30 23:45:00,2022-09-02 05:45:00,2022-12-30 23:45:00,2023-01-02 05:45:00,2023-12-30 23:45:00,0.176448,0.62325,653.879,40620.7,11367.8,11489.2,0.146302,0.155323,6906.18,3654.98,0.711417,63.0244,9b6868cedd9d6f3a,79bc6cf,3.13.14,2.13.0+cpu,"Every model at 15 minutes, 1 hour, 6 hours and 24 hours ahead.",,,,,,,,,,,,,,,,,,,
C_horizons__gradient_boosting__6h,RQ2,C_horizons,within_site_chronological,gradient_boosting,classical_ml,6h,LSK North,all_daylight,all,full,42,34969,6497.98,9137.92,0.166144,61.8866,0.596383,0.591739,47.6943,0.0711486,0,executed,results/experiments/<experiment_id>.json,sklearn,24,full,full,33,43705,11641,34969,2021-06-02 11:45:00,2022-08-31 17:45:00,2022-09-01 11:45:00,2022-12-31 17:45:00,2023-01-01 11:45:00,2023-12-31 17:45:00,0.166144,0.586635,1112.78,43060.5,22382.6,18087.6,0.591739,0.494797,6503.8,3448.43,0.743843,47.6943,9b6868cedd9d6f3a,79bc6cf,3.13.14,2.13.0+cpu,"Every model at 15 minutes, 1 hour, 6 hours and 24 hours ahead.",,,,,,,,,,,,,,,,,,,
C_horizons__gru__15min,RQ2,C_horizons,within_site_chronological,gru,recurrent,15min,LSK North,all_daylight,all,full,42,35015,6483.15,8879.73,0.16145,65.504,0.618618,-0.668314,136.007,0.0447359,37825,executed,results/experiments/<experiment_id>.json,torch,1,full,full,33,43751,11687,35015,2021-06-02 06:00:00,2022-08-31 23:30:00,2022-09-01 06:00:00,2022-12-31 23:30:00,2023-01-01 06:00:00,2023-12-31 23:30:00,0.16145,0.570123,-1348.92,43043.1,5322.58,6427.01,-0.668314,-0.381627,6370.73,3736.86,0.75405,136.007,9b6868cedd9d6f3a,d469139,3.13.14,2.13.0+cpu,"Every model at 15 minutes, 1 hour, 6 hours and 24 hours ahead.",,,,,,,,,,,,,,,,,,,
C_horizons__gru__1h,RQ2,C_horizons,within_site_chronological,gru,recurrent,1h,LSK North,all_daylight,all,full,42,35009,6892.61,9611.46,0.174754,68.761,0.553172,-0.0513868,875.685,0.26122,37825,executed,results/experiments/<experiment_id>.json,torch,4,full,full,33,43745,11681,35009,2021-06-02 06:45:00,2022-08-31 22:45:00,2022-09-01 06:45:00,2022-12-31 22:45:00,2023-01-01 06:45:00,2023-12-31 22:45:00,0.174754,0.617104,-1502.82,41489.9,9141.7,7952.79,-0.0513868,-0.208564,6850.93,3749.99,0.715606,875.685,9b6868cedd9d6f3a,bd34a9e,3.13.14,2.13.0+cpu,"Every model at 15 minutes, 1 hour, 6 hours and 24 hours ahead.",,,,,,,,,,,,,,,,,,,
C_horizons__gru__24h,RQ2,C_horizons,within_site_chronological,gru,recurrent,24h,LSK North,all_daylight,all,full,42,34825,8398.1,11036.2,0.200658,72.3716,0.412182,0.0291704,498.634,0.187405,37825,executed,results/experiments/<experiment_id>.json,torch,96,full,full,33,43561,11497,34825,2021-06-03 05:45:00,2022-08-30 23:45:00,2022-09-02 05:45:00,2022-12-30 23:45:00,2023-01-02 05:45:00,2023-12-30 23:45:00,0.200658,0.708763,-438.799,44375.6,11367.8,11489.2,0.0291704,0.0394284,7864.63,4559.34,0.62576,498.634,9b6868cedd9d6f3a,79bc6cf,3.13.14,2.13.0+cpu,"Every model at 15 minutes, 1 hour, 6 hours and 24 hours ahead.",,,,,,,,,,,,,,,,,,,
C_horizons__gru__6h,RQ2,C_horizons,within_site_chronological,gru,recurrent,6h,LSK North,all_daylight,all,full,42,34969,7831.28,10501.4,0.190935,71.59,0.466945,0.530821,1139.43,0.297475,37825,executed,results/experiments/<experiment_id>.json,torch,24,full,full,33,43705,11641,34969,2021-06-02 11:45:00,2022-08-31 17:45:00,2022-09-01 11:45:00,2022-12-31 17:45:00,2023-01-01 11:45:00,2023-12-31 17:45:00,0.190935,0.67417,-1094.59,37365.1,22382.6,18087.6,0.530821,0.419413,7499.33,4302.69,0.659422,1139.43,9b6868cedd9d6f3a,bd34a9e,3.13.14,2.13.0+cpu,"Every model at 15 minutes, 1 hour, 6 hours and 24 hours ahead.",,,,,,,,,,,,,,,,,,,
C_horizons__linear_regression__15min,RQ2,C_horizons,within_site_chronological,linear_regression,classical_ml,15min,LSK North,all_daylight,all,full,42,35015,3043.8,5026.47,0.0913903,40.0668,0.877796,0.0556324,1.39183,0.000941839,793,executed,results/experiments/<experiment_id>.json,sklearn,1,full,full,33,43751,11687,35015,2021-06-02 06:00:00,2022-08-31 23:30:00,2022-09-01 06:00:00,2022-12-31 23:30:00,2023-01-01 06:00:00,2023-12-31 23:30:00,0.0913903,0.322725,948.745,43019.6,5322.58,6427.01,0.0556324,0.217915,3603.28,1793.24,0.92132,1.39183,9b6868cedd9d6f3a,d469139,3.13.14,2.13.0+cpu,"Every model at 15 minutes, 1 hour, 6 hours and 24 hours ahead.",,,,,,,,,,,,,,,,,,,
C_horizons__linear_regression__1h,RQ2,C_horizons,within_site_chronological,linear_regression,classical_ml,1h,LSK North,all_daylight,all,full,42,35009,5174.37,7456.88,0.13558,57.617,0.731048,0.184301,8.49121,0.00127153,793,executed,results/experiments/<experiment_id>.json,sklearn,4,full,full,33,43745,11681,35009,2021-06-02 06:45:00,2022-08-31 22:45:00,2022-09-01 06:45:00,2022-12-31 22:45:00,2023-01-01 06:45:00,2023-12-31 22:45:00,0.13558,0.478769,2165.56,49273.2,9141.7,7952.79,0.184301,0.0623572,5545.24,3550.28,0.813679,8.49121,9b6868cedd9d6f3a,79bc6cf,3.13.14,2.13.0+cpu,"Every model at 15 minutes, 1 hour, 6 hours and 24 hours ahead.",,,,,,,,,,,,,,,,,,,
C_horizons__linear_regression__24h,RQ2,C_horizons,within_site_chronological,linear_regression,classical_ml,24h,LSK North,all_daylight,all,full,42,34825,7429.26,9792.01,0.178037,68.9616,0.537247,0.138617,8.26728,0.00137628,793,executed,results/experiments/<experiment_id>.json,sklearn,96,full,full,33,43561,11497,34825,2021-06-03 05:45:00,2022-08-30 23:45:00,2022-09-02 05:45:00,2022-12-30 23:45:00,2023-01-02 05:45:00,2023-12-30 23:45:00,0.178037,0.62886,998.946,41515.3,11367.8,11489.2,0.138617,0.147718,7330.77,4953.27,0.674843,8.26728,9b6868cedd9d6f3a,79bc6cf,3.13.14,2.13.0+cpu,"Every model at 15 minutes, 1 hour, 6 hours and 24 hours ahead.",,,,,,,,,,,,,,,,,,,
C_horizons__linear_regression__6h,RQ2,C_horizons,within_site_chronological,linear_regression,classical_ml,6h,LSK North,all_daylight,all,full,42,34969,7376.88,9602.44,0.17459,70.0403,0.554305,0.570985,8.46675,0.00104107,793,executed,results/experiments/<experiment_id>.json,sklearn,24,full,full,33,43705,11641,34969,2021-06-02 11:45:00,2022-08-31 17:45:00,2022-09-01 11:45:00,2022-12-31 17:45:00,2023-01-01 11:45:00,2023-12-31 17:45:00,0.17459,0.616456,1438.22,38758,22382.6,18087.6,0.570985,0.469115,7165.18,4923.95,0.689096,8.46675,9b6868cedd9d6f3a,79bc6cf,3.13.14,2.13.0+cpu,"Every model at 15 minutes, 1 hour, 6 hours and 24 hours ahead.",,,,,,,,,,,,,,,,,,,
C_horizons__lstm__15min,RQ2,C_horizons,within_site_chronological,lstm,recurrent,15min,LSK North,all_daylight,all,full,42,35015,6311.02,8777.03,0.159582,63.4485,0.627389,-0.649019,181.018,0.0358864,50401,executed,results/experiments/<experiment_id>.json,torch,1,full,full,33,43751,11687,35015,2021-06-02 06:00:00,2022-08-31 23:30:00,2022-09-01 06:00:00,2022-12-31 23:30:00,2023-01-01 06:00:00,2023-12-31 23:30:00,0.159582,0.563529,250.164,44900.9,5322.58,6427.01,-0.649019,-0.365648,6245.82,3362.61,0.7636,181.018,9b6868cedd9d6f3a,d469139,3.13.14,2.13.0+cpu,"Every model at 15 minutes, 1 hour, 6 hours and 24 hours ahead.",,,,,,,,,,,,,,,,,,,
C_horizons__lstm__1h,RQ2,C_horizons,within_site_chronological,lstm,recurrent,1h,LSK North,all_daylight,all,full,42,35009,6745.83,9263.78,0.168432,65.7897,0.584915,-0.0133541,1035.88,0.0880609,50401,executed,results/experiments/<experiment_id>.json,torch,4,full,full,33,43745,11681,35009,2021-06-02 06:45:00,2022-08-31 22:45:00,2022-09-01 06:45:00,2022-12-31 22:45:00,2023-01-01 06:45:00,2023-12-31 22:45:00,0.168432,0.594781,-417.378,46928.6,9141.7,7952.79,-0.0133541,-0.164846,6595.14,3595.73,0.736446,1035.88,9b6868cedd9d6f3a,79bc6cf,3.13.14,2.13.0+cpu,"Every model at 15 minutes, 1 hour, 6 hours and 24 hours ahead.",,,,,,,,,,,,,,,,,,,
C_horizons__lstm__24h,RQ2,C_horizons,within_site_chronological,lstm,recurrent,24h,LSK North,all_daylight,all,full,42,34825,8278.22,11033.4,0.200607,71.5171,0.412482,0.0294177,829.552,0.0888494,50401,executed,results/experiments/<experiment_id>.json,torch,96,full,full,33,43561,11497,34825,2021-06-03 05:45:00,2022-08-30 23:45:00,2022-09-02 05:45:00,2022-12-30 23:45:00,2023-01-02 05:45:00,2023-12-30 23:45:00,0.200607,0.708582,344.124,40595,11367.8,11489.2,0.0294177,0.0396732,7852.52,4372.45,0.626912,829.552,9b6868cedd9d6f3a,79bc6cf,3.13.14,2.13.0+cpu,"Every model at 15 minutes, 1 hour, 6 hours and 24 hours ahead.",,,,,,,,,,,,,,,,,,,
C_horizons__lstm__6h,RQ2,C_horizons,within_site_chronological,lstm,recurrent,6h,LSK North,all_daylight,all,full,42,34969,7648.46,10371.6,0.188575,72.5285,0.480044,0.536621,850.667,0.0753093,50401,executed,results/experiments/<experiment_id>.json,torch,24,full,full,33,43705,11641,34969,2021-06-02 11:45:00,2022-08-31 17:45:00,2022-09-01 11:45:00,2022-12-31 17:45:00,2023-01-01 11:45:00,2023-12-31 17:45:00,0.188575,0.665835,-1582.65,45710.8,22382.6,18087.6,0.536621,0.42659,7408.59,4219.02,0.667614,850.667,9b6868cedd9d6f3a,79bc6cf,3.13.14,2.13.0+cpu,"Every model at 15 minutes, 1 hour, 6 hours and 24 hours ahead.",,,,,,,,,,,,,,,,,,,
C_horizons__persistence__15min,RQ2,C_horizons,within_site_chronological,persistence,baseline,15min,LSK North,all_daylight,all,full,42,35015,3127.5,5322.58,0.0967741,38.0632,0.862973,0,0,0,0,executed,results/experiments/<experiment_id>.json,rule,1,full,full,33,43751,11687,35015,2021-06-02 06:00:00,2022-08-31 23:30:00,2022-09-01 06:00:00,2022-12-31 23:30:00,2023-01-01 06:00:00,2023-12-31 23:30:00,0.0967741,0.341736,0.500236,46031,5322.58,6427.01,0,0.171842,3782.04,1579.87,0.91332,0,9b6868cedd9d6f3a,d469139,3.13.14,2.13.0+cpu,"Every model at 15 minutes, 1 hour, 6 hours and 24 hours ahead.",,,,,,,,,,,,,,,,,,,
C_horizons__persistence__1h,RQ2,C_horizons,within_site_chronological,persistence,baseline,1h,LSK North,all_daylight,all,full,42,35009,6615.88,9141.7,0.166213,77.1514,0.595783,0,0,0,0,executed,results/experiments/<experiment_id>.json,rule,4,full,full,33,43745,11681,35009,2021-06-02 06:45:00,2022-08-31 22:45:00,2022-09-01 06:45:00,2022-12-31 22:45:00,2023-01-01 06:45:00,2023-12-31 22:45:00,0.166213,0.586943,-60.7616,48164,9141.7,7952.79,0,-0.149495,6501.51,3372.65,0.743875,0,9b6868cedd9d6f3a,79bc6cf,3.13.14,2.13.0+cpu,"Every model at 15 minutes, 1 hour, 6 hours and 24 hours ahead.",,,,,,,,,,,,,,,,,,,
C_horizons__persistence__24h,RQ2,C_horizons,within_site_chronological,persistence,baseline,24h,LSK North,all_daylight,all,full,42,34825,7287.05,11367.8,0.206687,64.2245,0.376327,0,0,0,0,executed,results/experiments/<experiment_id>.json,rule,96,full,full,33,43561,11497,34825,2021-06-03 05:45:00,2022-08-30 23:45:00,2022-09-02 05:45:00,2022-12-30 23:45:00,2023-01-02 05:45:00,2023-12-30 23:45:00,0.206687,0.730059,-6.64581,51427.3,11367.8,11489.2,0,0.0105663,8079.79,3681.79,0.605003,0,9b6868cedd9d6f3a,79bc6cf,3.13.14,2.13.0+cpu,"Every model at 15 minutes, 1 hour, 6 hours and 24 hours ahead.",,,,,,,,,,,,,,,,,,,
C_horizons__persistence__6h,RQ2,C_horizons,within_site_chronological,persistence,baseline,6h,LSK North,all_daylight,all,full,42,34969,17282.1,22382.6,0.406956,159.364,-1.42155,0,0,0,0,executed,results/experiments/<experiment_id>.json,rule,24,full,full,33,43705,11641,34969,2021-06-02 11:45:00,2022-08-31 17:45:00,2022-09-01 11:45:00,2022-12-31 17:45:00,2023-01-01 11:45:00,2023-12-31 17:45:00,0.406956,1.43691,-7271.34,55003,22382.6,18087.6,0,-0.237452,18836.8,12396,-1.14874,0,9b6868cedd9d6f3a,79bc6cf,3.13.14,2.13.0+cpu,"Every model at 15 minutes, 1 hour, 6 hours and 24 hours ahead.",,,,,,,,,,,,,,,,,,,
C_horizons__random_forest__15min,RQ2,C_horizons,within_site_chronological,random_forest,classical_ml,15min,LSK North,all_daylight,all,full,42,35015,3043.5,4953.62,0.0900658,32.6724,0.881312,0.0693194,188.263,0.0170783,200,executed,results/experiments/<experiment_id>.json,sklearn,1,full,full,33,43751,11687,35015,2021-06-02 06:00:00,2022-08-31 23:30:00,2022-09-01 06:00:00,2022-12-31 23:30:00,2023-01-01 06:00:00,2023-12-31 23:30:00,0.0900658,0.318047,366.722,31559.9,5322.58,6427.01,0.0693194,0.22925,3519.86,1537.59,0.924921,188.263,9b6868cedd9d6f3a,d469139,3.13.14,2.13.0+cpu,"Every model at 15 minutes, 1 hour, 6 hours and 24 hours ahead.",,,,,,,,,,,,,,,,,,,
C_horizons__random_forest__1h,RQ2,C_horizons,within_site_chronological,random_forest,classical_ml,1h,LSK North,all_daylight,all,full,42,35009,4472.94,6693.3,0.121696,46.2257,0.783308,0.267827,582.538,0.0167002,200,executed,results/experiments/<experiment_id>.json,sklearn,4,full,full,33,43745,11681,35009,2021-06-02 06:45:00,2022-08-31 22:45:00,2022-09-01 06:45:00,2022-12-31 22:45:00,2023-01-01 06:45:00,2023-12-31 22:45:00,0.121696,0.429744,815.373,36775,9141.7,7952.79,0.267827,0.158371,4756.43,2260.46,0.862917,582.538,9b6868cedd9d6f3a,79bc6cf,3.13.14,2.13.0+cpu,"Every model at 15 minutes, 1 hour, 6 hours and 24 hours ahead.",,,,,,,,,,,,,,,,,,,
C_horizons__random_forest__24h,RQ2,C_horizons,within_site_chronological,random_forest,classical_ml,24h,LSK North,all_daylight,all,full,42,34825,7020.28,9818.31,0.178515,59.6866,0.534757,0.136303,536.883,0.106573,200,executed,results/experiments/<experiment_id>.json,sklearn,96,full,full,33,43561,11497,34825,2021-06-03 05:45:00,2022-08-30 23:45:00,2022-09-02 05:45:00,2022-12-30 23:45:00,2023-01-02 05:45:00,2023-12-30 23:45:00,0.178515,0.63055,899.881,39917.8,11367.8,11489.2,0.136303,0.145429,6978.49,3547.15,0.705343,536.883,9b6868cedd9d6f3a,79bc6cf,3.13.14,2.13.0+cpu,"Every model at 15 minutes, 1 hour, 6 hours and 24 hours ahead.",,,,,,,,,,,,,,,,,,,
C_horizons__random_forest__6h,RQ2,C_horizons,within_site_chronological,random_forest,classical_ml,6h,LSK North,all_daylight,all,full,42,34969,6547.18,9285.44,0.168826,57.7658,0.583246,0.585149,564.186,0.0428135,200,executed,results/experiments/<experiment_id>.json,sklearn,24,full,full,33,43705,11641,34969,2021-06-02 11:45:00,2022-08-31 17:45:00,2022-09-01 11:45:00,2022-12-31 17:45:00,2023-01-01 11:45:00,2023-12-31 17:45:00,0.168826,0.596105,942.074,46228.7,22382.6,18087.6,0.585149,0.486641,6598.89,3309.69,0.736298,564.186,9b6868cedd9d6f3a,79bc6cf,3.13.14,2.13.0+cpu,"Every model at 15 minutes, 1 hour, 6 hours and 24 hours ahead.",,,,,,,,,,,,,,,,,,,
C_horizons__smart_persistence__15min,RQ2,C_horizons,within_site_chronological,smart_persistence,baseline,15min,LSK North,all_daylight,all,full,42,35015,2727.64,5173.85,0.09407,31.5529,0.870524,0.0279425,0,0,0,executed,results/experiments/<experiment_id>.json,rule,1,full,full,33,43751,11687,35015,2021-06-02 06:00:00,2022-08-31 23:30:00,2022-09-01 06:00:00,2022-12-31 23:30:00,2023-01-01 06:00:00,2023-12-31 23:30:00,0.09407,0.332187,115.676,46440.7,5322.58,6427.01,0.0279425,0.194983,3676.36,1377.98,0.918096,0,9b6868cedd9d6f3a,d469139,3.13.14,2.13.0+cpu,"Every model at 15 minutes, 1 hour, 6 hours and 24 hours ahead.",,,,,,,,,,,,,,,,,,,
C_horizons__smart_persistence__1h,RQ2,C_horizons,within_site_chronological,smart_persistence,baseline,1h,LSK North,all_daylight,all,full,42,35009,4569.62,7668.06,0.139419,56.9708,0.715599,0.1612,0,0,0,executed,results/experiments/<experiment_id>.json,rule,4,full,full,33,43745,11681,35009,2021-06-02 06:45:00,2022-08-31 22:45:00,2022-09-01 06:45:00,2022-12-31 22:45:00,2023-01-01 06:45:00,2023-12-31 22:45:00,0.139419,0.492328,180.406,52827.6,9141.7,7952.79,0.1612,0.0358033,5449.17,2310.08,0.820079,0,9b6868cedd9d6f3a,79bc6cf,3.13.14,2.13.0+cpu,"Every model at 15 minutes, 1 hour, 6 hours and 24 hours ahead.",,,,,,,,,,,,,,,,,,,
C_horizons__smart_persistence__24h,RQ2,C_horizons,within_site_chronological,smart_persistence,baseline,24h,LSK North,all_daylight,all,full,42,34825,7284.31,11366.2,0.206659,64.1995,0.376496,0.000135136,0,0,0,executed,results/experiments/<experiment_id>.json,rule,96,full,full,33,43561,11497,34825,2021-06-03 05:45:00,2022-08-30 23:45:00,2022-09-02 05:45:00,2022-12-30 23:45:00,2023-01-02 05:45:00,2023-12-30 23:45:00,0.206659,0.72996,-9.70147,51441.3,11367.8,11489.2,0.000135136,0.0107,8078.7,3680.4,0.605109,0,9b6868cedd9d6f3a,79bc6cf,3.13.14,2.13.0+cpu,"Every model at 15 minutes, 1 hour, 6 hours and 24 hours ahead.",,,,,,,,,,,,,,,,,,,
C_horizons__smart_persistence__6h,RQ2,C_horizons,within_site_chronological,smart_persistence,baseline,6h,LSK North,all_daylight,all,full,42,34969,12388.1,18040.9,0.328016,136.512,-0.573218,0.193977,0,0,0,executed,results/experiments/<experiment_id>.json,rule,24,full,full,33,43705,11641,34969,2021-06-02 11:45:00,2022-08-31 17:45:00,2022-09-01 11:45:00,2022-12-31 17:45:00,2023-01-01 11:45:00,2023-12-31 17:45:00,0.328016,1.15818,-8407.17,55003,22382.6,18087.6,0.193977,0.00258476,12821.1,6259.09,0.00454819,0,9b6868cedd9d6f3a,79bc6cf,3.13.14,2.13.0+cpu,"Every model at 15 minutes, 1 hour, 6 hours and 24 hours ahead.",,,,,,,,,,,,,,,,,,,
C_horizons__transformer__15min,RQ2,C_horizons,within_site_chronological,transformer,attention,15min,LSK North,all_daylight,all,full,42,35015,3544.59,5481.99,0.0996725,49.02,0.854643,-0.0299503,2766.31,0.0718225,69185,executed,results/experiments/<experiment_id>.json,torch,1,full,full,33,43751,11687,35015,2021-06-02 06:00:00,2022-08-31 23:30:00,2022-09-01 06:00:00,2022-12-31 23:30:00,2023-01-01 06:00:00,2023-12-31 23:30:00,0.0996725,0.351971,458.632,36384.1,5322.58,6427.01,-0.0299503,0.147039,4187.77,2674.07,0.893724,2766.31,9b6868cedd9d6f3a,d469139,3.13.14,2.13.0+cpu,"Every model at 15 minutes, 1 hour, 6 hours and 24 hours ahead.",,,,,,,,,,,,,,,,,,,
C_horizons__transformer__1h,RQ2,C_horizons,within_site_chronological,transformer,attention,1h,LSK North,all_daylight,all,full,42,35009,5548.56,7850.66,0.142739,60.0508,0.701892,0.141226,2592.39,0.116348,69185,executed,results/experiments/<experiment_id>.json,torch,4,full,full,33,43745,11681,35009,2021-06-02 06:45:00,2022-08-31 22:45:00,2022-09-01 06:45:00,2022-12-31 22:45:00,2023-01-01 06:45:00,2023-12-31 22:45:00,0.142739,0.504052,716.27,47959.8,9141.7,7952.79,0.141226,0.0128428,6098.89,4149.96,0.774616,2592.39,9b6868cedd9d6f3a,94ac682,3.13.14,2.13.0+cpu,"Every model at 15 minutes, 1 hour, 6 hours and 24 hours ahead.",,,,,,,,,,,,,,,,,,,
C_horizons__transformer__24h,RQ2,C_horizons,within_site_chronological,transformer,attention,24h,LSK North,all_daylight,all,full,42,34825,7318.34,10012.6,0.182048,68.768,0.516159,0.119209,3404.41,0.13232,69185,executed,results/experiments/<experiment_id>.json,torch,96,full,full,33,43561,11497,34825,2021-06-03 05:45:00,2022-08-30 23:45:00,2022-09-02 05:45:00,2022-12-30 23:45:00,2023-01-02 05:45:00,2023-12-30 23:45:00,0.182048,0.64303,-420.066,49010.9,11367.8,11489.2,0.119209,0.128515,7228.63,4346.79,0.68384,3404.41,9b6868cedd9d6f3a,94ac682,3.13.14,2.13.0+cpu,"Every model at 15 minutes, 1 hour, 6 hours and 24 hours ahead.",,,,,,,,,,,,,,,,,,,
C_horizons__transformer__6h,RQ2,C_horizons,within_site_chronological,transformer,attention,6h,LSK North,all_daylight,all,full,42,34969,7131.61,10057.7,0.182867,70.5668,0.511045,0.550647,3172.27,0.187266,69185,executed,results/experiments/<experiment_id>.json,torch,24,full,full,33,43705,11641,34969,2021-06-02 11:45:00,2022-08-31 17:45:00,2022-09-01 11:45:00,2022-12-31 17:45:00,2023-01-01 11:45:00,2023-12-31 17:45:00,0.182867,0.64568,976.308,50405.7,22382.6,18087.6,0.550647,0.443948,7436.82,4675.52,0.665076,3172.27,9b6868cedd9d6f3a,c4d8931,3.13.14,2.13.0+cpu,"Every model at 15 minutes, 1 hour, 6 hours and 24 hours ahead.",,,,,,,,,,,,,,,,,,,
C_horizons__xgboost__15min,RQ2,C_horizons,within_site_chronological,xgboost,classical_ml,15min,LSK North,all_daylight,all,full,42,35015,3131.51,5113.67,0.0929758,35.7421,0.873519,0.0392488,36.4617,0.00208195,400,executed,results/experiments/<experiment_id>.json,sklearn,1,full,full,33,43751,11687,35015,2021-06-02 06:00:00,2022-08-31 23:30:00,2022-09-01 06:00:00,2022-12-31 23:30:00,2023-01-01 06:00:00,2023-12-31 23:30:00,0.0929758,0.328323,-29.7618,32821.8,5322.58,6427.01,0.0392488,0.204346,3633.81,1593.31,0.919981,36.4617,9b6868cedd9d6f3a,d469139,3.13.14,2.13.0+cpu,"Every model at 15 minutes, 1 hour, 6 hours and 24 hours ahead.",,,,,,,,,,,,,,,,,,,
C_horizons__xgboost__1h,RQ2,C_horizons,within_site_chronological,xgboost,classical_ml,1h,LSK North,all_daylight,all,full,42,35009,4505.29,6835.32,0.124279,48.575,0.774016,0.252292,129.561,0.00403383,400,executed,results/experiments/<experiment_id>.json,sklearn,4,full,full,33,43745,11681,35009,2021-06-02 06:45:00,2022-08-31 22:45:00,2022-09-01 06:45:00,2022-12-31 22:45:00,2023-01-01 06:45:00,2023-12-31 22:45:00,0.124279,0.438862,570.828,39732.2,9141.7,7952.79,0.252292,0.140514,4859.8,2318.25,0.856893,129.561,9b6868cedd9d6f3a,79bc6cf,3.13.14,2.13.0+cpu,"Every model at 15 minutes, 1 hour, 6 hours and 24 hours ahead.",,,,,,,,,,,,,,,,,,,
C_horizons__xgboost__24h,RQ2,C_horizons,within_site_chronological,xgboost,classical_ml,24h,LSK North,all_daylight,all,full,42,34825,7028.17,9994.41,0.181717,62.8138,0.517918,0.120812,133.554,0.0035884,400,executed,results/experiments/<experiment_id>.json,sklearn,96,full,full,33,43561,11497,34825,2021-06-03 05:45:00,2022-08-30 23:45:00,2022-09-02 05:45:00,2022-12-30 23:45:00,2023-01-02 05:45:00,2023-12-30 23:45:00,0.181717,0.641859,572.75,42046,11367.8,11489.2,0.120812,0.130102,7111.72,3659.14,0.693984,133.554,9b6868cedd9d6f3a,79bc6cf,3.13.14,2.13.0+cpu,"Every model at 15 minutes, 1 hour, 6 hours and 24 hours ahead.",,,,,,,,,,,,,,,,,,,
C_horizons__xgboost__6h,RQ2,C_horizons,within_site_chronological,xgboost,classical_ml,6h,LSK North,all_daylight,all,full,42,34969,6576.54,9471.09,0.172202,60.0897,0.566414,0.576854,135.502,0.00355429,400,executed,results/experiments/<experiment_id>.json,sklearn,24,full,full,33,43705,11641,34969,2021-06-02 11:45:00,2022-08-31 17:45:00,2022-09-01 11:45:00,2022-12-31 17:45:00,2023-01-01 11:45:00,2023-12-31 17:45:00,0.172202,0.608024,975.9,44462.9,22382.6,18087.6,0.576854,0.476377,6737.47,3429.43,0.725106,135.502,9b6868cedd9d6f3a,79bc6cf,3.13.14,2.13.0+cpu,"Every model at 15 minutes, 1 hour, 6 hours and 24 hours ahead.",,,,,,,,,,,,,,,,,,,
E_feature_ablation__lstm__1h,RQ4,E_feature_ablation,within_site_chronological,lstm,recurrent,1h,LSK North,all_daylight,all,full,42,35009,6745.83,9263.78,0.168432,65.7897,0.584915,-0.0133541,821.389,0.0564582,50401,executed,results/experiments/<experiment_id>.json,torch,4,full,full,33,43745,11681,35009,2021-06-02 06:45:00,2022-08-31 22:45:00,2022-09-01 06:45:00,2022-12-31 22:45:00,2023-01-01 06:45:00,2023-12-31 22:45:00,0.168432,0.594781,-417.378,46928.6,9141.7,7952.79,-0.0133541,-0.164846,6595.14,3595.73,0.736446,821.389,9b6868cedd9d6f3a,79bc6cf,3.13.14,2.13.0+cpu,"One tree model and one recurrent model, with each input group removed in turn.",,,,,,,,,,,,,,,,,,,
E_feature_ablation__lstm__1h__minimal,RQ4,E_feature_ablation,within_site_chronological,lstm,recurrent,1h,LSK North,all_daylight,all,minimal,42,35009,6073.16,8724.45,0.158626,62.0897,0.63184,0.0456428,376.259,0.0618796,39265,executed,results/experiments/<experiment_id>.json,torch,4,minimal,minimal,4,43745,11681,35009,2021-06-02 06:45:00,2022-08-31 22:45:00,2022-09-01 06:45:00,2022-12-31 22:45:00,2023-01-01 06:45:00,2023-12-31 22:45:00,0.158626,0.560153,174.592,45011,9141.7,7952.79,0.0456428,-0.0970292,6205.23,3182.59,0.766687,376.259,9b6868cedd9d6f3a,199345f,3.13.14,2.13.0+cpu,"One tree model and one recurrent model, with each input group removed in turn.",,,,,,,,,,,,,,,,,,,
E_feature_ablation__lstm__1h__no_calendar,RQ4,E_feature_ablation,within_site_chronological,lstm,recurrent,1h,LSK North,all_daylight,all,no_calendar,42,35009,6646.45,9193.12,0.167148,67.9724,0.591222,-0.00562517,320.749,0.0586286,48865,executed,results/experiments/<experiment_id>.json,torch,4,no_calendar,no_calendar,29,43745,11681,35009,2021-06-02 06:45:00,2022-08-31 22:45:00,2022-09-01 06:45:00,2022-12-31 22:45:00,2023-01-01 06:45:00,2023-12-31 22:45:00,0.167148,0.590245,-571.95,43560.8,9141.7,7952.79,-0.00562517,-0.155962,6558.42,3635.45,0.739372,320.749,9b6868cedd9d6f3a,199345f,3.13.14,2.13.0+cpu,"One tree model and one recurrent model, with each input group removed in turn.",,,,,,,,,,,,,,,,,,,
E_feature_ablation__lstm__1h__no_pv_history,RQ4,E_feature_ablation,within_site_chronological,lstm,recurrent,1h,LSK North,all_daylight,all,no_pv_history,42,35009,6078.43,8806.82,0.160124,56.5704,0.624855,0.0366323,1076.59,0.0556286,44641,executed,results/experiments/<experiment_id>.json,torch,4,no_pv_history,no_pv_history,18,43745,11681,35009,2021-06-02 06:45:00,2022-08-31 22:45:00,2022-09-01 06:45:00,2022-12-31 22:45:00,2023-01-01 06:45:00,2023-12-31 22:45:00,0.160124,0.565442,4170.45,45289.7,9141.7,7952.79,0.0366323,-0.107387,6258.55,3080.43,0.762661,1076.59,9b6868cedd9d6f3a,bd34a9e,3.13.14,2.13.0+cpu,"One tree model and one recurrent model, with each input group removed in turn.",,,,,,,,,,,,,,,,,,,
E_feature_ablation__lstm__1h__no_solar_geometry,RQ4,E_feature_ablation,within_site_chronological,lstm,recurrent,1h,LSK North,all_daylight,all,no_solar_geometry,42,35009,6599.48,9177.92,0.166871,67.908,0.592573,-0.00396232,552.616,0.0559091,49633,executed,results/experiments/<experiment_id>.json,torch,4,no_solar_geometry,no_solar_geometry,31,43745,11681,35009,2021-06-02 06:45:00,2022-08-31 22:45:00,2022-09-01 06:45:00,2022-12-31 22:45:00,2023-01-01 06:45:00,2023-12-31 22:45:00,0.166871,0.589269,-411.624,45238.2,9141.7,7952.79,-0.00396232,-0.15405,6530.07,3480.14,0.741621,552.616,9b6868cedd9d6f3a,bd34a9e,3.13.14,2.13.0+cpu,"One tree model and one recurrent model, with each input group removed in turn.",,,,,,,,,,,,,,,,,,,
E_feature_ablation__lstm__1h__no_weather,RQ4,E_feature_ablation,within_site_chronological,lstm,recurrent,1h,LSK North,all_daylight,all,no_weather,42,35009,6861.36,9658.07,0.175601,70.1922,0.548828,-0.0564853,414.451,0.0470149,45793,executed,results/experiments/<experiment_id>.json,torch,4,no_weather,no_weather,21,43745,11681,35009,2021-06-02 06:45:00,2022-08-31 22:45:00,2022-09-01 06:45:00,2022-12-31 22:45:00,2023-01-01 06:45:00,2023-12-31 22:45:00,0.175601,0.620097,-925.344,48531.6,9141.7,7952.79,-0.0564853,-0.214425,6878.24,3673.39,0.713334,414.451,9b6868cedd9d6f3a,79bc6cf,3.13.14,2.13.0+cpu,"One tree model and one recurrent model, with each input group removed in turn.",,,,,,,,,,,,,,,,,,,
E_feature_ablation__xgboost__1h,RQ4,E_feature_ablation,within_site_chronological,xgboost,classical_ml,1h,LSK North,all_daylight,all,full,42,35009,4505.29,6835.32,0.124279,48.575,0.774016,0.252292,619.12,0.00286907,400,executed,results/experiments/<experiment_id>.json,sklearn,4,full,full,33,43745,11681,35009,2021-06-02 06:45:00,2022-08-31 22:45:00,2022-09-01 06:45:00,2022-12-31 22:45:00,2023-01-01 06:45:00,2023-12-31 22:45:00,0.124279,0.438862,570.828,39732.2,9141.7,7952.79,0.252292,0.140514,4859.8,2318.25,0.856893,619.12,9b6868cedd9d6f3a,79bc6cf,3.13.14,2.13.0+cpu,"One tree model and one recurrent model, with each input group removed in turn.",,,,,,,,,,,,,,,,,,,
E_feature_ablation__xgboost__1h__minimal,RQ4,E_feature_ablation,within_site_chronological,xgboost,classical_ml,1h,LSK North,all_daylight,all,minimal,42,35009,4319.71,6708.82,0.121979,49.1149,0.782303,0.26613,12.7139,0.00239915,400,executed,results/experiments/<experiment_id>.json,sklearn,4,minimal,minimal,4,43745,11681,35009,2021-06-02 06:45:00,2022-08-31 22:45:00,2022-09-01 06:45:00,2022-12-31 22:45:00,2023-01-01 06:45:00,2023-12-31 22:45:00,0.121979,0.43074,64.4375,41988,9141.7,7952.79,0.26613,0.15642,4771.37,2233.26,0.862054,12.7139,9b6868cedd9d6f3a,79bc6cf,3.13.14,2.13.0+cpu,"One tree model and one recurrent model, with each input group removed in turn.",,,,,,,,,,,,,,,,,,,
E_feature_ablation__xgboost__1h__no_calendar,RQ4,E_feature_ablation,within_site_chronological,xgboost,classical_ml,1h,LSK North,all_daylight,all,no_calendar,42,35009,4586.37,6854.86,0.124634,50.1712,0.772722,0.250155,52.8583,0.0027326,400,executed,results/experiments/<experiment_id>.json,sklearn,4,no_calendar,no_calendar,29,43745,11681,35009,2021-06-02 06:45:00,2022-08-31 22:45:00,2022-09-01 06:45:00,2022-12-31 22:45:00,2023-01-01 06:45:00,2023-12-31 22:45:00,0.124634,0.440117,201.503,40660.7,9141.7,7952.79,0.250155,0.138056,4875.73,2372,0.855954,52.8583,9b6868cedd9d6f3a,79bc6cf,3.13.14,2.13.0+cpu,"One tree model and one recurrent model, with each input group removed in turn.",,,,,,,,,,,,,,,,,,,
E_feature_ablation__xgboost__1h__no_pv_history,RQ4,E_feature_ablation,within_site_chronological,xgboost,classical_ml,1h,LSK North,all_daylight,all,no_pv_history,42,35009,5955.6,8437.45,0.153408,58.0919,0.655663,0.0770371,32.668,0.0025507,400,executed,results/experiments/<experiment_id>.json,sklearn,4,no_pv_history,no_pv_history,18,43745,11681,35009,2021-06-02 06:45:00,2022-08-31 22:45:00,2022-09-01 06:45:00,2022-12-31 22:45:00,2023-01-01 06:45:00,2023-12-31 22:45:00,0.153408,0.541727,2993.42,38655.5,9141.7,7952.79,0.0770371,-0.0609416,6000.59,3069.9,0.781823,32.668,9b6868cedd9d6f3a,79bc6cf,3.13.14,2.13.0+cpu,"One tree model and one recurrent model, with each input group removed in turn.",,,,,,,,,,,,,,,,,,,
E_feature_ablation__xgboost__1h__no_solar_geometry,RQ4,E_feature_ablation,within_site_chronological,xgboost,classical_ml,1h,LSK North,all_daylight,all,no_solar_geometry,42,35009,4479.38,6788.44,0.123426,49.0977,0.777104,0.25742,101.76,0.00312508,400,executed,results/experiments/<experiment_id>.json,sklearn,4,no_solar_geometry,no_solar_geometry,31,43745,11681,35009,2021-06-02 06:45:00,2022-08-31 22:45:00,2022-09-01 06:45:00,2022-12-31 22:45:00,2023-01-01 06:45:00,2023-12-31 22:45:00,0.123426,0.435852,674.747,41783.8,9141.7,7952.79,0.25742,0.146408,4828.18,2315.29,0.85875,101.76,9b6868cedd9d6f3a,79bc6cf,3.13.14,2.13.0+cpu,"One tree model and one recurrent model, with each input group removed in turn.",,,,,,,,,,,,,,,,,,,
E_feature_ablation__xgboost__1h__no_weather,RQ4,E_feature_ablation,within_site_chronological,xgboost,classical_ml,1h,LSK North,all_daylight,all,no_weather,42,35009,4076.11,6512.4,0.118407,44.4967,0.794863,0.287616,87.9964,0.00389231,400,executed,results/experiments/<experiment_id>.json,sklearn,4,no_weather,no_weather,21,43745,11681,35009,2021-06-02 06:45:00,2022-08-31 22:45:00,2022-09-01 06:45:00,2022-12-31 22:45:00,2023-01-01 06:45:00,2023-12-31 22:45:00,0.118407,0.418129,143.11,42520.1,9141.7,7952.79,0.287616,0.181118,4628.18,2076.44,0.87021,87.9964,9b6868cedd9d6f3a,79bc6cf,3.13.14,2.13.0+cpu,"One tree model and one recurrent model, with each input group removed in turn.",,,,,,,,,,,,,,,,,,,
M_multiseed__attention_lstm__1h__seed123,RQ1,M_multiseed,within_site_chronological,attention_lstm,hybrid,1h,LSK North,all_daylight,all,full,123,35009,5756.94,8491.4,0.154389,61.6889,0.651246,0.0711359,435.367,0.0427205,55201,executed,results/experiments/<experiment_id>.json,torch,4,full,full,33,43745,11681,35009,2021-06-02 06:45:00,2022-08-31 22:45:00,2022-09-01 06:45:00,2022-12-31 22:45:00,2023-01-01 06:45:00,2023-12-31 22:45:00,0.154389,0.54519,-9.24883,52157.4,9141.7,7952.79,0.0711359,-0.067725,6035.4,2950.4,0.779284,435.367,9b6868cedd9d6f3a,c4d8931,3.13.14,2.13.0+cpu,Neural models repeated over five seeds at the default horizon.,,,,,,,,,,,,,,,,,,,
M_multiseed__attention_lstm__1h__seed42,RQ1,M_multiseed,within_site_chronological,attention_lstm,hybrid,1h,LSK North,all_daylight,all,full,42,35009,6237.43,9090.15,0.165275,63.701,0.600329,0.00563943,1199.75,0.166343,55201,executed,results/experiments/<experiment_id>.json,torch,4,full,full,33,43745,11681,35009,2021-06-02 06:45:00,2022-08-31 22:45:00,2022-09-01 06:45:00,2022-12-31 22:45:00,2023-01-01 06:45:00,2023-12-31 22:45:00,0.165275,0.583633,216.565,46641.5,9141.7,7952.79,0.00563943,-0.143013,6461.34,3206.79,0.747031,1199.75,9b6868cedd9d6f3a,c4d8931,3.13.14,2.13.0+cpu,Neural models repeated over five seeds at the default horizon.,,,,,,,,,,,,,,,,,,,
M_multiseed__attention_lstm__1h__seed456,RQ1,M_multiseed,within_site_chronological,attention_lstm,hybrid,1h,LSK North,all_daylight,all,full,456,35009,5991.44,8765.22,0.159368,60.6179,0.628391,0.0411833,261.196,0.0375128,55201,executed,results/experiments/<experiment_id>.json,torch,4,full,full,33,43745,11681,35009,2021-06-02 06:45:00,2022-08-31 22:45:00,2022-09-01 06:45:00,2022-12-31 22:45:00,2023-01-01 06:45:00,2023-12-31 22:45:00,0.159368,0.562771,458.669,44135.7,9141.7,7952.79,0.0411833,-0.102155,6231.9,3104.05,0.764678,261.196,9b6868cedd9d6f3a,c4d8931,3.13.14,2.13.0+cpu,Neural models repeated over five seeds at the default horizon.,,,,,,,,,,,,,,,,,,,
M_multiseed__attention_lstm__1h__seed789,RQ1,M_multiseed,within_site_chronological,attention_lstm,hybrid,1h,LSK North,all_daylight,all,full,789,35009,6141.79,8906.91,0.161944,62.4288,0.61628,0.025684,343.387,0.0371379,55201,executed,results/experiments/<experiment_id>.json,torch,4,full,full,33,43745,11681,35009,2021-06-02 06:45:00,2022-08-31 22:45:00,2022-09-01 06:45:00,2022-12-31 22:45:00,2023-01-01 06:45:00,2023-12-31 22:45:00,0.161944,0.571868,689.108,45407,9141.7,7952.79,0.025684,-0.119972,6330.06,3129.47,0.757206,343.387,9b6868cedd9d6f3a,c4d8931,3.13.14,2.13.0+cpu,Neural models repeated over five seeds at the default horizon.,,,,,,,,,,,,,,,,,,,
M_multiseed__cnn_lstm__1h__seed123,RQ1,M_multiseed,within_site_chronological,cnn_lstm,hybrid,1h,LSK North,all_daylight,all,full,123,35009,4175.82,6678.46,0.121427,48.1765,0.784268,0.269451,213.779,0.034847,64225,executed,results/experiments/<experiment_id>.json,torch,4,full,full,33,43745,11681,35009,2021-06-02 06:45:00,2022-08-31 22:45:00,2022-09-01 06:45:00,2022-12-31 22:45:00,2023-01-01 06:45:00,2023-12-31 22:45:00,0.121427,0.428791,-21.3854,42676.5,9141.7,7952.79,0.269451,0.160237,4746.57,2129.59,0.863485,213.779,9b6868cedd9d6f3a,c4d8931,3.13.14,2.13.0+cpu,Neural models repeated over five seeds at the default horizon.,,,,,,,,,,,,,,,,,,,
M_multiseed__cnn_lstm__1h__seed456,RQ1,M_multiseed,within_site_chronological,cnn_lstm,hybrid,1h,LSK North,all_daylight,all,full,456,35009,4105.93,6679.36,0.121443,48.8703,0.784211,0.269353,239.095,0.0290889,64225,executed,results/experiments/<experiment_id>.json,torch,4,full,full,33,43745,11681,35009,2021-06-02 06:45:00,2022-08-31 22:45:00,2022-09-01 06:45:00,2022-12-31 22:45:00,2023-01-01 06:45:00,2023-12-31 22:45:00,0.121443,0.428848,-213.696,43123.2,9141.7,7952.79,0.269353,0.160125,4747.26,2095.53,0.863445,239.095,9b6868cedd9d6f3a,c4d8931,3.13.14,2.13.0+cpu,Neural models repeated over five seeds at the default horizon.,,,,,,,,,,,,,,,,,,,
M_multiseed__cnn_lstm__1h__seed789,RQ1,M_multiseed,within_site_chronological,cnn_lstm,hybrid,1h,LSK North,all_daylight,all,full,789,35009,4133.82,6775.49,0.123191,47.7598,0.777954,0.258837,200.059,0.0289939,64225,executed,results/experiments/<experiment_id>.json,torch,4,full,full,33,43745,11681,35009,2021-06-02 06:45:00,2022-08-31 22:45:00,2022-09-01 06:45:00,2022-12-31 22:45:00,2023-01-01 06:45:00,2023-12-31 22:45:00,0.123191,0.435021,388.57,45845.6,9141.7,7952.79,0.258837,0.148036,4816.19,2114.83,0.85945,200.059,9b6868cedd9d6f3a,c4d8931,3.13.14,2.13.0+cpu,Neural models repeated over five seeds at the default horizon.,,,,,,,,,,,,,,,,,,,
M_multiseed__gru__1h__seed42,RQ1,M_multiseed,within_site_chronological,gru,recurrent,1h,LSK North,all_daylight,all,full,42,35009,6892.61,9611.46,0.174754,68.761,0.553172,-0.0513868,2115.77,1.3854,37825,executed,results/experiments/<experiment_id>.json,torch,4,full,full,33,43745,11681,35009,2021-06-02 06:45:00,2022-08-31 22:45:00,2022-09-01 06:45:00,2022-12-31 22:45:00,2023-01-01 06:45:00,2023-12-31 22:45:00,0.174754,0.617104,-1502.82,41489.9,9141.7,7952.79,-0.0513868,-0.208564,6850.93,3749.99,0.715606,2115.77,9b6868cedd9d6f3a,c4d8931,3.13.14,2.13.0+cpu,Neural models repeated over five seeds at the default horizon.,,,,,,,,,,,,,,,,,,,
N_feature_regimes__attention_lstm__1h,,N_feature_regimes,within_site_chronological,attention_lstm,hybrid,1h,LSK North,all_daylight,all,full,42,35009,6237.43,9090.15,0.165275,63.701,0.600329,0.00563943,200.097,0.0379543,55201,executed,results/experiments/<experiment_id>.json,torch,4,full,full,33,43745,11681,35009,2021-06-02 06:45:00,2022-08-31 22:45:00,2022-09-01 06:45:00,2022-12-31 22:45:00,2023-01-01 06:45:00,2023-12-31 22:45:00,0.165275,0.583633,216.565,46641.5,9141.7,7952.79,0.00563943,-0.143013,6461.34,3206.79,0.747031,200.097,9b6868cedd9d6f3a,c4d8931,3.13.14,2.13.0+cpu,"Additive input regimes: PV only, weather only, both, both plus geometry, full.",,,,,,,,,,,,,,,,,,,
N_feature_regimes__attention_lstm__1h__pv_only,,N_feature_regimes,within_site_chronological,attention_lstm,hybrid,1h,LSK North,all_daylight,all,pv_only,42,35009,6858.07,9621.23,0.174932,66.5835,0.552263,-0.0524556,129.657,0.0415467,48289,executed,results/experiments/<experiment_id>.json,torch,4,pv_only,pv_only,15,43745,11681,35009,2021-06-02 06:45:00,2022-08-31 22:45:00,2022-09-01 06:45:00,2022-12-31 22:45:00,2023-01-01 06:45:00,2023-12-31 22:45:00,0.174932,0.617732,1209.51,41321,9141.7,7952.79,-0.0524556,-0.209793,6841.86,3565.98,0.716358,129.657,9b6868cedd9d6f3a,c4d8931,3.13.14,2.13.0+cpu,"Additive input regimes: PV only, weather only, both, both plus geometry, full.",,,,,,,,,,,,,,,,,,,
N_feature_regimes__attention_lstm__1h__pv_weather,,N_feature_regimes,within_site_chronological,attention_lstm,hybrid,1h,LSK North,all_daylight,all,pv_weather,42,35009,6003.22,8709.93,0.158362,65.0451,0.633064,0.0472305,266.94,0.036803,52897,executed,results/experiments/<experiment_id>.json,torch,4,pv_weather,pv_weather,27,43745,11681,35009,2021-06-02 06:45:00,2022-08-31 22:45:00,2022-09-01 06:45:00,2022-12-31 22:45:00,2023-01-01 06:45:00,2023-12-31 22:45:00,0.158362,0.559222,-403.756,43890,9141.7,7952.79,0.0472305,-0.0952042,6191.37,3093.15,0.767729,266.94,9b6868cedd9d6f3a,c4d8931,3.13.14,2.13.0+cpu,"Additive input regimes: PV only, weather only, both, both plus geometry, full.",,,,,,,,,,,,,,,,,,,
N_feature_regimes__attention_lstm__1h__pv_weather_solar,,N_feature_regimes,within_site_chronological,attention_lstm,hybrid,1h,LSK North,all_daylight,all,pv_weather_solar,42,35009,6010.51,8824.57,0.160447,64.7142,0.623341,0.0346906,240.513,0.0374559,53665,executed,results/experiments/<experiment_id>.json,torch,4,pv_weather_solar,pv_weather_solar,29,43745,11681,35009,2021-06-02 06:45:00,2022-08-31 22:45:00,2022-09-01 06:45:00,2022-12-31 22:45:00,2023-01-01 06:45:00,2023-12-31 22:45:00,0.160447,0.566582,-1269.1,47153.9,9141.7,7952.79,0.0346906,-0.109619,6272.98,3116.42,0.761565,240.513,9b6868cedd9d6f3a,c4d8931,3.13.14,2.13.0+cpu,"Additive input regimes: PV only, weather only, both, both plus geometry, full.",,,,,,,,,,,,,,,,,,,
N_feature_regimes__attention_lstm__1h__weather_only,,N_feature_regimes,within_site_chronological,attention_lstm,hybrid,1h,LSK North,all_daylight,all,weather_only,42,35009,6532.33,9294.61,0.168993,63.5618,0.582147,-0.0167264,291.619,0.0358972,47137,executed,results/experiments/<experiment_id>.json,torch,4,weather_only,weather_only,12,43745,11681,35009,2021-06-02 06:45:00,2022-08-31 22:45:00,2022-09-01 06:45:00,2022-12-31 22:45:00,2023-01-01 06:45:00,2023-12-31 22:45:00,0.168993,0.596761,3964.99,51908.3,9141.7,7952.79,-0.0167264,-0.168722,6607.3,3347.25,0.735473,291.619,9b6868cedd9d6f3a,c4d8931,3.13.14,2.13.0+cpu,"Additive input regimes: PV only, weather only, both, both plus geometry, full.",,,,,,,,,,,,,,,,,,,
N_feature_regimes__cnn_lstm__1h,,N_feature_regimes,within_site_chronological,cnn_lstm,hybrid,1h,LSK North,all_daylight,all,full,42,35009,4165.31,6819.39,0.123989,47.9131,0.775068,0.254035,292.455,0.0296633,64225,executed,results/experiments/<experiment_id>.json,torch,4,full,full,33,43745,11681,35009,2021-06-02 06:45:00,2022-08-31 22:45:00,2022-09-01 06:45:00,2022-12-31 22:45:00,2023-01-01 06:45:00,2023-12-31 22:45:00,0.123989,0.437839,397.749,47042.2,9141.7,7952.79,0.254035,0.142517,4846.68,2123.39,0.857665,292.455,9b6868cedd9d6f3a,c4d8931,3.13.14,2.13.0+cpu,"Additive input regimes: PV only, weather only, both, both plus geometry, full.",,,,,,,,,,,,,,,,,,,
N_feature_regimes__cnn_lstm__1h__pv_only,,N_feature_regimes,within_site_chronological,cnn_lstm,hybrid,1h,LSK North,all_daylight,all,pv_only,42,35009,4142.75,6724.06,0.122256,50.8678,0.781313,0.264463,231.925,0.0329325,59905,executed,results/experiments/<experiment_id>.json,torch,4,pv_only,pv_only,15,43745,11681,35009,2021-06-02 06:45:00,2022-08-31 22:45:00,2022-09-01 06:45:00,2022-12-31 22:45:00,2023-01-01 06:45:00,2023-12-31 22:45:00,0.122256,0.431718,-382.226,44465.9,9141.7,7952.79,0.264463,0.154504,4779.02,2111.84,0.861612,231.925,9b6868cedd9d6f3a,c4d8931,3.13.14,2.13.0+cpu,"Additive input regimes: PV only, weather only, both, both plus geometry, full.",,,,,,,,,,,,,,,,,,,
N_feature_regimes__cnn_lstm__1h__pv_weather,,N_feature_regimes,within_site_chronological,cnn_lstm,hybrid,1h,LSK North,all_daylight,all,pv_weather,42,35009,4234.71,6837.66,0.124321,50.8182,0.773861,0.252036,319.348,0.0299082,62785,executed,results/experiments/<experiment_id>.json,torch,4,pv_weather,pv_weather,27,43745,11681,35009,2021-06-02 06:45:00,2022-08-31 22:45:00,2022-09-01 06:45:00,2022-12-31 22:45:00,2023-01-01 06:45:00,2023-12-31 22:45:00,0.124321,0.439012,236.188,45099.1,9141.7,7952.79,0.252036,0.140219,4859.67,2159.71,0.856902,319.348,9b6868cedd9d6f3a,c4d8931,3.13.14,2.13.0+cpu,"Additive input regimes: PV only, weather only, both, both plus geometry, full.",,,,,,,,,,,,,,,,,,,
N_feature_regimes__cnn_lstm__1h__pv_weather_solar,,N_feature_regimes,within_site_chronological,cnn_lstm,hybrid,1h,LSK North,all_daylight,all,pv_weather_solar,42,35009,4155.77,6815.04,0.12391,47.8954,0.775354,0.254511,262.815,0.0290882,63265,executed,results/experiments/<experiment_id>.json,torch,4,pv_weather_solar,pv_weather_solar,29,43745,11681,35009,2021-06-02 06:45:00,2022-08-31 22:45:00,2022-09-01 06:45:00,2022-12-31 22:45:00,2023-01-01 06:45:00,2023-12-31 22:45:00,0.12391,0.43756,326.114,46396.7,9141.7,7952.79,0.254511,0.143064,4844.31,2123.65,0.857805,262.815,9b6868cedd9d6f3a,c4d8931,3.13.14,2.13.0+cpu,"Additive input regimes: PV only, weather only, both, both plus geometry, full.",,,,,,,,,,,,,,,,,,,
N_feature_regimes__cnn_lstm__1h__weather_only,,N_feature_regimes,within_site_chronological,cnn_lstm,hybrid,1h,LSK North,all_daylight,all,weather_only,42,35009,6784.7,9636.88,0.175216,64.5953,0.550806,-0.0541668,158.875,0.0271026,59185,executed,results/experiments/<experiment_id>.json,torch,4,weather_only,weather_only,12,43745,11681,35009,2021-06-02 06:45:00,2022-08-31 22:45:00,2022-09-01 06:45:00,2022-12-31 22:45:00,2023-01-01 06:45:00,2023-12-31 22:45:00,0.175216,0.618736,4214.56,47921.1,9141.7,7952.79,-0.0541668,-0.21176,6848.99,3456.68,0.715766,158.875,9b6868cedd9d6f3a,c4d8931,3.13.14,2.13.0+cpu,"Additive input regimes: PV only, weather only, both, both plus geometry, full.",,,,,,,,,,,,,,,,,,,
N_feature_regimes__gradient_boosting__1h,,N_feature_regimes,within_site_chronological,gradient_boosting,classical_ml,1h,LSK North,all_daylight,all,full,42,35009,4373.86,6664.26,0.121168,49.7801,0.785185,0.271004,47.5302,0.0698651,0,executed,results/experiments/<experiment_id>.json,sklearn,4,full,full,33,43745,11681,35009,2021-06-02 06:45:00,2022-08-31 22:45:00,2022-09-01 06:45:00,2022-12-31 22:45:00,2023-01-01 06:45:00,2023-12-31 22:45:00,0.121168,0.427879,871.728,40604.3,9141.7,7952.79,0.271004,0.162023,4737.83,2275.47,0.863987,47.5302,9b6868cedd9d6f3a,199345f,3.13.14,2.13.0+cpu,"Additive input regimes: PV only, weather only, both, both plus geometry, full.",,,,,,,,,,,,,,,,,,,
N_feature_regimes__gradient_boosting__1h__pv_only,,N_feature_regimes,within_site_chronological,gradient_boosting,classical_ml,1h,LSK North,all_daylight,all,pv_only,42,35009,4259.62,6560.07,0.119274,49.0688,0.791849,0.282402,36.4522,0.0516848,0,executed,results/experiments/<experiment_id>.json,sklearn,4,pv_only,pv_only,15,43745,11681,35009,2021-06-02 06:45:00,2022-08-31 22:45:00,2022-09-01 06:45:00,2022-12-31 22:45:00,2023-01-01 06:45:00,2023-12-31 22:45:00,0.119274,0.421189,62.8959,41103.2,9141.7,7952.79,0.282402,0.175124,4669.12,2245.8,0.867903,36.4522,9b6868cedd9d6f3a,199345f,3.13.14,2.13.0+cpu,"Additive input regimes: PV only, weather only, both, both plus geometry, full.",,,,,,,,,,,,,,,,,,,
N_feature_regimes__gradient_boosting__1h__pv_weather,,N_feature_regimes,within_site_chronological,gradient_boosting,classical_ml,1h,LSK North,all_daylight,all,pv_weather,42,35009,4490.74,6737.9,0.122507,51.2645,0.780411,0.262949,45.2416,0.064236,0,executed,results/experiments/<experiment_id>.json,sklearn,4,pv_weather,pv_weather,27,43745,11681,35009,2021-06-02 06:45:00,2022-08-31 22:45:00,2022-09-01 06:45:00,2022-12-31 22:45:00,2023-01-01 06:45:00,2023-12-31 22:45:00,0.122507,0.432607,971.535,39023.1,9141.7,7952.79,0.262949,0.152763,4795.23,2373.9,0.860671,45.2416,9b6868cedd9d6f3a,199345f,3.13.14,2.13.0+cpu,"Additive input regimes: PV only, weather only, both, both plus geometry, full.",,,,,,,,,,,,,,,,,,,
N_feature_regimes__gradient_boosting__1h__pv_weather_solar,,N_feature_regimes,within_site_chronological,gradient_boosting,classical_ml,1h,LSK North,all_daylight,all,pv_weather_solar,42,35009,4420.23,6714.57,0.122083,50.572,0.781929,0.265501,46.3311,0.0659306,0,executed,results/experiments/<experiment_id>.json,sklearn,4,pv_weather_solar,pv_weather_solar,29,43745,11681,35009,2021-06-02 06:45:00,2022-08-31 22:45:00,2022-09-01 06:45:00,2022-12-31 22:45:00,2023-01-01 06:45:00,2023-12-31 22:45:00,0.122083,0.431109,890.304,39191.3,9141.7,7952.79,0.265501,0.155696,4773.88,2294.12,0.861909,46.3311,9b6868cedd9d6f3a,199345f,3.13.14,2.13.0+cpu,"Additive input regimes: PV only, weather only, both, both plus geometry, full.",,,,,,,,,,,,,,,,,,,
N_feature_regimes__gradient_boosting__1h__weather_only,,N_feature_regimes,within_site_chronological,gradient_boosting,classical_ml,1h,LSK North,all_daylight,all,weather_only,42,35009,7419.29,10004.8,0.181905,66.3022,0.515854,-0.0944115,26.4826,0.0446441,0,executed,results/experiments/<experiment_id>.json,sklearn,4,weather_only,weather_only,12,43745,11681,35009,2021-06-02 06:45:00,2022-08-31 22:45:00,2022-09-01 06:45:00,2022-12-31 22:45:00,2023-01-01 06:45:00,2023-12-31 22:45:00,0.181905,0.642357,5217.01,43802.3,9141.7,7952.79,-0.0944115,-0.258021,7126.14,3905.65,0.692298,26.4826,9b6868cedd9d6f3a,199345f,3.13.14,2.13.0+cpu,"Additive input regimes: PV only, weather only, both, both plus geometry, full.",,,,,,,,,,,,,,,,,,,
N_feature_regimes__lstm__1h,,N_feature_regimes,within_site_chronological,lstm,recurrent,1h,LSK North,all_daylight,all,full,42,35009,6745.83,9263.78,0.168432,65.7897,0.584915,-0.0133541,346.519,0.0416095,50401,executed,results/experiments/<experiment_id>.json,torch,4,full,full,33,43745,11681,35009,2021-06-02 06:45:00,2022-08-31 22:45:00,2022-09-01 06:45:00,2022-12-31 22:45:00,2023-01-01 06:45:00,2023-12-31 22:45:00,0.168432,0.594781,-417.378,46928.6,9141.7,7952.79,-0.0133541,-0.164846,6595.14,3595.73,0.736446,346.519,9b6868cedd9d6f3a,c4d8931,3.13.14,2.13.0+cpu,"Additive input regimes: PV only, weather only, both, both plus geometry, full.",,,,,,,,,,,,,,,,,,,
N_feature_regimes__lstm__1h__pv_only,,N_feature_regimes,within_site_chronological,lstm,recurrent,1h,LSK North,all_daylight,all,pv_only,42,35009,7131.4,9670.52,0.175828,68.1265,0.547665,-0.0578466,1084.73,0.0839713,43489,executed,results/experiments/<experiment_id>.json,torch,4,pv_only,pv_only,15,43745,11681,35009,2021-06-02 06:45:00,2022-08-31 22:45:00,2022-09-01 06:45:00,2022-12-31 22:45:00,2023-01-01 06:45:00,2023-12-31 22:45:00,0.175828,0.620896,84.6373,38565.4,9141.7,7952.79,-0.0578466,-0.21599,6881.37,3783.87,0.713073,1084.73,9b6868cedd9d6f3a,94ac682,3.13.14,2.13.0+cpu,"Additive input regimes: PV only, weather only, both, both plus geometry, full.",,,,,,,,,,,,,,,,,,,
N_feature_regimes__lstm__1h__pv_weather,,N_feature_regimes,within_site_chronological,lstm,recurrent,1h,LSK North,all_daylight,all,pv_weather,42,35009,6503.28,9065.37,0.164825,65.6998,0.602505,0.00834985,1445,0.223379,48097,executed,results/experiments/<experiment_id>.json,torch,4,pv_weather,pv_weather,27,43745,11681,35009,2021-06-02 06:45:00,2022-08-31 22:45:00,2022-09-01 06:45:00,2022-12-31 22:45:00,2023-01-01 06:45:00,2023-12-31 22:45:00,0.164825,0.582042,-1033.49,47033.3,9141.7,7952.79,0.00834985,-0.139897,6458.01,3468.18,0.747291,1445,9b6868cedd9d6f3a,c4d8931,3.13.14,2.13.0+cpu,"Additive input regimes: PV only, weather only, both, both plus geometry, full.",,,,,,,,,,,,,,,,,,,
N_feature_regimes__lstm__1h__pv_weather_solar,,N_feature_regimes,within_site_chronological,lstm,recurrent,1h,LSK North,all_daylight,all,pv_weather_solar,42,35009,6646.45,9193.12,0.167148,67.9724,0.591222,-0.00562517,728.38,0.0339322,48865,executed,results/experiments/<experiment_id>.json,torch,4,pv_weather_solar,pv_weather_solar,29,43745,11681,35009,2021-06-02 06:45:00,2022-08-31 22:45:00,2022-09-01 06:45:00,2022-12-31 22:45:00,2023-01-01 06:45:00,2023-12-31 22:45:00,0.167148,0.590245,-571.95,43560.8,9141.7,7952.79,-0.00562517,-0.155962,6558.42,3635.45,0.739372,728.38,9b6868cedd9d6f3a,c4d8931,3.13.14,2.13.0+cpu,"Additive input regimes: PV only, weather only, both, both plus geometry, full.",,,,,,,,,,,,,,,,,,,
N_feature_regimes__lstm__1h__weather_only,,N_feature_regimes,within_site_chronological,lstm,recurrent,1h,LSK North,all_daylight,all,weather_only,42,35009,7329.45,10107.7,0.183777,69.3137,0.505837,-0.105675,930.252,0.113334,42337,executed,results/experiments/<experiment_id>.json,torch,4,weather_only,weather_only,12,43745,11681,35009,2021-06-02 06:45:00,2022-08-31 22:45:00,2022-09-01 06:45:00,2022-12-31 22:45:00,2023-01-01 06:45:00,2023-12-31 22:45:00,0.183777,0.648968,5316.88,51520.9,9141.7,7952.79,-0.105675,-0.270968,7184.2,3730.89,0.687263,930.252,9b6868cedd9d6f3a,94ac682,3.13.14,2.13.0+cpu,"Additive input regimes: PV only, weather only, both, both plus geometry, full.",,,,,,,,,,,,,,,,,,,
N_feature_regimes__xgboost__1h,,N_feature_regimes,within_site_chronological,xgboost,classical_ml,1h,LSK North,all_daylight,all,full,42,35009,4505.29,6835.32,0.124279,48.575,0.774016,0.252292,59.4821,0.00310459,400,executed,results/experiments/<experiment_id>.json,sklearn,4,full,full,33,43745,11681,35009,2021-06-02 06:45:00,2022-08-31 22:45:00,2022-09-01 06:45:00,2022-12-31 22:45:00,2023-01-01 06:45:00,2023-12-31 22:45:00,0.124279,0.438862,570.828,39732.2,9141.7,7952.79,0.252292,0.140514,4859.8,2318.25,0.856893,59.4821,9b6868cedd9d6f3a,199345f,3.13.14,2.13.0+cpu,"Additive input regimes: PV only, weather only, both, both plus geometry, full.",,,,,,,,,,,,,,,,,,,
N_feature_regimes__xgboost__1h__pv_only,,N_feature_regimes,within_site_chronological,xgboost,classical_ml,1h,LSK North,all_daylight,all,pv_only,42,35009,4191.71,6598.11,0.119966,47.5945,0.789428,0.278241,42.3785,0.00306921,400,executed,results/experiments/<experiment_id>.json,sklearn,4,pv_only,pv_only,15,43745,11681,35009,2021-06-02 06:45:00,2022-08-31 22:45:00,2022-09-01 06:45:00,2022-12-31 22:45:00,2023-01-01 06:45:00,2023-12-31 22:45:00,0.119966,0.423632,-23.6925,43323.3,9141.7,7952.79,0.278241,0.170341,4692,2169.36,0.866605,42.3785,9b6868cedd9d6f3a,199345f,3.13.14,2.13.0+cpu,"Additive input regimes: PV only, weather only, both, both plus geometry, full.",,,,,,,,,,,,,,,,,,,
N_feature_regimes__xgboost__1h__pv_weather,,N_feature_regimes,within_site_chronological,xgboost,classical_ml,1h,LSK North,all_daylight,all,pv_weather,42,35009,4516.23,6800.8,0.123651,50.1025,0.776293,0.256069,57.5055,0.00279796,400,executed,results/experiments/<experiment_id>.json,sklearn,4,pv_weather,pv_weather,27,43745,11681,35009,2021-06-02 06:45:00,2022-08-31 22:45:00,2022-09-01 06:45:00,2022-12-31 22:45:00,2023-01-01 06:45:00,2023-12-31 22:45:00,0.123651,0.436645,509.359,39743.1,9141.7,7952.79,0.256069,0.144855,4838.4,2352.29,0.858151,57.5055,9b6868cedd9d6f3a,199345f,3.13.14,2.13.0+cpu,"Additive input regimes: PV only, weather only, both, both plus geometry, full.",,,,,,,,,,,,,,,,,,,
N_feature_regimes__xgboost__1h__pv_weather_solar,,N_feature_regimes,within_site_chronological,xgboost,classical_ml,1h,LSK North,all_daylight,all,pv_weather_solar,42,35009,4586.37,6854.86,0.124634,50.1712,0.772722,0.250155,60.2979,0.00302557,400,executed,results/experiments/<experiment_id>.json,sklearn,4,pv_weather_solar,pv_weather_solar,29,43745,11681,35009,2021-06-02 06:45:00,2022-08-31 22:45:00,2022-09-01 06:45:00,2022-12-31 22:45:00,2023-01-01 06:45:00,2023-12-31 22:45:00,0.124634,0.440117,201.503,40660.7,9141.7,7952.79,0.250155,0.138056,4875.73,2372,0.855954,60.2979,9b6868cedd9d6f3a,199345f,3.13.14,2.13.0+cpu,"Additive input regimes: PV only, weather only, both, both plus geometry, full.",,,,,,,,,,,,,,,,,,,
N_feature_regimes__xgboost__1h__weather_only,,N_feature_regimes,within_site_chronological,xgboost,classical_ml,1h,LSK North,all_daylight,all,weather_only,42,35009,7307.61,9753.17,0.17733,66.1851,0.5399,-0.0668876,31.7216,0.00243414,400,executed,results/experiments/<experiment_id>.json,sklearn,4,weather_only,weather_only,12,43745,11681,35009,2021-06-02 06:45:00,2022-08-31 22:45:00,2022-09-01 06:45:00,2022-12-31 22:45:00,2023-01-01 06:45:00,2023-12-31 22:45:00,0.17733,0.626202,4690.65,43629,9141.7,7952.79,-0.0668876,-0.226382,6960.67,3834.03,0.706422,31.7216,9b6868cedd9d6f3a,199345f,3.13.14,2.13.0+cpu,"Additive input regimes: PV only, weather only, both, both plus geometry, full.",,,,,,,,,,,,,,,,,,,
S_persistence_regime_Clear_1h,RQ3,D_regimes/G_seasonal,within_site_chronological,persistence,,1h,LSK North,Clear,all,full,42,5824,8230.03,10183.2,0.185148,51.7525,0.498443,0,,,,executed,results/tables/error_analysis.csv,,,,,,,,,,,,,,,0.185148,,1232.36,,10183.2,,0,,,,,,,,,,,regime,Clear,daylight,5824,False,,,,,,,,,,,,,,
S_persistence_regime_Partly_cloudy_1h,RQ3,D_regimes/G_seasonal,within_site_chronological,persistence,,1h,LSK North,Partly cloudy,all,full,42,2411,7828.42,10347.1,0.188129,70.9828,0.0445505,0,,,,executed,results/tables/error_analysis.csv,,,,,,,,,,,,,,,0.188129,,1338.97,,10347.1,,0,,,,,,,,,,,regime,Partly cloudy,daylight,2411,False,,,,,,,,,,,,,,
S_persistence_regime_Cloudy_1h,RQ3,D_regimes/G_seasonal,within_site_chronological,persistence,,1h,LSK North,Cloudy,all,full,42,6012,3436.1,5698.26,0.103605,97.8807,0.0901833,0,,,,executed,results/tables/error_analysis.csv,,,,,,,,,,,,,,,0.103605,,432.081,,5698.26,,0,,,,,,,,,,,regime,Cloudy,daylight,6012,False,,,,,,,,,,,,,,
S_persistence_regime_High-variability_1h,RQ3,D_regimes/G_seasonal,within_site_chronological,persistence,,1h,LSK North,High-variability,all,full,42,3432,8595.06,11064.8,0.201178,88.2733,0.360872,0,,,,executed,results/tables/error_analysis.csv,,,,,,,,,,,,,,,0.201178,,-4101.8,,11064.8,,0,,,,,,,,,,,regime,High-variability,daylight,3432,False,,,,,,,,,,,,,,
S_persistence_regime_Night_1h,RQ3,D_regimes/G_seasonal,within_site_chronological,persistence,,1h,LSK North,Night,all,full,42,0,,,,,,,,,,executed,results/tables/error_analysis.csv,,,,,,,,,,,,,,,,,,,,,,,,,,,,,,,,regime,Night,daylight,0,True,,,,,,,,,,,,,,
S_persistence_season_Winter_1h,RQ3,D_regimes/G_seasonal,within_site_chronological,persistence,,1h,LSK North,all_daylight,Winter,full,42,3950,5755.68,7397.05,0.134492,74.8946,0.657256,0,,,,executed,results/tables/error_analysis.csv,,,,,,,,,,,,,,,0.134492,,-81.7302,,7397.05,,0,,,,,,,,,,,season,Winter,daylight,3950,False,,,,,,,,,,,,,,
S_persistence_season_Spring_1h,RQ3,D_regimes/G_seasonal,within_site_chronological,persistence,,1h,LSK North,all_daylight,Spring,full,42,4634,5543.16,7957.21,0.144677,77.9895,0.673327,0,,,,executed,results/tables/error_analysis.csv,,,,,,,,,,,,,,,0.144677,,-44.886,,7957.21,,0,,,,,,,,,,,season,Spring,daylight,4634,False,,,,,,,,,,,,,,
S_persistence_season_Summer_1h,RQ3,D_regimes/G_seasonal,within_site_chronological,persistence,,1h,LSK North,all_daylight,Summer,full,42,4859,8640.6,11701.6,0.212756,79.1223,0.436426,0,,,,executed,results/tables/error_analysis.csv,,,,,,,,,,,,,,,0.212756,,-47.3678,,11701.6,,0,,,,,,,,,,,season,Summer,daylight,4859,False,,,,,,,,,,,,,,
S_persistence_season_Autumn_1h,RQ3,D_regimes/G_seasonal,within_site_chronological,persistence,,1h,LSK North,all_daylight,Autumn,full,42,4236,6269.01,8451.57,0.153665,76.0779,0.656674,0,,,,executed,results/tables/error_analysis.csv,,,,,,,,,,,,,,,0.153665,,-73.9397,,8451.57,,0,,,,,,,,,,,season,Autumn,daylight,4236,False,,,,,,,,,,,,,,
S_persistence_time_of_day_Afternoon_(14-16)_1h,RQ3,D_regimes/G_seasonal,within_site_chronological,persistence,,1h,LSK North,all_daylight,all,full,42,2920,7618.74,10066.7,0.18303,41.4477,0.310703,0,,,,executed,results/tables/error_analysis.csv,,,,,,,,,,,,,,,0.18303,,4915.66,,10066.7,,0,,,,,,,,,,,time_of_day,Afternoon (14-16),daylight,2920,False,,,,,,,,,,,,,,
S_persistence_time_of_day_Early_morning_(05-08)_1h,RQ3,D_regimes/G_seasonal,within_site_chronological,persistence,,1h,LSK North,all_daylight,all,full,42,2253,3142.91,4718.29,0.0857871,166.943,-0.0986967,0,,,,executed,results/tables/error_analysis.csv,,,,,,,,,,,,,,,0.0857871,,-3140.42,,4718.29,,0,,,,,,,,,,,time_of_day,Early morning (05-08),daylight,2253,False,,,,,,,,,,,,,,
S_persistence_time_of_day_Evening_ramp_(16-18)_1h,RQ3,D_regimes/G_seasonal,within_site_chronological,persistence,,1h,LSK North,all_daylight,all,full,42,2866,6919.69,8644.38,0.157171,91.4747,-0.95866,0,,,,executed,results/tables/error_analysis.csv,,,,,,,,,,,,,,,0.157171,,6604.46,,8644.38,,0,,,,,,,,,,,time_of_day,Evening ramp (16-18),daylight,2866,False,,,,,,,,,,,,,,
S_persistence_time_of_day_Late_evening_(18-20)_1h,RQ3,D_regimes/G_seasonal,within_site_chronological,persistence,,1h,LSK North,all_daylight,all,full,42,880,4148.12,5321.01,0.0967457,165.133,-24.345,0,,,,executed,results/tables/error_analysis.csv,,,,,,,,,,,,,,,0.0967457,,4136.17,,5321.01,,0,,,,,,,,,,,time_of_day,Late evening (18-20),daylight,880,False,,,,,,,,,,,,,,
S_persistence_time_of_day_Mid-morning_(10-12)_1h,RQ3,D_regimes/G_seasonal,within_site_chronological,persistence,,1h,LSK North,all_daylight,all,full,42,2920,7841.1,10657.3,0.19377,42.6742,0.478886,0,,,,executed,results/tables/error_analysis.csv,,,,,,,,,,,,,,,0.19377,,-4255.45,,10657.3,,0,,,,,,,,,,,time_of_day,Mid-morning (10-12),daylight,2920,False,,,,,,,,,,,,,,
S_persistence_time_of_day_Morning_ramp_(08-10)_1h,RQ3,D_regimes/G_seasonal,within_site_chronological,persistence,,1h,LSK North,all_daylight,all,full,42,2920,7349.16,9490.69,0.172558,81.657,0.2622,0,,,,executed,results/tables/error_analysis.csv,,,,,,,,,,,,,,,0.172558,,-6520.12,,9490.69,,0,,,,,,,,,,,time_of_day,Morning ramp (08-10),daylight,2920,False,,,,,,,,,,,,,,
S_persistence_time_of_day_Solar_noon_(12-14)_1h,RQ3,D_regimes/G_seasonal,within_site_chronological,persistence,,1h,LSK North,all_daylight,all,full,42,2920,6779.7,10096.1,0.183566,32.9716,0.554932,0,,,,executed,results/tables/error_analysis.csv,,,,,,,,,,,,,,,0.183566,,186.273,,10096.1,,0,,,,,,,,,,,time_of_day,Solar noon (12-14),daylight,2920,False,,,,,,,,,,,,,,
S_persistence_power_level_0-10%_of_capacity_1h,RQ3,D_regimes/G_seasonal,within_site_chronological,persistence,,1h,LSK North,all_daylight,all,full,42,6161,3233.13,5133.12,0.0933294,127.607,-8.40489,0,,,,executed,results/tables/error_analysis.csv,,,,,,,,,,,,,,,0.0933294,,1833.43,,5133.12,,0,,,,,,,,,,,power_level,0-10% of capacity,daylight,6161,False,,,,,,,,,,,,,,
S_persistence_power_level_10-25%_of_capacity_1h,RQ3,D_regimes/G_seasonal,within_site_chronological,persistence,,1h,LSK North,all_daylight,all,full,42,3746,6995.81,9226.26,0.16775,72.0585,-13.8967,0,,,,executed,results/tables/error_analysis.csv,,,,,,,,,,,,,,,0.16775,,2118.09,,9226.26,,0,,,,,,,,,,,power_level,10-25% of capacity,daylight,3746,False,,,,,,,,,,,,,,
S_persistence_power_level_25-50%_of_capacity_1h,RQ3,D_regimes/G_seasonal,within_site_chronological,persistence,,1h,LSK North,all_daylight,all,full,42,3690,9232.64,10880.5,0.197827,50.6879,-6.49129,0,,,,executed,results/tables/error_analysis.csv,,,,,,,,,,,,,,,0.197827,,11.3602,,10880.5,,0,,,,,,,,,,,power_level,25-50% of capacity,daylight,3690,False,,,,,,,,,,,,,,
S_persistence_power_level_50-75%_of_capacity_1h,RQ3,D_regimes/G_seasonal,within_site_chronological,persistence,,1h,LSK North,all_daylight,all,full,42,2845,9006.15,11119.8,0.202178,31.76,-7.04455,0,,,,executed,results/tables/error_analysis.csv,,,,,,,,,,,,,,,0.202178,,-3906.59,,11119.8,,0,,,,,,,,,,,power_level,50-75% of capacity,daylight,2845,False,,,,,,,,,,,,,,
S_persistence_power_level_75-100%_of_capacity_1h,RQ3,D_regimes/G_seasonal,within_site_chronological,persistence,,1h,LSK North,all_daylight,all,full,42,1233,9004.48,12957.9,0.235598,24.621,-12.8591,0,,,,executed,results/tables/error_analysis.csv,,,,,,,,,,,,,,,0.235598,,-7452.49,,12957.9,,0,,,,,,,,,,,power_level,75-100% of capacity,daylight,1233,False,,,,,,,,,,,,,,
S_persistence_ramping_False_1h,RQ3,D_regimes/G_seasonal,within_site_chronological,persistence,,1h,LSK North,all_daylight,all,full,42,14888,5645.1,7728.34,0.140515,81.4118,0.687375,0,,,,executed,results/tables/error_analysis.csv,,,,,,,,,,,,,,,0.140515,,243.908,,7728.34,,0,,,,,,,,,,,ramping,False,daylight,14888,False,,,,,,,,,,,,,,
S_persistence_ramping_True_1h,RQ3,D_regimes/G_seasonal,within_site_chronological,persistence,,1h,LSK North,all_daylight,all,full,42,2791,11794.3,14517.5,0.263955,54.4249,-0.401639,0,,,,executed,results/tables/error_analysis.csv,,,,,,,,,,,,,,,0.263955,,-1685.96,,14517.5,,0,,,,,,,,,,,ramping,True,daylight,2791,False,,,,,,,,,,,,,,
S_smart_persistence_regime_Clear_1h,RQ3,D_regimes/G_seasonal,within_site_chronological,smart_persistence,,1h,LSK North,Clear,all,full,42,5824,5150.24,8020.22,0.145822,34.8085,0.688881,0.212404,,,,executed,results/tables/error_analysis.csv,,,,,,,,,,,,,,,0.145822,,253.905,,10183.2,,0.212404,,,,,,,,,,,regime,Clear,daylight,5824,False,,,,,,,,,,,,,,
S_smart_persistence_regime_Partly_cloudy_1h,RQ3,D_regimes/G_seasonal,within_site_chronological,smart_persistence,,1h,LSK North,Partly cloudy,all,full,42,2411,5964.58,8946.44,0.162663,53.4681,0.285718,0.135369,,,,executed,results/tables/error_analysis.csv,,,,,,,,,,,,,,,0.162663,,658.041,,10347.1,,0.135369,,,,,,,,,,,regime,Partly cloudy,daylight,2411,False,,,,,,,,,,,,,,
S_smart_persistence_regime_Cloudy_1h,RQ3,D_regimes/G_seasonal,within_site_chronological,smart_persistence,,1h,LSK North,Cloudy,all,full,42,6012,2658.06,5008.98,0.0910723,80.8065,0.296982,0.120965,,,,executed,results/tables/error_analysis.csv,,,,,,,,,,,,,,,0.0910723,,272.213,,5698.26,,0.120965,,,,,,,,,,,regime,Cloudy,daylight,6012,False,,,,,,,,,,,,,,
S_smart_persistence_regime_High-variability_1h,RQ3,D_regimes/G_seasonal,within_site_chronological,smart_persistence,,1h,LSK North,High-variability,all,full,42,3432,5952.96,9672.27,0.175859,55.2862,0.511617,0.125849,,,,executed,results/tables/error_analysis.csv,,,,,,,,,,,,,,,0.175859,,-440.684,,11064.8,,0.125849,,,,,,,,,,,regime,High-variability,daylight,3432,False,,,,,,,,,,,,,,
S_smart_persistence_regime_Night_1h,RQ3,D_regimes/G_seasonal,within_site_chronological,smart_persistence,,1h,LSK North,Night,all,full,42,0,,,,,,,,,,executed,results/tables/error_analysis.csv,,,,,,,,,,,,,,,,,,,,,,,,,,,,,,,,regime,Night,daylight,0,True,,,,,,,,,,,,,,
S_smart_persistence_season_Winter_1h,RQ3,D_regimes/G_seasonal,within_site_chronological,smart_persistence,,1h,LSK North,all_daylight,Winter,full,42,3950,3207.17,5183.22,0.0942404,49.7811,0.831712,0.299286,,,,executed,results/tables/error_analysis.csv,,,,,,,,,,,,,,,0.0942404,,-110.312,,7397.05,,0.299286,,,,,,,,,,,season,Winter,daylight,3950,False,,,,,,,,,,,,,,
S_smart_persistence_season_Spring_1h,RQ3,D_regimes/G_seasonal,within_site_chronological,smart_persistence,,1h,LSK North,all_daylight,Spring,full,42,4634,3749.33,6491.87,0.118034,58.1651,0.782564,0.184153,,,,executed,results/tables/error_analysis.csv,,,,,,,,,,,,,,,0.118034,,48.3103,,7957.21,,0.184153,,,,,,,,,,,season,Spring,daylight,4634,False,,,,,,,,,,,,,,
S_smart_persistence_season_Summer_1h,RQ3,D_regimes/G_seasonal,within_site_chronological,smart_persistence,,1h,LSK North,all_daylight,Summer,full,42,4859,6988.97,10715.2,0.194821,63.1605,0.527439,0.0842998,,,,executed,results/tables/error_analysis.csv,,,,,,,,,,,,,,,0.194821,,549.534,,11701.6,,0.0842998,,,,,,,,,,,season,Summer,daylight,4859,False,,,,,,,,,,,,,,
S_smart_persistence_season_Autumn_1h,RQ3,D_regimes/G_seasonal,within_site_chronological,smart_persistence,,1h,LSK North,all_daylight,Autumn,full,42,4236,3962.29,6522.43,0.11859,55.2687,0.79552,0.228258,,,,executed,results/tables/error_analysis.csv,,,,,,,,,,,,,,,0.11859,,172.585,,8451.57,,0.228258,,,,,,,,,,,season,Autumn,daylight,4236,False,,,,,,,,,,,,,,
S_smart_persistence_time_of_day_Afternoon_(14-16)_1h,RQ3,D_regimes/G_seasonal,within_site_chronological,smart_persistence,,1h,LSK North,all_daylight,all,full,42,2920,4960.81,7714.78,0.140269,32.499,0.595162,0.233632,,,,executed,results/tables/error_analysis.csv,,,,,,,,,,,,,,,0.140269,,873.09,,10066.7,,0.233632,,,,,,,,,,,time_of_day,Afternoon (14-16),daylight,2920,False,,,,,,,,,,,,,,
S_smart_persistence_time_of_day_Early_morning_(05-08)_1h,RQ3,D_regimes/G_seasonal,within_site_chronological,smart_persistence,,1h,LSK North,all_daylight,all,full,42,2253,3087.25,5055.03,0.0919097,157.943,-0.261119,-0.071369,,,,executed,results/tables/error_analysis.csv,,,,,,,,,,,,,,,0.0919097,,-1348.85,,4718.29,,-0.071369,,,,,,,,,,,time_of_day,Early morning (05-08),daylight,2253,False,,,,,,,,,,,,,,
S_smart_persistence_time_of_day_Evening_ramp_(16-18)_1h,RQ3,D_regimes/G_seasonal,within_site_chronological,smart_persistence,,1h,LSK North,all_daylight,all,full,42,2866,2082.92,3444.46,0.0626266,45.7675,0.689019,0.601537,,,,executed,results/tables/error_analysis.csv,,,,,,,,,,,,,,,0.0626266,,983.998,,8644.38,,0.601537,,,,,,,,,,,time_of_day,Evening ramp (16-18),daylight,2866,False,,,,,,,,,,,,,,
S_smart_persistence_time_of_day_Late_evening_(18-20)_1h,RQ3,D_regimes/G_seasonal,within_site_chronological,smart_persistence,,1h,LSK North,all_daylight,all,full,42,880,380.078,804.999,0.0146364,89.8316,0.419909,0.848713,,,,executed,results/tables/error_analysis.csv,,,,,,,,,,,,,,,0.0146364,,186.265,,5321.01,,0.848713,,,,,,,,,,,time_of_day,Late evening (18-20),daylight,880,False,,,,,,,,,,,,,,
S_smart_persistence_time_of_day_Mid-morning_(10-12)_1h,RQ3,D_regimes/G_seasonal,within_site_chronological,smart_persistence,,1h,LSK North,all_daylight,all,full,42,2920,6650.91,10354.4,0.188261,34.8801,0.508094,0.0284279,,,,executed,results/tables/error_analysis.csv,,,,,,,,,,,,,,,0.188261,,-49.1951,,10657.3,,0.0284279,,,,,,,,,,,time_of_day,Mid-morning (10-12),daylight,2920,False,,,,,,,,,,,,,,
S_smart_persistence_time_of_day_Morning_ramp_(08-10)_1h,RQ3,D_regimes/G_seasonal,within_site_chronological,smart_persistence,,1h,LSK North,all_daylight,all,full,42,2920,5019.49,7620.67,0.138558,51.6136,0.524304,0.197038,,,,executed,results/tables/error_analysis.csv,,,,,,,,,,,,,,,0.138558,,77.8105,,9490.69,,0.197038,,,,,,,,,,,time_of_day,Morning ramp (08-10),daylight,2920,False,,,,,,,,,,,,,,
S_smart_persistence_time_of_day_Solar_noon_(12-14)_1h,RQ3,D_regimes/G_seasonal,within_site_chronological,smart_persistence,,1h,LSK North,all_daylight,all,full,42,2920,6494.37,9981.72,0.181486,32.0763,0.564961,0.0113319,,,,executed,results/tables/error_analysis.csv,,,,,,,,,,,,,,,0.181486,,209.355,,10096.1,,0.0113319,,,,,,,,,,,time_of_day,Solar noon (12-14),daylight,2920,False,,,,,,,,,,,,,,
S_smart_persistence_power_level_0-10%_of_capacity_1h,RQ3,D_regimes/G_seasonal,within_site_chronological,smart_persistence,,1h,LSK North,all_daylight,all,full,42,6161,1662.94,3630.26,0.0660048,97.013,-3.704,0.292777,,,,executed,results/tables/error_analysis.csv,,,,,,,,,,,,,,,0.0660048,,387.827,,5133.12,,0.292777,,,,,,,,,,,power_level,0-10% of capacity,daylight,6161,False,,,,,,,,,,,,,,
S_smart_persistence_power_level_10-25%_of_capacity_1h,RQ3,D_regimes/G_seasonal,within_site_chronological,smart_persistence,,1h,LSK North,all_daylight,all,full,42,3746,5403.58,8252.4,0.150044,55.01,-10.9179,0.105553,,,,executed,results/tables/error_analysis.csv,,,,,,,,,,,,,,,0.150044,,1979.81,,9226.26,,0.105553,,,,,,,,,,,power_level,10-25% of capacity,daylight,3746,False,,,,,,,,,,,,,,
S_smart_persistence_power_level_25-50%_of_capacity_1h,RQ3,D_regimes/G_seasonal,within_site_chronological,smart_persistence,,1h,LSK North,all_daylight,all,full,42,3690,6449.75,8957.13,0.162857,32.2713,-4.07689,0.176771,,,,executed,results/tables/error_analysis.csv,,,,,,,,,,,,,,,0.162857,,1361,,10880.5,,0.176771,,,,,,,,,,,power_level,25-50% of capacity,daylight,3690,False,,,,,,,,,,,,,,
S_smart_persistence_power_level_50-75%_of_capacity_1h,RQ3,D_regimes/G_seasonal,within_site_chronological,smart_persistence,,1h,LSK North,all_daylight,all,full,42,2845,6200.98,9113,0.165691,21.1652,-4.40296,0.180469,,,,executed,results/tables/error_analysis.csv,,,,,,,,,,,,,,,0.165691,,-1898.25,,11119.8,,0.180469,,,,,,,,,,,power_level,50-75% of capacity,daylight,2845,False,,,,,,,,,,,,,,
S_smart_persistence_power_level_75-100%_of_capacity_1h,RQ3,D_regimes/G_seasonal,within_site_chronological,smart_persistence,,1h,LSK North,all_daylight,all,full,42,1233,7152.61,11755.4,0.213735,19.5028,-10.4063,0.0927961,,,,executed,results/tables/error_analysis.csv,,,,,,,,,,,,,,,0.213735,,-5027.76,,12957.9,,0.0927961,,,,,,,,,,,power_level,75-100% of capacity,daylight,1233,False,,,,,,,,,,,,,,
S_smart_persistence_ramping_False_1h,RQ3,D_regimes/G_seasonal,within_site_chronological,smart_persistence,,1h,LSK North,all_daylight,all,full,42,14888,3448.08,5932.82,0.107869,59.0437,0.815765,0.23233,,,,executed,results/tables/error_analysis.csv,,,,,,,,,,,,,,,0.107869,,214.59,,7728.34,,0.23233,,,,,,,,,,,ramping,False,daylight,14888,False,,,,,,,,,,,,,,
S_smart_persistence_ramping_True_1h,RQ3,D_regimes/G_seasonal,within_site_chronological,smart_persistence,,1h,LSK North,all_daylight,all,full,42,2791,10552.3,13590.2,0.247094,45.9135,-0.228289,0.0638786,,,,executed,results/tables/error_analysis.csv,,,,,,,,,,,,,,,0.247094,,-1.94173,,14517.5,,0.0638786,,,,,,,,,,,ramping,True,daylight,2791,False,,,,,,,,,,,,,,
S_linear_regression_regime_Clear_1h,RQ3,D_regimes/G_seasonal,within_site_chronological,linear_regression,,1h,LSK North,Clear,all,full,42,5824,5398.86,7497.63,0.136321,28.2241,0.728104,0.263723,,,,executed,results/tables/error_analysis.csv,,,,,,,,,,,,,,,0.136321,,2046.94,,10183.2,,0.263723,,,,,,,,,,,regime,Clear,daylight,5824,False,,,,,,,,,,,,,,
S_linear_regression_regime_Partly_cloudy_1h,RQ3,D_regimes/G_seasonal,within_site_chronological,linear_regression,,1h,LSK North,Partly cloudy,all,full,42,2411,6069.98,8578.4,0.155971,45.2525,0.343277,0.170937,,,,executed,results/tables/error_analysis.csv,,,,,,,,,,,,,,,0.155971,,3075.58,,10347.1,,0.170937,,,,,,,,,,,regime,Partly cloudy,daylight,2411,False,,,,,,,,,,,,,,
S_linear_regression_regime_Cloudy_1h,RQ3,D_regimes/G_seasonal,within_site_chronological,linear_regression,,1h,LSK North,Cloudy,all,full,42,6012,4122.97,5953.66,0.108248,85.2606,0.00679937,-0.0448202,,,,executed,results/tables/error_analysis.csv,,,,,,,,,,,,,,,0.108248,,3248.66,,5698.26,,-0.0448202,,,,,,,,,,,regime,Cloudy,daylight,6012,False,,,,,,,,,,,,,,
S_linear_regression_regime_High-variability_1h,RQ3,D_regimes/G_seasonal,within_site_chronological,linear_regression,,1h,LSK North,High-variability,all,full,42,3432,6006.02,8789.22,0.159804,67.7572,0.596722,0.205656,,,,executed,results/tables/error_analysis.csv,,,,,,,,,,,,,,,0.159804,,-169.752,,11064.8,,0.205656,,,,,,,,,,,regime,High-variability,daylight,3432,False,,,,,,,,,,,,,,
S_linear_regression_regime_Night_1h,RQ3,D_regimes/G_seasonal,within_site_chronological,linear_regression,,1h,LSK North,Night,all,full,42,0,,,,,,,,,,executed,results/tables/error_analysis.csv,,,,,,,,,,,,,,,,,,,,,,,,,,,,,,,,regime,Night,daylight,0,True,,,,,,,,,,,,,,
S_linear_regression_season_Winter_1h,RQ3,D_regimes/G_seasonal,within_site_chronological,linear_regression,,1h,LSK North,all_daylight,Winter,full,42,3950,3975.68,5479.05,0.099619,48.1278,0.811955,0.259294,,,,executed,results/tables/error_analysis.csv,,,,,,,,,,,,,,,0.099619,,1647.07,,7397.05,,0.259294,,,,,,,,,,,season,Winter,daylight,3950,False,,,,,,,,,,,,,,
S_linear_regression_season_Spring_1h,RQ3,D_regimes/G_seasonal,within_site_chronological,linear_regression,,1h,LSK North,all_daylight,Spring,full,42,4634,4963.61,6990.36,0.127098,66.85,0.747889,0.121506,,,,executed,results/tables/error_analysis.csv,,,,,,,,,,,,,,,0.127098,,2593.14,,7957.21,,0.121506,,,,,,,,,,,season,Spring,daylight,4634,False,,,,,,,,,,,,,,
S_linear_regression_season_Summer_1h,RQ3,D_regimes/G_seasonal,within_site_chronological,linear_regression,,1h,LSK North,all_daylight,Summer,full,42,4859,6717.88,9670.85,0.175834,57.1892,0.615063,0.173545,,,,executed,results/tables/error_analysis.csv,,,,,,,,,,,,,,,0.175834,,2123.42,,11701.6,,0.173545,,,,,,,,,,,season,Summer,daylight,4859,False,,,,,,,,,,,,,,
S_linear_regression_season_Autumn_1h,RQ3,D_regimes/G_seasonal,within_site_chronological,linear_regression,,1h,LSK North,all_daylight,Autumn,full,42,4236,4752.17,6583.2,0.119695,56.8556,0.791692,0.221067,,,,executed,results/tables/error_analysis.csv,,,,,,,,,,,,,,,0.119695,,2229.63,,8451.57,,0.221067,,,,,,,,,,,season,Autumn,daylight,4236,False,,,,,,,,,,,,,,
S_linear_regression_time_of_day_Afternoon_(14-16)_1h,RQ3,D_regimes/G_seasonal,within_site_chronological,linear_regression,,1h,LSK North,all_daylight,all,full,42,2920,6268.11,8416.47,0.153027,38.8847,0.51817,0.163928,,,,executed,results/tables/error_analysis.csv,,,,,,,,,,,,,,,0.153027,,3908.87,,10066.7,,0.163928,,,,,,,,,,,time_of_day,Afternoon (14-16),daylight,2920,False,,,,,,,,,,,,,,
S_linear_regression_time_of_day_Early_morning_(05-08)_1h,RQ3,D_regimes/G_seasonal,within_site_chronological,linear_regression,,1h,LSK North,all_daylight,all,full,42,2253,2814.36,3442.27,0.0625867,92.0366,0.415213,0.270442,,,,executed,results/tables/error_analysis.csv,,,,,,,,,,,,,,,0.0625867,,1085.94,,4718.29,,0.270442,,,,,,,,,,,time_of_day,Early morning (05-08),daylight,2253,False,,,,,,,,,,,,,,
S_linear_regression_time_of_day_Evening_ramp_(16-18)_1h,RQ3,D_regimes/G_seasonal,within_site_chronological,linear_regression,,1h,LSK North,all_daylight,all,full,42,2866,4058.49,5364.06,0.0975284,76.7578,0.245812,0.379474,,,,executed,results/tables/error_analysis.csv,,,,,,,,,,,,,,,0.0975284,,3258.65,,8644.38,,0.379474,,,,,,,,,,,time_of_day,Evening ramp (16-18),daylight,2866,False,,,,,,,,,,,,,,
S_linear_regression_time_of_day_Late_evening_(18-20)_1h,RQ3,D_regimes/G_seasonal,within_site_chronological,linear_regression,,1h,LSK North,all_daylight,all,full,42,880,2458.02,3229.11,0.0587111,160.987,-8.33407,0.393139,,,,executed,results/tables/error_analysis.csv,,,,,,,,,,,,,,,0.0587111,,1034.44,,5321.01,,0.393139,,,,,,,,,,,time_of_day,Late evening (18-20),daylight,880,False,,,,,,,,,,,,,,
S_linear_regression_time_of_day_Mid-morning_(10-12)_1h,RQ3,D_regimes/G_seasonal,within_site_chronological,linear_regression,,1h,LSK North,all_daylight,all,full,42,2920,6417.98,9341.53,0.169846,34.4342,0.599621,0.123464,,,,executed,results/tables/error_analysis.csv,,,,,,,,,,,,,,,0.169846,,1788.02,,10657.3,,0.123464,,,,,,,,,,,time_of_day,Mid-morning (10-12),daylight,2920,False,,,,,,,,,,,,,,
S_linear_regression_time_of_day_Morning_ramp_(08-10)_1h,RQ3,D_regimes/G_seasonal,within_site_chronological,linear_regression,,1h,LSK North,all_daylight,all,full,42,2920,4796.07,6532.86,0.118779,46.0686,0.650417,0.311656,,,,executed,results/tables/error_analysis.csv,,,,,,,,,,,,,,,0.118779,,194.129,,9490.69,,0.311656,,,,,,,,,,,time_of_day,Morning ramp (08-10),daylight,2920,False,,,,,,,,,,,,,,
S_linear_regression_time_of_day_Solar_noon_(12-14)_1h,RQ3,D_regimes/G_seasonal,within_site_chronological,linear_regression,,1h,LSK North,all_daylight,all,full,42,2920,6950.11,9764.87,0.177543,34.5836,0.583658,0.0328101,,,,executed,results/tables/error_analysis.csv,,,,,,,,,,,,,,,0.177543,,2872.25,,10096.1,,0.0328101,,,,,,,,,,,time_of_day,Solar noon (12-14),daylight,2920,False,,,,,,,,,,,,,,
S_linear_regression_power_level_0-10%_of_capacity_1h,RQ3,D_regimes/G_seasonal,within_site_chronological,linear_regression,,1h,LSK North,all_daylight,all,full,42,6161,3525.01,5111.47,0.0929358,108.867,-8.32572,0.00421779,,,,executed,results/tables/error_analysis.csv,,,,,,,,,,,,,,,0.0929358,,3167.67,,5133.12,,0.00421779,,,,,,,,,,,power_level,0-10% of capacity,daylight,6161,False,,,,,,,,,,,,,,
S_linear_regression_power_level_10-25%_of_capacity_1h,RQ3,D_regimes/G_seasonal,within_site_chronological,linear_regression,,1h,LSK North,all_daylight,all,full,42,3746,5688.13,8375.34,0.152279,43.7421,-11.2756,0.092228,,,,executed,results/tables/error_analysis.csv,,,,,,,,,,,,,,,0.152279,,4350.34,,9226.26,,0.092228,,,,,,,,,,,power_level,10-25% of capacity,daylight,3746,False,,,,,,,,,,,,,,
S_linear_regression_power_level_25-50%_of_capacity_1h,RQ3,D_regimes/G_seasonal,within_site_chronological,linear_regression,,1h,LSK North,all_daylight,all,full,42,3690,6583.41,8639.62,0.157084,30.3758,-3.72333,0.205953,,,,executed,results/tables/error_analysis.csv,,,,,,,,,,,,,,,0.157084,,2615.47,,10880.5,,0.205953,,,,,,,,,,,power_level,25-50% of capacity,daylight,3690,False,,,,,,,,,,,,,,
S_linear_regression_power_level_50-75%_of_capacity_1h,RQ3,D_regimes/G_seasonal,within_site_chronological,linear_regression,,1h,LSK North,all_daylight,all,full,42,2845,5814,7804.37,0.141898,18.5079,-2.96264,0.298154,,,,executed,results/tables/error_analysis.csv,,,,,,,,,,,,,,,0.141898,,-668.486,,11119.8,,0.298154,,,,,,,,,,,power_level,50-75% of capacity,daylight,2845,False,,,,,,,,,,,,,,
S_linear_regression_power_level_75-100%_of_capacity_1h,RQ3,D_regimes/G_seasonal,within_site_chronological,linear_regression,,1h,LSK North,all_daylight,all,full,42,1233,6149.42,9447.68,0.171776,15.5766,-6.36747,0.270893,,,,executed,results/tables/error_analysis.csv,,,,,,,,,,,,,,,0.171776,,-4249.91,,12957.9,,0.270893,,,,,,,,,,,power_level,75-100% of capacity,daylight,1233,False,,,,,,,,,,,,,,
S_linear_regression_ramping_False_1h,RQ3,D_regimes/G_seasonal,within_site_chronological,linear_regression,,1h,LSK North,all_daylight,all,full,42,14888,4348.81,6180.94,0.112381,60.9028,0.800032,0.200224,,,,executed,results/tables/error_analysis.csv,,,,,,,,,,,,,,,0.112381,,2268.42,,7728.34,,0.200224,,,,,,,,,,,ramping,False,daylight,14888,False,,,,,,,,,,,,,,
S_linear_regression_ramping_True_1h,RQ3,D_regimes/G_seasonal,within_site_chronological,linear_regression,,1h,LSK North,all_daylight,all,full,42,2791,9578.12,12183.1,0.22151,40.0894,0.0128927,0.160803,,,,executed,results/tables/error_analysis.csv,,,,,,,,,,,,,,,0.22151,,1616.9,,14517.5,,0.160803,,,,,,,,,,,ramping,True,daylight,2791,False,,,,,,,,,,,,,,
S_random_forest_regime_Clear_1h,RQ3,D_regimes/G_seasonal,within_site_chronological,random_forest,,1h,LSK North,Clear,all,full,42,5824,4672.41,6665.75,0.121195,21.0206,0.785092,0.345415,,,,executed,results/tables/error_analysis.csv,,,,,,,,,,,,,,,0.121195,,-1793.38,,10183.2,,0.345415,,,,,,,,,,,regime,Clear,daylight,5824,False,,,,,,,,,,,,,,
S_random_forest_regime_Partly_cloudy_1h,RQ3,D_regimes/G_seasonal,within_site_chronological,random_forest,,1h,LSK North,Partly cloudy,all,full,42,2411,5150.01,7227.8,0.131415,38.3077,0.53379,0.301467,,,,executed,results/tables/error_analysis.csv,,,,,,,,,,,,,,,0.131415,,2583.25,,10347.1,,0.301467,,,,,,,,,,,regime,Partly cloudy,daylight,2411,False,,,,,,,,,,,,,,
S_random_forest_regime_Cloudy_1h,RQ3,D_regimes/G_seasonal,within_site_chronological,random_forest,,1h,LSK North,Cloudy,all,full,42,6012,3677.51,5760.19,0.104731,71.7384,0.0703017,-0.0108671,,,,executed,results/tables/error_analysis.csv,,,,,,,,,,,,,,,0.104731,,2977.07,,5698.26,,-0.0108671,,,,,,,,,,,regime,Cloudy,daylight,6012,False,,,,,,,,,,,,,,
S_random_forest_regime_High-variability_1h,RQ3,D_regimes/G_seasonal,within_site_chronological,random_forest,,1h,LSK North,High-variability,all,full,42,3432,5052.2,7781.64,0.141484,49.8687,0.683884,0.296719,,,,executed,results/tables/error_analysis.csv,,,,,,,,,,,,,,,0.141484,,213.657,,11064.8,,0.296719,,,,,,,,,,,regime,High-variability,daylight,3432,False,,,,,,,,,,,,,,
S_random_forest_regime_Night_1h,RQ3,D_regimes/G_seasonal,within_site_chronological,random_forest,,1h,LSK North,Night,all,full,42,0,,,,,,,,,,executed,results/tables/error_analysis.csv,,,,,,,,,,,,,,,,,,,,,,,,,,,,,,,,regime,Night,daylight,0,True,,,,,,,,,,,,,,
S_random_forest_season_Winter_1h,RQ3,D_regimes/G_seasonal,within_site_chronological,random_forest,,1h,LSK North,all_daylight,Winter,full,42,3950,3120.46,4693.64,0.0853388,34.4825,0.862002,0.365472,,,,executed,results/tables/error_analysis.csv,,,,,,,,,,,,,,,0.0853388,,383.972,,7397.05,,0.365472,,,,,,,,,,,season,Winter,daylight,3950,False,,,,,,,,,,,,,,
S_random_forest_season_Spring_1h,RQ3,D_regimes/G_seasonal,within_site_chronological,random_forest,,1h,LSK North,all_daylight,Spring,full,42,4634,4081.07,6151.25,0.111841,54.9932,0.804783,0.22696,,,,executed,results/tables/error_analysis.csv,,,,,,,,,,,,,,,0.111841,,1282.44,,7957.21,,0.22696,,,,,,,,,,,season,Spring,daylight,4634,False,,,,,,,,,,,,,,
S_random_forest_season_Summer_1h,RQ3,D_regimes/G_seasonal,within_site_chronological,random_forest,,1h,LSK North,all_daylight,Summer,full,42,4859,6329.64,8901.36,0.161843,46.679,0.673883,0.239305,,,,executed,results/tables/error_analysis.csv,,,,,,,,,,,,,,,0.161843,,1090.37,,11701.6,,0.239305,,,,,,,,,,,season,Summer,daylight,4859,False,,,,,,,,,,,,,,
S_random_forest_season_Autumn_1h,RQ3,D_regimes/G_seasonal,within_site_chronological,random_forest,,1h,LSK North,all_daylight,Autumn,full,42,4236,4033.03,5843.93,0.106253,47.0649,0.83585,0.308539,,,,executed,results/tables/error_analysis.csv,,,,,,,,,,,,,,,0.106253,,391.251,,8451.57,,0.308539,,,,,,,,,,,season,Autumn,daylight,4236,False,,,,,,,,,,,,,,
S_random_forest_time_of_day_Afternoon_(14-16)_1h,RQ3,D_regimes/G_seasonal,within_site_chronological,random_forest,,1h,LSK North,all_daylight,all,full,42,2920,5322.8,7199.78,0.130905,35.9702,0.647407,0.28479,,,,executed,results/tables/error_analysis.csv,,,,,,,,,,,,,,,0.130905,,627.804,,10066.7,,0.28479,,,,,,,,,,,time_of_day,Afternoon (14-16),daylight,2920,False,,,,,,,,,,,,,,
S_random_forest_time_of_day_Early_morning_(05-08)_1h,RQ3,D_regimes/G_seasonal,within_site_chronological,random_forest,,1h,LSK North,all_daylight,all,full,42,2253,1703.47,2569.48,0.0467179,67.9555,0.674163,0.455421,,,,executed,results/tables/error_analysis.csv,,,,,,,,,,,,,,,0.0467179,,799.294,,4718.29,,0.455421,,,,,,,,,,,time_of_day,Early morning (05-08),daylight,2253,False,,,,,,,,,,,,,,
S_random_forest_time_of_day_Evening_ramp_(16-18)_1h,RQ3,D_regimes/G_seasonal,within_site_chronological,random_forest,,1h,LSK North,all_daylight,all,full,42,2866,2063.37,3072.2,0.0558582,51.3715,0.752605,0.644602,,,,executed,results/tables/error_analysis.csv,,,,,,,,,,,,,,,0.0558582,,1130.22,,8644.38,,0.644602,,,,,,,,,,,time_of_day,Evening ramp (16-18),daylight,2866,False,,,,,,,,,,,,,,
S_random_forest_time_of_day_Late_evening_(18-20)_1h,RQ3,D_regimes/G_seasonal,within_site_chronological,random_forest,,1h,LSK North,all_daylight,all,full,42,880,306.79,581.718,0.0105767,95.0812,0.697079,0.890675,,,,executed,results/tables/error_analysis.csv,,,,,,,,,,,,,,,0.0105767,,157.767,,5321.01,,0.890675,,,,,,,,,,,time_of_day,Late evening (18-20),daylight,880,False,,,,,,,,,,,,,,
S_random_forest_time_of_day_Mid-morning_(10-12)_1h,RQ3,D_regimes/G_seasonal,within_site_chronological,random_forest,,1h,LSK North,all_daylight,all,full,42,2920,6675.01,8967.8,0.163051,34.5168,0.631016,0.158532,,,,executed,results/tables/error_analysis.csv,,,,,,,,,,,,,,,0.163051,,563.844,,10657.3,,0.158532,,,,,,,,,,,time_of_day,Mid-morning (10-12),daylight,2920,False,,,,,,,,,,,,,,
S_random_forest_time_of_day_Morning_ramp_(08-10)_1h,RQ3,D_regimes/G_seasonal,within_site_chronological,random_forest,,1h,LSK North,all_daylight,all,full,42,2920,4643.76,6473.68,0.117703,42.8648,0.656723,0.317892,,,,executed,results/tables/error_analysis.csv,,,,,,,,,,,,,,,0.117703,,1861.02,,9490.69,,0.317892,,,,,,,,,,,time_of_day,Morning ramp (08-10),daylight,2920,False,,,,,,,,,,,,,,
S_random_forest_time_of_day_Solar_noon_(12-14)_1h,RQ3,D_regimes/G_seasonal,within_site_chronological,random_forest,,1h,LSK North,all_daylight,all,full,42,2920,7007.61,9089.25,0.165259,35.0107,0.639277,0.0997288,,,,executed,results/tables/error_analysis.csv,,,,,,,,,,,,,,,0.165259,,110.386,,10096.1,,0.0997288,,,,,,,,,,,time_of_day,Solar noon (12-14),daylight,2920,False,,,,,,,,,,,,,,
S_random_forest_power_level_0-10%_of_capacity_1h,RQ3,D_regimes/G_seasonal,within_site_chronological,random_forest,,1h,LSK North,all_daylight,all,full,42,6161,2491.36,4553.54,0.0827916,82.592,-6.40097,0.112911,,,,executed,results/tables/error_analysis.csv,,,,,,,,,,,,,,,0.0827916,,2304.21,,5133.12,,0.112911,,,,,,,,,,,power_level,0-10% of capacity,daylight,6161,False,,,,,,,,,,,,,,
S_random_forest_power_level_10-25%_of_capacity_1h,RQ3,D_regimes/G_seasonal,within_site_chronological,random_forest,,1h,LSK North,all_daylight,all,full,42,3746,5187.03,7512.87,0.136598,39.6132,-8.87755,0.185708,,,,executed,results/tables/error_analysis.csv,,,,,,,,,,,,,,,0.136598,,4409.79,,9226.26,,0.185708,,,,,,,,,,,power_level,10-25% of capacity,daylight,3746,False,,,,,,,,,,,,,,
S_random_forest_power_level_25-50%_of_capacity_1h,RQ3,D_regimes/G_seasonal,within_site_chronological,random_forest,,1h,LSK North,all_daylight,all,full,42,3690,4688.17,6421.77,0.116759,22.0212,-1.60957,0.409791,,,,executed,results/tables/error_analysis.csv,,,,,,,,,,,,,,,0.116759,,2055.7,,10880.5,,0.409791,,,,,,,,,,,power_level,25-50% of capacity,daylight,3690,False,,,,,,,,,,,,,,
S_random_forest_power_level_50-75%_of_capacity_1h,RQ3,D_regimes/G_seasonal,within_site_chronological,random_forest,,1h,LSK North,all_daylight,all,full,42,2845,5173.41,6717.85,0.122143,16.8121,-1.9361,0.395864,,,,executed,results/tables/error_analysis.csv,,,,,,,,,,,,,,,0.122143,,-4088.21,,11119.8,,0.395864,,,,,,,,,,,power_level,50-75% of capacity,daylight,2845,False,,,,,,,,,,,,,,
S_random_forest_power_level_75-100%_of_capacity_1h,RQ3,D_regimes/G_seasonal,within_site_chronological,random_forest,,1h,LSK North,all_daylight,all,full,42,1233,9901.4,11773.3,0.21406,24.9307,-10.4411,0.0914155,,,,executed,results/tables/error_analysis.csv,,,,,,,,,,,,,,,0.21406,,-9881.42,,12957.9,,0.0914155,,,,,,,,,,,power_level,75-100% of capacity,daylight,1233,False,,,,,,,,,,,,,,
S_random_forest_ramping_False_1h,RQ3,D_regimes/G_seasonal,within_site_chronological,random_forest,,1h,LSK North,all_daylight,all,full,42,14888,3747.9,5695.75,0.103559,48.2952,0.830194,0.263005,,,,executed,results/tables/error_analysis.csv,,,,,,,,,,,,,,,0.103559,,1002.57,,7728.34,,0.263005,,,,,,,,,,,ramping,False,daylight,14888,False,,,,,,,,,,,,,,
S_random_forest_ramping_True_1h,RQ3,D_regimes/G_seasonal,within_site_chronological,random_forest,,1h,LSK North,all_daylight,all,full,42,2791,8340.52,10522.6,0.19132,35.1868,0.263627,0.275179,,,,executed,results/tables/error_analysis.csv,,,,,,,,,,,,,,,0.19132,,-183.172,,14517.5,,0.275179,,,,,,,,,,,ramping,True,daylight,2791,False,,,,,,,,,,,,,,
S_gradient_boosting_regime_Clear_1h,RQ3,D_regimes/G_seasonal,within_site_chronological,gradient_boosting,,1h,LSK North,Clear,all,full,42,5824,4408.55,6535.18,0.118821,21.9634,0.793429,0.358237,,,,executed,results/tables/error_analysis.csv,,,,,,,,,,,,,,,0.118821,,-1088.99,,10183.2,,0.358237,,,,,,,,,,,regime,Clear,daylight,5824,False,,,,,,,,,,,,,,
S_gradient_boosting_regime_Partly_cloudy_1h,RQ3,D_regimes/G_seasonal,within_site_chronological,gradient_boosting,,1h,LSK North,Partly cloudy,all,full,42,2411,5247.3,7488.09,0.136147,40.4771,0.499606,0.276311,,,,executed,results/tables/error_analysis.csv,,,,,,,,,,,,,,,0.136147,,2145.8,,10347.1,,0.276311,,,,,,,,,,,regime,Partly cloudy,daylight,2411,False,,,,,,,,,,,,,,
S_gradient_boosting_regime_Cloudy_1h,RQ3,D_regimes/G_seasonal,within_site_chronological,gradient_boosting,,1h,LSK North,Cloudy,all,full,42,6012,3566.21,5560.58,0.101101,75.6694,0.13362,0.0241631,,,,executed,results/tables/error_analysis.csv,,,,,,,,,,,,,,,0.101101,,2600.33,,5698.26,,0.0241631,,,,,,,,,,,regime,Cloudy,daylight,6012,False,,,,,,,,,,,,,,
S_gradient_boosting_regime_High-variability_1h,RQ3,D_regimes/G_seasonal,within_site_chronological,gradient_boosting,,1h,LSK North,High-variability,all,full,42,3432,5116.21,7921.38,0.144025,58.1682,0.672429,0.28409,,,,executed,results/tables/error_analysis.csv,,,,,,,,,,,,,,,0.144025,,275.89,,11064.8,,0.28409,,,,,,,,,,,regime,High-variability,daylight,3432,False,,,,,,,,,,,,,,
S_gradient_boosting_regime_Night_1h,RQ3,D_regimes/G_seasonal,within_site_chronological,gradient_boosting,,1h,LSK North,Night,all,full,42,0,,,,,,,,,,executed,results/tables/error_analysis.csv,,,,,,,,,,,,,,,,,,,,,,,,,,,,,,,,regime,Night,daylight,0,True,,,,,,,,,,,,,,
S_gradient_boosting_season_Winter_1h,RQ3,D_regimes/G_seasonal,within_site_chronological,gradient_boosting,,1h,LSK North,all_daylight,Winter,full,42,3950,3120.4,4693.43,0.085335,39.0559,0.862015,0.365501,,,,executed,results/tables/error_analysis.csv,,,,,,,,,,,,,,,0.085335,,534.063,,7397.05,,0.365501,,,,,,,,,,,season,Winter,daylight,3950,False,,,,,,,,,,,,,,
S_gradient_boosting_season_Spring_1h,RQ3,D_regimes/G_seasonal,within_site_chronological,gradient_boosting,,1h,LSK North,all_daylight,Spring,full,42,4634,3948.81,6100.04,0.11091,57.6746,0.808019,0.233395,,,,executed,results/tables/error_analysis.csv,,,,,,,,,,,,,,,0.11091,,1232.29,,7957.21,,0.233395,,,,,,,,,,,season,Spring,daylight,4634,False,,,,,,,,,,,,,,
S_gradient_boosting_season_Summer_1h,RQ3,D_regimes/G_seasonal,within_site_chronological,gradient_boosting,,1h,LSK North,all_daylight,Summer,full,42,4859,6256.65,8970.59,0.163102,51.1501,0.668791,0.233388,,,,executed,results/tables/error_analysis.csv,,,,,,,,,,,,,,,0.163102,,944.675,,11701.6,,0.233388,,,,,,,,,,,season,Summer,daylight,4859,False,,,,,,,,,,,,,,
S_gradient_boosting_season_Autumn_1h,RQ3,D_regimes/G_seasonal,within_site_chronological,gradient_boosting,,1h,LSK North,all_daylight,Autumn,full,42,4236,3847.99,5639.26,0.102532,49.5726,0.847146,0.332755,,,,executed,results/tables/error_analysis.csv,,,,,,,,,,,,,,,0.102532,,708.48,,8451.57,,0.332755,,,,,,,,,,,season,Autumn,daylight,4236,False,,,,,,,,,,,,,,
S_gradient_boosting_time_of_day_Afternoon_(14-16)_1h,RQ3,D_regimes/G_seasonal,within_site_chronological,gradient_boosting,,1h,LSK North,all_daylight,all,full,42,2920,4978.46,7089.48,0.1289,33.8208,0.658129,0.295748,,,,executed,results/tables/error_analysis.csv,,,,,,,,,,,,,,,0.1289,,641.688,,10066.7,,0.295748,,,,,,,,,,,time_of_day,Afternoon (14-16),daylight,2920,False,,,,,,,,,,,,,,
S_gradient_boosting_time_of_day_Early_morning_(05-08)_1h,RQ3,D_regimes/G_seasonal,within_site_chronological,gradient_boosting,,1h,LSK North,all_daylight,all,full,42,2253,2027.39,2889.86,0.052543,77.3054,0.587843,0.387519,,,,executed,results/tables/error_analysis.csv,,,,,,,,,,,,,,,0.052543,,804.335,,4718.29,,0.387519,,,,,,,,,,,time_of_day,Early morning (05-08),daylight,2253,False,,,,,,,,,,,,,,
S_gradient_boosting_time_of_day_Evening_ramp_(16-18)_1h,RQ3,D_regimes/G_seasonal,within_site_chronological,gradient_boosting,,1h,LSK North,all_daylight,all,full,42,2866,2113.44,3081.98,0.056036,57.5309,0.751028,0.64347,,,,executed,results/tables/error_analysis.csv,,,,,,,,,,,,,,,0.056036,,697.124,,8644.38,,0.64347,,,,,,,,,,,time_of_day,Evening ramp (16-18),daylight,2866,False,,,,,,,,,,,,,,
S_gradient_boosting_time_of_day_Late_evening_(18-20)_1h,RQ3,D_regimes/G_seasonal,within_site_chronological,gradient_boosting,,1h,LSK North,all_daylight,all,full,42,880,850.838,1305.02,0.0237277,135.231,-0.524546,0.754742,,,,executed,results/tables/error_analysis.csv,,,,,,,,,,,,,,,0.0237277,,434.921,,5321.01,,0.754742,,,,,,,,,,,time_of_day,Late evening (18-20),daylight,880,False,,,,,,,,,,,,,,
S_gradient_boosting_time_of_day_Mid-morning_(10-12)_1h,RQ3,D_regimes/G_seasonal,within_site_chronological,gradient_boosting,,1h,LSK North,all_daylight,all,full,42,2920,6355.65,8914.75,0.162086,33.457,0.635369,0.16351,,,,executed,results/tables/error_analysis.csv,,,,,,,,,,,,,,,0.162086,,922.695,,10657.3,,0.16351,,,,,,,,,,,time_of_day,Mid-morning (10-12),daylight,2920,False,,,,,,,,,,,,,,
S_gradient_boosting_time_of_day_Morning_ramp_(08-10)_1h,RQ3,D_regimes/G_seasonal,within_site_chronological,gradient_boosting,,1h,LSK North,all_daylight,all,full,42,2920,4693.77,6472.46,0.117681,44.8359,0.656851,0.31802,,,,executed,results/tables/error_analysis.csv,,,,,,,,,,,,,,,0.117681,,1841.23,,9490.69,,0.31802,,,,,,,,,,,time_of_day,Morning ramp (08-10),daylight,2920,False,,,,,,,,,,,,,,
S_gradient_boosting_time_of_day_Solar_noon_(12-14)_1h,RQ3,D_regimes/G_seasonal,within_site_chronological,gradient_boosting,,1h,LSK North,all_daylight,all,full,42,2920,6558.42,8999.25,0.163623,32.4091,0.646386,0.108643,,,,executed,results/tables/error_analysis.csv,,,,,,,,,,,,,,,0.163623,,436.312,,10096.1,,0.108643,,,,,,,,,,,time_of_day,Solar noon (12-14),daylight,2920,False,,,,,,,,,,,,,,
S_gradient_boosting_power_level_0-10%_of_capacity_1h,RQ3,D_regimes/G_seasonal,within_site_chronological,gradient_boosting,,1h,LSK North,all_daylight,all,full,42,6161,2549.13,4401,0.0800182,92.8118,-5.91343,0.142627,,,,executed,results/tables/error_analysis.csv,,,,,,,,,,,,,,,0.0800182,,2247.3,,5133.12,,0.142627,,,,,,,,,,,power_level,0-10% of capacity,daylight,6161,False,,,,,,,,,,,,,,
S_gradient_boosting_power_level_10-25%_of_capacity_1h,RQ3,D_regimes/G_seasonal,within_site_chronological,gradient_boosting,,1h,LSK North,all_daylight,all,full,42,3746,4873.8,7296.66,0.132667,38.8948,-8.31722,0.209142,,,,executed,results/tables/error_analysis.csv,,,,,,,,,,,,,,,0.132667,,3598.72,,9226.26,,0.209142,,,,,,,,,,,power_level,10-25% of capacity,daylight,3746,False,,,,,,,,,,,,,,
S_gradient_boosting_power_level_25-50%_of_capacity_1h,RQ3,D_regimes/G_seasonal,within_site_chronological,gradient_boosting,,1h,LSK North,all_daylight,all,full,42,3690,5143.92,7025.31,0.127733,24.4401,-2.12313,0.354321,,,,executed,results/tables/error_analysis.csv,,,,,,,,,,,,,,,0.127733,,1680.95,,10880.5,,0.354321,,,,,,,,,,,power_level,25-50% of capacity,daylight,3690,False,,,,,,,,,,,,,,
S_gradient_boosting_power_level_50-75%_of_capacity_1h,RQ3,D_regimes/G_seasonal,within_site_chronological,gradient_boosting,,1h,LSK North,all_daylight,all,full,42,2845,4885.2,6850.71,0.124558,16.123,-2.05338,0.383917,,,,executed,results/tables/error_analysis.csv,,,,,,,,,,,,,,,0.124558,,-2750.93,,11119.8,,0.383917,,,,,,,,,,,power_level,50-75% of capacity,daylight,2845,False,,,,,,,,,,,,,,
S_gradient_boosting_power_level_75-100%_of_capacity_1h,RQ3,D_regimes/G_seasonal,within_site_chronological,gradient_boosting,,1h,LSK North,all_daylight,all,full,42,1233,8454.69,11023.8,0.200433,21.3873,-9.03076,0.149255,,,,executed,results/tables/error_analysis.csv,,,,,,,,,,,,,,,0.200433,,-8298.8,,12957.9,,0.149255,,,,,,,,,,,power_level,75-100% of capacity,daylight,1233,False,,,,,,,,,,,,,,
S_gradient_boosting_ramping_False_1h,RQ3,D_regimes/G_seasonal,within_site_chronological,gradient_boosting,,1h,LSK North,all_daylight,all,full,42,14888,3588.45,5506.49,0.100118,52.3144,0.841291,0.287494,,,,executed,results/tables/error_analysis.csv,,,,,,,,,,,,,,,0.100118,,1026.47,,7728.34,,0.287494,,,,,,,,,,,ramping,False,daylight,14888,False,,,,,,,,,,,,,,
S_gradient_boosting_ramping_True_1h,RQ3,D_regimes/G_seasonal,within_site_chronological,gradient_boosting,,1h,LSK North,all_daylight,all,full,42,2791,8563.49,10935.2,0.198821,36.2616,0.204756,0.246762,,,,executed,results/tables/error_analysis.csv,,,,,,,,,,,,,,,0.198821,,46.3039,,14517.5,,0.246762,,,,,,,,,,,ramping,True,daylight,2791,False,,,,,,,,,,,,,,
S_xgboost_regime_Clear_1h,RQ3,D_regimes/G_seasonal,within_site_chronological,xgboost,,1h,LSK North,Clear,all,full,42,5824,4855.72,6983.63,0.126975,22.8575,0.764106,0.314198,,,,executed,results/tables/error_analysis.csv,,,,,,,,,,,,,,,0.126975,,-1948.29,,10183.2,,0.314198,,,,,,,,,,,regime,Clear,daylight,5824,False,,,,,,,,,,,,,,
S_xgboost_regime_Partly_cloudy_1h,RQ3,D_regimes/G_seasonal,within_site_chronological,xgboost,,1h,LSK North,Partly cloudy,all,full,42,2411,5202.34,7426.74,0.135032,38.6775,0.507773,0.282241,,,,executed,results/tables/error_analysis.csv,,,,,,,,,,,,,,,0.135032,,2150.59,,10347.1,,0.282241,,,,,,,,,,,regime,Partly cloudy,daylight,2411,False,,,,,,,,,,,,,,
S_xgboost_regime_Cloudy_1h,RQ3,D_regimes/G_seasonal,within_site_chronological,xgboost,,1h,LSK North,Cloudy,all,full,42,6012,3448.91,5590.36,0.101643,71.8285,0.124314,0.0189359,,,,executed,results/tables/error_analysis.csv,,,,,,,,,,,,,,,0.101643,,2499.81,,5698.26,,0.0189359,,,,,,,,,,,regime,Cloudy,daylight,6012,False,,,,,,,,,,,,,,
S_xgboost_regime_High-variability_1h,RQ3,D_regimes/G_seasonal,within_site_chronological,xgboost,,1h,LSK North,High-variability,all,full,42,3432,5271.43,8025.99,0.145927,58.4354,0.66372,0.274635,,,,executed,results/tables/error_analysis.csv,,,,,,,,,,,,,,,0.145927,,356.798,,11064.8,,0.274635,,,,,,,,,,,regime,High-variability,daylight,3432,False,,,,,,,,,,,,,,
S_xgboost_regime_Night_1h,RQ3,D_regimes/G_seasonal,within_site_chronological,xgboost,,1h,LSK North,Night,all,full,42,0,,,,,,,,,,executed,results/tables/error_analysis.csv,,,,,,,,,,,,,,,,,,,,,,,,,,,,,,,,regime,Night,daylight,0,True,,,,,,,,,,,,,,
S_xgboost_season_Winter_1h,RQ3,D_regimes/G_seasonal,within_site_chronological,xgboost,,1h,LSK North,all_daylight,Winter,full,42,3950,3147.6,4849.04,0.0881643,37.1375,0.852713,0.344464,,,,executed,results/tables/error_analysis.csv,,,,,,,,,,,,,,,0.0881643,,304.713,,7397.05,,0.344464,,,,,,,,,,,season,Winter,daylight,3950,False,,,,,,,,,,,,,,
S_xgboost_season_Spring_1h,RQ3,D_regimes/G_seasonal,within_site_chronological,xgboost,,1h,LSK North,all_daylight,Spring,full,42,4634,4010.35,6233.72,0.11334,55.5078,0.799513,0.216596,,,,executed,results/tables/error_analysis.csv,,,,,,,,,,,,,,,0.11334,,1034.28,,7957.21,,0.216596,,,,,,,,,,,season,Spring,daylight,4634,False,,,,,,,,,,,,,,
S_xgboost_season_Summer_1h,RQ3,D_regimes/G_seasonal,within_site_chronological,xgboost,,1h,LSK North,all_daylight,Summer,full,42,4859,6466.4,9146.3,0.166296,50.9218,0.655688,0.218372,,,,executed,results/tables/error_analysis.csv,,,,,,,,,,,,,,,0.166296,,720.176,,11701.6,,0.218372,,,,,,,,,,,season,Summer,daylight,4859,False,,,,,,,,,,,,,,
S_xgboost_season_Autumn_1h,RQ3,D_regimes/G_seasonal,within_site_chronological,xgboost,,1h,LSK North,all_daylight,Autumn,full,42,4236,4063.21,5882.09,0.106947,48.9639,0.833699,0.304024,,,,executed,results/tables/error_analysis.csv,,,,,,,,,,,,,,,0.106947,,140.665,,8451.57,,0.304024,,,,,,,,,,,season,Autumn,daylight,4236,False,,,,,,,,,,,,,,
S_xgboost_time_of_day_Afternoon_(14-16)_1h,RQ3,D_regimes/G_seasonal,within_site_chronological,xgboost,,1h,LSK North,all_daylight,all,full,42,2920,5369.99,7351.6,0.133665,35.4806,0.632381,0.269709,,,,executed,results/tables/error_analysis.csv,,,,,,,,,,,,,,,0.133665,,-92.9085,,10066.7,,0.269709,,,,,,,,,,,time_of_day,Afternoon (14-16),daylight,2920,False,,,,,,,,,,,,,,
S_xgboost_time_of_day_Early_morning_(05-08)_1h,RQ3,D_regimes/G_seasonal,within_site_chronological,xgboost,,1h,LSK North,all_daylight,all,full,42,2253,1704.81,2524.98,0.0459088,71.3145,0.685352,0.464853,,,,executed,results/tables/error_analysis.csv,,,,,,,,,,,,,,,0.0459088,,601.254,,4718.29,,0.464853,,,,,,,,,,,time_of_day,Early morning (05-08),daylight,2253,False,,,,,,,,,,,,,,
S_xgboost_time_of_day_Evening_ramp_(16-18)_1h,RQ3,D_regimes/G_seasonal,within_site_chronological,xgboost,,1h,LSK North,all_daylight,all,full,42,2866,2134.77,3125.55,0.0568282,55.4345,0.743938,0.638429,,,,executed,results/tables/error_analysis.csv,,,,,,,,,,,,,,,0.0568282,,434.999,,8644.38,,0.638429,,,,,,,,,,,time_of_day,Evening ramp (16-18),daylight,2866,False,,,,,,,,,,,,,,
S_xgboost_time_of_day_Late_evening_(18-20)_1h,RQ3,D_regimes/G_seasonal,within_site_chronological,xgboost,,1h,LSK North,all_daylight,all,full,42,880,703.346,1019.23,0.0185315,130.049,0.0700651,0.808451,,,,executed,results/tables/error_analysis.csv,,,,,,,,,,,,,,,0.0185315,,311.477,,5321.01,,0.808451,,,,,,,,,,,time_of_day,Late evening (18-20),daylight,880,False,,,,,,,,,,,,,,
S_xgboost_time_of_day_Mid-morning_(10-12)_1h,RQ3,D_regimes/G_seasonal,within_site_chronological,xgboost,,1h,LSK North,all_daylight,all,full,42,2920,6605.74,9096.48,0.165391,33.5753,0.620351,0.146458,,,,executed,results/tables/error_analysis.csv,,,,,,,,,,,,,,,0.165391,,671.652,,10657.3,,0.146458,,,,,,,,,,,time_of_day,Mid-morning (10-12),daylight,2920,False,,,,,,,,,,,,,,
S_xgboost_time_of_day_Morning_ramp_(08-10)_1h,RQ3,D_regimes/G_seasonal,within_site_chronological,xgboost,,1h,LSK North,all_daylight,all,full,42,2920,4723.39,6653.9,0.12098,42.1514,0.637343,0.298903,,,,executed,results/tables/error_analysis.csv,,,,,,,,,,,,,,,0.12098,,1803.75,,9490.69,,0.298903,,,,,,,,,,,time_of_day,Morning ramp (08-10),daylight,2920,False,,,,,,,,,,,,,,
S_xgboost_time_of_day_Solar_noon_(12-14)_1h,RQ3,D_regimes/G_seasonal,within_site_chronological,xgboost,,1h,LSK North,all_daylight,all,full,42,2920,6955.27,9326.65,0.169576,34.2608,0.620188,0.0762146,,,,executed,results/tables/error_analysis.csv,,,,,,,,,,,,,,,0.169576,,88.8168,,10096.1,,0.0762146,,,,,,,,,,,time_of_day,Solar noon (12-14),daylight,2920,False,,,,,,,,,,,,,,
S_xgboost_power_level_0-10%_of_capacity_1h,RQ3,D_regimes/G_seasonal,within_site_chronological,xgboost,,1h,LSK North,all_daylight,all,full,42,6161,2309.38,4258.84,0.0774335,87.2688,-5.47402,0.170321,,,,executed,results/tables/error_analysis.csv,,,,,,,,,,,,,,,0.0774335,,2005.66,,5133.12,,0.170321,,,,,,,,,,,power_level,0-10% of capacity,daylight,6161,False,,,,,,,,,,,,,,
S_xgboost_power_level_10-25%_of_capacity_1h,RQ3,D_regimes/G_seasonal,within_site_chronological,xgboost,,1h,LSK North,all_daylight,all,full,42,3746,5026.56,7481.68,0.136031,39.336,-8.79571,0.189089,,,,executed,results/tables/error_analysis.csv,,,,,,,,,,,,,,,0.136031,,3760.57,,9226.26,,0.189089,,,,,,,,,,,power_level,10-25% of capacity,daylight,3746,False,,,,,,,,,,,,,,
S_xgboost_power_level_25-50%_of_capacity_1h,RQ3,D_regimes/G_seasonal,within_site_chronological,xgboost,,1h,LSK North,all_daylight,all,full,42,3690,5224.05,6985.8,0.127015,24.9902,-2.08811,0.357952,,,,executed,results/tables/error_analysis.csv,,,,,,,,,,,,,,,0.127015,,1479.04,,10880.5,,0.357952,,,,,,,,,,,power_level,25-50% of capacity,daylight,3690,False,,,,,,,,,,,,,,
S_xgboost_power_level_50-75%_of_capacity_1h,RQ3,D_regimes/G_seasonal,within_site_chronological,xgboost,,1h,LSK North,all_daylight,all,full,42,2845,5473.34,7264.34,0.132079,18.1437,-2.43323,0.346719,,,,executed,results/tables/error_analysis.csv,,,,,,,,,,,,,,,0.132079,,-3681.84,,11119.8,,0.346719,,,,,,,,,,,power_level,50-75% of capacity,daylight,2845,False,,,,,,,,,,,,,,
S_xgboost_power_level_75-100%_of_capacity_1h,RQ3,D_regimes/G_seasonal,within_site_chronological,xgboost,,1h,LSK North,all_daylight,all,full,42,1233,9472.84,11855.5,0.215554,24.1475,-10.6013,0.0850745,,,,executed,results/tables/error_analysis.csv,,,,,,,,,,,,,,,0.215554,,-9142.06,,12957.9,,0.0850745,,,,,,,,,,,power_level,75-100% of capacity,daylight,1233,False,,,,,,,,,,,,,,
S_xgboost_ramping_False_1h,RQ3,D_regimes/G_seasonal,within_site_chronological,xgboost,,1h,LSK North,all_daylight,all,full,42,14888,3737.39,5751.85,0.104579,50.8722,0.826833,0.255746,,,,executed,results/tables/error_analysis.csv,,,,,,,,,,,,,,,0.104579,,743.427,,7728.34,,0.255746,,,,,,,,,,,ramping,False,daylight,14888,False,,,,,,,,,,,,,,
S_xgboost_ramping_True_1h,RQ3,D_regimes/G_seasonal,within_site_chronological,xgboost,,1h,LSK North,all_daylight,all,full,42,2791,8601.49,10930.2,0.198731,36.3209,0.205474,0.247103,,,,executed,results/tables/error_analysis.csv,,,,,,,,,,,,,,,0.198731,,-349.862,,14517.5,,0.247103,,,,,,,,,,,ramping,True,daylight,2791,False,,,,,,,,,,,,,,
S_lstm_regime_Clear_1h,RQ3,D_regimes/G_seasonal,within_site_chronological,lstm,,1h,LSK North,Clear,all,full,42,5824,7768.51,10246.8,0.186306,38.3978,0.492151,-0.00625331,,,,executed,results/tables/error_analysis.csv,,,,,,,,,,,,,,,0.186306,,-5363.83,,10183.2,,-0.00625331,,,,,,,,,,,regime,Clear,daylight,5824,False,,,,,,,,,,,,,,
S_lstm_regime_Partly_cloudy_1h,RQ3,D_regimes/G_seasonal,within_site_chronological,lstm,,1h,LSK North,Partly cloudy,all,full,42,2411,6364.27,8482.98,0.154236,50.5941,0.357806,0.18016,,,,executed,results/tables/error_analysis.csv,,,,,,,,,,,,,,,0.154236,,1787.98,,10347.1,,0.18016,,,,,,,,,,,regime,Partly cloudy,daylight,2411,False,,,,,,,,,,,,,,
S_lstm_regime_Cloudy_1h,RQ3,D_regimes/G_seasonal,within_site_chronological,lstm,,1h,LSK North,Cloudy,all,full,42,6012,5873.64,8436.48,0.15339,95.6929,-0.994303,-0.480535,,,,executed,results/tables/error_analysis.csv,,,,,,,,,,,,,,,0.15339,,4493.85,,5698.26,,-0.480535,,,,,,,,,,,regime,Cloudy,daylight,6012,False,,,,,,,,,,,,,,
S_lstm_regime_High-variability_1h,RQ3,D_regimes/G_seasonal,within_site_chronological,lstm,,1h,LSK North,High-variability,all,full,42,3432,6806.28,9415.7,0.171195,70.5651,0.537184,0.149038,,,,executed,results/tables/error_analysis.csv,,,,,,,,,,,,,,,0.171195,,-2175.91,,11064.8,,0.149038,,,,,,,,,,,regime,High-variability,daylight,3432,False,,,,,,,,,,,,,,
S_lstm_regime_Night_1h,RQ3,D_regimes/G_seasonal,within_site_chronological,lstm,,1h,LSK North,Night,all,full,42,0,,,,,,,,,,executed,results/tables/error_analysis.csv,,,,,,,,,,,,,,,,,,,,,,,,,,,,,,,,regime,Night,daylight,0,True,,,,,,,,,,,,,,
S_lstm_season_Winter_1h,RQ3,D_regimes/G_seasonal,within_site_chronological,lstm,,1h,LSK North,all_daylight,Winter,full,42,3950,5749.53,7626.1,0.138656,56.2574,0.635701,-0.030965,,,,executed,results/tables/error_analysis.csv,,,,,,,,,,,,,,,0.138656,,1617.3,,7397.05,,-0.030965,,,,,,,,,,,season,Winter,daylight,3950,False,,,,,,,,,,,,,,
S_lstm_season_Spring_1h,RQ3,D_regimes/G_seasonal,within_site_chronological,lstm,,1h,LSK North,all_daylight,Spring,full,42,4634,6491.78,8941.3,0.162569,75.5203,0.587529,-0.123672,,,,executed,results/tables/error_analysis.csv,,,,,,,,,,,,,,,0.162569,,348.198,,7957.21,,-0.123672,,,,,,,,,,,season,Spring,daylight,4634,False,,,,,,,,,,,,,,
S_lstm_season_Summer_1h,RQ3,D_regimes/G_seasonal,within_site_chronological,lstm,,1h,LSK North,all_daylight,Summer,full,42,4859,8269.29,11211.8,0.203851,65.4895,0.48262,0.0418598,,,,executed,results/tables/error_analysis.csv,,,,,,,,,,,,,,,0.203851,,-3030.04,,11701.6,,0.0418598,,,,,,,,,,,season,Summer,daylight,4859,False,,,,,,,,,,,,,,
S_lstm_season_Autumn_1h,RQ3,D_regimes/G_seasonal,within_site_chronological,lstm,,1h,LSK North,all_daylight,Autumn,full,42,4236,6205.27,8501.76,0.154578,64.378,0.652584,-0.00593945,,,,executed,results/tables/error_analysis.csv,,,,,,,,,,,,,,,0.154578,,-155.278,,8451.57,,-0.00593945,,,,,,,,,,,season,Autumn,daylight,4236,False,,,,,,,,,,,,,,
S_lstm_time_of_day_Afternoon_(14-16)_1h,RQ3,D_regimes/G_seasonal,within_site_chronological,lstm,,1h,LSK North,all_daylight,all,full,42,2920,8574.35,10859.1,0.197438,53.8626,0.197914,-0.0787165,,,,executed,results/tables/error_analysis.csv,,,,,,,,,,,,,,,0.197438,,-274.419,,10066.7,,-0.0787165,,,,,,,,,,,time_of_day,Afternoon (14-16),daylight,2920,False,,,,,,,,,,,,,,
S_lstm_time_of_day_Early_morning_(05-08)_1h,RQ3,D_regimes/G_seasonal,within_site_chronological,lstm,,1h,LSK North,all_daylight,all,full,42,2253,2096.26,3204.34,0.0582606,88.7023,0.493261,0.32087,,,,executed,results/tables/error_analysis.csv,,,,,,,,,,,,,,,0.0582606,,-339.374,,4718.29,,0.32087,,,,,,,,,,,time_of_day,Early morning (05-08),daylight,2253,False,,,,,,,,,,,,,,
S_lstm_time_of_day_Evening_ramp_(16-18)_1h,RQ3,D_regimes/G_seasonal,within_site_chronological,lstm,,1h,LSK North,all_daylight,all,full,42,2866,4392.73,6234.03,0.113346,79.9788,-0.0186605,0.278834,,,,executed,results/tables/error_analysis.csv,,,,,,,,,,,,,,,0.113346,,1456.98,,8644.38,,0.278834,,,,,,,,,,,time_of_day,Evening ramp (16-18),daylight,2866,False,,,,,,,,,,,,,,
S_lstm_time_of_day_Late_evening_(18-20)_1h,RQ3,D_regimes/G_seasonal,within_site_chronological,lstm,,1h,LSK North,all_daylight,all,full,42,880,1769.01,2784.93,0.050635,142.772,-5.94276,0.476617,,,,executed,results/tables/error_analysis.csv,,,,,,,,,,,,,,,0.050635,,1546.57,,5321.01,,0.476617,,,,,,,,,,,time_of_day,Late evening (18-20),daylight,880,False,,,,,,,,,,,,,,
S_lstm_time_of_day_Mid-morning_(10-12)_1h,RQ3,D_regimes/G_seasonal,within_site_chronological,lstm,,1h,LSK North,all_daylight,all,full,42,2920,9341.33,11400.7,0.207285,47.4219,0.403658,-0.0697477,,,,executed,results/tables/error_analysis.csv,,,,,,,,,,,,,,,0.207285,,-220.81,,10657.3,,-0.0697477,,,,,,,,,,,time_of_day,Mid-morning (10-12),daylight,2920,False,,,,,,,,,,,,,,
S_lstm_time_of_day_Morning_ramp_(08-10)_1h,RQ3,D_regimes/G_seasonal,within_site_chronological,lstm,,1h,LSK North,all_daylight,all,full,42,2920,6278.07,8381.06,0.152383,59.04,0.424639,0.116919,,,,executed,results/tables/error_analysis.csv,,,,,,,,,,,,,,,0.152383,,-1239.01,,9490.69,,0.116919,,,,,,,,,,,time_of_day,Morning ramp (08-10),daylight,2920,False,,,,,,,,,,,,,,
S_lstm_time_of_day_Solar_noon_(12-14)_1h,RQ3,D_regimes/G_seasonal,within_site_chronological,lstm,,1h,LSK North,all_daylight,all,full,42,2920,10186.5,12370.8,0.224924,48.0288,0.331786,-0.225306,,,,executed,results/tables/error_analysis.csv,,,,,,,,,,,,,,,0.224924,,-2427.03,,10096.1,,-0.225306,,,,,,,,,,,time_of_day,Solar noon (12-14),daylight,2920,False,,,,,,,,,,,,,,
S_lstm_power_level_0-10%_of_capacity_1h,RQ3,D_regimes/G_seasonal,within_site_chronological,lstm,,1h,LSK North,all_daylight,all,full,42,6161,4133.01,6779.56,0.123265,111.52,-15.4057,-0.320748,,,,executed,results/tables/error_analysis.csv,,,,,,,,,,,,,,,0.123265,,3201.41,,5133.12,,-0.320748,,,,,,,,,,,power_level,0-10% of capacity,daylight,6161,False,,,,,,,,,,,,,,
S_lstm_power_level_10-25%_of_capacity_1h,RQ3,D_regimes/G_seasonal,within_site_chronological,lstm,,1h,LSK North,all_daylight,all,full,42,3746,6991.44,8983,0.163327,57.3667,-13.1215,0.0263659,,,,executed,results/tables/error_analysis.csv,,,,,,,,,,,,,,,0.163327,,4853.22,,9226.26,,0.0263659,,,,,,,,,,,power_level,10-25% of capacity,daylight,3746,False,,,,,,,,,,,,,,
S_lstm_power_level_25-50%_of_capacity_1h,RQ3,D_regimes/G_seasonal,within_site_chronological,lstm,,1h,LSK North,all_daylight,all,full,42,3690,5658.2,7059.46,0.128354,30.5877,-2.15357,0.351182,,,,executed,results/tables/error_analysis.csv,,,,,,,,,,,,,,,0.128354,,229.782,,10880.5,,0.351182,,,,,,,,,,,power_level,25-50% of capacity,daylight,3690,False,,,,,,,,,,,,,,
S_lstm_power_level_50-75%_of_capacity_1h,RQ3,D_regimes/G_seasonal,within_site_chronological,lstm,,1h,LSK North,all_daylight,all,full,42,2845,8827.67,10637,0.1934,31.3554,-6.36118,0.0434165,,,,executed,results/tables/error_analysis.csv,,,,,,,,,,,,,,,0.1934,,-8617.97,,11119.8,,0.0434165,,,,,,,,,,,power_level,50-75% of capacity,daylight,2845,False,,,,,,,,,,,,,,
S_lstm_power_level_75-100%_of_capacity_1h,RQ3,D_regimes/G_seasonal,within_site_chronological,lstm,,1h,LSK North,all_daylight,all,full,42,1233,17438.7,18517.2,0.336677,47.6745,-27.3022,-0.429033,,,,executed,results/tables/error_analysis.csv,,,,,,,,,,,,,,,0.336677,,-17438.7,,12957.9,,-0.429033,,,,,,,,,,,power_level,75-100% of capacity,daylight,1233,False,,,,,,,,,,,,,,
S_lstm_ramping_False_1h,RQ3,D_regimes/G_seasonal,within_site_chronological,lstm,,1h,LSK North,all_daylight,all,full,42,14888,6169.4,8575.57,0.15592,70.0003,0.615074,-0.109627,,,,executed,results/tables/error_analysis.csv,,,,,,,,,,,,,,,0.15592,,289.723,,7728.34,,-0.109627,,,,,,,,,,,ramping,False,daylight,14888,False,,,,,,,,,,,,,,
S_lstm_ramping_True_1h,RQ3,D_regimes/G_seasonal,within_site_chronological,lstm,,1h,LSK North,all_daylight,all,full,42,2791,9820.69,12300.7,0.223649,43.3291,-0.00626153,0.1527,,,,executed,results/tables/error_analysis.csv,,,,,,,,,,,,,,,0.223649,,-4189.26,,14517.5,,0.1527,,,,,,,,,,,ramping,True,daylight,2791,False,,,,,,,,,,,,,,
S_gru_regime_Clear_1h,RQ3,D_regimes/G_seasonal,within_site_chronological,gru,,1h,LSK North,Clear,all,full,42,5824,8948.1,11825.6,0.215012,45.9037,0.323601,-0.161292,,,,executed,results/tables/error_analysis.csv,,,,,,,,,,,,,,,0.215012,,-7211.42,,10183.2,,-0.161292,,,,,,,,,,,regime,Clear,daylight,5824,False,,,,,,,,,,,,,,
S_gru_regime_Partly_cloudy_1h,RQ3,D_regimes/G_seasonal,within_site_chronological,gru,,1h,LSK North,Partly cloudy,all,full,42,2411,6164.12,8264.08,0.150256,51.3498,0.390522,0.201316,,,,executed,results/tables/error_analysis.csv,,,,,,,,,,,,,,,0.150256,,603.451,,10347.1,,0.201316,,,,,,,,,,,regime,Partly cloudy,daylight,2411,False,,,,,,,,,,,,,,
S_gru_regime_Cloudy_1h,RQ3,D_regimes/G_seasonal,within_site_chronological,gru,,1h,LSK North,Cloudy,all,full,42,6012,5324.18,7572.14,0.137675,97.7761,-0.606595,-0.328851,,,,executed,results/tables/error_analysis.csv,,,,,,,,,,,,,,,0.137675,,3601.05,,5698.26,,-0.328851,,,,,,,,,,,regime,Cloudy,daylight,6012,False,,,,,,,,,,,,,,
S_gru_regime_High-variability_1h,RQ3,D_regimes/G_seasonal,within_site_chronological,gru,,1h,LSK North,High-variability,all,full,42,3432,6663.78,9494.17,0.172621,68.9536,0.529438,0.141946,,,,executed,results/tables/error_analysis.csv,,,,,,,,,,,,,,,0.172621,,-2235.85,,11064.8,,0.141946,,,,,,,,,,,regime,High-variability,daylight,3432,False,,,,,,,,,,,,,,
S_gru_regime_Night_1h,RQ3,D_regimes/G_seasonal,within_site_chronological,gru,,1h,LSK North,Night,all,full,42,0,,,,,,,,,,executed,results/tables/error_analysis.csv,,,,,,,,,,,,,,,,,,,,,,,,,,,,,,,,regime,Night,daylight,0,True,,,,,,,,,,,,,,
S_gru_season_Winter_1h,RQ3,D_regimes/G_seasonal,within_site_chronological,gru,,1h,LSK North,all_daylight,Winter,full,42,3950,5670.93,7611.95,0.138399,59.6185,0.637052,-0.0290517,,,,executed,results/tables/error_analysis.csv,,,,,,,,,,,,,,,0.138399,,973.481,,7397.05,,-0.0290517,,,,,,,,,,,season,Winter,daylight,3950,False,,,,,,,,,,,,,,
S_gru_season_Spring_1h,RQ3,D_regimes/G_seasonal,within_site_chronological,gru,,1h,LSK North,all_daylight,Spring,full,42,4634,6580.57,9096.9,0.165398,78.2807,0.573048,-0.143227,,,,executed,results/tables/error_analysis.csv,,,,,,,,,,,,,,,0.165398,,-815.128,,7957.21,,-0.143227,,,,,,,,,,,season,Spring,daylight,4634,False,,,,,,,,,,,,,,
S_gru_season_Summer_1h,RQ3,D_regimes/G_seasonal,within_site_chronological,gru,,1h,LSK North,all_daylight,Summer,full,42,4859,8798.47,12108.7,0.220158,68.5142,0.396532,-0.0347886,,,,executed,results/tables/error_analysis.csv,,,,,,,,,,,,,,,0.220158,,-4392.92,,11701.6,,-0.0347886,,,,,,,,,,,season,Summer,daylight,4859,False,,,,,,,,,,,,,,
S_gru_season_Autumn_1h,RQ3,D_regimes/G_seasonal,within_site_chronological,gru,,1h,LSK North,all_daylight,Autumn,full,42,4236,6187,8532.71,0.15514,67.1554,0.65005,-0.0096012,,,,executed,results/tables/error_analysis.csv,,,,,,,,,,,,,,,0.15514,,-1249.07,,8451.57,,-0.0096012,,,,,,,,,,,season,Autumn,daylight,4236,False,,,,,,,,,,,,,,
S_gru_time_of_day_Afternoon_(14-16)_1h,RQ3,D_regimes/G_seasonal,within_site_chronological,gru,,1h,LSK North,all_daylight,all,full,42,2920,8899.91,11422.1,0.207675,56.3064,0.112583,-0.134647,,,,executed,results/tables/error_analysis.csv,,,,,,,,,,,,,,,0.207675,,-3103.4,,10066.7,,-0.134647,,,,,,,,,,,time_of_day,Afternoon (14-16),daylight,2920,False,,,,,,,,,,,,,,
S_gru_time_of_day_Early_morning_(05-08)_1h,RQ3,D_regimes/G_seasonal,within_site_chronological,gru,,1h,LSK North,all_daylight,all,full,42,2253,2167.45,3130.34,0.0569153,97.0697,0.516394,0.336552,,,,executed,results/tables/error_analysis.csv,,,,,,,,,,,,,,,0.0569153,,-263.312,,4718.29,,0.336552,,,,,,,,,,,time_of_day,Early morning (05-08),daylight,2253,False,,,,,,,,,,,,,,
S_gru_time_of_day_Evening_ramp_(16-18)_1h,RQ3,D_regimes/G_seasonal,within_site_chronological,gru,,1h,LSK North,all_daylight,all,full,42,2866,4323.66,5995.46,0.109008,87.45,0.0578156,0.306433,,,,executed,results/tables/error_analysis.csv,,,,,,,,,,,,,,,0.109008,,-911.593,,8644.38,,0.306433,,,,,,,,,,,time_of_day,Evening ramp (16-18),daylight,2866,False,,,,,,,,,,,,,,
S_gru_time_of_day_Late_evening_(18-20)_1h,RQ3,D_regimes/G_seasonal,within_site_chronological,gru,,1h,LSK North,all_daylight,all,full,42,880,1525.62,2177.95,0.0395991,139.688,-3.2462,0.590689,,,,executed,results/tables/error_analysis.csv,,,,,,,,,,,,,,,0.0395991,,1133.74,,5321.01,,0.590689,,,,,,,,,,,time_of_day,Late evening (18-20),daylight,880,False,,,,,,,,,,,,,,
S_gru_time_of_day_Mid-morning_(10-12)_1h,RQ3,D_regimes/G_seasonal,within_site_chronological,gru,,1h,LSK North,all_daylight,all,full,42,2920,9666.39,12000.8,0.218197,49.3646,0.339216,-0.126065,,,,executed,results/tables/error_analysis.csv,,,,,,,,,,,,,,,0.218197,,-3184.15,,10657.3,,-0.126065,,,,,,,,,,,time_of_day,Mid-morning (10-12),daylight,2920,False,,,,,,,,,,,,,,
S_gru_time_of_day_Morning_ramp_(08-10)_1h,RQ3,D_regimes/G_seasonal,within_site_chronological,gru,,1h,LSK North,all_daylight,all,full,42,2920,6287.75,8277.65,0.150503,58.5925,0.43875,0.127814,,,,executed,results/tables/error_analysis.csv,,,,,,,,,,,,,,,0.150503,,1111.97,,9490.69,,0.127814,,,,,,,,,,,time_of_day,Morning ramp (08-10),daylight,2920,False,,,,,,,,,,,,,,
S_gru_time_of_day_Solar_noon_(12-14)_1h,RQ3,D_regimes/G_seasonal,within_site_chronological,gru,,1h,LSK North,all_daylight,all,full,42,2920,10501.1,13116.3,0.238477,49.2197,0.248832,-0.299137,,,,executed,results/tables/error_analysis.csv,,,,,,,,,,,,,,,0.238477,,-3166.93,,10096.1,,-0.299137,,,,,,,,,,,time_of_day,Solar noon (12-14),daylight,2920,False,,,,,,,,,,,,,,
S_gru_power_level_0-10%_of_capacity_1h,RQ3,D_regimes/G_seasonal,within_site_chronological,gru,,1h,LSK North,all_daylight,all,full,42,6161,3703.72,5928.25,0.107786,113.319,-11.5442,-0.154903,,,,executed,results/tables/error_analysis.csv,,,,,,,,,,,,,,,0.107786,,2556.93,,5133.12,,-0.154903,,,,,,,,,,,power_level,0-10% of capacity,daylight,6161,False,,,,,,,,,,,,,,
S_gru_power_level_10-25%_of_capacity_1h,RQ3,D_regimes/G_seasonal,within_site_chronological,gru,,1h,LSK North,all_daylight,all,full,42,3746,6371.49,8031.89,0.146034,57.8088,-10.2895,0.129454,,,,executed,results/tables/error_analysis.csv,,,,,,,,,,,,,,,0.146034,,3574.61,,9226.26,,0.129454,,,,,,,,,,,power_level,10-25% of capacity,daylight,3746,False,,,,,,,,,,,,,,
S_gru_power_level_25-50%_of_capacity_1h,RQ3,D_regimes/G_seasonal,within_site_chronological,gru,,1h,LSK North,all_daylight,all,full,42,3690,5950.16,7533.31,0.136969,34.2094,-2.59113,0.307631,,,,executed,results/tables/error_analysis.csv,,,,,,,,,,,,,,,0.136969,,-870.467,,10880.5,,0.307631,,,,,,,,,,,power_level,25-50% of capacity,daylight,3690,False,,,,,,,,,,,,,,
S_gru_power_level_50-75%_of_capacity_1h,RQ3,D_regimes/G_seasonal,within_site_chronological,gru,,1h,LSK North,all_daylight,all,full,42,2845,10016,12057.4,0.219225,36.8228,-8.45831,-0.0843162,,,,executed,results/tables/error_analysis.csv,,,,,,,,,,,,,,,0.219225,,-9765.67,,11119.8,,-0.0843162,,,,,,,,,,,power_level,50-75% of capacity,daylight,2845,False,,,,,,,,,,,,,,
S_gru_power_level_75-100%_of_capacity_1h,RQ3,D_regimes/G_seasonal,within_site_chronological,gru,,1h,LSK North,all_daylight,all,full,42,1233,19938.3,21073.4,0.383153,56.4271,-35.6555,-0.626304,,,,executed,results/tables/error_analysis.csv,,,,,,,,,,,,,,,0.383153,,-19938.3,,12957.9,,-0.626304,,,,,,,,,,,power_level,75-100% of capacity,daylight,1233,False,,,,,,,,,,,,,,
S_gru_ramping_False_1h,RQ3,D_regimes/G_seasonal,within_site_chronological,gru,,1h,LSK North,all_daylight,all,full,42,14888,6228.71,8793.08,0.159874,72.9288,0.5953,-0.137771,,,,executed,results/tables/error_analysis.csv,,,,,,,,,,,,,,,0.159874,,-678.027,,7728.34,,-0.137771,,,,,,,,,,,ramping,False,daylight,14888,False,,,,,,,,,,,,,,
S_gru_ramping_True_1h,RQ3,D_regimes/G_seasonal,within_site_chronological,gru,,1h,LSK North,all_daylight,all,full,42,2791,10434,13142.5,0.238955,46.5287,-0.1487,0.0947152,,,,executed,results/tables/error_analysis.csv,,,,,,,,,,,,,,,0.238955,,-5902.48,,14517.5,,0.0947152,,,,,,,,,,,ramping,True,daylight,2791,False,,,,,,,,,,,,,,
S_cnn_lstm_regime_Clear_1h,RQ3,D_regimes/G_seasonal,within_site_chronological,cnn_lstm,,1h,LSK North,Clear,all,full,42,5824,4372.83,6864.88,0.124816,24.6271,0.77206,0.32586,,,,executed,results/tables/error_analysis.csv,,,,,,,,,,,,,,,0.124816,,-301.996,,10183.2,,0.32586,,,,,,,,,,,regime,Clear,daylight,5824,False,,,,,,,,,,,,,,
S_cnn_lstm_regime_Partly_cloudy_1h,RQ3,D_regimes/G_seasonal,within_site_chronological,cnn_lstm,,1h,LSK North,Partly cloudy,all,full,42,2411,5368.65,7841.91,0.14258,41.659,0.451202,0.242116,,,,executed,results/tables/error_analysis.csv,,,,,,,,,,,,,,,0.14258,,1065.37,,10347.1,,0.242116,,,,,,,,,,,regime,Partly cloudy,daylight,2411,False,,,,,,,,,,,,,,
S_cnn_lstm_regime_Cloudy_1h,RQ3,D_regimes/G_seasonal,within_site_chronological,cnn_lstm,,1h,LSK North,Cloudy,all,full,42,6012,2861.92,5051.55,0.0918464,68.7513,0.284979,0.113492,,,,executed,results/tables/error_analysis.csv,,,,,,,,,,,,,,,0.0918464,,1186.55,,5698.26,,0.113492,,,,,,,,,,,regime,Cloudy,daylight,6012,False,,,,,,,,,,,,,,
S_cnn_lstm_regime_High-variability_1h,RQ3,D_regimes/G_seasonal,within_site_chronological,cnn_lstm,,1h,LSK North,High-variability,all,full,42,3432,5251.03,8466.29,0.153933,55.319,0.625812,0.234842,,,,executed,results/tables/error_analysis.csv,,,,,,,,,,,,,,,0.153933,,-265.593,,11064.8,,0.234842,,,,,,,,,,,regime,High-variability,daylight,3432,False,,,,,,,,,,,,,,
S_cnn_lstm_regime_Night_1h,RQ3,D_regimes/G_seasonal,within_site_chronological,cnn_lstm,,1h,LSK North,Night,all,full,42,0,,,,,,,,,,executed,results/tables/error_analysis.csv,,,,,,,,,,,,,,,,,,,,,,,,,,,,,,,,regime,Night,daylight,0,True,,,,,,,,,,,,,,
S_cnn_lstm_season_Winter_1h,RQ3,D_regimes/G_seasonal,within_site_chronological,cnn_lstm,,1h,LSK North,all_daylight,Winter,full,42,3950,3005.9,4779,0.0868909,39.1346,0.856937,0.353932,,,,executed,results/tables/error_analysis.csv,,,,,,,,,,,,,,,0.0868909,,428.805,,7397.05,,0.353932,,,,,,,,,,,season,Winter,daylight,3950,False,,,,,,,,,,,,,,
S_cnn_lstm_season_Spring_1h,RQ3,D_regimes/G_seasonal,within_site_chronological,cnn_lstm,,1h,LSK North,all_daylight,Spring,full,42,4634,3700.28,6283.02,0.114237,53.6442,0.796329,0.2104,,,,executed,results/tables/error_analysis.csv,,,,,,,,,,,,,,,0.114237,,80.7407,,7957.21,,0.2104,,,,,,,,,,,season,Spring,daylight,4634,False,,,,,,,,,,,,,,
S_cnn_lstm_season_Summer_1h,RQ3,D_regimes/G_seasonal,within_site_chronological,cnn_lstm,,1h,LSK North,all_daylight,Summer,full,42,4859,6087.65,9184.05,0.166983,51.7768,0.652841,0.215147,,,,executed,results/tables/error_analysis.csv,,,,,,,,,,,,,,,0.166983,,595.88,,11701.6,,0.215147,,,,,,,,,,,season,Summer,daylight,4859,False,,,,,,,,,,,,,,
S_cnn_lstm_season_Autumn_1h,RQ3,D_regimes/G_seasonal,within_site_chronological,cnn_lstm,,1h,LSK North,all_daylight,Autumn,full,42,4236,3550.12,5731.61,0.104211,45.3973,0.842099,0.321829,,,,executed,results/tables/error_analysis.csv,,,,,,,,,,,,,,,0.104211,,488.314,,8451.57,,0.321829,,,,,,,,,,,season,Autumn,daylight,4236,False,,,,,,,,,,,,,,
S_cnn_lstm_time_of_day_Afternoon_(14-16)_1h,RQ3,D_regimes/G_seasonal,within_site_chronological,cnn_lstm,,1h,LSK North,all_daylight,all,full,42,2920,4976.29,7519.16,0.136712,33.7851,0.615432,0.253064,,,,executed,results/tables/error_analysis.csv,,,,,,,,,,,,,,,0.136712,,141.198,,10066.7,,0.253064,,,,,,,,,,,time_of_day,Afternoon (14-16),daylight,2920,False,,,,,,,,,,,,,,
S_cnn_lstm_time_of_day_Early_morning_(05-08)_1h,RQ3,D_regimes/G_seasonal,within_site_chronological,cnn_lstm,,1h,LSK North,all_daylight,all,full,42,2253,1773.17,2665.86,0.0484702,82.4481,0.649262,0.434995,,,,executed,results/tables/error_analysis.csv,,,,,,,,,,,,,,,0.0484702,,-429.45,,4718.29,,0.434995,,,,,,,,,,,time_of_day,Early morning (05-08),daylight,2253,False,,,,,,,,,,,,,,
S_cnn_lstm_time_of_day_Evening_ramp_(16-18)_1h,RQ3,D_regimes/G_seasonal,within_site_chronological,cnn_lstm,,1h,LSK North,all_daylight,all,full,42,2866,2208.22,3433.79,0.0624326,56.1359,0.690942,0.602772,,,,executed,results/tables/error_analysis.csv,,,,,,,,,,,,,,,0.0624326,,400.587,,8644.38,,0.602772,,,,,,,,,,,time_of_day,Evening ramp (16-18),daylight,2866,False,,,,,,,,,,,,,,
S_cnn_lstm_time_of_day_Late_evening_(18-20)_1h,RQ3,D_regimes/G_seasonal,within_site_chronological,cnn_lstm,,1h,LSK North,all_daylight,all,full,42,880,564.512,1064.83,0.0193605,115.932,-0.0149915,0.799883,,,,executed,results/tables/error_analysis.csv,,,,,,,,,,,,,,,0.0193605,,226.066,,5321.01,,0.799883,,,,,,,,,,,time_of_day,Late evening (18-20),daylight,880,False,,,,,,,,,,,,,,
S_cnn_lstm_time_of_day_Mid-morning_(10-12)_1h,RQ3,D_regimes/G_seasonal,within_site_chronological,cnn_lstm,,1h,LSK North,all_daylight,all,full,42,2920,6074.35,9091.64,0.165303,32.2251,0.620755,0.146912,,,,executed,results/tables/error_analysis.csv,,,,,,,,,,,,,,,0.165303,,710.933,,10657.3,,0.146912,,,,,,,,,,,time_of_day,Mid-morning (10-12),daylight,2920,False,,,,,,,,,,,,,,
S_cnn_lstm_time_of_day_Morning_ramp_(08-10)_1h,RQ3,D_regimes/G_seasonal,within_site_chronological,cnn_lstm,,1h,LSK North,all_daylight,all,full,42,2920,4233.32,6513.48,0.118427,39.1212,0.652488,0.313698,,,,executed,results/tables/error_analysis.csv,,,,,,,,,,,,,,,0.118427,,907.154,,9490.69,,0.313698,,,,,,,,,,,time_of_day,Morning ramp (08-10),daylight,2920,False,,,,,,,,,,,,,,
S_cnn_lstm_time_of_day_Solar_noon_(12-14)_1h,RQ3,D_regimes/G_seasonal,within_site_chronological,cnn_lstm,,1h,LSK North,all_daylight,all,full,42,2920,6229.08,9085.02,0.165182,31.3051,0.639613,0.100148,,,,executed,results/tables/error_analysis.csv,,,,,,,,,,,,,,,0.165182,,518.913,,10096.1,,0.100148,,,,,,,,,,,time_of_day,Solar noon (12-14),daylight,2920,False,,,,,,,,,,,,,,
S_cnn_lstm_power_level_0-10%_of_capacity_1h,RQ3,D_regimes/G_seasonal,within_site_chronological,cnn_lstm,,1h,LSK North,all_daylight,all,full,42,6161,1871.14,3778.22,0.0686949,83.37,-4.09524,0.263953,,,,executed,results/tables/error_analysis.csv,,,,,,,,,,,,,,,0.0686949,,1147.6,,5133.12,,0.263953,,,,,,,,,,,power_level,0-10% of capacity,daylight,6161,False,,,,,,,,,,,,,,
S_cnn_lstm_power_level_10-25%_of_capacity_1h,RQ3,D_regimes/G_seasonal,within_site_chronological,cnn_lstm,,1h,LSK North,all_daylight,all,full,42,3746,4707.35,7295.43,0.132644,41.9058,-8.31408,0.209275,,,,executed,results/tables/error_analysis.csv,,,,,,,,,,,,,,,0.132644,,2443.01,,9226.26,,0.209275,,,,,,,,,,,power_level,10-25% of capacity,daylight,3746,False,,,,,,,,,,,,,,
S_cnn_lstm_power_level_25-50%_of_capacity_1h,RQ3,D_regimes/G_seasonal,within_site_chronological,cnn_lstm,,1h,LSK North,all_daylight,all,full,42,3690,5656.94,7868.52,0.143064,28.0135,-2.91783,0.276823,,,,executed,results/tables/error_analysis.csv,,,,,,,,,,,,,,,0.143064,,1073.6,,10880.5,,0.276823,,,,,,,,,,,power_level,25-50% of capacity,daylight,3690,False,,,,,,,,,,,,,,
S_cnn_lstm_power_level_50-75%_of_capacity_1h,RQ3,D_regimes/G_seasonal,within_site_chronological,cnn_lstm,,1h,LSK North,all_daylight,all,full,42,2845,5349.02,7833.56,0.142428,18.057,-2.99234,0.295529,,,,executed,results/tables/error_analysis.csv,,,,,,,,,,,,,,,0.142428,,-2087.03,,11119.8,,0.295529,,,,,,,,,,,power_level,50-75% of capacity,daylight,2845,False,,,,,,,,,,,,,,
S_cnn_lstm_power_level_75-100%_of_capacity_1h,RQ3,D_regimes/G_seasonal,within_site_chronological,cnn_lstm,,1h,LSK North,all_daylight,all,full,42,1233,6771.28,10320.2,0.18764,17.5328,-7.79109,0.203559,,,,executed,results/tables/error_analysis.csv,,,,,,,,,,,,,,,0.18764,,-5821.85,,12957.9,,0.203559,,,,,,,,,,,power_level,75-100% of capacity,daylight,1233,False,,,,,,,,,,,,,,
S_cnn_lstm_ramping_False_1h,RQ3,D_regimes/G_seasonal,within_site_chronological,cnn_lstm,,1h,LSK North,all_daylight,all,full,42,14888,3227.53,5410.05,0.0983645,49.4064,0.846802,0.299973,,,,executed,results/tables/error_analysis.csv,,,,,,,,,,,,,,,0.0983645,,456.745,,7728.34,,0.299973,,,,,,,,,,,ramping,False,daylight,14888,False,,,,,,,,,,,,,,
S_cnn_lstm_ramping_True_1h,RQ3,D_regimes/G_seasonal,within_site_chronological,cnn_lstm,,1h,LSK North,all_daylight,all,full,42,2791,9167.73,11766.2,0.213931,39.9471,0.0792916,0.189519,,,,executed,results/tables/error_analysis.csv,,,,,,,,,,,,,,,0.213931,,83.0494,,14517.5,,0.189519,,,,,,,,,,,ramping,True,daylight,2791,False,,,,,,,,,,,,,,
S_attention_lstm_regime_Clear_1h,RQ3,D_regimes/G_seasonal,within_site_chronological,attention_lstm,,1h,LSK North,Clear,all,full,42,5824,6937.44,9670.18,0.175821,37.0098,0.547703,0.0503761,,,,executed,results/tables/error_analysis.csv,,,,,,,,,,,,,,,0.175821,,-3190.04,,10183.2,,0.0503761,,,,,,,,,,,regime,Clear,daylight,5824,False,,,,,,,,,,,,,,
S_attention_lstm_regime_Partly_cloudy_1h,RQ3,D_regimes/G_seasonal,within_site_chronological,attention_lstm,,1h,LSK North,Partly cloudy,all,full,42,2411,6965.5,9406.91,0.171035,53.4802,0.210298,0.0908664,,,,executed,results/tables/error_analysis.csv,,,,,,,,,,,,,,,0.171035,,2380.94,,10347.1,,0.0908664,,,,,,,,,,,regime,Partly cloudy,daylight,2411,False,,,,,,,,,,,,,,
S_attention_lstm_regime_Cloudy_1h,RQ3,D_regimes/G_seasonal,within_site_chronological,attention_lstm,,1h,LSK North,Cloudy,all,full,42,6012,5135.78,7887.43,0.143408,90.9464,-0.74317,-0.384181,,,,executed,results/tables/error_analysis.csv,,,,,,,,,,,,,,,0.143408,,3732.93,,5698.26,,-0.384181,,,,,,,,,,,regime,Cloudy,daylight,6012,False,,,,,,,,,,,,,,
S_attention_lstm_regime_High-variability_1h,RQ3,D_regimes/G_seasonal,within_site_chronological,attention_lstm,,1h,LSK North,High-variability,all,full,42,3432,6467.89,9788.68,0.177976,68.448,0.499791,0.115328,,,,executed,results/tables/error_analysis.csv,,,,,,,,,,,,,,,0.177976,,-1682.79,,11064.8,,0.115328,,,,,,,,,,,regime,High-variability,daylight,3432,False,,,,,,,,,,,,,,
S_attention_lstm_regime_Night_1h,RQ3,D_regimes/G_seasonal,within_site_chronological,attention_lstm,,1h,LSK North,Night,all,full,42,0,,,,,,,,,,executed,results/tables/error_analysis.csv,,,,,,,,,,,,,,,,,,,,,,,,,,,,,,,,regime,Night,daylight,0,True,,,,,,,,,,,,,,
S_attention_lstm_season_Winter_1h,RQ3,D_regimes/G_seasonal,within_site_chronological,attention_lstm,,1h,LSK North,all_daylight,Winter,full,42,3950,5498.07,7798.48,0.14179,51.895,0.619046,-0.0542679,,,,executed,results/tables/error_analysis.csv,,,,,,,,,,,,,,,0.14179,,2690.93,,7397.05,,-0.0542679,,,,,,,,,,,season,Winter,daylight,3950,False,,,,,,,,,,,,,,
S_attention_lstm_season_Spring_1h,RQ3,D_regimes/G_seasonal,within_site_chronological,attention_lstm,,1h,LSK North,all_daylight,Spring,full,42,4634,6128.49,9098.39,0.165425,74.7173,0.572909,-0.143413,,,,executed,results/tables/error_analysis.csv,,,,,,,,,,,,,,,0.165425,,466.475,,7957.21,,-0.143413,,,,,,,,,,,season,Spring,daylight,4634,False,,,,,,,,,,,,,,
S_attention_lstm_season_Summer_1h,RQ3,D_regimes/G_seasonal,within_site_chronological,attention_lstm,,1h,LSK North,all_daylight,Summer,full,42,4859,7624.96,10782.3,0.196042,67.037,0.521498,0.0785616,,,,executed,results/tables/error_analysis.csv,,,,,,,,,,,,,,,0.196042,,-2507.49,,11701.6,,0.0785616,,,,,,,,,,,season,Summer,daylight,4859,False,,,,,,,,,,,,,,
S_attention_lstm_season_Autumn_1h,RQ3,D_regimes/G_seasonal,within_site_chronological,attention_lstm,,1h,LSK North,all_daylight,Autumn,full,42,4236,5454.47,8014.7,0.145722,58.8318,0.69125,0.0516904,,,,executed,results/tables/error_analysis.csv,,,,,,,,,,,,,,,0.145722,,760.557,,8451.57,,0.0516904,,,,,,,,,,,season,Autumn,daylight,4236,False,,,,,,,,,,,,,,
S_attention_lstm_time_of_day_Afternoon_(14-16)_1h,RQ3,D_regimes/G_seasonal,within_site_chronological,attention_lstm,,1h,LSK North,all_daylight,all,full,42,2920,8261.4,10608.6,0.192884,51.8826,0.234485,-0.0538373,,,,executed,results/tables/error_analysis.csv,,,,,,,,,,,,,,,0.192884,,311.439,,10066.7,,-0.0538373,,,,,,,,,,,time_of_day,Afternoon (14-16),daylight,2920,False,,,,,,,,,,,,,,
S_attention_lstm_time_of_day_Early_morning_(05-08)_1h,RQ3,D_regimes/G_seasonal,within_site_chronological,attention_lstm,,1h,LSK North,all_daylight,all,full,42,2253,1926.7,2844.55,0.0517192,97.1566,0.600666,0.397122,,,,executed,results/tables/error_analysis.csv,,,,,,,,,,,,,,,0.0517192,,-735.325,,4718.29,,0.397122,,,,,,,,,,,time_of_day,Early morning (05-08),daylight,2253,False,,,,,,,,,,,,,,
S_attention_lstm_time_of_day_Evening_ramp_(16-18)_1h,RQ3,D_regimes/G_seasonal,within_site_chronological,attention_lstm,,1h,LSK North,all_daylight,all,full,42,2866,3980.29,5714.46,0.103899,79.2137,0.144062,0.338939,,,,executed,results/tables/error_analysis.csv,,,,,,,,,,,,,,,0.103899,,895.637,,8644.38,,0.338939,,,,,,,,,,,time_of_day,Evening ramp (16-18),daylight,2866,False,,,,,,,,,,,,,,
S_attention_lstm_time_of_day_Late_evening_(18-20)_1h,RQ3,D_regimes/G_seasonal,within_site_chronological,attention_lstm,,1h,LSK North,all_daylight,all,full,42,880,1122.48,1900.15,0.0345482,136.61,-2.23207,0.642897,,,,executed,results/tables/error_analysis.csv,,,,,,,,,,,,,,,0.0345482,,673.441,,5321.01,,0.642897,,,,,,,,,,,time_of_day,Late evening (18-20),daylight,880,False,,,,,,,,,,,,,,
S_attention_lstm_time_of_day_Mid-morning_(10-12)_1h,RQ3,D_regimes/G_seasonal,within_site_chronological,attention_lstm,,1h,LSK North,all_daylight,all,full,42,2920,8695.58,11647,0.211763,44.7966,0.37761,-0.0928615,,,,executed,results/tables/error_analysis.csv,,,,,,,,,,,,,,,0.211763,,615.132,,10657.3,,-0.0928615,,,,,,,,,,,time_of_day,Mid-morning (10-12),daylight,2920,False,,,,,,,,,,,,,,
S_attention_lstm_time_of_day_Morning_ramp_(08-10)_1h,RQ3,D_regimes/G_seasonal,within_site_chronological,attention_lstm,,1h,LSK North,all_daylight,all,full,42,2920,5755.66,8072.17,0.146767,49.5479,0.466268,0.149465,,,,executed,results/tables/error_analysis.csv,,,,,,,,,,,,,,,0.146767,,1278.27,,9490.69,,0.149465,,,,,,,,,,,time_of_day,Morning ramp (08-10),daylight,2920,False,,,,,,,,,,,,,,
S_attention_lstm_time_of_day_Solar_noon_(12-14)_1h,RQ3,D_regimes/G_seasonal,within_site_chronological,attention_lstm,,1h,LSK North,all_daylight,all,full,42,2920,9320.06,12146.9,0.220852,45.5646,0.355763,-0.203121,,,,executed,results/tables/error_analysis.csv,,,,,,,,,,,,,,,0.220852,,-1408.33,,10096.1,,-0.203121,,,,,,,,,,,time_of_day,Solar noon (12-14),daylight,2920,False,,,,,,,,,,,,,,
S_attention_lstm_power_level_0-10%_of_capacity_1h,RQ3,D_regimes/G_seasonal,within_site_chronological,attention_lstm,,1h,LSK North,all_daylight,all,full,42,6161,3229.69,5616.59,0.10212,106.73,-10.2599,-0.0941865,,,,executed,results/tables/error_analysis.csv,,,,,,,,,,,,,,,0.10212,,2345.19,,5133.12,,-0.0941865,,,,,,,,,,,power_level,0-10% of capacity,daylight,6161,False,,,,,,,,,,,,,,
S_attention_lstm_power_level_10-25%_of_capacity_1h,RQ3,D_regimes/G_seasonal,within_site_chronological,attention_lstm,,1h,LSK North,all_daylight,all,full,42,3746,6833.71,9304.81,0.169178,55.928,-14.1514,-0.00851376,,,,executed,results/tables/error_analysis.csv,,,,,,,,,,,,,,,0.169178,,4519.22,,9226.26,,-0.00851376,,,,,,,,,,,power_level,10-25% of capacity,daylight,3746,False,,,,,,,,,,,,,,
S_attention_lstm_power_level_25-50%_of_capacity_1h,RQ3,D_regimes/G_seasonal,within_site_chronological,attention_lstm,,1h,LSK North,all_daylight,all,full,42,3690,6856.37,8565.98,0.155745,35.2461,-3.64315,0.212722,,,,executed,results/tables/error_analysis.csv,,,,,,,,,,,,,,,0.155745,,1522.64,,10880.5,,0.212722,,,,,,,,,,,power_level,25-50% of capacity,daylight,3690,False,,,,,,,,,,,,,,
S_attention_lstm_power_level_50-75%_of_capacity_1h,RQ3,D_regimes/G_seasonal,within_site_chronological,attention_lstm,,1h,LSK North,all_daylight,all,full,42,2845,7886.29,10557.6,0.191956,28.6197,-6.25168,0.050558,,,,executed,results/tables/error_analysis.csv,,,,,,,,,,,,,,,0.191956,,-5720.49,,11119.8,,0.050558,,,,,,,,,,,power_level,50-75% of capacity,daylight,2845,False,,,,,,,,,,,,,,
S_attention_lstm_power_level_75-100%_of_capacity_1h,RQ3,D_regimes/G_seasonal,within_site_chronological,attention_lstm,,1h,LSK North,all_daylight,all,full,42,1233,13735,16881.9,0.306943,38.4174,-22.5239,-0.302828,,,,executed,results/tables/error_analysis.csv,,,,,,,,,,,,,,,0.306943,,-13617.4,,12957.9,,-0.302828,,,,,,,,,,,power_level,75-100% of capacity,daylight,1233,False,,,,,,,,,,,,,,
S_attention_lstm_ramping_False_1h,RQ3,D_regimes/G_seasonal,within_site_chronological,attention_lstm,,1h,LSK North,all_daylight,all,full,42,14888,5509.56,8181.01,0.148746,67.2039,0.64968,-0.0585734,,,,executed,results/tables/error_analysis.csv,,,,,,,,,,,,,,,0.148746,,794.344,,7728.34,,-0.0585734,,,,,,,,,,,ramping,False,daylight,14888,False,,,,,,,,,,,,,,
S_attention_lstm_ramping_True_1h,RQ3,D_regimes/G_seasonal,within_site_chronological,attention_lstm,,1h,LSK North,all_daylight,all,full,42,2791,10120.1,12899.2,0.23453,45.0155,-0.106559,0.111476,,,,executed,results/tables/error_analysis.csv,,,,,,,,,,,,,,,0.23453,,-2865.48,,14517.5,,0.111476,,,,,,,,,,,ramping,True,daylight,2791,False,,,,,,,,,,,,,,
S_transformer_regime_Clear_1h,RQ3,D_regimes/G_seasonal,within_site_chronological,transformer,,1h,LSK North,Clear,all,full,42,5824,5847.09,7962.1,0.144765,30.1287,0.693374,0.218112,,,,executed,results/tables/error_analysis.csv,,,,,,,,,,,,,,,0.144765,,-433.925,,10183.2,,0.218112,,,,,,,,,,,regime,Clear,daylight,5824,False,,,,,,,,,,,,,,
S_transformer_regime_Partly_cloudy_1h,RQ3,D_regimes/G_seasonal,within_site_chronological,transformer,,1h,LSK North,Partly cloudy,all,full,42,2411,6547.74,9136.35,0.166115,50.3918,0.255071,0.117014,,,,executed,results/tables/error_analysis.csv,,,,,,,,,,,,,,,0.166115,,2442.71,,10347.1,,0.117014,,,,,,,,,,,regime,Partly cloudy,daylight,2411,False,,,,,,,,,,,,,,
S_transformer_regime_Cloudy_1h,RQ3,D_regimes/G_seasonal,within_site_chronological,transformer,,1h,LSK North,Cloudy,all,full,42,6012,3899.01,5798.06,0.105419,84.3133,0.058035,-0.0175141,,,,executed,results/tables/error_analysis.csv,,,,,,,,,,,,,,,0.105419,,2305.65,,5698.26,,-0.0175141,,,,,,,,,,,regime,Cloudy,daylight,6012,False,,,,,,,,,,,,,,
S_transformer_regime_High-variability_1h,RQ3,D_regimes/G_seasonal,within_site_chronological,transformer,,1h,LSK North,High-variability,all,full,42,3432,7229.62,9611.22,0.174749,75.1114,0.517764,0.131367,,,,executed,results/tables/error_analysis.csv,,,,,,,,,,,,,,,0.174749,,-1328.91,,11064.8,,0.131367,,,,,,,,,,,regime,High-variability,daylight,3432,False,,,,,,,,,,,,,,
S_transformer_regime_Night_1h,RQ3,D_regimes/G_seasonal,within_site_chronological,transformer,,1h,LSK North,Night,all,full,42,0,,,,,,,,,,executed,results/tables/error_analysis.csv,,,,,,,,,,,,,,,,,,,,,,,,,,,,,,,,regime,Night,daylight,0,True,,,,,,,,,,,,,,
S_transformer_season_Winter_1h,RQ3,D_regimes/G_seasonal,within_site_chronological,transformer,,1h,LSK North,all_daylight,Winter,full,42,3950,4080.59,5560.34,0.101097,49.2644,0.806333,0.248304,,,,executed,results/tables/error_analysis.csv,,,,,,,,,,,,,,,0.101097,,-94.1742,,7397.05,,0.248304,,,,,,,,,,,season,Winter,daylight,3950,False,,,,,,,,,,,,,,
S_transformer_season_Spring_1h,RQ3,D_regimes/G_seasonal,within_site_chronological,transformer,,1h,LSK North,all_daylight,Spring,full,42,4634,4887.12,6969.73,0.126722,66.9522,0.749375,0.124099,,,,executed,results/tables/error_analysis.csv,,,,,,,,,,,,,,,0.126722,,393.007,,7957.21,,0.124099,,,,,,,,,,,season,Spring,daylight,4634,False,,,,,,,,,,,,,,
S_transformer_season_Summer_1h,RQ3,D_regimes/G_seasonal,within_site_chronological,transformer,,1h,LSK North,all_daylight,Summer,full,42,4859,8131.62,10794.4,0.196262,64.1851,0.520424,0.077528,,,,executed,results/tables/error_analysis.csv,,,,,,,,,,,,,,,0.196262,,1917.7,,11701.6,,0.077528,,,,,,,,,,,season,Summer,daylight,4859,False,,,,,,,,,,,,,,
S_transformer_season_Autumn_1h,RQ3,D_regimes/G_seasonal,within_site_chronological,transformer,,1h,LSK North,all_daylight,Autumn,full,42,4236,4678.05,6449.67,0.117267,57.8168,0.800057,0.236867,,,,executed,results/tables/error_analysis.csv,,,,,,,,,,,,,,,0.117267,,447.508,,8451.57,,0.236867,,,,,,,,,,,season,Autumn,daylight,4236,False,,,,,,,,,,,,,,
S_transformer_time_of_day_Afternoon_(14-16)_1h,RQ3,D_regimes/G_seasonal,within_site_chronological,transformer,,1h,LSK North,all_daylight,all,full,42,2920,5808.99,8282.04,0.150583,40.3977,0.533438,0.177281,,,,executed,results/tables/error_analysis.csv,,,,,,,,,,,,,,,0.150583,,1219,,10066.7,,0.177281,,,,,,,,,,,time_of_day,Afternoon (14-16),daylight,2920,False,,,,,,,,,,,,,,
S_transformer_time_of_day_Early_morning_(05-08)_1h,RQ3,D_regimes/G_seasonal,within_site_chronological,transformer,,1h,LSK North,all_daylight,all,full,42,2253,2435.33,2947.52,0.0535912,87.5853,0.571233,0.3753,,,,executed,results/tables/error_analysis.csv,,,,,,,,,,,,,,,0.0535912,,1006.5,,4718.29,,0.3753,,,,,,,,,,,time_of_day,Early morning (05-08),daylight,2253,False,,,,,,,,,,,,,,
S_transformer_time_of_day_Evening_ramp_(16-18)_1h,RQ3,D_regimes/G_seasonal,within_site_chronological,transformer,,1h,LSK North,all_daylight,all,full,42,2866,5319.78,7317.28,0.133042,90.2544,-0.403432,0.153521,,,,executed,results/tables/error_analysis.csv,,,,,,,,,,,,,,,0.133042,,3568.46,,8644.38,,0.153521,,,,,,,,,,,time_of_day,Evening ramp (16-18),daylight,2866,False,,,,,,,,,,,,,,
S_transformer_time_of_day_Late_evening_(18-20)_1h,RQ3,D_regimes/G_seasonal,within_site_chronological,transformer,,1h,LSK North,all_daylight,all,full,42,880,6513.87,8705.58,0.158283,173.185,-66.8422,-0.636075,,,,executed,results/tables/error_analysis.csv,,,,,,,,,,,,,,,0.158283,,5172.25,,5321.01,,-0.636075,,,,,,,,,,,time_of_day,Late evening (18-20),daylight,880,False,,,,,,,,,,,,,,
S_transformer_time_of_day_Mid-morning_(10-12)_1h,RQ3,D_regimes/G_seasonal,within_site_chronological,transformer,,1h,LSK North,all_daylight,all,full,42,2920,6758.48,9279.25,0.168714,35.7975,0.604942,0.129308,,,,executed,results/tables/error_analysis.csv,,,,,,,,,,,,,,,0.168714,,-1183.13,,10657.3,,0.129308,,,,,,,,,,,time_of_day,Mid-morning (10-12),daylight,2920,False,,,,,,,,,,,,,,
S_transformer_time_of_day_Morning_ramp_(08-10)_1h,RQ3,D_regimes/G_seasonal,within_site_chronological,transformer,,1h,LSK North,all_daylight,all,full,42,2920,4824.57,6527.52,0.118682,43.8639,0.650989,0.312219,,,,executed,results/tables/error_analysis.csv,,,,,,,,,,,,,,,0.118682,,-966.413,,9490.69,,0.312219,,,,,,,,,,,time_of_day,Morning ramp (08-10),daylight,2920,False,,,,,,,,,,,,,,
S_transformer_time_of_day_Solar_noon_(12-14)_1h,RQ3,D_regimes/G_seasonal,within_site_chronological,transformer,,1h,LSK North,all_daylight,all,full,42,2920,7137.92,9682.57,0.176047,35.159,0.590646,0.0409618,,,,executed,results/tables/error_analysis.csv,,,,,,,,,,,,,,,0.176047,,-570.653,,10096.1,,0.0409618,,,,,,,,,,,time_of_day,Solar noon (12-14),daylight,2920,False,,,,,,,,,,,,,,
S_transformer_power_level_0-10%_of_capacity_1h,RQ3,D_regimes/G_seasonal,within_site_chronological,transformer,,1h,LSK North,all_daylight,all,full,42,6161,4007.95,6053.48,0.110063,110.891,-12.0798,-0.179298,,,,executed,results/tables/error_analysis.csv,,,,,,,,,,,,,,,0.110063,,3186.41,,5133.12,,-0.179298,,,,,,,,,,,power_level,0-10% of capacity,daylight,6161,False,,,,,,,,,,,,,,
S_transformer_power_level_10-25%_of_capacity_1h,RQ3,D_regimes/G_seasonal,within_site_chronological,transformer,,1h,LSK North,all_daylight,all,full,42,3746,5475.77,8097.11,0.14722,45.601,-10.4736,0.122384,,,,executed,results/tables/error_analysis.csv,,,,,,,,,,,,,,,0.14722,,3422.44,,9226.26,,0.122384,,,,,,,,,,,power_level,10-25% of capacity,daylight,3746,False,,,,,,,,,,,,,,
S_transformer_power_level_25-50%_of_capacity_1h,RQ3,D_regimes/G_seasonal,within_site_chronological,transformer,,1h,LSK North,all_daylight,all,full,42,3690,6327.16,8266.93,0.150308,31.5995,-3.32462,0.240206,,,,executed,results/tables/error_analysis.csv,,,,,,,,,,,,,,,0.150308,,824.494,,10880.5,,0.240206,,,,,,,,,,,power_level,25-50% of capacity,daylight,3690,False,,,,,,,,,,,,,,
S_transformer_power_level_50-75%_of_capacity_1h,RQ3,D_regimes/G_seasonal,within_site_chronological,transformer,,1h,LSK North,all_daylight,all,full,42,2845,6540.25,8470.64,0.154012,22.1246,-3.66813,0.238236,,,,executed,results/tables/error_analysis.csv,,,,,,,,,,,,,,,0.154012,,-4333.4,,11119.8,,0.238236,,,,,,,,,,,power_level,50-75% of capacity,daylight,2845,False,,,,,,,,,,,,,,
S_transformer_power_level_75-100%_of_capacity_1h,RQ3,D_regimes/G_seasonal,within_site_chronological,transformer,,1h,LSK North,all_daylight,all,full,42,1233,8821.68,11427.9,0.207779,22.6683,-9.77949,0.118076,,,,executed,results/tables/error_analysis.csv,,,,,,,,,,,,,,,0.207779,,-8472.44,,12957.9,,0.118076,,,,,,,,,,,power_level,75-100% of capacity,daylight,1233,False,,,,,,,,,,,,,,
S_transformer_ramping_False_1h,RQ3,D_regimes/G_seasonal,within_site_chronological,transformer,,1h,LSK North,all_daylight,all,full,42,14888,4777.35,6733.31,0.122424,63.4609,0.762694,0.128751,,,,executed,results/tables/error_analysis.csv,,,,,,,,,,,,,,,0.122424,,852.079,,7728.34,,0.128751,,,,,,,,,,,ramping,False,daylight,14888,False,,,,,,,,,,,,,,
S_transformer_ramping_True_1h,RQ3,D_regimes/G_seasonal,within_site_chronological,transformer,,1h,LSK North,all_daylight,all,full,42,2791,9662.39,12188.4,0.221607,41.8604,0.0120297,0.160436,,,,executed,results/tables/error_analysis.csv,,,,,,,,,,,,,,,0.221607,,-8.17466,,14517.5,,0.160436,,,,,,,,,,,ramping,True,daylight,2791,False,,,,,,,,,,,,,,
M_multiseed__attention_lstm__1h__seed123,RQ1,M_multiseed,multi_seed_single_run,attention_lstm,hybrid,1h,LSK North,all_daylight,all,full,123,35009,5756.94,8491.4,0.154389,61.6889,0.651246,0.0711359,435.367,0.0427205,55201,executed,results/experiments/<experiment_id>.json,torch,4,full,full,33,43745,11681,35009,2021-06-02 06:45:00,2022-08-31 22:45:00,2022-09-01 06:45:00,2022-12-31 22:45:00,2023-01-01 06:45:00,2023-12-31 22:45:00,0.154389,0.54519,-9.24883,52157.4,9141.7,7952.79,0.0711359,-0.067725,6035.4,2950.4,0.779284,435.367,9b6868cedd9d6f3a,c4d8931,3.13.14,2.13.0+cpu,Neural models repeated over five seeds at the default horizon.,,,,,,,,,,,,,,,,,,,
M_multiseed__attention_lstm__1h__seed42,RQ1,M_multiseed,multi_seed_single_run,attention_lstm,hybrid,1h,LSK North,all_daylight,all,full,42,35009,6237.43,9090.15,0.165275,63.701,0.600329,0.00563943,1199.75,0.166343,55201,executed,results/experiments/<experiment_id>.json,torch,4,full,full,33,43745,11681,35009,2021-06-02 06:45:00,2022-08-31 22:45:00,2022-09-01 06:45:00,2022-12-31 22:45:00,2023-01-01 06:45:00,2023-12-31 22:45:00,0.165275,0.583633,216.565,46641.5,9141.7,7952.79,0.00563943,-0.143013,6461.34,3206.79,0.747031,1199.75,9b6868cedd9d6f3a,c4d8931,3.13.14,2.13.0+cpu,Neural models repeated over five seeds at the default horizon.,,,,,,,,,,,,,,,,,,,
M_multiseed__attention_lstm__1h__seed456,RQ1,M_multiseed,multi_seed_single_run,attention_lstm,hybrid,1h,LSK North,all_daylight,all,full,456,35009,5991.44,8765.22,0.159368,60.6179,0.628391,0.0411833,261.196,0.0375128,55201,executed,results/experiments/<experiment_id>.json,torch,4,full,full,33,43745,11681,35009,2021-06-02 06:45:00,2022-08-31 22:45:00,2022-09-01 06:45:00,2022-12-31 22:45:00,2023-01-01 06:45:00,2023-12-31 22:45:00,0.159368,0.562771,458.669,44135.7,9141.7,7952.79,0.0411833,-0.102155,6231.9,3104.05,0.764678,261.196,9b6868cedd9d6f3a,c4d8931,3.13.14,2.13.0+cpu,Neural models repeated over five seeds at the default horizon.,,,,,,,,,,,,,,,,,,,
M_multiseed__attention_lstm__1h__seed789,RQ1,M_multiseed,multi_seed_single_run,attention_lstm,hybrid,1h,LSK North,all_daylight,all,full,789,35009,6141.79,8906.91,0.161944,62.4288,0.61628,0.025684,343.387,0.0371379,55201,executed,results/experiments/<experiment_id>.json,torch,4,full,full,33,43745,11681,35009,2021-06-02 06:45:00,2022-08-31 22:45:00,2022-09-01 06:45:00,2022-12-31 22:45:00,2023-01-01 06:45:00,2023-12-31 22:45:00,0.161944,0.571868,689.108,45407,9141.7,7952.79,0.025684,-0.119972,6330.06,3129.47,0.757206,343.387,9b6868cedd9d6f3a,c4d8931,3.13.14,2.13.0+cpu,Neural models repeated over five seeds at the default horizon.,,,,,,,,,,,,,,,,,,,
M_multiseed__cnn_lstm__1h__seed123,RQ1,M_multiseed,multi_seed_single_run,cnn_lstm,hybrid,1h,LSK North,all_daylight,all,full,123,35009,4175.82,6678.46,0.121427,48.1765,0.784268,0.269451,213.779,0.034847,64225,executed,results/experiments/<experiment_id>.json,torch,4,full,full,33,43745,11681,35009,2021-06-02 06:45:00,2022-08-31 22:45:00,2022-09-01 06:45:00,2022-12-31 22:45:00,2023-01-01 06:45:00,2023-12-31 22:45:00,0.121427,0.428791,-21.3854,42676.5,9141.7,7952.79,0.269451,0.160237,4746.57,2129.59,0.863485,213.779,9b6868cedd9d6f3a,c4d8931,3.13.14,2.13.0+cpu,Neural models repeated over five seeds at the default horizon.,,,,,,,,,,,,,,,,,,,
M_multiseed__cnn_lstm__1h__seed456,RQ1,M_multiseed,multi_seed_single_run,cnn_lstm,hybrid,1h,LSK North,all_daylight,all,full,456,35009,4105.93,6679.36,0.121443,48.8703,0.784211,0.269353,239.095,0.0290889,64225,executed,results/experiments/<experiment_id>.json,torch,4,full,full,33,43745,11681,35009,2021-06-02 06:45:00,2022-08-31 22:45:00,2022-09-01 06:45:00,2022-12-31 22:45:00,2023-01-01 06:45:00,2023-12-31 22:45:00,0.121443,0.428848,-213.696,43123.2,9141.7,7952.79,0.269353,0.160125,4747.26,2095.53,0.863445,239.095,9b6868cedd9d6f3a,c4d8931,3.13.14,2.13.0+cpu,Neural models repeated over five seeds at the default horizon.,,,,,,,,,,,,,,,,,,,
M_multiseed__cnn_lstm__1h__seed789,RQ1,M_multiseed,multi_seed_single_run,cnn_lstm,hybrid,1h,LSK North,all_daylight,all,full,789,35009,4133.82,6775.49,0.123191,47.7598,0.777954,0.258837,200.059,0.0289939,64225,executed,results/experiments/<experiment_id>.json,torch,4,full,full,33,43745,11681,35009,2021-06-02 06:45:00,2022-08-31 22:45:00,2022-09-01 06:45:00,2022-12-31 22:45:00,2023-01-01 06:45:00,2023-12-31 22:45:00,0.123191,0.435021,388.57,45845.6,9141.7,7952.79,0.258837,0.148036,4816.19,2114.83,0.85945,200.059,9b6868cedd9d6f3a,c4d8931,3.13.14,2.13.0+cpu,Neural models repeated over five seeds at the default horizon.,,,,,,,,,,,,,,,,,,,
M_multiseed__gru__1h__seed42,RQ1,M_multiseed,multi_seed_single_run,gru,recurrent,1h,LSK North,all_daylight,all,full,42,35009,6892.61,9611.46,0.174754,68.761,0.553172,-0.0513868,2115.77,1.3854,37825,executed,results/experiments/<experiment_id>.json,torch,4,full,full,33,43745,11681,35009,2021-06-02 06:45:00,2022-08-31 22:45:00,2022-09-01 06:45:00,2022-12-31 22:45:00,2023-01-01 06:45:00,2023-12-31 22:45:00,0.174754,0.617104,-1502.82,41489.9,9141.7,7952.79,-0.0513868,-0.208564,6850.93,3749.99,0.715606,2115.77,9b6868cedd9d6f3a,c4d8931,3.13.14,2.13.0+cpu,Neural models repeated over five seeds at the default horizon.,,,,,,,,,,,,,,,,,,,
J_cross_site_gradient_boosting_1h_SQ1,RQ6,J_cross_site,cross_site,gradient_boosting,,1h,SQ1,all_daylight,all,full,42,17679,4210.88,5684.42,0.205957,72.2763,0.366806,-0.261015,0,,0,executed,results/tables/cross_site_comparison.csv,,,,,33,,,,,,,,,,0.205957,0.76089,3723.61,30206.9,,,-0.261015,,,,,0,,,,,,,,,17679,,SQ1,LSK North,27600,3.23126e+07,,,,,,,,,,
J_cross_site_gradient_boosting_1h_SQ2,RQ6,J_cross_site,cross_site,gradient_boosting,,1h,SQ2,all_daylight,all,full,42,17679,4233.97,5655.22,0.169826,71.191,0.369267,-0.244071,0,,0,executed,results/tables/cross_site_comparison.csv,,,,,33,,,,,,,,,,0.169826,0.761974,3751.96,27038.1,,,-0.244071,,,,,0,,,,,,,,,17679,,SQ2,LSK North,33300,3.19815e+07,,,,,,,,,,
J_cross_site_gradient_boosting_1h_SQ3,RQ6,J_cross_site,cross_site,gradient_boosting,,1h,SQ3,all_daylight,all,full,42,17678,4082.2,5629.68,0.169059,66.1098,0.480427,-0.122862,0,,0,executed,results/tables/cross_site_comparison.csv,,,,,33,,,,,,,,,,0.169059,0.67609,3383.05,29135.7,,,-0.122862,,,,,0,,,,,,,,,17678,,SQ3,LSK North,33300,3.16933e+07,,,,,,,,,,
J_cross_site_gradient_boosting_1h_SQ4,RQ6,J_cross_site,cross_site,gradient_boosting,,1h,SQ4,all_daylight,all,full,42,17678,4072.95,5637.77,0.169302,65.5678,0.502465,-0.100697,0,,0,executed,results/tables/cross_site_comparison.csv,,,,,33,,,,,,,,,,0.169302,0.66132,3334.11,30310,,,-0.100697,,,,,0,,,,,,,,,17678,,SQ4,LSK North,33300,3.17845e+07,,,,,,,,,,
J_cross_site_gradient_boosting_1h_UG_Hall6,RQ6,J_cross_site,cross_site,gradient_boosting,,1h,UG Hall6,all_daylight,all,full,42,17675,4197.27,5532.19,0.221288,72.812,0.29796,-0.333216,0,,0,executed,results/tables/cross_site_comparison.csv,,,,,33,,,,,,,,,,0.221288,0.796321,3801.14,27439.7,,,-0.333216,,,,,0,,,,,,,,,17675,,UG Hall6,LSK North,25000,3.06051e+07,,,,,,,,,,
J_cross_site_gradient_boosting_1h_UG_Hall7,RQ6,J_cross_site,cross_site,gradient_boosting,,1h,UG Hall7,all_daylight,all,full,42,17678,4396.7,5683.57,0.177723,81.9763,-0.0241308,-0.565347,0,,0,executed,results/tables/cross_site_comparison.csv,,,,,33,,,,,,,,,,0.177723,0.989254,4102.05,25573.4,,,-0.565347,,,,,0,,,,,,,,,17678,,UG Hall7,LSK North,31980,3.23029e+07,,,,,,,,,,
J_cross_site_linear_regression_1h_SQ1,RQ6,J_cross_site,cross_site,linear_regression,,1h,SQ1,all_daylight,all,full,42,17679,5527.84,7068.34,0.256099,83.201,0.0209615,-0.56802,0,,0,executed,results/tables/cross_site_comparison.csv,,,,,33,,,,,,,,,,0.256099,0.946136,5004.27,35024.4,,,-0.56802,,,,,0,,,,,,,,,17679,,SQ1,LSK North,27600,4.99614e+07,,,,,,,,,,
J_cross_site_linear_regression_1h_SQ2,RQ6,J_cross_site,cross_site,linear_regression,,1h,SQ2,all_daylight,all,full,42,17679,5617.01,7210.01,0.216517,82.4682,-0.0252222,-0.586103,0,,0,executed,results/tables/cross_site_comparison.csv,,,,,33,,,,,,,,,,0.216517,0.971464,5096.36,35671.1,,,-0.586103,,,,,0,,,,,,,,,17679,,SQ2,LSK North,33300,5.19842e+07,,,,,,,,,,
J_cross_site_linear_regression_1h_SQ3,RQ6,J_cross_site,cross_site,linear_regression,,1h,SQ3,all_daylight,all,full,42,17678,5352.8,6907.01,0.207418,76.866,0.217904,-0.377632,0,,0,executed,results/tables/cross_site_comparison.csv,,,,,33,,,,,,,,,,0.207418,0.82949,4720.76,34710.4,,,-0.377632,,,,,0,,,,,,,,,17678,,SQ3,LSK North,33300,4.77068e+07,,,,,,,,,,
J_cross_site_linear_regression_1h_SQ4,RQ6,J_cross_site,cross_site,linear_regression,,1h,SQ4,all_daylight,all,full,42,17678,5323.82,6888.72,0.206869,76.2109,0.257176,-0.344927,0,,0,executed,results/tables/cross_site_comparison.csv,,,,,33,,,,,,,,,,0.206869,0.808058,4642.09,35467.4,,,-0.344927,,,,,0,,,,,,,,,17678,,SQ4,LSK North,33300,4.74545e+07,,,,,,,,,,
J_cross_site_linear_regression_1h_UG_Hall6,RQ6,J_cross_site,cross_site,linear_regression,,1h,UG Hall6,all_daylight,all,full,42,17675,5673.56,7133.56,0.285342,84.925,-0.167294,-0.719133,0,,0,executed,results/tables/cross_site_comparison.csv,,,,,33,,,,,,,,,,0.285342,1.02683,5244.49,32787.4,,,-0.719133,,,,,0,,,,,,,,,17675,,UG Hall6,LSK North,25000,5.08877e+07,,,,,,,,,,
J_cross_site_linear_regression_1h_UG_Hall7,RQ6,J_cross_site,cross_site,linear_regression,,1h,UG Hall7,all_daylight,all,full,42,17678,6024.3,7506.76,0.234733,93.9518,-0.786564,-1.06748,0,,0,executed,results/tables/cross_site_comparison.csv,,,,,33,,,,,,,,,,0.234733,1.30659,5678.85,34014.2,,,-1.06748,,,,,0,,,,,,,,,17678,,UG Hall7,LSK North,31980,5.63514e+07,,,,,,,,,,
J_cross_site_xgboost_1h_SQ1,RQ6,J_cross_site,cross_site,xgboost,,1h,SQ1,all_daylight,all,full,42,17679,4633.49,6395.3,0.231714,73.2909,0.198532,-0.418714,0,,0,executed,results/tables/cross_site_comparison.csv,,,,,33,,,,,,,,,,0.231714,0.856045,4145.93,30790.5,,,-0.418714,,,,,0,,,,,,,,,17679,,SQ1,LSK North,27600,4.08998e+07,,,,,,,,,,
J_cross_site_xgboost_1h_SQ2,RQ6,J_cross_site,cross_site,xgboost,,1h,SQ2,all_daylight,all,full,42,17679,4627.06,6344.85,0.190536,71.861,0.206056,-0.395781,0,,0,executed,results/tables/cross_site_comparison.csv,,,,,33,,,,,,,,,,0.190536,0.854894,4193.78,31479,,,-0.395781,,,,,0,,,,,,,,,17679,,SQ2,LSK North,33300,4.02572e+07,,,,,,,,,,
J_cross_site_xgboost_1h_SQ3,RQ6,J_cross_site,cross_site,xgboost,,1h,SQ3,all_daylight,all,full,42,17678,4442.05,6241.38,0.187429,66.6315,0.361384,-0.244868,0,,0,executed,results/tables/cross_site_comparison.csv,,,,,33,,,,,,,,,,0.187429,0.749551,3757.02,30449,,,-0.244868,,,,,0,,,,,,,,,17678,,SQ3,LSK North,33300,3.89548e+07,,,,,,,,,,
J_cross_site_xgboost_1h_SQ4,RQ6,J_cross_site,cross_site,xgboost,,1h,SQ4,all_daylight,all,full,42,17678,4403.42,6193.13,0.18598,65.9712,0.399616,-0.209123,0,,0,executed,results/tables/cross_site_comparison.csv,,,,,33,,,,,,,,,,0.18598,0.726464,3675.49,30494.4,,,-0.209123,,,,,0,,,,,,,,,17678,,SQ4,LSK North,33300,3.83549e+07,,,,,,,,,,
J_cross_site_xgboost_1h_UG_Hall6,RQ6,J_cross_site,cross_site,xgboost,,1h,UG Hall6,all_daylight,all,full,42,17675,4730.87,6399.89,0.255996,74.2737,0.060466,-0.542324,0,,0,executed,results/tables/cross_site_comparison.csv,,,,,33,,,,,,,,,,0.255996,0.921221,4340.56,29872.5,,,-0.542324,,,,,0,,,,,,,,,17675,,UG Hall6,LSK North,25000,4.09586e+07,,,,,,,,,,
J_cross_site_xgboost_1h_UG_Hall7,RQ6,J_cross_site,cross_site,xgboost,,1h,UG Hall7,all_daylight,all,full,42,17678,5111.78,6808.73,0.212906,84.4661,-0.469759,-0.875236,0,,0,executed,results/tables/cross_site_comparison.csv,,,,,33,,,,,,,,,,0.212906,1.1851,4836.97,29293.8,,,-0.875236,,,,,0,,,,,,,,,17678,,UG Hall7,LSK North,31980,4.63588e+07,,,,,,,,,,
J_leave_one_site_out_gradient_boosting_1h_LSK_North,RQ6,J_cross_site,leave_one_site_out,gradient_boosting,,1h,LSK North,all_daylight,all,full,42,17679,6161.34,9128.68,0.165976,56.9589,0.596933,0.00142458,0,,0,executed,results/tables/cross_site_comparison.csv,,,,,33,,,,,,,,,,0.165976,0.586107,-3708.44,43114.1,,,0.00142458,,,,,0,,,,,,,,,17679,,LSK North,"SQ1, SQ2, SQ3, SQ4, UG Hall6, UG Hall7",55000,8.33328e+07,,,,,,,,,,
J_leave_one_site_out_gradient_boosting_1h_SQ1,RQ6,J_cross_site,leave_one_site_out,gradient_boosting,,1h,SQ1,all_daylight,all,full,42,17679,2211.23,3361.36,0.121789,55.8986,0.778591,0.254325,0,,0,executed,results/tables/cross_site_comparison.csv,,,,,33,,,,,,,,,,0.121789,0.449937,197.676,20953.7,,,0.254325,,,,,0,,,,,,,,,17679,,SQ1,"LSK North, SQ2, SQ3, SQ4, UG Hall6, UG Hall7",27600,1.12988e+07,,,,,,,,,,
J_leave_one_site_out_gradient_boosting_1h_SQ2,RQ6,J_cross_site,leave_one_site_out,gradient_boosting,,1h,SQ2,all_daylight,all,full,42,17679,2231.84,3383.14,0.101596,53.2168,0.774271,0.255755,0,,0,executed,results/tables/cross_site_comparison.csv,,,,,33,,,,,,,,,,0.101596,0.455839,229.833,21936.7,,,0.255755,,,,,0,,,,,,,,,17679,,SQ2,"LSK North, SQ1, SQ3, SQ4, UG Hall6, UG Hall7",33300,1.14457e+07,,,,,,,,,,
J_leave_one_site_out_gradient_boosting_1h_SQ3,RQ6,J_cross_site,leave_one_site_out,gradient_boosting,,1h,SQ3,all_daylight,all,full,42,17678,2495.86,3759.82,0.112907,52.5231,0.768254,0.250089,0,,0,executed,results/tables/cross_site_comparison.csv,,,,,33,,,,,,,,,,0.112907,0.451531,-24.6288,24408.4,,,0.250089,,,,,0,,,,,,,,,17678,,SQ3,"LSK North, SQ1, SQ2, SQ4, UG Hall6, UG Hall7",33300,1.41362e+07,,,,,,,,,,
J_leave_one_site_out_gradient_boosting_1h_SQ4,RQ6,J_cross_site,leave_one_site_out,gradient_boosting,,1h,SQ4,all_daylight,all,full,42,17678,2513.91,3807.16,0.114329,52.6892,0.773112,0.256705,0,,0,executed,results/tables/cross_site_comparison.csv,,,,,33,,,,,,,,,,0.114329,0.446586,27.1686,23942.1,,,0.256705,,,,,0,,,,,,,,,17678,,SQ4,"LSK North, SQ1, SQ2, SQ3, UG Hall6, UG Hall7",33300,1.44945e+07,,,,,,,,,,
J_leave_one_site_out_gradient_boosting_1h_UG_Hall6,RQ6,J_cross_site,leave_one_site_out,gradient_boosting,,1h,UG Hall6,all_daylight,all,full,42,17675,2050.55,3090.6,0.123624,52.3484,0.780894,0.255188,0,,0,executed,results/tables/cross_site_comparison.csv,,,,,33,,,,,,,,,,0.123624,0.444872,347.093,19503.2,,,0.255188,,,,,0,,,,,,,,,17675,,UG Hall6,"LSK North, SQ1, SQ2, SQ3, SQ4, UG Hall7",25000,9.55183e+06,,,,,,,,,,
J_leave_one_site_out_gradient_boosting_1h_UG_Hall7,RQ6,J_cross_site,leave_one_site_out,gradient_boosting,,1h,UG Hall7,all_daylight,all,full,42,17678,1989.92,2906.42,0.0908823,58.3635,0.732188,0.199526,0,,0,executed,results/tables/cross_site_comparison.csv,,,,,33,,,,,,,,,,0.0908823,0.505877,656.038,19428.1,,,0.199526,,,,,0,,,,,,,,,17678,,UG Hall7,"LSK North, SQ1, SQ2, SQ3, SQ4, UG Hall6",31980,8.44726e+06,,,,,,,,,,
J_leave_one_site_out_linear_regression_1h_LSK_North,RQ6,J_cross_site,leave_one_site_out,linear_regression,,1h,LSK North,all_daylight,all,full,42,17679,4843.89,7127.53,0.129591,53.9036,0.754281,0.220328,0,,0,executed,results/tables/cross_site_comparison.csv,,,,,33,,,,,,,,,,0.129591,0.457623,-1305.35,43072.3,,,0.220328,,,,,0,,,,,,,,,17679,,LSK North,"SQ1, SQ2, SQ3, SQ4, UG Hall6, UG Hall7",55000,5.08016e+07,,,,,,,,,,
J_leave_one_site_out_linear_regression_1h_SQ1,RQ6,J_cross_site,leave_one_site_out,linear_regression,,1h,SQ1,all_daylight,all,full,42,17679,2326.44,3443.99,0.124782,59.4932,0.767572,0.235996,0,,0,executed,results/tables/cross_site_comparison.csv,,,,,33,,,,,,,,,,0.124782,0.460997,-81.5055,21985.4,,,0.235996,,,,,0,,,,,,,,,17679,,SQ1,"LSK North, SQ2, SQ3, SQ4, UG Hall6, UG Hall7",27600,1.1861e+07,,,,,,,,,,
J_leave_one_site_out_linear_regression_1h_SQ2,RQ6,J_cross_site,leave_one_site_out,linear_regression,,1h,SQ2,all_daylight,all,full,42,17679,2324.91,3439.56,0.10329,56.5329,0.76668,0.243344,0,,0,executed,results/tables/cross_site_comparison.csv,,,,,33,,,,,,,,,,0.10329,0.46344,73.9503,24150.4,,,0.243344,,,,,0,,,,,,,,,17679,,SQ2,"LSK North, SQ1, SQ3, SQ4, UG Hall6, UG Hall7",33300,1.18306e+07,,,,,,,,,,
J_leave_one_site_out_linear_regression_1h_SQ3,RQ6,J_cross_site,leave_one_site_out,linear_regression,,1h,SQ3,all_daylight,all,full,42,17678,2605.14,3841.14,0.11535,55.051,0.75812,0.233869,0,,0,executed,results/tables/cross_site_comparison.csv,,,,,33,,,,,,,,,,0.11535,0.461298,-155.026,25622,,,0.233869,,,,,0,,,,,,,,,17678,,SQ3,"LSK North, SQ1, SQ2, SQ4, UG Hall6, UG Hall7",33300,1.47544e+07,,,,,,,,,,
J_leave_one_site_out_linear_regression_1h_SQ4,RQ6,J_cross_site,leave_one_site_out,linear_regression,,1h,SQ4,all_daylight,all,full,42,17678,2643.55,3915.46,0.117581,55.088,0.76002,0.235561,0,,0,executed,results/tables/cross_site_comparison.csv,,,,,33,,,,,,,,,,0.117581,0.45929,-174.373,25049.2,,,0.235561,,,,,0,,,,,,,,,17678,,SQ4,"LSK North, SQ1, SQ2, SQ3, UG Hall6, UG Hall7",33300,1.53308e+07,,,,,,,,,,
J_leave_one_site_out_linear_regression_1h_UG_Hall6,RQ6,J_cross_site,leave_one_site_out,linear_regression,,1h,UG Hall6,all_daylight,all,full,42,17675,2153.65,3134.68,0.125387,55.4122,0.774599,0.244565,0,,0,executed,results/tables/cross_site_comparison.csv,,,,,33,,,,,,,,,,0.125387,0.451217,71.3702,20003.1,,,0.244565,,,,,0,,,,,,,,,17675,,UG Hall6,"LSK North, SQ1, SQ2, SQ3, SQ4, UG Hall7",25000,9.82625e+06,,,,,,,,,,
J_leave_one_site_out_linear_regression_1h_UG_Hall7,RQ6,J_cross_site,leave_one_site_out,linear_regression,,1h,UG Hall7,all_daylight,all,full,42,17678,1944.59,2854.18,0.0892488,59.1974,0.741729,0.213913,0,,0,executed,results/tables/cross_site_comparison.csv,,,,,33,,,,,,,,,,0.0892488,0.496784,197.317,20475.2,,,0.213913,,,,,0,,,,,,,,,17678,,UG Hall7,"LSK North, SQ1, SQ2, SQ3, SQ4, UG Hall6",31980,8.14633e+06,,,,,,,,,,
J_leave_one_site_out_xgboost_1h_LSK_North,RQ6,J_cross_site,leave_one_site_out,xgboost,,1h,LSK North,all_daylight,all,full,42,17679,6097.85,9125.78,0.165923,54.9142,0.597189,0.00174174,0,,0,executed,results/tables/cross_site_comparison.csv,,,,,33,,,,,,,,,,0.165923,0.585921,-3641.23,42114.7,,,0.00174174,,,,,0,,,,,,,,,17679,,LSK North,"SQ1, SQ2, SQ3, SQ4, UG Hall6, UG Hall7",55000,8.32798e+07,,,,,,,,,,
J_leave_one_site_out_xgboost_1h_SQ1,RQ6,J_cross_site,leave_one_site_out,xgboost,,1h,SQ1,all_daylight,all,full,42,17679,2192.39,3354.71,0.121547,54.5938,0.779466,0.255801,0,,0,executed,results/tables/cross_site_comparison.csv,,,,,33,,,,,,,,,,0.121547,0.449046,-112.159,22550.5,,,0.255801,,,,,0,,,,,,,,,17679,,SQ1,"LSK North, SQ2, SQ3, SQ4, UG Hall6, UG Hall7",27600,1.12541e+07,,,,,,,,,,
J_leave_one_site_out_xgboost_1h_SQ2,RQ6,J_cross_site,leave_one_site_out,xgboost,,1h,SQ2,all_daylight,all,full,42,17679,2187.84,3375.85,0.101377,51.4733,0.775243,0.257359,0,,0,executed,results/tables/cross_site_comparison.csv,,,,,33,,,,,,,,,,0.101377,0.454856,-86.1209,22795.6,,,0.257359,,,,,0,,,,,,,,,17679,,SQ2,"LSK North, SQ1, SQ3, SQ4, UG Hall6, UG Hall7",33300,1.13964e+07,,,,,,,,,,
J_leave_one_site_out_xgboost_1h_SQ3,RQ6,J_cross_site,leave_one_site_out,xgboost,,1h,SQ3,all_daylight,all,full,42,17678,2542.41,3855,0.115766,50.8786,0.756372,0.231105,0,,0,executed,results/tables/cross_site_comparison.csv,,,,,33,,,,,,,,,,0.115766,0.462962,-449.981,23752.7,,,0.231105,,,,,0,,,,,,,,,17678,,SQ3,"LSK North, SQ1, SQ2, SQ4, UG Hall6, UG Hall7",33300,1.4861e+07,,,,,,,,,,
J_leave_one_site_out_xgboost_1h_SQ4,RQ6,J_cross_site,leave_one_site_out,xgboost,,1h,SQ4,all_daylight,all,full,42,17678,2553.29,3901.03,0.117148,50.7475,0.761785,0.238377,0,,0,executed,results/tables/cross_site_comparison.csv,,,,,33,,,,,,,,,,0.117148,0.457598,-423.66,23877.8,,,0.238377,,,,,0,,,,,,,,,17678,,SQ4,"LSK North, SQ1, SQ2, SQ3, UG Hall6, UG Hall7",33300,1.52181e+07,,,,,,,,,,
J_leave_one_site_out_xgboost_1h_UG_Hall6,RQ6,J_cross_site,leave_one_site_out,xgboost,,1h,UG Hall6,all_daylight,all,full,42,17675,2060.37,3134.58,0.125383,50.1791,0.774614,0.24459,0,,0,executed,results/tables/cross_site_comparison.csv,,,,,33,,,,,,,,,,0.125383,0.451201,-81.2949,18930.8,,,0.24459,,,,,0,,,,,,,,,17675,,UG Hall6,"LSK North, SQ1, SQ2, SQ3, SQ4, UG Hall7",25000,9.82559e+06,,,,,,,,,,
J_leave_one_site_out_xgboost_1h_UG_Hall7,RQ6,J_cross_site,leave_one_site_out,xgboost,,1h,UG Hall7,all_daylight,all,full,42,17678,1863.67,2820.01,0.0881803,54.8997,0.747876,0.223324,0,,0,executed,results/tables/cross_site_comparison.csv,,,,,33,,,,,,,,,,0.0881803,0.490837,317.726,19413.1,,,0.223324,,,,,0,,,,,,,,,17678,,UG Hall7,"LSK North, SQ1, SQ2, SQ3, SQ4, UG Hall6",31980,7.95244e+06,,,,,,,,,,
J_within_site_gradient_boosting_1h_LSK_North,RQ6,J_cross_site,within_site,gradient_boosting,,1h,LSK North,all_daylight,all,full,42,17679,4373.86,6664.26,0.121168,49.7801,0.785185,0.271004,0,,0,executed,results/tables/cross_site_comparison.csv,,,,,33,,,,,,,,,,0.121168,0.427879,871.728,40604.3,,,0.271004,,,,,0,,,,,,,,,17679,,LSK North,LSK North,55000,4.44124e+07,,,,,,,,,,
J_within_site_gradient_boosting_1h_SQ1,RQ6,J_cross_site,within_site,gradient_boosting,,1h,SQ1,all_daylight,all,full,42,17679,2211.37,3331.83,0.120718,55.2504,0.782465,0.260877,0,,0,executed,results/tables/cross_site_comparison.csv,,,,,33,,,,,,,,,,0.120718,0.445983,569.195,21375.6,,,0.260877,,,,,0,,,,,,,,,17679,,SQ1,SQ1,27600,1.11011e+07,,,,,,,,,,
J_within_site_gradient_boosting_1h_SQ2,RQ6,J_cross_site,within_site,gradient_boosting,,1h,SQ2,all_daylight,all,full,42,17679,2092.32,3280.91,0.0985257,51.0262,0.787708,0.278245,0,,0,executed,results/tables/cross_site_comparison.csv,,,,,33,,,,,,,,,,0.0985257,0.442064,478.241,22493,,,0.278245,,,,,0,,,,,,,,,17679,,SQ2,SQ2,33300,1.07643e+07,,,,,,,,,,
J_within_site_gradient_boosting_1h_SQ3,RQ6,J_cross_site,within_site,gradient_boosting,,1h,SQ3,all_daylight,all,full,42,17678,2397.92,3676.11,0.110394,50.978,0.778459,0.266786,0,,0,executed,results/tables/cross_site_comparison.csv,,,,,33,,,,,,,,,,0.110394,0.441478,77.958,24273.4,,,0.266786,,,,,0,,,,,,,,,17678,,SQ3,SQ3,33300,1.35137e+07,,,,,,,,,,
J_within_site_gradient_boosting_1h_SQ4,RQ6,J_cross_site,within_site,gradient_boosting,,1h,SQ4,all_daylight,all,full,42,17678,2450.99,3756.6,0.112811,52.0507,0.779098,0.266575,0,,0,executed,results/tables/cross_site_comparison.csv,,,,,33,,,,,,,,,,0.112811,0.440656,720.827,23011.9,,,0.266575,,,,,0,,,,,,,,,17678,,SQ4,SQ4,33300,1.41121e+07,,,,,,,,,,
J_within_site_gradient_boosting_1h_UG_Hall6,RQ6,J_cross_site,within_site,gradient_boosting,,1h,UG Hall6,all_daylight,all,full,42,17675,1926.29,2998.73,0.119949,49.7559,0.793728,0.27733,0,,0,executed,results/tables/cross_site_comparison.csv,,,,,33,,,,,,,,,,0.119949,0.431646,502.222,19427.9,,,0.27733,,,,,0,,,,,,,,,17675,,UG Hall6,UG Hall6,25000,8.99236e+06,,,,,,,,,,
J_within_site_gradient_boosting_1h_UG_Hall7,RQ6,J_cross_site,within_site,gradient_boosting,,1h,UG Hall7,all_daylight,all,full,42,17678,1751.54,2771.92,0.0866767,52.556,0.756401,0.236568,0,,0,executed,results/tables/cross_site_comparison.csv,,,,,33,,,,,,,,,,0.0866767,0.482467,743.49,19120.3,,,0.236568,,,,,0,,,,,,,,,17678,,UG Hall7,UG Hall7,31980,7.68354e+06,,,,,,,,,,
J_within_site_linear_regression_1h_LSK_North,RQ6,J_cross_site,within_site,linear_regression,,1h,LSK North,all_daylight,all,full,42,17679,5174.37,7456.88,0.13558,57.617,0.731048,0.184301,0,,0,executed,results/tables/cross_site_comparison.csv,,,,,33,,,,,,,,,,0.13558,0.478769,2165.56,49273.2,,,0.184301,,,,,0,,,,,,,,,17679,,LSK North,LSK North,55000,5.56051e+07,,,,,,,,,,
J_within_site_linear_regression_1h_SQ1,RQ6,J_cross_site,within_site,linear_regression,,1h,SQ1,all_daylight,all,full,42,17679,2410.86,3510.58,0.127195,60.1107,0.758497,0.221224,0,,0,executed,results/tables/cross_site_comparison.csv,,,,,33,,,,,,,,,,0.127195,0.46991,735.466,23374.4,,,0.221224,,,,,0,,,,,,,,,17679,,SQ1,SQ1,27600,1.23241e+07,,,,,,,,,,
J_within_site_linear_regression_1h_SQ2,RQ6,J_cross_site,within_site,linear_regression,,1h,SQ2,all_daylight,all,full,42,17679,2683.22,3756.44,0.112806,60.898,0.721709,0.173634,0,,0,executed,results/tables/cross_site_comparison.csv,,,,,33,,,,,,,,,,0.112806,0.506136,1242.24,22693.5,,,0.173634,,,,,0,,,,,,,,,17679,,SQ2,SQ2,33300,1.41108e+07,,,,,,,,,,
J_within_site_linear_regression_1h_SQ3,RQ6,J_cross_site,within_site,linear_regression,,1h,SQ3,all_daylight,all,full,42,17678,2563.17,3803.97,0.114233,55.064,0.762778,0.241282,0,,0,executed,results/tables/cross_site_comparison.csv,,,,,33,,,,,,,,,,0.114233,0.456834,220.851,24717.2,,,0.241282,,,,,0,,,,,,,,,17678,,SQ3,SQ3,33300,1.44702e+07,,,,,,,,,,
J_within_site_linear_regression_1h_SQ4,RQ6,J_cross_site,within_site,linear_regression,,1h,SQ4,all_daylight,all,full,42,17678,2684.61,3963.86,0.119035,56.8857,0.754051,0.226112,0,,0,executed,results/tables/cross_site_comparison.csv,,,,,33,,,,,,,,,,0.119035,0.464967,786.017,24526.9,,,0.226112,,,,,0,,,,,,,,,17678,,SQ4,SQ4,33300,1.57122e+07,,,,,,,,,,
J_within_site_linear_regression_1h_UG_Hall6,RQ6,J_cross_site,within_site,linear_regression,,1h,UG Hall6,all_daylight,all,full,42,17675,2749.46,3775.99,0.15104,62.5332,0.672939,0.0900153,0,,0,executed,results/tables/cross_site_comparison.csv,,,,,33,,,,,,,,,,0.15104,0.543528,1601.96,20776.4,,,0.0900153,,,,,0,,,,,,,,,17675,,UG Hall6,UG Hall6,25000,1.42581e+07,,,,,,,,,,
J_within_site_linear_regression_1h_UG_Hall7,RQ6,J_cross_site,within_site,linear_regression,,1h,UG Hall7,all_daylight,all,full,42,17678,1917.68,2860.49,0.0894463,57.1253,0.740585,0.212173,0,,0,executed,results/tables/cross_site_comparison.csv,,,,,33,,,,,,,,,,0.0894463,0.497884,745.363,19497.6,,,0.212173,,,,,0,,,,,,,,,17678,,UG Hall7,UG Hall7,31980,8.18243e+06,,,,,,,,,,
J_within_site_xgboost_1h_LSK_North,RQ6,J_cross_site,within_site,xgboost,,1h,LSK North,all_daylight,all,full,42,17679,4505.29,6835.32,0.124279,48.575,0.774016,0.252292,0,,0,executed,results/tables/cross_site_comparison.csv,,,,,33,,,,,,,,,,0.124279,0.438862,570.828,39732.2,,,0.252292,,,,,0,,,,,,,,,17679,,LSK North,LSK North,55000,4.67216e+07,,,,,,,,,,
J_within_site_xgboost_1h_SQ1,RQ6,J_cross_site,within_site,xgboost,,1h,SQ1,all_daylight,all,full,42,17679,2236.37,3414.11,0.1237,53.8964,0.771588,0.242624,0,,0,executed,results/tables/cross_site_comparison.csv,,,,,33,,,,,,,,,,0.1237,0.456997,540.355,22684.7,,,0.242624,,,,,0,,,,,,,,,17679,,SQ1,SQ1,27600,1.16561e+07,,,,,,,,,,
J_within_site_xgboost_1h_SQ2,RQ6,J_cross_site,within_site,xgboost,,1h,SQ2,all_daylight,all,full,42,17679,2114.55,3320.82,0.0997243,49.4718,0.782511,0.269465,0,,0,executed,results/tables/cross_site_comparison.csv,,,,,33,,,,,,,,,,0.0997243,0.447441,423.53,20828.4,,,0.269465,,,,,0,,,,,,,,,17679,,SQ2,SQ2,33300,1.10278e+07,,,,,,,,,,
J_within_site_xgboost_1h_SQ3,RQ6,J_cross_site,within_site,xgboost,,1h,SQ3,all_daylight,all,full,42,17678,2383.43,3719.78,0.111705,48.3183,0.773163,0.258075,0,,0,executed,results/tables/cross_site_comparison.csv,,,,,33,,,,,,,,,,0.111705,0.446723,-45.6609,24691.5,,,0.258075,,,,,0,,,,,,,,,17678,,SQ3,SQ3,33300,1.38368e+07,,,,,,,,,,
J_within_site_xgboost_1h_SQ4,RQ6,J_cross_site,within_site,xgboost,,1h,SQ4,all_daylight,all,full,42,17678,2486.02,3822.85,0.1148,50.2781,0.771238,0.253641,0,,0,executed,results/tables/cross_site_comparison.csv,,,,,33,,,,,,,,,,0.1148,0.448427,435.96,23776,,,0.253641,,,,,0,,,,,,,,,17678,,SQ4,SQ4,33300,1.46142e+07,,,,,,,,,,
J_within_site_xgboost_1h_UG_Hall6,RQ6,J_cross_site,within_site,xgboost,,1h,UG Hall6,all_daylight,all,full,42,17675,2043.33,3092.76,0.12371,49.5021,0.780588,0.254668,0,,0,executed,results/tables/cross_site_comparison.csv,,,,,33,,,,,,,,,,0.12371,0.445182,136.913,21888.7,,,0.254668,,,,,0,,,,,,,,,17675,,UG Hall6,UG Hall6,25000,9.56518e+06,,,,,,,,,,
J_within_site_xgboost_1h_UG_Hall7,RQ6,J_cross_site,within_site,xgboost,,1h,UG Hall7,all_daylight,all,full,42,17678,1739.52,2764.68,0.0864504,51.6041,0.757671,0.238561,0,,0,executed,results/tables/cross_site_comparison.csv,,,,,33,,,,,,,,,,0.0864504,0.481207,625.163,18236,,,0.238561,,,,,0,,,,,,,,,17678,,UG Hall7,UG Hall7,31980,7.64348e+06,,,,,,,,,,
K_xgboost_a0.1_evaluation_all_steps,RQ7,K_uncertainty,,xgboost,,1h,LSK North,,all,full,,,,,,,,,,,,executed,results/tables/uncertainty_coverage.csv,,,,,,,,,,,,,,,,,,,,,,,,,,,,,,,,,,evaluation_all_steps,32033,,,,,,0.1,0.9,4793,0.828614,-0.0713858,2976,1348,31,"split conformal, symmetric unadapted interval","approximate only: the calibration block precedes the evaluation block, so the two are not exchangeable under seasonal drift"
K_xgboost_a0.1_evaluation_daylight,RQ7,K_uncertainty,,xgboost,,1h,LSK North,,all,full,,,,,,,,,,,,executed,results/tables/uncertainty_coverage.csv,,,,,,,,,,,,,,,,,,,,,,,,,,,,,,,,,,evaluation_daylight,16331,,,,,,0.1,0.9,4793,0.66383,-0.23617,2976,1348,31,"split conformal, symmetric unadapted interval","approximate only: the calibration block precedes the evaluation block, so the two are not exchangeable under seasonal drift"
K_xgboost_a0.2_evaluation_all_steps,RQ7,K_uncertainty,,xgboost,,1h,LSK North,,all,full,,,,,,,,,,,,executed,results/tables/uncertainty_coverage.csv,,,,,,,,,,,,,,,,,,,,,,,,,,,,,,,,,,evaluation_all_steps,32033,,,,,,0.2,0.8,2257.25,0.724534,-0.0754659,2976,1348,31,"split conformal, symmetric unadapted interval","approximate only: the calibration block precedes the evaluation block, so the two are not exchangeable under seasonal drift"
K_xgboost_a0.2_evaluation_daylight,RQ7,K_uncertainty,,xgboost,,1h,LSK North,,all,full,,,,,,,,,,,,executed,results/tables/uncertainty_coverage.csv,,,,,,,,,,,,,,,,,,,,,,,,,,,,,,,,,,evaluation_daylight,16331,,,,,,0.2,0.8,2257.25,0.460168,-0.339832,2976,1348,31,"split conformal, symmetric unadapted interval","approximate only: the calibration block precedes the evaluation block, so the two are not exchangeable under seasonal drift"
K_lstm_a0.1_evaluation_all_steps,RQ7,K_uncertainty,,lstm,,1h,LSK North,,all,full,,,,,,,,,,,,executed,results/tables/uncertainty_coverage.csv,,,,,,,,,,,,,,,,,,,,,,,,,,,,,,,,,,evaluation_all_steps,32033,,,,,,0.1,0.9,8138.36,0.829738,-0.0702619,2976,1348,31,"split conformal, symmetric unadapted interval","approximate only: the calibration block precedes the evaluation block, so the two are not exchangeable under seasonal drift"
K_lstm_a0.1_evaluation_daylight,RQ7,K_uncertainty,,lstm,,1h,LSK North,,all,full,,,,,,,,,,,,executed,results/tables/uncertainty_coverage.csv,,,,,,,,,,,,,,,,,,,,,,,,,,,,,,,,,,evaluation_daylight,16331,,,,,,0.1,0.9,8138.36,0.666095,-0.233905,2976,1348,31,"split conformal, symmetric unadapted interval","approximate only: the calibration block precedes the evaluation block, so the two are not exchangeable under seasonal drift"
K_lstm_a0.2_evaluation_all_steps,RQ7,K_uncertainty,,lstm,,1h,LSK North,,all,full,,,,,,,,,,,,executed,results/tables/uncertainty_coverage.csv,,,,,,,,,,,,,,,,,,,,,,,,,,,,,,,,,,evaluation_all_steps,32033,,,,,,0.2,0.8,4569.99,0.737177,-0.0628227,2976,1348,31,"split conformal, symmetric unadapted interval","approximate only: the calibration block precedes the evaluation block, so the two are not exchangeable under seasonal drift"
K_lstm_a0.2_evaluation_daylight,RQ7,K_uncertainty,,lstm,,1h,LSK North,,all,full,,,,,,,,,,,,executed,results/tables/uncertainty_coverage.csv,,,,,,,,,,,,,,,,,,,,,,,,,,,,,,,,,,evaluation_daylight,16331,,,,,,0.2,0.8,4569.99,0.485457,-0.314543,2976,1348,31,"split conformal, symmetric unadapted interval","approximate only: the calibration block precedes the evaluation block, so the two are not exchangeable under seasonal drift"
K_transformer_a0.1_evaluation_all_steps,RQ7,K_uncertainty,,transformer,,1h,LSK North,,all,full,,,,,,,,,,,,executed,results/tables/uncertainty_coverage.csv,,,,,,,,,,,,,,,,,,,,,,,,,,,,,,,,,,evaluation_all_steps,32033,,,,,,0.1,0.9,6222.53,0.808572,-0.0914276,2976,1348,31,"split conformal, symmetric unadapted interval","approximate only: the calibration block precedes the evaluation block, so the two are not exchangeable under seasonal drift"
K_transformer_a0.1_evaluation_daylight,RQ7,K_uncertainty,,transformer,,1h,LSK North,,all,full,,,,,,,,,,,,executed,results/tables/uncertainty_coverage.csv,,,,,,,,,,,,,,,,,,,,,,,,,,,,,,,,,,evaluation_daylight,16331,,,,,,0.1,0.9,6222.53,0.687221,-0.212779,2976,1348,31,"split conformal, symmetric unadapted interval","approximate only: the calibration block precedes the evaluation block, so the two are not exchangeable under seasonal drift"
K_transformer_a0.2_evaluation_all_steps,RQ7,K_uncertainty,,transformer,,1h,LSK North,,all,full,,,,,,,,,,,,executed,results/tables/uncertainty_coverage.csv,,,,,,,,,,,,,,,,,,,,,,,,,,,,,,,,,,evaluation_all_steps,32033,,,,,,0.2,0.8,4399.95,0.703556,-0.0964443,2976,1348,31,"split conformal, symmetric unadapted interval","approximate only: the calibration block precedes the evaluation block, so the two are not exchangeable under seasonal drift"
K_transformer_a0.2_evaluation_daylight,RQ7,K_uncertainty,,transformer,,1h,LSK North,,all,full,,,,,,,,,,,,executed,results/tables/uncertainty_coverage.csv,,,,,,,,,,,,,,,,,,,,,,,,,,,,,,,,,,evaluation_daylight,16331,,,,,,0.2,0.8,4399.95,0.563958,-0.236042,2976,1348,31,"split conformal, symmetric unadapted interval","approximate only: the calibration block precedes the evaluation block, so the two are not exchangeable under seasonal drift"
