ghi,temperature,relative_humidity,wind_speed,solar_elevation,sin_solar_elevation,hour_sin,hour_cos,doy_sin,doy_cos,pv_power_w_lag_0,pv_power_w_lag_1,pv_power_w_lag_2,pv_power_w_lag_4,pv_power_w_lag_8,pv_power_w_lag_12,pv_power_w_lag_24,pv_power_w_lag_48,pv_power_w_lag_96,pv_rolling_mean_4,pv_rolling_std_4,pv_rolling_mean_12,pv_rolling_std_12,pv_rolling_mean_24,pv_rolling_std_24,ghi_rollmean_4,ghi_rollmean_24,temperature_rollmean_4,temperature_rollmean_24,ghi_delta_1,ghi_slope_1,ghi_delta_4,ghi_slope_4
0,12.0951,73.2463,4.62791,-11.0246,-0.19123,0.997859,-0.0654031,0.0172016,0.999852,0,0,0,0,0,0,0,0,0,0,0,0,0,0,0,0,0,12.1884,12.8451,0,0,0,0
0,12.0021,73.8856,3.51049,-7.79056,-0.135552,0.991445,-0.130526,0.0172016,0.999852,0,0,0,0,0,0,0,0,0,0,0,0,0,0,0,0,0,12.1168,12.7607,0,0,0,0
0,12.0259,74.2225,3.83253,-4.58454,-0.07993,0.980785,-0.19509,0.0172016,0.999852,0,0,0,0,0,0,0,0,0,0,0,0,0,0,0,0,0,12.0638,12.6802,0,0,0,0
0,12.0966,73.5011,3.41035,-1.40969,-0.0246012,0.965926,-0.258819,0.0172016,0.999852,19.6667,0,0,0,0,0,0,0,207,4.91667,8.51592,1.63889,5.43558,0.819444,3.92992,0,0,12.0549,12.6094,0,0,0,0
10.4627,12.1782,74.2673,3.5104,2.02995,0.0354218,0.94693,-0.321439,0.0172016,0.999852,284.333,19.6667,0,0,0,0,0,0,1133.67,76,120.549,25.3333,78.2788,12.6667,56.7823,2.61568,0.435947,12.0757,12.5484,10.4627,10.4627,10.4627,2.61568
17.2073,12.1919,73.7857,3.21151,4.99657,0.0870961,0.92388,-0.382683,0.0172016,0.999852,1783.33,284.333,19.6667,0,0,0,0,0,2545.67,521.833,736.931,173.944,491.463,86.9722,358.235,6.9175,1.15292,12.1231,12.4904,6.74453,6.74453,17.2073,4.30182
34.6868,12.4482,72.6427,3.91216,8.0007,0.139185,0.896873,-0.442289,0.0172016,0.999852,3899.67,1783.33,284.333,0,0,0,0,0,4268.67,1496.75,1541.74,498.917,1135.85,249.458,841.016,15.5892,2.5982,12.2287,12.4534,17.4795,17.4795,34.6868,8.6717
65.0005,12.7355,71.4552,4.10769,10.9822,0.190503,0.866025,-0.5,0.0172016,0.999852,4539,3899.67,1783.33,19.6667,0,0,0,0,6356.67,2626.58,1693.76,877.167,1576.87,438.583,1198.17,31.8393,5.30655,12.3884,12.4379,30.3137,30.3137,65.0005,16.2501
79.7481,13.1116,70.5805,3.74542,13.9202,0.24057,0.83147,-0.55557,0.0172016,0.999852,4713,4539,3899.67,284.333,0,0,0,0,9019,3733.75,1166.08,1269.92,1869.3,634.958,1466.4,49.1606,8.62939,12.6218,12.4458,14.7476,14.7476,69.2853,17.3213
72.847,13.3496,70.2305,3.42391,16.8025,0.289074,0.793353,-0.608761,0.0172016,0.999852,7776.33,4713,4539,1783.33,0,0,0,0,11885.3,5232,1499.86,1917.94,2543.18,958.972,2038.01,63.0706,11.6647,12.9112,12.4671,-6.90107,-6.90107,55.6397,13.9099
109.835,13.6527,69.1169,3.41523,19.6192,0.335767,0.75184,-0.659346,0.0172016,0.999852,9650,7776.33,4713,3899.67,0,0,0,0,14725,6669.58,2149.15,2722.11,3239.84,1361.06,2664.73,81.8577,16.2411,13.2123,12.5047,36.9881,36.9881,75.1483,18.7871
140.673,14.0305,68.6661,3.60751,22.3601,0.380426,0.707107,-0.707107,0.0172016,0.999852,10902.3,9650,7776.33,4539,19.6667,0,0,0,17601,8260.42,2330.73,3630.64,3824.92,1815.32,3257.36,100.776,22.1025,13.5361,12.5603,30.8382,30.8382,75.6729,18.9182
151.915,14.3066,67.5742,3.77007,25.0146,0.422849,0.659346,-0.75184,0.0172016,0.999852,12806.3,10902.3,9650,4713,284.333,0,0,0,20063.7,10283.8,1832.68,4697.83,4405.54,2348.92,3901.51,118.818,28.4323,13.8349,12.6245,11.242,11.242,72.1673,18.0418
179.943,14.6864,65.4971,3.59869,27.5709,0.462845,0.608761,-0.793353,0.0172016,0.999852,16704,12806.3,10902.3,7776.33,1783.33,0,0,0,22969.7,12515.7,2666.53,6089.83,5257.78,3044.92,4805.59,145.592,35.93,14.1691,12.7063,28.028,28.028,107.096,26.7741
228.045,15.0656,63.7507,3.41076,30.0159,0.500241,0.55557,-0.83147,0.0172016,0.999852,18214,16704,12806.3,9650,3899.67,0,0,0,24904.7,14656.7,2931.08,7607.67,5873.63,3803.83,5631.96,175.144,45.4319,14.5223,12.8051,48.102,48.102,118.21,29.5525
254.111,15.5582,62.3333,4.14174,32.3352,0.534871,0.5,-0.866025,0.0172016,0.999852,19179.7,18214,16704,10902.3,4539,19.6667,0,0,26750.3,16726,2428.93,9204.33,6189.62,4602.99,6350.44,203.504,56.0198,14.9042,12.9266,26.0653,26.0653,113.437,28.3593
163.52,16.071,60.4517,3.72255,34.5125,0.566586,0.442289,-0.896873,0.0172016,0.999852,24134.7,19179.7,18214,12806.3,4713,284.333,0,0,28949.7,19558.1,2785.71,11191.9,6804.91,5608.6,7370.84,206.405,62.8331,15.3453,13.0757,-90.591,-90.591,11.6043,2.90108
282.429,17.3051,56.7039,3.39559,36.5304,0.595249,0.382683,-0.92388,0.0172016,0.999852,25456.7,24134.7,19179.7,16704,7776.33,1783.33,0,0,30274,21746.2,3103.86,13164.6,7210.78,6669.29,8264.86,232.026,74.601,16,13.2756,118.909,118.909,102.485,25.6213
351.831,17.9322,53.9878,3.57013,38.3699,0.620736,0.321439,-0.94693,0.0172016,0.999852,23878,25456.7,24134.7,18214,9650,3899.67,0,0,31730,23162.2,2376.09,14829.5,7185.74,7664.21,8820.65,262.973,89.2606,16.7166,13.5059,69.4028,69.4028,123.786,30.9465
370.017,18.4607,52.5531,3.28018,40.0111,0.642936,0.258819,-0.965926,0.0172016,0.999852,20950,23878,25456.7,19179.7,10902.3,4539,0,0,32876.7,23604.8,1645.66,16197.1,6637.91,8537.12,9052.58,291.949,104.678,17.4422,13.7606,18.1853,18.1853,115.906,28.9765
309.266,18.7903,51.9374,3.41609,41.4338,0.661754,0.19509,-0.980785,0.0172016,0.999852,23624,20950,23878,24134.7,12806.3,4713,0,0,33231,23477.2,1619.2,17773,5931.65,9521.46,9350.26,328.386,117.564,18.1221,14.0314,-60.7507,-60.7507,145.746,36.4366
348.199,18.6463,52.205,3.18405,42.6181,0.677109,0.130526,-0.991445,0.0172016,0.999852,21218,23624,20950,25456.7,16704,7776.33,0,0,34620,22417.5,1339.87,18893.1,5156.65,10405.5,9411.09,344.828,132.072,18.4574,14.2963,38.9327,38.9327,65.7701,16.4425
308.674,18.868,51.7429,2.80636,43.5459,0.688935,0.0654031,-0.997859,0.0172016,0.999852,17873.3,21218,23624,23878,18214,9650,0,0,35069,20916.3,2042.27,19578.4,4369.04,11150.3,9264.25,334.039,144.934,18.6913,14.5725,-39.5247,-39.5247,-43.1573,-10.7893
252.39,18.8766,52.0881,2.51356,44.2013,0.697181,1.22465e-16,-1,0.0172016,0.999852,18067.3,17873.3,21218,20950,19179.7,10902.3,0,0,35835,20195.7,2383.36,20175.5,3556.6,11903.1,9059.4,304.632,155.45,18.7953,14.8535,-56.284,-56.284,-117.627,-29.4067
264.164,18.8651,51.9833,2.56247,44.5726,0.701812,-0.0654031,-0.997859,0.0172016,0.999852,15268.3,18067.3,17873.3,23624,24134.7,12806.3,0,0,36014.3,18106.8,2109.06,20380.7,3176.25,12539.2,8731.35,293.357,166.457,18.814,15.1356,11.774,11.774,-45.102,-11.2755
227.447,18.9643,52.6053,2.47133,44.6527,0.702807,-0.130526,-0.991445,0.0172016,0.999852,20556,15268.3,18067.3,21218,25456.7,16704,0,0,35667.7,17941.2,1870.96,20701.7,2976.85,13395.8,8463.41,263.169,175.934,18.8935,15.4257,-36.7167,-36.7167,-120.751,-30.1878
291.596,19.0843,52.5741,2.30117,44.4401,0.700163,-0.19509,-0.980785,0.0172016,0.999852,20824.7,20556,15268.3,17873.3,23878,18214,0,0,34994,18679.1,2243.53,20919.2,2880.94,14263.4,8105.5,258.899,188.084,18.9476,15.7198,64.1487,64.1487,-17.078,-4.2695
302.958,19.4058,51.5379,2.26533,43.9388,0.69389,-0.258819,-0.965926,0.0172016,0.999852,23567,20824.7,20556,18067.3,20950,19179.7,19.6667,0,34533,20054,3003.74,21284.8,2915.17,15244.6,7738.82,271.541,200.707,19.0799,16.0244,11.362,11.362,50.568,12.642
325.155,19.5585,51.383,2.58243,43.1583,0.684016,-0.321439,-0.94693,0.0172016,0.999852,26121.7,23567,20824.7,15268.3,23624,24134.7,284.333,0,33333,22767.3,2266.88,21450.4,3121.47,16321.1,7371.21,286.789,213.819,19.2533,16.3319,22.1967,22.1967,60.9907,15.2477
411.374,20.1644,48.9629,2.35564,42.1121,0.670583,-0.382683,-0.92388,0.0172016,0.999852,22325,26121.7,23567,20556,21218,25456.7,1783.33,0,31987.3,23209.6,1941.54,21189.4,2898.57,17177,6804.25,332.771,230.243,19.5533,16.6641,86.2193,86.2193,183.927,45.9817
355.857,20.8172,47.1877,2.25219,40.8173,0.653649,-0.442289,-0.896873,0.0172016,0.999852,22169,22325,26121.7,20824.7,17873.3,23878,3899.67,0,30789.7,23545.7,1582.83,21047,2803.4,17938.3,6277.85,348.836,243.625,19.9865,17.0128,-55.5173,-55.5173,64.2607,16.0652
333.937,20.6922,47.9631,2.08329,39.293,0.633286,-0.5,-0.866025,0.0172016,0.999852,22043.7,22169,22325,23567,18067.3,20950,4539,0,29089,23164.8,1710.04,21138.2,2816.51,18667.6,5665.76,356.581,254.83,20.3081,17.3443,-21.92,-21.92,30.9787,7.74467
333.038,20.4231,49.3783,1.83794,37.5594,0.609583,-0.55557,-0.83147,0.0172016,0.999852,17140,22043.7,22169,26121.7,15268.3,23624,4713,0,27094.7,20919.4,2184.32,20597.8,2908.25,19185.4,4880.18,358.551,265.384,20.5242,17.649,-0.898667,-0.898667,7.88333,1.97083
280.279,20.4135,48.6734,2.11318,35.6365,0.582641,-0.608761,-0.793353,0.0172016,0.999852,20196,17140,22043.7,22325,20556,21218,7776.33,0,24592.7,20387.2,2030.98,20512.7,2903.8,19702.9,4262.31,325.778,274.027,20.5865,17.9433,-52.7587,-52.7587,-131.095,-32.7737
278.163,20.0342,49.4906,2.11873,33.544,0.552577,-0.659346,-0.75184,0.0172016,0.999852,17095.7,20196,17140,22169,20824.7,17873.3,9650,0,22590.7,19118.8,2104.99,20447.9,2969.91,20013.1,3760.77,306.354,281.041,20.3907,18.2092,-2.116,-2.116,-77.6933,-19.4233
258.921,20.148,49.0931,2.47753,31.3001,0.519521,-0.707107,-0.707107,0.0172016,0.999852,14266.7,17095.7,20196,22043.7,23567,18067.3,10902.3,0,20510,17174.6,2097.16,20131.1,3381.08,20153.3,3470.02,287.6,285.968,20.2547,18.4641,-19.242,-19.242,-75.0153,-18.7538
219.414,19.9798,49.8159,2.85725,28.9218,0.483616,-0.75184,-0.659346,0.0172016,0.999852,11242.3,14266.7,17095.7,17140,26121.7,15268.3,12806.3,0,18517.3,15700.2,3319.91,19795.6,3991.6,20088.2,3618.88,259.194,288.78,20.1439,18.7005,-39.5073,-39.5073,-113.624,-28.406
180.369,19.3643,51.892,2.58419,26.4245,0.445018,-0.793353,-0.608761,0.0172016,0.999852,11897,11242.3,14266.7,20196,22325,20556,16704,0,16178,13625.4,2297.84,19074.1,4534.65,19887.9,3921.05,234.217,288.798,19.8816,18.8954,-39.0447,-39.0447,-99.91,-24.9775
192.337,18.7735,54.5,2.70523,23.8219,0.403896,-0.83147,-0.55557,0.0172016,0.999852,8712.67,11897,11242.3,17095.7,22169,20824.7,18214,0,13664.3,11529.7,1977.63,18064.7,5313.7,19492,4506.07,212.76,287.31,19.5664,19.0499,11.968,11.968,-85.826,-21.4565
138.572,18.6929,55.3178,2.99869,21.1267,0.360432,-0.866025,-0.5,0.0172016,0.999852,8550.67,8712.67,11897,14266.7,22043.7,23567,19179.7,0,10858.3,10100.7,1488.23,16813.4,5629.36,19049.1,5009.24,182.673,282.496,19.2026,19.1805,-53.7653,-53.7653,-120.349,-30.0873
132.449,18.2226,55.8673,3.53115,18.35,0.314821,-0.896873,-0.442289,0.0172016,0.999852,10430.7,8550.67,8712.67,11242.3,17140,26121.7,24134.7,0,8332.67,9897.75,1369.31,15505.8,5114.14,18478.1,5175.3,160.932,281.202,18.7633,19.2701,-6.12333,-6.12333,-86.9653,-21.7413
135.433,18.0714,56.4091,2.51816,15.5021,0.267274,-0.92388,-0.382683,0.0172016,0.999852,6306.33,10430.7,8550.67,11897,20196,22325,25456.7,0,4641,8500.08,1465.22,14170.9,5248.79,17680.2,5503.71,149.698,275.077,18.4401,19.3021,2.984,2.984,-44.9367,-11.2342
110.15,18.1157,56.201,2.24148,12.5929,0.218023,-0.94693,-0.321439,0.0172016,0.999852,2563,6306.33,10430.7,8712.67,17095.7,22169,23878,0,2819.67,6962.67,2929.87,12537.1,5547.81,16792,6117.48,129.151,265.007,18.2756,19.3097,-25.2826,-25.2826,-82.1873,-20.5468
0,15.4545,72.6083,2.4365,-11.099,-0.192505,0.997859,-0.0654031,0.0343981,0.999408,0,0,0,0,0,0,0,0,0,0,0,0,0,0,0,0,0,15.4084,15.5898,0,0,0,0
0,15.373,72.7433,3.35867,-7.86241,-0.136795,0.991445,-0.130526,0.0343981,0.999408,0,0,0,0,0,0,0,0,0,0,0,0,0,0,0,0,0,15.4115,15.5785,0,0,0,0
0,15.4523,72.3843,2.73115,-4.65365,-0.0811323,0.980785,-0.19509,0.0343981,0.999408,0,0,0,0,0,0,0,0,0,0,0,0,0,0,0,0,0,15.4405,15.5752,0,0,0,0
0,15.3387,73.1188,2.23035,-1.47589,-0.0257562,0.965926,-0.258819,0.0343981,0.999408,65.6667,0,0,0,0,0,0,0,19.6667,16.4167,28.4345,5.47222,18.1493,2.73611,13.1219,0,0,15.4046,15.5664,0,0,0,0
16.7758,15.3529,74.4226,2.31588,1.97148,0.034402,0.94693,-0.321439,0.0343981,0.999408,865,65.6667,0,0,0,0,0,0,284.333,232.667,366.061,77.5556,238.11,38.7778,172.777,4.19395,0.698992,15.3792,15.5532,16.7758,16.7758,16.7758,4.19395
34.5247,15.3371,74.0606,2.19081,4.93834,0.0860837,0.92388,-0.382683,0.0343981,0.999408,2455.67,865,65.6667,0,0,0,0,0,1783.33,846.583,989.447,282.194,696.852,141.097,512.552,12.8251,2.13752,15.3702,15.5407,17.7489,17.7489,34.5247,8.63117
54.3651,15.3545,74.0763,2.53053,7.94521,0.138226,0.896873,-0.442289,0.0343981,0.999408,6400.67,2455.67,865,0,0,0,0,0,3899.67,2446.75,2439.52,815.583,1820.47,407.792,1350.31,26.4164,4.40273,15.3458,15.5277,19.8404,19.8404,54.3651,13.5913
107.898,15.6314,72.3305,3.16357,10.9302,0.189613,0.866025,-0.5,0.0343981,0.999408,10445,6400.67,2455.67,65.6667,0,0,0,0,4539,5041.58,3713.99,1686,3198.15,843,2413.45,53.3908,8.89846,15.419,15.525,53.5325,53.5325,107.898,26.9744
202.203,16.3956,67.9593,3.51823,13.8722,0.239757,0.83147,-0.55557,0.0343981,0.999408,9183.67,10445,6400.67,865,0,0,0,0,4713,7121.25,3065.44,2451.31,3753.69,1225.65,2923.58,99.7477,17.3236,15.6797,15.5474,94.3057,94.3057,185.428,46.3569
154.6,17.2477,63.7337,4.21269,16.759,0.288347,0.793353,-0.608761,0.0343981,0.999408,9854.33,9183.67,10445,2455.67,0,0,0,0,7776.33,8970.92,1549.58,3272.5,4181.17,1636.25,3379.11,129.766,23.7653,16.1573,15.608,-47.6033,-47.6033,120.075,30.0188
167.116,17.2473,63.1217,2.71272,19.5804,0.33513,0.75184,-0.659346,0.0343981,0.999408,8778,9854.33,9183.67,6400.67,0,0,0,0,9650,9565.25,636.965,4004,4310.51,2002,3646.68,157.954,30.7284,16.6305,15.6725,12.516,12.516,112.751,28.1877
153.344,17.1799,62.6698,2.70602,22.3266,0.379885,0.707107,-0.707107,0.0343981,0.999408,10417.3,8778,9854.33,10445,65.6667,0,0,0,10902.3,9558.33,627.453,4872.11,4463.01,2436.06,3986.68,169.316,37.1178,17.0177,15.7355,-13.772,-13.772,45.4464,11.3616
170.017,17.0465,63.1461,3.03004,24.9867,0.422408,0.659346,-0.75184,0.0343981,0.999408,13986,10417.3,8778,9183.67,865,0,0,0,12806.3,10758.9,1954.04,6037.61,4848.08,3018.81,4567.83,161.269,44.2018,17.1804,15.7927,16.6733,16.6733,-32.186,-8.0465
219.404,17.3432,62.1881,3.05956,27.5492,0.462509,0.608761,-0.793353,0.0343981,0.999408,16513.3,13986,10417.3,9854.33,2455.67,0,0,0,16704,12423.7,3020.04,7413.72,5264.74,3706.86,5253.53,177.47,53.3437,17.2043,15.8603,49.3867,49.3867,64.804,16.201
262.393,17.8619,60.4437,3.20445,30.0009,0.500013,0.55557,-0.83147,0.0343981,0.999408,24564,16513.3,13986,8778,6400.67,0,0,0,18214,16370.2,5202.88,9460.72,6592.27,4730.36,6641.18,201.29,64.2767,17.3579,15.9466,42.9887,42.9887,95.2767,23.8192
424.894,18.8798,56.6175,3.54407,32.3273,0.534755,0.5,-0.866025,0.0343981,0.999408,34034.7,24564,16513.3,10417.3,10445,65.6667,0,0,19179.7,22274.5,7833.16,12291.5,8855.08,6148.47,8771.71,269.177,81.9806,17.7829,16.0785,162.501,162.501,271.55,67.8875
576.098,20.8368,50.4281,3.64181,34.5124,0.566585,0.442289,-0.896873,0.0343981,0.999408,29551,34034.7,24564,13986,9183.67,865,0,0,24134.7,26165.8,6502.2,14682,9308.17,7379.76,9832.17,370.697,105.985,18.7304,16.2971,151.204,151.204,406.081,101.52
518.092,21.6099,47.973,3.95509,36.5386,0.595364,0.382683,-0.92388,0.0343981,0.999408,29854.7,29551,34034.7,16513.3,9854.33,2455.67,0,0,25456.7,29501.1,3356.18,16965.2,9389.15,8623.71,10672.5,445.369,127.572,19.7971,16.5558,-58.006,-58.006,298.688,74.672
523.857,21.704,47.5864,3.807,38.3869,0.620969,0.321439,-0.94693,0.0343981,0.999408,30971.3,29854.7,29551,24564,8778,6400.67,0,0,23878,31102.9,1773.35,19012.8,9539.94,9914.18,11399.4,510.735,149.399,20.7576,16.8179,5.76533,5.76533,261.465,65.3662
552.758,22.2384,46.6439,3.70909,40.0374,0.643288,0.258819,-0.965926,0.0343981,0.999408,24133.7,30971.3,29854.7,34034.7,10417.3,10445,0,0,20950,28627.7,2647.97,20153.5,9261.6,10919.8,11544,542.701,172.431,21.5973,17.1029,28.9007,28.9007,127.864,31.966
437.766,23.2439,44.6159,3.54375,41.4699,0.662226,0.19509,-0.980785,0.0343981,0.999408,25344.7,24133.7,30971.3,29551,13986,9183.67,0,0,23624,27576.1,2896.08,21500.2,8728.17,11975.8,11655.5,508.118,190.671,22.199,17.4295,-114.992,-114.992,-138.332,-34.583
463.997,22.7024,46.4737,3.11195,42.6643,0.677702,0.130526,-0.991445,0.0343981,0.999408,23188.3,25344.7,24133.7,29854.7,16513.3,9854.33,0,0,21218,25909.5,3020.74,22611.4,7992.59,12942,11583.6,494.595,210.004,22.4722,17.7354,26.2307,26.2307,-54.0953,-13.5238
386.236,22.3761,47.3221,3.50635,43.6022,0.689648,0.0654031,-0.997859,0.0343981,0.999408,22137.3,23188.3,25344.7,30971.3,24564,8778,0,0,17873.3,23701,1182.87,23724.7,6834.76,13864.3,11396.2,460.189,226.097,22.6402,18.0287,-77.7607,-77.7607,-137.621,-34.4053
364.099,22.4294,48.4243,3.48395,44.2678,0.698013,1.22465e-16,-1,0.0343981,0.999408,22290.7,22137.3,23188.3,24133.7,34034.7,10417.3,0,0,18067.3,23240.2,1279.59,24714.1,5581.14,14793.1,11133.7,413.025,241.268,22.6879,18.3182,-22.1367,-22.1367,-188.659,-47.1647
368.625,22.3274,48.2138,3.37014,44.649,0.702761,-0.0654031,-0.997859,0.0343981,0.999408,22736.7,22290.7,22137.3,25344.7,29551,13986,0,0,15268.3,22588.2,410.49,25443.4,4620.84,15740.5,10796.9,395.739,256.628,22.4588,18.6046,4.52533,4.52533,-69.1413,-17.2853
372.833,22.3005,48.5035,2.77681,44.7385,0.703872,-0.130526,-0.991445,0.0343981,0.999408,23158.3,22736.7,22290.7,23188.3,29854.7,16513.3,0,0,20556,22580.8,399.587,25997.1,3851.64,16705.4,10373.6,372.948,272.162,22.3583,18.8932,4.20867,4.20867,-91.1633,-22.7908
358.443,22.6081,47.8521,2.9008,44.5347,0.701341,-0.19509,-0.980785,0.0343981,0.999408,23260.3,23158.3,22736.7,22137.3,30971.3,24564,0,0,20824.7,22861.5,383.606,25888.5,3908.5,17674.6,9840.47,366,287.097,22.4163,19.1914,-14.3907,-14.3907,-27.7933,-6.94833
357.448,22.9814,47.492,2.23133,44.0415,0.695179,-0.258819,-0.965926,0.0343981,0.999408,23763.7,23260.3,23158.3,22290.7,24133.7,34034.7,65.6667,0,23567,23229.8,365.456,25032.6,3064.31,18662,9191.58,364.337,301.991,22.5543,19.5098,-0.994667,-0.994667,-6.65133,-1.66283
355.996,23.0961,47.2391,2.16583,43.268,0.685412,-0.321439,-0.94693,0.0343981,0.999408,21802,23763.7,23260.3,22736.7,25344.7,29551,865,0,26121.7,22996.1,726.494,24386.8,2853.3,19534.4,8422.45,361.18,316.125,22.7465,19.8325,-1.452,-1.452,-12.6287,-3.15717
343.787,23.2424,46.7953,2.22819,42.228,0.672082,-0.382683,-0.92388,0.0343981,0.999408,20986.3,21802,23763.7,23158.3,23188.3,29854.7,2455.67,0,22325,22453.1,1111.82,23647.8,2463.19,20306.5,7633.86,353.918,329.011,22.982,20.1619,-12.2093,-12.2093,-29.0467,-7.26167
327.541,23.3594,47.7247,1.80693,40.9384,0.655247,-0.442289,-0.896873,0.0343981,0.999408,20557,20986.3,21802,23260.3,22137.3,30971.3,6400.67,0,22169,21777.2,1230.96,22779.9,1280.88,20896.3,7062.11,346.193,340.394,23.1698,20.4954,-16.2453,-16.2453,-30.9013,-7.72533
318.819,23.3446,47.5047,1.81289,39.4184,0.634978,-0.5,-0.866025,0.0343981,0.999408,20250.3,20557,20986.3,23763.7,22290.7,24133.7,10445,0,22043.7,20898.9,583.26,22456.3,1384.36,21304.9,6721.05,336.536,349.182,23.2606,20.8168,-8.722,-8.722,-38.6287,-9.65717
311.414,22.9943,48.9563,1.8538,37.6882,0.611364,-0.55557,-0.83147,0.0343981,0.999408,19007.3,20250.3,20557,21802,22736.7,25344.7,9183.67,0,17140,20200.2,736.674,21928.2,1390.54,21714.2,6253.25,325.39,353.732,23.2352,21.0917,-7.40533,-7.40533,-44.582,-11.1455
304.462,22.8583,49.6331,1.77607,35.7681,0.584506,-0.608761,-0.793353,0.0343981,0.999408,14062.3,19007.3,20250.3,20986.3,23158.3,23188.3,9854.33,0,20196,18469.2,2609.67,21167.7,2525.65,21889.6,5970.87,315.559,359.977,23.1392,21.3255,-6.952,-6.952,-39.3247,-9.83117
223.023,22.4475,51.5975,1.28543,33.6777,0.55452,-0.659346,-0.75184,0.0343981,0.999408,13581.7,14062.3,19007.3,20557,23260.3,22137.3,8778,0,17095.7,16725.4,2941.4,20454.7,3253.9,22089.7,5596.79,289.43,362.306,22.9112,21.5422,-81.4393,-81.4393,-104.519,-26.1297
186.076,21.5915,54.3542,1.21877,31.4353,0.521535,-0.707107,-0.707107,0.0343981,0.999408,16066.7,13581.7,14062.3,20250.3,23763.7,22290.7,10417.3,0,14266.7,15679.5,2135.45,19936.1,3412.12,22325.1,5206.09,256.244,363.67,22.4729,21.726,-36.9469,-36.9469,-132.744,-33.1859
237.769,21.6571,53.6677,1.69872,29.058,0.485695,-0.75184,-0.659346,0.0343981,0.999408,14091.7,16066.7,13581.7,19007.3,21802,22736.7,13986,0,11242.3,14450.6,954.765,19215.6,3649.16,22329.5,5199.07,237.832,366.493,22.1386,21.9181,51.6935,51.6935,-73.6447,-18.4112
241.125,21.8431,52.6129,1.81965,26.5613,0.447155,-0.793353,-0.608761,0.0343981,0.999408,10890.7,14091.7,16066.7,14062.3,20986.3,23158.3,16513.3,0,11897,13657.7,1847.55,18193.3,4092.83,22095.2,5569.38,221.998,367.398,21.8848,22.1056,3.35533,3.35533,-63.3373,-15.8343
189.703,21.8684,53.0576,1.7396,23.959,0.406084,-0.83147,-0.55557,0.0343981,0.999408,5975.67,10890.7,14091.7,13581.7,20557,23260.3,24564,0,8712.67,11756.2,3814.39,16752.9,4997.63,21320.7,6402.41,213.668,364.369,21.74,22.2725,-51.422,-51.422,-33.32,-8.33
79.2037,21.2264,53.4639,1.73367,21.2638,0.362663,-0.866025,-0.5,0.0343981,0.999408,4925,5975.67,10890.7,16066.7,20250.3,23763.7,34034.7,0,8550.67,8970.75,3716.47,15183.1,5484,20107.8,6632.14,186.95,349.965,21.6488,22.3703,-110.499,-110.499,-106.872,-26.718
76.7115,20.2098,55.6457,1.6242,18.4869,0.317087,-0.896873,-0.442289,0.0343981,0.999408,4875.33,4925,5975.67,14091.7,19007.3,21802,29551,0,10430.7,6666.67,2478,13772.5,5769.56,19079.7,6991.45,146.686,329.158,21.2869,22.3442,-2.49227,-2.49227,-161.058,-40.2645
63.2001,19.4011,58.6148,1.70001,15.6385,0.269567,-0.92388,-0.382683,0.0343981,0.999408,6573,4875.33,4925,10890.7,14062.3,20986.3,29854.7,0,6306.33,5587.25,719.022,12571.4,5641.62,18109.6,7044.09,102.204,310.204,20.6764,22.2521,-13.5114,-13.5114,-177.925,-44.4812
62.0856,18.9763,60.7639,2.71257,12.7287,0.220334,-0.94693,-0.321439,0.0343981,0.999408,5384.33,6573,4875.33,5975.67,13581.7,20557,30971.3,0,2563,5439.42,683.897,11307,5405.51,17043.5,6952.49,70.3002,290.963,19.9534,22.1385,-1.11447,-1.11447,-127.617,-31.9043
0,14.0977,69.3407,5.49454,-11.1697,-0.193716,0.997859,-0.0654031,0.0515844,0.998669,0,0,0,0,0,0,0,0,0,0,0,0,0,0,0,0,0,14.119,14.8163,0,0,0,0
0,14.0408,70.364,4.85224,-7.93041,-0.13797,0.991445,-0.130526,0.0515844,0.998669,0,0,0,0,0,0,0,0,0,0,0,0,0,0,0,0,0,14.1132,14.7574,0,0,0,0
0,13.9827,70.3005,5.82413,-4.71878,-0.0822652,0.980785,-0.19509,0.0515844,0.998669,0,0,0,0,0,0,0,0,0,0,0,0,0,0,0,0,0,14.0812,14.6963,0,0,0,0
0,13.9109,69.69,7.58876,-1.53796,-0.0268392,0.965926,-0.258819,0.0515844,0.998669,31.6667,0,0,0,0,0,0,0,65.6667,7.91667,13.7121,2.63889,8.7522,1.31944,6.32783,0,0,14.008,14.6337,0,0,0,0
14.4957,13.7558,70.4789,7.66668,1.91709,0.0334532,0.94693,-0.321439,0.0515844,0.998669,528.333,31.6667,0,0,0,0,0,0,865,140,224.577,46.6667,145.489,23.3333,105.489,3.62393,0.603989,13.9225,14.5652,14.4957,14.4957,14.4957,3.62393
26.3853,13.708,72.7082,5.78637,4.88446,0.0851467,0.92388,-0.382683,0.0515844,0.998669,2112.67,528.333,31.6667,0,0,0,0,0,2455.67,668.167,859.9,222.722,587.951,111.361,430.4,10.2203,1.70338,13.8393,14.4945,11.8896,11.8896,26.3853,6.59633
46.3359,13.6468,75.4414,5.47678,7.89427,0.137345,0.896873,-0.442289,0.0515844,0.998669,5321.67,2112.67,528.333,0,0,0,0,0,6400.67,1998.58,2066.78,666.194,1520.36,333.097,1125.48,21.8042,3.63404,13.7554,14.4255,19.9505,19.9505,46.3359,11.584
94.6349,13.9178,74.7241,6.16907,10.883,0.188804,0.866025,-0.5,0.0515844,0.998669,4172,5321.67,2112.67,31.6667,0,0,0,0,10445,3033.67,1847.68,1013.86,1782.65,506.931,1358.64,45.463,7.57716,13.7571,14.3699,48.299,48.299,94.6349,23.6587
84.8961,14.2833,72.6865,6.25193,13.8292,0.239028,0.83147,-0.55557,0.0515844,0.998669,4179,4172,5321.67,528.333,0,0,0,0,9183.67,3946.33,1157.47,1362.11,1950.84,681.056,1538.41,63.063,11.1145,13.889,14.3351,-9.73873,-9.73873,70.4004,17.6001
66.5491,14.0767,73.3985,5.67859,16.7205,0.287704,0.793353,-0.608761,0.0515844,0.998669,7569.67,4179,4172,2112.67,0,0,0,0,9854.33,5310.58,1385.68,1992.92,2542.51,996.458,2055.51,73.104,13.8874,13.9812,14.2952,-18.3471,-18.3471,40.1637,10.0409
123.879,14.1871,72.8388,5.75501,19.547,0.334579,0.75184,-0.659346,0.0515844,0.998669,9129.33,7569.67,4179,5321.67,0,0,0,0,8778,6262.5,2158.62,2753.69,3130.28,1376.85,2606.73,92.4897,19.049,14.1163,14.261,57.3296,57.3296,77.5428,19.3857
142.579,14.6797,71.1386,5.35527,22.2985,0.379432,0.707107,-0.707107,0.0515844,0.998669,10785,9129.33,7569.67,4172,31.6667,0,0,0,10417.3,7915.75,2438.67,3652.44,3705.96,1826.22,3194.08,104.476,24.9898,14.3067,14.2469,18.7007,18.7007,47.9445,11.9861
173.143,15.1633,68.3303,6.26044,24.9645,0.422057,0.659346,-0.75184,0.0515844,0.998669,10668.3,10785,9129.33,4179,528.333,0,0,0,13986,9538.08,1310.92,4541.47,3991.74,2270.74,3622.6,126.537,32.2041,14.5267,14.2576,30.5633,30.5633,88.2465,22.0616
158.089,15.2147,67.1877,6.0934,27.5333,0.462264,0.608761,-0.793353,0.0515844,0.998669,11507,10668.3,10785,7569.67,2112.67,0,0,0,16513.3,10522.4,866.073,5500.39,4164,2750.19,4029.02,149.422,38.7911,14.8112,14.2719,-15.054,-15.054,91.5396,22.8849
171.855,15.4523,66.6897,4.81835,29.9919,0.499877,0.55557,-0.83147,0.0515844,0.998669,11773,11507,10668.3,9129.33,5321.67,0,0,0,24564,11183.3,468.071,6481.47,4139.33,3240.74,4366.85,161.417,45.9517,15.1275,14.2996,13.7667,13.7667,47.9767,11.9942
174.512,15.7378,66.6171,3.55285,32.3257,0.534731,0.5,-0.866025,0.0515844,0.998669,11566,11773,11507,10785,4172,31.6667,0,0,34034.7,11378.6,421.793,7442.67,3859.77,3722.65,4613.83,169.4,53.2231,15.392,14.3392,2.65667,2.65667,31.9327,7.98317
172.16,15.9009,67.0304,3.83374,34.5187,0.566676,0.442289,-0.896873,0.0515844,0.998669,12461.7,11566,11773,10668.3,4179,528.333,0,0,29551,11826.9,379.552,8437.11,3467.58,4241.89,4860.3,169.154,60.3964,15.5764,14.3956,-2.352,-2.352,-0.982667,-0.245667
179.168,16.0429,66.4099,3.9949,36.5534,0.595572,0.382683,-0.92388,0.0515844,0.998669,16564.7,12461.7,11566,11507,7569.67,2112.67,0,0,29854.7,13091.3,2032.56,9641.44,3570.05,4932.08,5359.43,174.424,67.8617,15.7835,14.4625,7.008,7.008,21.0793,5.26983
227.909,16.1027,64.8706,3.38573,38.4108,0.621295,0.321439,-0.94693,0.0515844,0.998669,18180,16564.7,12461.7,11773,9129.33,5321.67,0,0,30971.3,14693.1,2757.68,10713,4014.67,5689.58,5869.33,188.437,77.3579,15.9461,14.5335,48.7407,48.7407,56.0533,14.0133
263.041,16.5471,63.0827,3.71135,40.0708,0.643734,0.258819,-0.965926,0.0515844,0.998669,19079.7,18180,16564.7,11566,10785,4172,0,0,24133.7,16571.5,2538.16,11955.3,4103.95,6484.57,6319.71,210.57,88.318,16.1484,14.6275,35.1327,35.1327,88.5293,22.1323
279.133,17.0553,61.7491,3.56516,41.5132,0.662792,0.19509,-0.980785,0.0515844,0.998669,19254.7,19079.7,18180,12461.7,10668.3,4179,0,0,25344.7,18269.8,1065.53,13211.6,3829.48,7286.85,6658.67,237.313,99.9485,16.437,14.7451,16.092,16.092,106.973,26.7433
277.21,17.3149,61.3339,4.28393,42.7177,0.678387,0.130526,-0.991445,0.0515844,0.998669,20130.3,19254.7,19079.7,16564.7,11507,7569.67,0,0,23188.3,19161.2,692.343,14258.3,3860.81,8125.61,6949.46,261.823,111.499,16.755,14.8806,-1.92333,-1.92333,98.042,24.5105
285.805,17.3274,60.1317,3.41614,43.6659,0.690452,0.0654031,-0.997859,0.0515844,0.998669,22627,20130.3,19254.7,18180,11773,9129.33,0,0,22137.3,20272.9,1416.22,15383.1,4157.49,9068.4,7308.71,276.297,123.407,17.0612,15.0146,8.59467,8.59467,57.896,14.474
333.927,17.5488,59.5462,3.09298,44.3417,0.698936,1.22465e-16,-1,0.0515844,0.998669,23600.7,22627,20130.3,19079.7,11566,10785,0,0,22290.7,21403.2,1772.21,16451.1,4473.21,10051.8,7604.15,294.019,137.321,17.3116,15.154,48.122,48.122,70.8853,17.7213
331.802,17.9035,58.6206,3.68305,44.7327,0.703801,-0.0654031,-0.997859,0.0515844,0.998669,23557,23600.7,22627,19254.7,12461.7,10668.3,0,0,22736.7,22478.8,1410.53,17525.1,4503.02,11033.3,7762.05,307.186,151.146,17.5236,15.3126,-2.12467,-2.12467,52.6687,13.1672
347.499,18.5221,56.523,2.71239,44.8316,0.705026,-0.130526,-0.991445,0.0515844,0.998669,23045,23557,23600.7,20130.3,16564.7,11507,0,0,23158.3,23207.4,400.036,18486.6,4344.37,11993.5,7763.18,324.758,165.625,17.8255,15.4993,15.6967,15.6967,70.2887,17.5722
355.356,18.9896,55.3819,2.5273,44.6365,0.702607,-0.19509,-0.980785,0.0515844,0.998669,20747.3,23045,23557,22627,18180,11773,0,0,23260.3,22737.5,1169.61,19234.5,3870.93,12858,7531.2,342.146,180.432,18.241,15.7079,7.85733,7.85733,69.5513,17.3878
318.771,19.2509,55.6469,3.09841,44.1511,0.696553,-0.258819,-0.965926,0.0515844,0.998669,19888.3,20747.3,23045,23600.7,19079.7,11566,31.6667,0,23763.7,21809.4,1532.91,19928,3104.55,13685.3,7158.15,338.357,193.714,18.6665,15.9304,-36.5847,-36.5847,-15.1553,-3.78883
302.859,19.2659,55.625,2.91225,43.3846,0.686892,-0.321439,-0.94693,0.0515844,0.998669,16370.3,19888.3,20747.3,23557,19254.7,12461.7,528.333,0,21802,20012.8,2398.79,20253.8,2437.49,14345.4,6625.03,331.121,205.729,19.0072,16.16,-15.912,-15.912,-28.9427,-7.23567
254.821,19.3581,55.8313,2.67036,42.3504,0.673663,-0.382683,-0.92388,0.0515844,0.998669,16199,16370.3,19888.3,23045,20130.3,16564.7,2112.67,0,20986.3,18301.2,2040.22,20223.3,2485.24,14932.4,6120.02,307.952,215.247,19.2162,16.3954,-48.0387,-48.0387,-92.678,-23.1695
205.347,19.1345,56.1593,2.69425,41.0658,0.656925,-0.442289,-0.896873,0.0515844,0.998669,14675.3,16199,16370.3,20747.3,22627,18180,5321.67,0,20557,16783.2,1910.28,19931.2,2882.39,15322.1,5784.2,270.45,221.873,19.2524,16.6241,-49.4733,-49.4733,-150.009,-37.5022
233.287,19.1289,56.7685,2.09679,39.5498,0.636748,-0.5,-0.866025,0.0515844,0.998669,10649.7,14675.3,16199,19888.3,23600.7,19079.7,4172,0,20250.3,14473.6,2304.22,19228.7,3864.35,15592,5395.7,249.079,227.65,19.2219,16.8412,27.9399,27.9399,-85.484,-21.371
173.218,19.0773,57.1665,2.3613,37.8228,0.613221,-0.55557,-0.83147,0.0515844,0.998669,10448,10649.7,14675.3,16370.3,23557,19254.7,4179,0,19007.3,12993,2503.84,18494.8,4562.85,15853.2,4971.97,216.668,231.33,19.1747,17.0409,-60.0693,-60.0693,-129.641,-32.4103
165.558,18.825,58.7594,1.79177,35.9051,0.586444,-0.608761,-0.793353,0.0515844,0.998669,9844,10448,10649.7,16199,23045,20130.3,7569.67,0,14062.3,11404.2,1911.69,17637.6,5108.65,15948,4832.91,194.353,235.455,19.0414,17.2388,-7.66,-7.66,-89.2627,-22.3157
158.384,18.8577,58.9181,2.04107,33.8164,0.556533,-0.659346,-0.75184,0.0515844,0.998669,8026,9844,10448,14675.3,20747.3,22627,9129.33,0,13581.7,9741.92,1034.09,16420.9,5499.27,15902,4902.31,182.612,236.893,18.9722,17.4334,-7.174,-7.174,-46.9634,-11.7409
135.889,18.6715,59.9936,3.07591,31.5752,0.523617,-0.707107,-0.707107,0.0515844,0.998669,8713,8026,9844,10649.7,19888.3,23600.7,10785,0,16066.7,9257.75,945.297,15180.2,5418.31,15815.7,5008.75,158.262,236.614,18.8579,17.5997,-22.4947,-22.4947,-97.398,-24.3495
138.12,18.2998,61.072,3.19109,29.1986,0.487839,-0.75184,-0.659346,0.0515844,0.998669,9542.67,8713,8026,10448,16370.3,23557,10668.3,0,14091.7,9031.42,713.078,14012.4,4979.47,15768.8,5061.72,149.488,235.155,18.6635,17.7304,2.23067,2.23067,-35.098,-8.7745
149.067,18.1211,61.4513,3.44015,26.7022,0.449354,-0.793353,-0.608761,0.0515844,0.998669,7769,9542.67,8713,9844,16199,23045,11507,0,10890.7,8512.67,687.553,12739.4,4429.89,15613,5244.66,145.365,234.779,18.4875,17.8515,10.9467,10.9467,-16.4913,-4.12283
139.728,18.1397,62.1613,3.00285,24.1,0.408331,-0.83147,-0.55557,0.0515844,0.998669,7310,7769,9542.67,8026,14675.3,20747.3,11773,0,5975.67,8333.67,862.021,11619.6,3934.8,15427.1,5452.52,140.701,233.44,18.308,17.9635,-9.33867,-9.33867,-18.656,-4.664
123.977,18.1505,61.8053,3.23767,21.4045,0.36495,-0.866025,-0.5,0.0515844,0.998669,9126.33,7310,7769,8713,10649.7,19888.3,11566,0,4925,8437,923.855,10722.8,3082,15325.4,5545.51,137.723,231.335,18.1778,18.064,-15.7507,-15.7507,-11.912,-2.978
153.263,18.0661,62.1387,3.27546,18.6271,0.319407,-0.896873,-0.442289,0.0515844,0.998669,7025.67,9126.33,7310,9542.67,10448,16370.3,12461.7,0,4875.33,7807.75,806.159,9944.06,2715.41,15098.9,5764.54,141.509,230.548,18.1193,18.1542,29.286,29.286,15.1433,3.78583
124.823,18.0331,61.2783,3.65021,15.778,0.271911,-0.92388,-0.382683,0.0515844,0.998669,4301,7025.67,9126.33,7769,9844,16199,16564.7,0,6573,6940.75,1723.99,8952.56,2404.93,14587.9,6143.07,135.448,228.283,18.0973,18.2372,-28.4407,-28.4407,-24.244,-6.061
91.6378,17.5379,63.3028,4.19731,12.8672,0.222693,-0.94693,-0.321439,0.0515844,0.998669,2246.67,4301,7025.67,7310,8026,14675.3,18180,0,5384.33,5674.92,2616.17,7916.83,2393.58,13924,6565.45,123.425,222.605,17.9469,18.2969,-33.1849,-33.1849,-48.0902,-12.0225
0,13.8952,77.455,3.37419,-11.2366,-0.194862,0.997859,-0.0654031,0.0687554,0.997634,0,0,0,0,0,0,0,0,0,0,0,0,0,0,0,0,0,13.8387,14.1867,0,0,0,0
0,13.8214,77.6766,3.48763,-7.99449,-0.139078,0.991445,-0.130526,0.0687554,0.997634,0,0,0,0,0,0,0,0,0,0,0,0,0,0,0,0,0,13.8631,14.1452,0,0,0,0
0,13.8461,77.3835,3.97185,-4.77986,-0.0833275,0.980785,-0.19509,0.0687554,0.997634,0,0,0,0,0,0,0,0,0,0,0,0,0,0,0,0,0,13.8643,14.111,0,0,0,0
0,13.8072,77.5684,3.65525,-1.59583,-0.027849,0.965926,-0.258819,0.0687554,0.997634,0,0,0,0,0,0,0,0,31.6667,0,0,0,0,0,0,0,0,13.8425,14.0709,0,0,0,0
14.5769,13.6549,77.8715,3.49377,1.8668,0.032576,0.94693,-0.321439,0.0687554,0.997634,0,0,0,0,0,0,0,0,528.333,0,0,0,0,0,0,3.64422,0.607369,13.7824,14.0227,14.5769,14.5769,14.5769,3.64422
20.7977,13.8601,77.4729,3.39435,4.83497,0.084286,0.92388,-0.382683,0.0687554,0.997634,238.333,0,0,0,0,0,0,0,2112.67,59.5833,103.201,19.8611,65.8718,9.93056,47.6253,8.84363,1.47394,13.7921,13.985,6.2208,6.2208,20.7977,5.19942
24.7359,13.8736,77.6587,3.49212,7.84792,0.136544,0.896873,-0.442289,0.0687554,0.997634,651.667,238.333,0,0,0,0,0,0,5321.67,222.5,266.199,74.1667,186.07,37.0833,136.697,15.0276,2.5046,13.799,13.9568,3.9382,3.9382,24.7359,6.18397
31.9067,13.8885,77.575,3.10835,10.8405,0.188076,0.866025,-0.5,0.0687554,0.997634,1372,651.667,238.333,0,0,0,0,0,4172,565.5,520.744,188.5,401.816,94.25,299.351,23.0043,3.83405,13.8193,13.9273,7.17087,7.17087,31.9067,7.97668
39.5255,13.9871,77.1221,3.29897,13.7911,0.238382,0.83147,-0.55557,0.0687554,0.997634,1426.67,1372,651.667,0,0,0,0,0,4179,922.167,499.417,307.389,521.646,153.694,399.599,29.2414,5.48094,13.9023,13.9051,7.61873,7.61873,24.9486,6.23715
41.5931,14.0693,75.5802,3.5257,16.6872,0.287147,0.793353,-0.608761,0.0687554,0.997634,2156.33,1426.67,1372,238.333,0,0,0,0,7569.67,1401.67,532.336,487.083,718.911,243.542,563.675,34.4403,7.21399,13.9546,13.8891,2.06767,2.06767,20.7955,5.19887
49.1249,14.1252,74.8981,3.91872,19.5188,0.334116,0.75184,-0.659346,0.0687554,0.997634,3312.33,2156.33,1426.67,651.667,0,0,0,0,9129.33,2066.83,782.925,763.111,1042.13,381.556,829.822,40.5376,9.26086,14.0175,13.8773,7.53173,7.53173,24.389,6.09725
59.8007,14.273,75.2786,3.68063,22.2759,0.379067,0.707107,-0.707107,0.0687554,0.997634,4166.33,3312.33,2156.33,1372,0,0,0,0,10785,2765.42,1051.77,1110.31,1371.91,555.153,1117.7,47.5111,11.7526,14.1137,13.8758,10.6759,10.6759,27.894,6.9735
75.1494,14.34,74.5143,3.90993,24.948,0.421795,0.659346,-0.75184,0.0687554,0.997634,6945,4166.33,3312.33,1426.67,0,0,0,0,10668.3,4145,1766.96,1689.06,2069.16,844.528,1689.36,56.417,14.8838,14.2019,13.8816,15.3487,15.3487,35.6239,8.90598
104.103,14.5901,74.0368,3.68467,27.5233,0.46211,0.608761,-0.793353,0.0687554,0.997634,7288.33,6945,4166.33,2156.33,238.333,0,0,0,11507,5428,1719.74,2296.42,2507.48,1148.21,2112.37,72.0446,19.2214,14.3321,13.9078,28.954,28.954,62.5103,15.6276
109.492,14.8813,72.4507,3.52153,29.9889,0.499833,0.55557,-0.83147,0.0687554,0.997634,9869.33,7288.33,6945,3312.33,651.667,0,0,0,11773,7067.25,2020.57,3118.86,3154.47,1559.43,2721.61,87.1365,23.7836,14.5211,13.9532,5.389,5.389,60.3675,15.0919
136.175,15.1514,72.1941,3.25955,32.3304,0.5348,0.5,-0.866025,0.0687554,0.997634,18179.7,9869.33,7288.33,4166.33,1372,0,0,0,11566,10570.6,4536.19,4633.83,5074.17,2316.92,4271.03,106.23,29.4576,14.7407,14.011,26.6823,26.6823,76.3739,19.0935
237.552,15.929,70.7895,3.09207,34.5315,0.56686,0.442289,-0.896873,0.0687554,0.997634,16666.3,18179.7,9869.33,6945,1426.67,0,0,0,12461.7,13000.9,4546.84,6022.69,5839.01,3011.35,5110.31,146.831,39.3555,15.1379,14.1041,101.377,101.377,162.403,40.6007
243.167,16.7964,67.5943,2.68727,36.5749,0.595873,0.382683,-0.92388,0.0687554,0.997634,18104.7,16666.3,18179.7,7288.33,2156.33,238.333,0,0,16564.7,15705,3422.77,7511.56,6422.9,3765.71,5887.3,181.596,49.4875,15.6895,14.2309,5.61467,5.61467,139.063,34.7658
261.969,17.2842,65.9791,3.21573,38.4415,0.621715,0.321439,-0.94693,0.0687554,0.997634,32867.7,18104.7,16666.3,9869.33,3312.33,651.667,0,0,18180,21454.6,6616.89,10196.2,9148.9,5135.19,8214.77,219.716,60.4029,16.2903,14.3777,18.8027,18.8027,152.477,38.1192
506.348,18.2126,62.7539,3.48262,40.1112,0.644273,0.258819,-0.965926,0.0687554,0.997634,21148,32867.7,18104.7,18179.7,4166.33,1372,0,0,19079.7,22196.7,6369.83,11844.2,9191.99,6016.36,8734.47,312.259,81.5007,17.0555,14.5639,244.379,244.379,370.173,92.5433
401.529,19.5735,57.4005,2.86749,41.5635,0.66345,0.19509,-0.980785,0.0687554,0.997634,28847.7,21148,32867.7,16666.3,6945,1426.67,0,0,19254.7,25242,5891.82,14129.3,9711.87,7218.35,9749.75,353.253,98.2311,17.9667,14.805,-104.819,-104.819,163.977,40.9942
463.422,19.8925,56.5617,3.05493,42.7784,0.679165,0.130526,-0.991445,0.0687554,0.997634,35725,28847.7,21148,18104.7,7288.33,2156.33,0,0,20130.3,29647.1,5481.49,16926.7,10649.6,8706.89,11159.3,408.317,117.54,18.7407,15.062,61.8933,61.8933,220.255,55.0638
447.149,20.6011,54.6832,2.96372,43.7369,0.691348,0.0654031,-0.997859,0.0687554,0.997634,36050,35725,28847.7,32867.7,9869.33,3312.33,0,0,22627,30442.7,6088.52,19654.8,11000,10209,12258.4,454.612,136.172,19.5699,15.3437,-16.2733,-16.2733,185.179,46.2948
561.756,21.2252,53.5053,2.06648,44.4229,0.699949,1.22465e-16,-1,0.0687554,0.997634,36685.3,36050,35725,21148,18179.7,4166.33,0,0,23600.7,34327,3182.29,22364.8,10855.2,11737.5,13145.2,468.464,159.578,20.3231,15.6491,114.607,114.607,55.408,13.852
609.949,22.1225,50.6549,2.53686,44.8238,0.704929,-0.0654031,-0.997859,0.0687554,0.997634,33618.3,36685.3,36050,28847.7,16666.3,6945,0,0,23557,35519.7,1150.79,24587.5,10180.1,13138.3,13603,520.569,184.993,20.9603,15.9919,48.1933,48.1933,208.421,52.1052
579.413,23.1052,47.3647,2.14622,44.9321,0.706268,-0.130526,-0.991445,0.0687554,0.997634,33420.7,33618.3,36685.3,35725,18104.7,7288.33,0,0,23045,34943.6,1443.38,26765.2,8969.67,14530.8,13894.3,549.567,209.135,21.7635,16.3787,-30.5367,-30.5367,115.991,28.9977
594.205,23.3811,46.83,2.05945,44.7455,0.703959,-0.19509,-0.980785,0.0687554,0.997634,24819,33420.7,33618.3,36050,32867.7,9869.33,0,0,20747.3,32135.8,4418.22,28011,7445.08,15564.9,13696.5,586.331,233.893,22.4585,16.776,14.792,14.792,147.056,36.764
428.979,23.0543,48.1695,1.42917,44.2678,0.698013,-0.258819,-0.965926,0.0687554,0.997634,25858.7,24819,33420.7,36685.3,21148,18179.7,0,0,19888.3,29429.2,4107.41,28650.9,6881.22,16642.4,13444.5,553.136,251.767,22.9158,17.1613,-165.226,-165.226,-132.777,-33.1943
423.235,21.8069,52.8465,1.69992,43.5079,0.688454,-0.321439,-0.94693,0.0687554,0.997634,29603.3,25858.7,24819,33618.3,28847.7,16666.3,0,0,16370.3,28425.4,3388.75,29729,5856.21,17875.9,13217.1,506.458,268.795,22.8369,17.501,-5.74333,-5.74333,-186.714,-46.6785
445.365,19.1659,64.048,2.60269,42.4794,0.675325,-0.382683,-0.92388,0.0687554,0.997634,30589.3,29603.3,25858.7,33420.7,35725,18104.7,238.333,0,16199,27717.6,2432.1,30769.4,4691.91,19140.5,12917.7,472.946,286.485,21.8521,17.7221,22.13,22.13,-134.047,-33.5118
467.283,18.7428,66.2259,3.03678,41.1994,0.658681,-0.442289,-0.896873,0.0687554,0.997634,27155.7,30589.3,29603.3,24819,36050,32867.7,651.667,0,14675.3,28301.8,1884.76,30293.4,4744.35,20244.8,12412.9,441.216,304.925,20.6925,17.925,21.9173,21.9173,-126.922,-31.7305
421.705,18.6891,66.3231,3.51613,39.6871,0.638595,-0.5,-0.866025,0.0687554,0.997634,31264,27155.7,30589.3,25858.7,36685.3,21148,1372,0,10649.7,29653.1,1558.14,31136.4,3860.93,21490.3,11947.7,439.397,321.166,19.6012,18.125,-45.5773,-45.5773,-7.27333,-1.81833
484.053,18.6673,66.3831,3.23322,37.963,0.615152,-0.55557,-0.83147,0.0687554,0.997634,24567,31264,27155.7,29603.3,33618.3,28847.7,1426.67,0,10448,28394,2703.51,30779.7,4235.5,22454.5,11199.9,454.602,339.688,18.8163,18.32,62.348,62.348,60.818,15.2045
390.211,18.8074,66.2309,3.58411,36.0473,0.588453,-0.608761,-0.793353,0.0687554,0.997634,20700.7,24567,31264,30589.3,33420.7,35725,2156.33,0,9844,25921.8,3845.69,29527.7,4774.88,23227.2,10382.8,440.813,354.214,18.7267,18.5174,-93.842,-93.842,-55.154,-13.7885
325.605,18.574,67.2816,3.42468,33.96,0.558615,-0.659346,-0.75184,0.0687554,0.997634,25420.7,20700.7,24567,27155.7,24819,36050,3312.33,0,8026,25488.1,3779.34,28641.9,4458.18,24148.4,9519.95,405.394,365.734,18.6845,18.7028,-64.606,-64.606,-141.677,-35.4193
367.218,18.1362,68.9207,3.49083,31.7197,0.525765,-0.707107,-0.707107,0.0687554,0.997634,16008.7,25420.7,20700.7,31264,25858.7,36685.3,4166.33,0,8713,21674.2,3723.25,26918.8,4981.46,24641.8,8746.99,391.772,378.543,18.5462,18.8638,41.6127,41.6127,-54.4873,-13.6218
286.889,17.9429,69.9609,3.16958,29.3436,0.490046,-0.75184,-0.659346,0.0687554,0.997634,14235.3,16008.7,25420.7,24567,29603.3,33618.3,6945,0,9542.67,19091.3,4351.26,25303.6,5645.49,24945.6,8238.98,342.481,387.366,18.3651,19.0139,-80.3287,-80.3287,-197.164,-49.291
173.867,17.4472,72.1907,3.17013,26.8472,0.451613,-0.793353,-0.608761,0.0687554,0.997634,13007,14235.3,16008.7,20700.7,30589.3,33420.7,7288.33,0,7769,17167.9,4882.75,23602.4,6007.29,25183.8,7795.64,288.395,390.272,18.0251,19.1329,-113.022,-113.022,-216.344,-54.0861
192.424,17.0709,73.5991,3.15646,24.2447,0.410635,-0.83147,-0.55557,0.0687554,0.997634,11140.3,13007,14235.3,25420.7,27155.7,24819,9869.33,0,7310,13597.8,1775.31,22462.6,6899.78,25236.8,7695.09,255.1,393.728,17.6493,19.2241,18.557,18.557,-133.181,-33.2953
169.998,16.8462,75.1745,2.90807,21.5487,0.367292,-0.866025,-0.5,0.0687554,0.997634,7218,11140.3,13007,16008.7,31264,25858.7,18179.7,0,9126.33,11400.2,2654.15,20909.2,7974.91,24780.1,8393.98,205.795,395.137,17.3268,19.2948,-22.426,-22.426,-197.22,-49.305
116.132,16.7045,76.1777,2.39874,18.7705,0.321778,-0.896873,-0.442289,0.0687554,0.997634,6923.67,7218,11140.3,14235.3,24567,29603.3,16666.3,0,7025.67,9572.25,2589.11,19019.2,8368.25,24374.1,8990.92,163.105,390.078,17.0172,19.3271,-53.8656,-53.8656,-170.757,-42.6892
107.275,16.3825,77.536,2.17509,15.9205,0.274303,-0.92388,-0.382683,0.0687554,0.997634,5630.67,6923.67,7218,13007,20700.7,30589.3,18104.7,0,4301,7728.17,2058.51,16939.3,8335.69,23854.4,9673,146.457,384.416,16.7511,19.3098,-8.85713,-8.85713,-66.5917,-16.6479
92.6189,16.1475,78.1254,2.40777,13.0085,0.225096,-0.94693,-0.321439,0.0687554,0.997634,4391.67,5630.67,6923.67,11140.3,25420.7,27155.7,32867.7,0,2246.67,6041,1123.96,15042.3,8384.96,22667.9,10225.3,121.506,377.36,16.5202,19.2625,-14.6563,-14.6563,-99.8051,-24.9513
0,15.5337,83.8832,2.00495,-11.2997,-0.195941,0.997859,-0.0654031,0.0859061,0.996303,0,0,0,0,0,0,0,0,0,0,0,0,0,0,0,0,0,15.4347,15.445,0,0,0,0
0,15.3685,84.7988,2.34708,-8.05458,-0.140116,0.991445,-0.130526,0.0859061,0.996303,0,0,0,0,0,0,0,0,0,0,0,0,0,0,0,0,0,15.4378,15.4322,0,0,0,0
0,15.1395,86.2103,2.27201,-4.83681,-0.084318,0.980785,-0.19509,0.0859061,0.996303,0,0,0,0,0,0,0,0,0,0,0,0,0,0,0,0,0,15.3947,15.4132,0,0,0,0
0,15.0521,86.9334,1.35447,-1.64945,-0.0287844,0.965926,-0.258819,0.0859061,0.996303,41.3333,0,0,0,0,0,0,0,0,10.3333,17.8979,3.44444,11.4239,1.72222,8.25949,0,0,15.2734,15.3896,0,0,0,0
12.2793,14.9454,87.6441,0.899183,1.82065,0.0317711,0.94693,-0.321439,0.0859061,0.996303,443,41.3333,0,0,0,0,0,0,0,121.083,186.623,40.3611,121.932,20.1806,88.5493,3.06982,0.511636,15.1264,15.3614,12.2793,12.2793,12.2793,3.06982
24.4406,15.0439,88.4611,1.44924,4.78992,0.0835025,0.92388,-0.382683,0.0859061,0.996303,1231,443,41.3333,0,0,0,0,0,238.333,428.833,494.4,142.944,349.776,71.4722,257.449,9.17997,1.52999,15.0452,15.3412,12.1613,12.1613,24.4406,6.11015
34.358,15.2028,87.8984,1.94345,7.80621,0.135823,0.896873,-0.442289,0.0859061,0.996303,2823.67,1231,443,0,0,0,0,0,651.667,1134.75,1064.87,378.25,814.94,189.125,606.492,17.7695,2.96158,15.0611,15.328,9.9174,9.9174,34.358,8.5895
53.2703,15.5119,86.5895,1.86182,10.8029,0.187431,0.866025,-0.5,0.0859061,0.996303,5176.33,2823.67,1231,41.3333,0,0,0,0,1372,2418.5,1808.49,809.611,1544.21,404.806,1164.55,31.087,5.18117,15.176,15.3316,18.9123,18.9123,53.2703,13.3176
91.544,15.8725,84.9735,1.93167,13.758,0.237821,0.83147,-0.55557,0.0859061,0.996303,5777.67,5176.33,2823.67,443,0,0,0,0,1426.67,3752.17,1826.83,1291.08,2038.37,645.542,1579.3,50.9032,8.99551,15.4078,15.3524,38.2737,38.2737,79.2647,19.8162
104.065,16.5389,80.9441,2.09197,16.659,0.286676,0.793353,-0.608761,0.0859061,0.996303,8082.67,5777.67,5176.33,1231,0,0,0,0,2156.33,5465.08,1871.49,1964.64,2721.43,982.319,2160.56,70.8093,13.3315,15.7815,15.3999,12.5209,12.5209,79.6243,19.9061
127.428,16.9739,78.9315,1.95105,19.496,0.333741,0.75184,-0.659346,0.0859061,0.996303,9136,8082.67,5777.67,2823.67,0,0,0,0,3312.33,7043.17,1623.81,2725.97,3284.9,1362.99,2693.15,94.0768,18.641,16.2243,15.4661,23.3631,23.3631,93.07,23.2675
157.563,17.4899,77.6794,2.41576,22.2589,0.378792,0.707107,-0.707107,0.0859061,0.996303,10064.3,9136,8082.67,5176.33,41.3333,0,0,0,4166.33,8265.17,1598.15,3564.67,3735.72,1782.33,3186.61,120.15,25.2062,16.7188,15.5551,30.1347,30.1347,104.292,26.0731
163.437,17.972,74.5829,2.20383,24.9372,0.421624,0.659346,-0.75184,0.0859061,0.996303,14082,10064.3,9136,5777.67,443,0,0,0,6945,10341.2,2270.67,4738.17,4553.84,2369.08,3997.66,138.123,32.016,17.2437,15.6621,5.874,5.874,71.8927,17.9732
212.001,18.5604,72.7225,2.32239,27.5192,0.462046,0.608761,-0.793353,0.0859061,0.996303,29159.7,14082,10064.3,8082.67,1231,0,0,0,7288.33,15610.5,8040.45,7168.14,7915.97,3584.07,6646.57,165.107,40.8494,17.7491,15.7973,48.564,48.564,107.936,26.9839
395.517,19.8533,66.7191,2.08116,29.9921,0.49988,0.55557,-0.83147,0.0859061,0.996303,18203,29159.7,14082,9136,2823.67,0,0,0,9869.33,17877.2,7121.18,8685.06,8138,4342.53,7209.1,232.129,57.3292,18.4689,15.9861,183.516,183.516,268.089,67.0222
291.524,21.5405,58.7709,2.19191,32.3413,0.534961,0.5,-0.866025,0.0859061,0.996303,28045.3,18203,29159.7,10064.3,5176.33,41.3333,0,0,18179.7,22372.5,6410.22,11018.7,9262.29,5511.08,8557.4,265.62,69.4761,19.4816,16.2395,-103.993,-103.993,133.961,33.4903
451.319,22.0073,57.3987,2.20302,34.5508,0.567137,0.442289,-0.896873,0.0859061,0.996303,23461.3,28045.3,18203,14082,5777.67,443,0,0,16666.3,24717.3,4325.04,12936.9,9256.97,6488.64,9188.77,337.59,88.281,20.4904,16.5153,159.795,159.795,287.882,71.9705
441.993,22.7901,54.7088,2.24366,36.603,0.596267,0.382683,-0.92388,0.0859061,0.996303,26803.3,23461.3,28045.3,29159.7,8082.67,1231,0,0,18104.7,24128.2,3809.63,15067.9,9260.36,7605.44,9931.12,395.088,106.697,21.5478,16.8285,-9.326,-9.326,229.992,57.498
333.879,23.0889,53.3483,2.51275,38.479,0.622227,0.321439,-0.94693,0.0859061,0.996303,30674.7,26803.3,23461.3,18203,9136,2823.67,0,0,32867.7,27246.2,2593.95,17388.9,9389.98,8883.56,10805.5,379.679,120.609,22.3567,17.1479,-108.113,-108.113,-61.6373,-15.4093
516.543,22.946,53.6217,2.0588,40.1585,0.644904,0.258819,-0.965926,0.0859061,0.996303,32595.7,30674.7,26803.3,28045.3,10064.3,5176.33,0,0,21148,28383.8,3525.49,19673.8,9475.89,10241.7,11621.2,435.934,142.132,22.7081,17.4604,182.664,182.664,225.019,56.2548
577.123,24.5222,49.3693,1.94386,41.621,0.664201,0.19509,-0.980785,0.0859061,0.996303,32349,32595.7,30674.7,23461.3,14082,5777.67,0,0,28847.7,30605.7,2316.34,21888.1,9065.64,11589.6,12216,467.385,166.178,23.3368,17.8399,60.58,60.58,125.805,31.4512
582.367,25.3599,47.6207,2.18369,42.8463,0.680034,0.130526,-0.991445,0.0859061,0.996303,32206,32349,32595.7,26803.3,29159.7,8082.67,0,0,35725,31956.3,752.984,23898.4,8434.09,12931.5,12631,502.478,190.444,23.9792,18.2568,5.244,5.244,140.375,35.0937
533.085,23.2927,54.8267,2.01375,43.8152,0.692335,0.0654031,-0.997859,0.0859061,0.996303,33484.3,32206,32349,30674.7,18203,9136,0,0,36050,32658.8,496.612,25927.4,7517.57,14326.7,12970.3,552.28,212.656,24.0302,18.5893,-49.282,-49.282,199.206,49.8015
586.553,21.0976,61.5765,2.50214,44.5114,0.701052,1.22465e-16,-1,0.0859061,0.996303,33758,33484.3,32206,32595.7,28045.3,10064.3,0,0,36685.3,32949.3,680.645,27901.9,6062.63,15733.3,13169.3,569.782,237.095,23.5681,18.821,53.4673,53.4673,70.0093,17.5023
583.106,20.418,63.4954,2.38519,44.9222,0.706146,-0.0654031,-0.997859,0.0859061,0.996303,34826.3,33758,33484.3,32349,23461.3,14082,0,0,33618.3,33568.7,932.945,29630.6,4674.08,17184.4,13274,571.278,261.391,22.542,19.0245,-3.44667,-3.44667,5.98267,1.49567
577.744,20.2591,64.612,2.93903,45.0397,0.707596,-0.130526,-0.991445,0.0859061,0.996303,36185,34826.3,33758,32206,26803.3,29159.7,0,0,33420.7,34563.4,1062.05,30216,5006.58,18692.1,13291.5,570.122,285.464,21.2668,19.2283,-5.362,-5.362,-4.62333,-1.15583
584.501,20.2612,64.3949,3.33017,44.8616,0.705396,-0.19509,-0.980785,0.0859061,0.996303,35831,36185,34826.3,33484.3,30674.7,18203,0,0,24819,35150.1,945.702,31685,3675.49,20185,13119.4,582.976,309.818,20.509,19.4417,6.75667,6.75667,51.4153,12.8538
585.185,20.3814,65.8194,2.92027,44.3913,0.699555,-0.258819,-0.965926,0.0859061,0.996303,35411,35831,36185,33758,32595.7,28045.3,41.3333,0,25858.7,35563.3,506.086,32298.8,3631.18,21658.8,12755.3,582.634,334.201,20.3299,19.6637,0.684,0.684,-1.368,-0.342
576.693,20.3299,65.0497,3.37939,43.6379,0.690099,-0.321439,-0.94693,0.0859061,0.996303,34273,35411,35831,34826.3,32349,23461.3,443,0,29603.3,35425,719.329,33199.8,2488,23068.3,12189.6,581.031,357.718,20.3079,19.8881,-8.492,-8.492,-6.41333,-1.60333
562.885,20.715,64.5246,3.42387,42.6148,0.677067,-0.382683,-0.92388,0.0859061,0.996303,33051.7,34273,35411,36185,32206,26803.3,1231,0,30589.3,34641.7,1080.56,33720.5,1584.7,24394.2,11450.4,577.316,380.153,20.4219,20.1244,-13.8073,-13.8073,-14.8587,-3.71467
548.55,20.4824,66.5805,3.40081,41.3392,0.660515,-0.442289,-0.896873,0.0859061,0.996303,31427.3,33051.7,34273,35831,33484.3,30674.7,2823.67,0,27155.7,33540.8,1478.15,33783.2,1473.94,25586,10600.3,568.328,401.578,20.4772,20.3444,-14.3353,-14.3353,-35.9507,-8.98767
525.884,20.4587,66.794,3.47437,39.8303,0.640516,-0.5,-0.866025,0.0859061,0.996303,30359,31427.3,33051.7,35411,33758,32595.7,5176.33,0,31264,32277.8,1498.73,33596.8,1731.28,26635.3,9739.47,553.503,421.27,20.4965,20.5505,-22.666,-22.666,-59.3007,-14.8252
507.148,19.9397,68.8423,3.77405,38.1087,0.617155,-0.55557,-0.83147,0.0859061,0.996303,26961.3,30359,31427.3,34273,34826.3,32349,5777.67,0,24567,30449.8,2230.64,33147.8,2516.97,27518,8715.27,536.117,438.587,20.399,20.72,-18.736,-18.736,-69.5447,-17.3862
465.566,19.9471,68.2694,3.25881,36.1948,0.590532,-0.608761,-0.793353,0.0859061,0.996303,25318,26961.3,30359,33051.7,36185,32206,8082.67,0,20700.7,28516.4,2475.72,32573.8,3322.74,28236.1,7739.71,511.787,453.65,20.207,20.862,-41.582,-41.582,-97.3193,-24.3298
440.913,19.5449,69.5538,2.73582,34.1086,0.560764,-0.659346,-0.75184,0.0859061,0.996303,23250.7,25318,26961.3,31427.3,35831,33484.3,9136,0,25420.7,26472.2,2600.81,31721,4181.83,28824.2,6737.38,484.878,466.712,19.9726,20.9691,-24.6533,-24.6533,-107.637,-26.9093
413.631,19.0791,71.2045,2.78594,31.8689,0.527977,-0.707107,-0.707107,0.0859061,0.996303,21157.3,23250.7,25318,30359,35411,33758,10064.3,0,16008.7,24171.8,2181.21,30671,5033.74,29286.4,5741.43,456.815,477.381,19.6277,21.0353,-27.2813,-27.2813,-112.253,-28.0632
381.207,18.7457,72.2617,2.21821,29.4928,0.492314,-0.75184,-0.659346,0.0859061,0.996303,19192.3,21157.3,23250.7,26961.3,34273,34826.3,14082,0,14235.3,22229.6,2288.86,29368.1,5760.4,29499.3,5247.08,425.329,486.455,19.3292,21.0675,-32.424,-32.424,-125.941,-31.4852
337.604,18.1748,74.5551,2.20735,26.9962,0.453931,-0.793353,-0.608761,0.0859061,0.996303,16657.7,19192.3,21157.3,25318,33051.7,36185,29159.7,0,13007,20064.5,2434.81,27740.9,6334.41,28978.4,5841.82,393.339,491.688,18.8861,21.0515,-43.6033,-43.6033,-127.962,-31.9905
295.656,17.6992,76.0523,2.496,24.3931,0.412995,-0.83147,-0.55557,0.0859061,0.996303,14257.3,16657.7,19192.3,23250.7,31427.3,35831,18203,0,11140.3,17816.2,2601.19,25943.1,6825.61,28814,6188.02,357.025,487.527,18.4247,20.9617,-41.948,-41.948,-145.257,-36.3142
190.215,17.2353,78.137,1.75604,21.6962,0.369686,-0.866025,-0.5,0.0859061,0.996303,11439,14257.3,16657.7,21157.3,30359,35411,28045.3,0,7218,15386.6,2870.45,23945.4,7256.63,28122.1,7096.97,301.171,483.306,17.9638,20.7823,-105.441,-105.441,-223.416,-55.854
71.5997,16.9278,79.2212,1.76313,18.917,0.324198,-0.896873,-0.442289,0.0859061,0.996303,8800.67,11439,14257.3,19192.3,26961.3,34273,23461.3,0,6923.67,12788.7,2951.77,21822.7,7640.56,27511.2,8040.13,223.769,467.485,17.5093,20.5707,-118.616,-118.616,-309.608,-77.4019
60.0228,16.9279,79.4883,0.871943,16.0658,0.276741,-0.92388,-0.382683,0.0859061,0.996303,6646.33,8800.67,11439,16657.7,25318,33051.7,26803.3,0,5630.67,10285.8,2852.82,19622.2,7888.1,26671.4,9058.51,154.373,451.569,17.1975,20.3264,-11.5769,-11.5769,-277.581,-69.3953
54.8923,16.8309,80.5486,1.48086,13.1524,0.227543,-0.94693,-0.321439,0.0859061,0.996303,4843.33,6646.33,8800.67,14257.3,23250.7,31427.3,30674.7,0,4391.67,7932.33,2462.03,17406.9,7993.9,25595.1,10004.2,94.1825,439.945,16.9805,20.0657,-5.13053,-5.13053,-240.764,-60.1909
0,15.6917,77.7258,4.82657,-11.3588,-0.196952,0.997859,-0.0654031,0.103031,0.994678,0,0,0,0,0,0,0,0,0,0,0,0,0,0,0,0,0,15.6461,15.2605,0,0,0,0
0,15.5231,78.8214,4.04113,-8.11061,-0.141085,0.991445,-0.130526,0.103031,0.994678,0,0,0,0,0,0,0,0,0,0,0,0,0,0,0,0,0,15.612,15.266,0,0,0,0
0,15.2617,79.7433,4.01993,-4.88957,-0.0852356,0.980785,-0.19509,0.103031,0.994678,0,0,0,0,0,0,0,0,0,0,0,0,0,0,0,0,0,15.52,15.2613,0,0,0,0
0,15.3028,78.2655,4.7479,-1.69876,-0.0296445,0.965926,-0.258819,0.103031,0.994678,198,0,0,0,0,0,0,0,41.3333,49.5,85.7365,16.5,54.7243,8.25,39.5656,0,0,15.4448,15.2617,0,0,0,0
14.2825,15.3282,76.895,5.36886,1.77868,0.0310389,0.94693,-0.321439,0.103031,0.994678,918,198,0,0,0,0,0,0,443,279,377.678,93,254.647,46.5,185.97,3.57062,0.595103,15.3539,15.2667,14.2825,14.2825,14.2825,3.57062
31.0011,15.4858,75.3084,5.68307,4.74935,0.0827969,0.92388,-0.382683,0.103031,0.994678,2117.67,918,198,0,0,0,0,0,1231,808.417,829.501,269.472,612.036,134.736,453.264,11.3209,1.88682,15.3446,15.2801,16.7187,16.7187,31.0011,7.75028
59.101,15.8747,73.4061,4.99806,7.76918,0.135183,0.896873,-0.442289,0.103031,0.994678,4048,2117.67,918,0,0,0,0,0,2823.67,1820.42,1457.49,606.806,1201.88,303.403,902.392,26.0961,4.34936,15.4979,15.3144,28.0999,28.0999,59.101,14.7753
110.862,16.6964,70.2162,4.35204,10.7701,0.186869,0.866025,-0.5,0.103031,0.994678,6075.33,4048,2117.67,198,0,0,0,0,5176.33,3289.75,1957.89,1113.08,1910.39,556.542,1461,53.8115,8.96859,15.8463,15.3855,51.7605,51.7605,110.862,27.7154
152.981,17.9262,65.3179,3.75631,13.7299,0.237345,0.83147,-0.55557,0.103031,0.994678,8613.67,6075.33,4048,918,0,0,0,0,5777.67,5213.67,2410.73,1830.89,2778.37,915.444,2167.42,88.4861,15.3428,16.4958,15.5074,42.1191,42.1191,138.698,34.6745
154.049,18.8803,61.9885,14.4855,16.6361,0.286292,0.793353,-0.608761,0.103031,0.994678,10512,8613.67,6075.33,2117.67,0,0,0,0,8082.67,7312.25,2455.47,2706.89,3598.99,1353.44,2882.39,119.248,21.7615,17.3444,15.6644,1.06853,1.06853,123.048,30.762
236.248,19.3077,59.4772,4.25541,19.4785,0.333454,0.75184,-0.659346,0.103031,0.994678,14615.7,10512,8613.67,4048,0,0,0,0,9136,9954.17,3117.81,3924.86,4762.03,1962.43,3897.38,163.535,31.6052,18.2027,15.8352,82.1988,82.1988,177.147,44.2868
300.81,19.6057,58.3536,4.28039,22.2474,0.378606,0.707107,-0.707107,0.103031,0.994678,17392.7,14615.7,10512,6075.33,198,0,0,0,10064.3,12783.5,3433.24,5374.25,5865.8,2687.12,4942.11,211.022,44.1389,18.93,16.0178,64.562,64.562,189.948,47.4871
345.738,20.4002,54.9746,5.16907,24.9321,0.421544,0.659346,-0.75184,0.103031,0.994678,19934.7,17392.7,14615.7,8613.67,918,0,0,0,14082,15613.8,3494.96,7035.47,6848.96,3517.74,5985.7,259.211,58.5447,19.5485,16.2365,44.928,44.928,192.757,48.1893
380.225,20.9871,52.4403,5.42658,27.5211,0.462074,0.608761,-0.793353,0.103031,0.994678,22975.3,19934.7,17392.7,10512,2117.67,0,0,0,29159.7,18729.6,3089.91,8950.08,7764.72,4475.04,7083.18,315.755,74.3874,20.0752,16.4814,34.4867,34.4867,226.175,56.5439
409.541,21.3283,50.3286,6.09686,30.0013,0.50002,0.55557,-0.83147,0.103031,0.994678,24184.3,22975.3,19934.7,14615.7,4048,0,0,0,18203,21121.8,2651.91,10965.4,8300.25,5482.72,8031.64,359.078,91.4516,20.5803,16.7409,29.316,29.316,173.293,43.3232
430.265,21.5314,49.2896,6.05759,32.3585,0.535215,0.5,-0.866025,0.103031,0.994678,26941,24184.3,22975.3,17392.7,6075.33,198,0,0,28045.3,23508.8,2514.72,13194,8691.04,6605.26,9010.02,391.442,109.379,21.0618,17.0077,20.7247,20.7247,129.455,32.3638
468.885,21.8543,48.4885,6.15911,34.5765,0.567506,0.442289,-0.896873,0.103031,0.994678,29050.7,26941,24184.3,19934.7,8613.67,918,0,0,23461.3,25787.8,2369.45,15538.4,8856.21,7815.71,9944.29,422.229,128.916,21.4253,17.2877,38.6193,38.6193,123.147,30.7867
498.118,22.1987,47.0813,4.92815,36.6378,0.596754,0.382683,-0.92388,0.103031,0.994678,30771.7,29050.7,26941,22975.3,10512,2117.67,0,0,26803.3,27736.9,2459.16,17926.2,8778.3,9097.86,10800.8,451.702,149.671,21.7282,17.5805,29.2333,29.2333,117.893,29.4733
528.747,22.2769,46.7651,4.69821,38.5233,0.622832,0.321439,-0.94693,0.103031,0.994678,32007.7,30771.7,29050.7,24184.3,14615.7,4048,0,0,30674.7,29692.8,1904.42,20256.2,8491.36,10431.5,11545.5,481.504,171.702,21.9653,17.8763,30.6287,30.6287,119.206,29.8015
541.232,22.4347,45.4291,6.0147,40.2128,0.645628,0.258819,-0.965926,0.103031,0.994678,33972.7,32007.7,30771.7,26941,17392.7,6075.33,0,0,32595.7,31450.7,1795.26,22581,8100.55,11847,12241.4,509.245,194.253,22.1911,18.1771,12.4853,12.4853,110.967,27.7417
566.923,22.7015,43.9972,5.82025,41.6856,0.665043,0.19509,-0.980785,0.103031,0.994678,34849.3,33972.7,32007.7,29050.7,19934.7,8613.67,0,0,32349,32900.3,1602.85,24767.3,7558.07,13299.1,12804,533.755,217.875,22.4029,18.4788,25.6907,25.6907,98.038,24.5095
582.631,23.0481,42.4627,5.46684,42.9213,0.680994,0.130526,-0.991445,0.103031,0.994678,36071.3,34849.3,33972.7,30771.7,22975.3,10512,0,0,32206,34225.2,1481.47,26897.2,6804.54,14802.1,13263.5,554.883,242.152,22.6153,18.7866,15.7087,15.7087,84.5133,21.1283
597.487,23.5409,41.1477,6.6308,43.9008,0.693412,0.0654031,-0.997859,0.103031,0.994678,33333.7,36071.3,34849.3,32007.7,24184.3,14615.7,0,0,33484.3,34556.8,1026.72,28457.1,5895.01,16191,13385.5,572.068,267.047,22.9313,19.1162,14.8553,14.8553,68.74,17.185
599.013,23.5655,40.8957,6.14704,44.6072,0.702243,1.22465e-16,-1,0.103031,0.994678,24842.7,33333.7,36071.3,33972.7,26941,17392.7,0,0,33758,32274.2,4398.85,29077.9,5025.2,17226.1,13049.8,586.513,292.006,23.214,19.448,1.52667,1.52667,57.7813,14.4453
502.837,23.851,40.158,5.58333,45.0278,0.70745,-0.0654031,-0.997859,0.103031,0.994678,22031.7,24842.7,33333.7,34849.3,29050.7,19934.7,0,0,34826.3,29069.8,5800.99,29252.7,4732.12,18144.1,12571.9,570.492,312.957,23.5014,19.788,-96.176,-96.176,-64.0853,-16.0213
300.663,23.1687,42.2427,5.11137,45.1545,0.709011,-0.130526,-0.991445,0.103031,0.994678,38538,22031.7,24842.7,36071.3,30771.7,22975.3,0,0,36185,29686.5,6589.96,30549.6,4961.06,19749.8,12612.9,500,325.485,23.5315,20.1065,-202.175,-202.175,-281.969,-70.4922
591.947,23.4148,41.1454,5.04439,44.9847,0.706918,-0.19509,-0.980785,0.103031,0.994678,36666.3,38538,22031.7,33333.7,32007.7,24184.3,0,0,35831,30519.7,7182.44,31589.7,4824.08,21277.6,12346,498.615,350.149,23.5,20.4462,291.284,291.284,-5.54,-1.385
606.542,24.368,38.5874,5.16015,44.5218,0.701181,-0.258819,-0.965926,0.103031,0.994678,36210.7,36666.3,38538,24842.7,33972.7,26941,198,0,35411,33361.7,6599.26,32362.2,4759.58,22778.1,11872.2,500.497,375.422,23.7006,20.824,14.5953,14.5953,7.52867,1.88217
599.497,24.9275,38.0922,4.67521,43.7746,0.691823,-0.321439,-0.94693,0.103031,0.994678,34929.3,36210.7,36666.3,22031.7,34849.3,29050.7,918,0,34273,36586.1,1294.43,32852.1,4695.63,24195.2,11188.5,524.662,399.806,23.9697,21.2239,-7.04533,-7.04533,96.6593,24.1648
587.506,25.286,36.2395,4.60883,42.7567,0.678886,-0.382683,-0.92388,0.103031,0.994678,33483.3,34929.3,36210.7,38538,36071.3,30771.7,2117.67,0,33051.7,35322.4,1238.13,33078.1,4655.14,25502.2,10332.4,596.373,422.994,24.4991,21.6323,-11.9907,-11.9907,286.843,71.7108
571.87,25.1429,36.5407,3.89237,41.4851,0.662425,-0.442289,-0.896873,0.103031,0.994678,31993.3,33483.3,34929.3,36666.3,33333.7,32007.7,4048,0,31427.3,34154.2,1577.13,33076.9,4655.42,26666.5,9379.78,591.354,444.359,24.9311,22.0184,-15.636,-15.636,-20.0767,-5.01917
552.745,25.1071,35.9666,3.31807,39.9793,0.642511,-0.5,-0.866025,0.103031,0.994678,30379.7,31993.3,33483.3,36210.7,24842.7,33972.7,6075.33,0,30359,32696.4,1693.13,32777.4,4703.47,27679.2,8358.39,577.904,462.771,25.1159,22.3689,-19.1253,-19.1253,-53.7973,-13.4493
531.303,25.4413,35.1699,3.72159,38.2598,0.619229,-0.55557,-0.83147,0.103031,0.994678,28647.3,30379.7,31993.3,34929.3,22031.7,34849.3,8613.67,0,26961.3,31125.9,1803.47,32260.6,4787.41,28514,7352.5,560.856,478.534,25.2443,22.682,-21.442,-21.442,-68.194,-17.0485
506.819,25.5226,34.9782,3.91789,36.3474,0.59268,-0.608761,-0.793353,0.103031,0.994678,25955.3,28647.3,30379.7,33483.3,38538,36071.3,10512,0,25318,29243.9,2237.18,31417.6,4930.67,29157.4,6357.28,540.684,493.233,25.3035,22.9588,-24.4833,-24.4833,-80.6867,-20.1717
480.674,25.9538,34.5246,3.01599,34.262,0.562978,-0.659346,-0.75184,0.103031,0.994678,23662.3,25955.3,28647.3,31993.3,36666.3,33333.7,14615.7,0,23250.7,27161.2,2562.39,30611.7,5326.17,29534.4,5720.16,517.885,503.417,25.5062,23.2357,-26.1453,-26.1453,-91.196,-22.799
450.253,26.0349,34.0661,3.20121,32.0224,0.530252,-0.707107,-0.707107,0.103031,0.994678,21694,23662.3,25955.3,30379.7,36210.7,24842.7,17392.7,0,21157.3,24989.8,2594.91,30349.3,5670.35,29713.6,5395.08,492.262,509.644,25.7382,23.5036,-30.4207,-30.4207,-102.491,-25.6228
411.737,25.7965,34.9588,3.6941,29.6462,0.494642,-0.75184,-0.659346,0.103031,0.994678,19323.7,21694,23662.3,28647.3,34929.3,22031.7,19934.7,0,19192.3,22658.8,2445.82,30123.6,6038.8,29688.1,5442.39,462.371,512.394,25.827,23.7284,-38.5167,-38.5167,-119.566,-29.8915
367.111,24.1223,38.6177,3.30431,27.149,0.456306,-0.793353,-0.608761,0.103031,0.994678,16995,19323.7,21694,25955.3,33483.3,38538,22975.3,0,16657.7,20418.8,2503.42,28328.4,6458.12,29439,5864.57,427.444,511.848,25.4769,23.8591,-44.626,-44.626,-139.709,-34.9272
323.369,22.9433,41.7703,4.17674,24.545,0.415408,-0.83147,-0.55557,0.103031,0.994678,14806.7,16995,19323.7,23662.3,31993.3,36666.3,24184.3,0,14257.3,18204.8,2570.86,26506.7,6916.06,29048.2,6481.59,388.117,508.257,24.7243,23.9264,-43.7413,-43.7413,-157.305,-39.3262
211.548,22.1062,43.8617,3.27702,21.8471,0.372131,-0.866025,-0.5,0.103031,0.994678,11814.3,14806.7,16995,21694,30379.7,36210.7,26941,0,11439,15734.9,2770.36,24473.7,7337.59,28417.9,7335.12,328.441,499.144,23.7421,23.9503,-111.821,-111.821,-238.705,-59.6763
47.1128,21.5235,45.2627,3.33212,19.0666,0.326666,-0.896873,-0.442289,0.103031,0.994678,8731.67,11814.3,14806.7,19323.7,28647.3,34929.3,29050.7,0,8800.67,13086.9,3115.22,22290.6,7785.57,27571.3,8319.76,237.285,481.57,22.6738,23.9365,-164.435,-164.435,-364.624,-91.156
45.0583,21.2112,46.8364,3.63836,16.2139,0.279224,-0.92388,-0.382683,0.103031,0.994678,6626,8731.67,11814.3,16995,25955.3,33483.3,30771.7,0,6646.33,10494.7,3098.77,20052.4,8100.27,26565.2,9276.8,156.772,462.693,21.9461,23.8954,-2.05453,-2.05453,-322.052,-80.5131
41.8629,21.0815,46.8842,3.68031,13.2989,0.230031,-0.94693,-0.321439,0.103031,0.994678,4854,6626,8731.67,14806.7,23662.3,31993.3,32007.7,0,4843.33,8006.5,2591.79,17790.8,8238.13,25433.8,10158,86.3955,442.406,21.4806,23.8456,-3.19533,-3.19533,-281.506,-70.3766
0,16.0813,61.4931,2.87997,-11.4139,-0.197895,0.997859,-0.0654031,0.120126,0.992759,0,0,0,0,0,0,0,0,0,0,0,0,0,0,0,0,0,16.1882,16.5728,0,0,0,0
0,16.0269,61.5058,2.92714,-8.16251,-0.141981,0.991445,-0.130526,0.120126,0.992759,0,0,0,0,0,0,0,0,0,0,0,0,0,0,0,0,0,16.1243,16.5308,0,0,0,0
0,16.0336,60.4205,2.63368,-4.93809,-0.0860793,0.980785,-0.19509,0.120126,0.992759,0,0,0,0,0,0,0,0,0,0,0,0,0,0,0,0,0,16.08,16.4894,0,0,0,0
0,15.9314,60.3497,3.34643,-1.74369,-0.0304283,0.965926,-0.258819,0.120126,0.992759,21,0,0,0,0,0,0,0,198,5.25,9.09327,1.75,5.80409,0.875,4.19635,0,0,16.0183,16.4445,0,0,0,0
10.07,15.823,60.6511,3.09822,1.74091,0.03038,0.94693,-0.321439,0.120126,0.992759,410.667,21,0,0,0,0,0,0,918,107.917,175.003,35.9722,113.122,17.9861,81.9868,2.5175,0.419583,15.9537,16.3949,10.07,10.07,10.07,2.5175
22.3335,15.7723,61.0004,3.08267,4.71331,0.08217,0.92388,-0.382683,0.120126,0.992759,1127,410.667,21,0,0,0,0,0,2117.67,389.667,456.031,129.889,321.035,64.9444,236.114,8.10088,1.35015,15.8901,16.3421,12.2635,12.2635,22.3335,5.58338
31.1749,15.7305,62.0692,3.02745,7.73688,0.134624,0.896873,-0.442289,0.120126,0.992759,2201.67,1127,410.667,0,0,0,0,0,4048,940.083,829.386,313.361,652.445,156.681,487.228,15.8946,2.6491,15.8143,16.2881,8.84133,8.84133,31.1749,7.79372
42.6959,15.8313,61.3109,2.91877,10.7422,0.186391,0.866025,-0.5,0.120126,0.992759,3502,2201.67,1127,21,0,0,0,0,6075.33,1810.33,1166.29,605.194,1086.1,302.597,825.454,26.5686,4.42809,15.7893,16.2409,11.521,11.521,42.6959,10.674
59.4213,15.9,61.161,3.02789,13.7069,0.236955,0.83147,-0.55557,0.120126,0.992759,4957.67,3502,2201.67,410.667,0,0,0,0,8613.67,2947.08,1433.42,1018.33,1599.09,509.167,1240.08,38.9064,6.90398,15.8085,16.2048,16.7255,16.7255,49.3513,12.3378
78.3321,16.0447,60.3631,2.9867,16.6183,0.285995,0.793353,-0.608761,0.120126,0.992759,5995,4957.67,3502,1127,0,0,0,0,10512,4164.08,1438.01,1517.92,2070.03,758.958,1648.8,52.906,10.1678,15.8766,16.1815,18.9107,18.9107,55.9985,13.9996
92.8759,16.2477,59.9294,3.07939,19.4665,0.333255,0.75184,-0.659346,0.120126,0.992759,7127.33,5995,4957.67,2201.67,0,0,0,0,14615.7,5395.5,1335.64,2111.86,2522.37,1055.93,2072.72,68.3313,14.0376,16.0059,16.1713,14.5438,14.5438,61.701,15.4253
117.168,16.5971,58.8293,2.71502,22.2414,0.37851,0.707107,-0.707107,0.120126,0.992759,12886,7127.33,5995,3502,21,0,0,0,17392.7,7741.5,3067.7,3185.69,3809.34,1592.85,3129.33,86.9493,18.9196,16.1974,16.1765,24.2921,24.2921,74.4721,18.618
159.539,16.9941,57.5777,2.96877,24.9327,0.421554,0.659346,-0.75184,0.120126,0.992759,9490.67,12886,7127.33,4957.67,410.667,0,0,0,19934.7,8874.75,2637.04,3976.58,4043.83,1988.29,3482.76,111.979,25.5671,16.4709,16.1984,42.3713,42.3713,100.118,25.0295
160.103,17.7109,55.6869,3.38125,27.5288,0.462194,0.608761,-0.793353,0.120126,0.992759,9231.33,9490.67,12886,5995,1127,0,0,0,22975.3,9683.83,2063.47,4745.86,4091.95,2372.93,3742.04,132.421,32.2381,16.8875,16.252,0.563333,0.563333,81.7706,20.4426
153.783,17.759,56.6427,3.9257,30.0167,0.500252,0.55557,-0.83147,0.120126,0.992759,16370.7,9231.33,9490.67,7127.33,2201.67,0,0,0,24184.3,11994.7,2909.03,6110.08,4926.19,3055.04,4633.25,147.648,38.6457,17.2653,16.3055,-6.32,-6.32,60.9068,15.2267
206.113,17.7449,55.6431,3.18513,32.382,0.535561,0.5,-0.866025,0.120126,0.992759,23727.7,16370.7,9231.33,12886,3502,21,0,0,26941,14705.1,5944.18,8085.64,6568.09,4043.69,6156.88,169.884,47.2337,17.5522,16.3629,52.33,52.33,88.9447,22.2362
341.739,18.7833,52.7458,2.88931,34.6087,0.567969,0.442289,-0.896873,0.120126,0.992759,25828.7,23727.7,16370.7,9490.67,4957.67,410.667,0,0,29050.7,18789.6,6541.11,10203.8,7744.61,5119.89,7472.76,215.434,61.4728,17.9995,16.4646,135.627,135.627,182.2,45.55
461.609,21.0865,46.6431,2.49125,36.6792,0.597334,0.382683,-0.92388,0.120126,0.992759,23947.7,25828.7,23727.7,9231.33,5995,1127,0,0,30771.7,22468.7,3614.13,12105.5,8076.99,6117.71,8277.95,290.811,80.7066,18.8434,16.6614,119.87,119.87,301.507,75.3767
392.577,22.3721,44.1467,2.13337,38.5743,0.623529,0.321439,-0.94693,0.120126,0.992759,20950.3,23947.7,25828.7,16370.7,7127.33,2201.67,0,0,32007.7,23613.6,1740.98,13667.9,7819.34,6990.64,8681.59,350.51,97.0639,19.9967,16.9087,-69.032,-69.032,238.795,59.6987
339.283,22.8902,42.4209,2.1663,40.274,0.646443,0.258819,-0.965926,0.120126,0.992759,24235.7,20950.3,23947.7,23727.7,12886,3502,0,0,33972.7,23740.6,1763.06,15395.7,7671.45,8000.46,9203.55,383.802,111.201,21.283,17.182,-53.294,-53.294,133.171,33.2927
407.923,23.3412,41.1109,2.09269,41.7572,0.665976,0.19509,-0.980785,0.120126,0.992759,22343,24235.7,20950.3,25828.7,9490.67,4957.67,0,0,34849.3,22869.2,1321.86,16844.5,7189.91,8931.42,9473.27,400.348,128.198,22.4225,17.4739,68.64,68.64,66.184,16.546
374.941,23.3616,41.4043,2.29263,43.0035,0.682044,0.130526,-0.991445,0.120126,0.992759,20829.7,22343,24235.7,23947.7,9231.33,5995,0,0,36071.3,22089.7,1374.33,18080.7,6456.06,9799.32,9568.93,378.681,143.82,22.9913,17.7688,-32.9827,-32.9827,-86.6687,-21.6672
323.121,23.2316,42.4967,1.86268,43.9935,0.694577,0.0654031,-0.997859,0.120126,0.992759,30496,20829.7,22343,20950.3,16370.7,7127.33,0,0,33333.7,24476.1,3679.12,20028.1,6382.42,11070,10188.1,361.317,157.283,23.2062,18.0614,-51.8193,-51.8193,-69.456,-17.364
428.667,23.2701,42.4993,1.87175,44.7103,0.703522,1.22465e-16,-1,0.120126,0.992759,23975.7,30496,20829.7,24235.7,23727.7,12886,0,0,24842.7,24411.1,3685.08,20952.2,6076.92,12069,10229,383.663,175.145,23.3011,18.3569,105.545,105.545,89.3833,22.3458
392.961,23.2103,43.0367,1.65315,45.1407,0.708841,-0.0654031,-0.997859,0.120126,0.992759,24582.7,23975.7,30496,22343,25828.7,9490.67,0,0,22031.7,24971,3493.49,22209.9,5049.58,13093.2,10200,379.922,191.518,23.2684,18.6539,-35.7053,-35.7053,-14.962,-3.7405
386.574,20.7126,52.6997,1.93061,45.2764,0.71051,-0.130526,-0.991445,0.120126,0.992759,27357.7,24582.7,23975.7,20829.7,23947.7,9231.33,0,0,38538,26603,2584.07,23720.4,3374.59,14233.2,10201.7,382.831,207.625,22.6062,18.8492,-6.38733,-6.38733,11.6333,2.90833
434.309,19.9734,56.8408,2.78035,45.1148,0.708523,-0.19509,-0.980785,0.120126,0.992759,24417.7,27357.7,24582.7,30496,20950.3,16370.7,0,0,36666.3,25083.4,1331.66,24391,2545.02,15250.6,9945.88,410.628,225.721,21.7916,19.0133,47.7347,47.7347,111.187,27.7968
407.041,19.6813,57.7857,3.3311,44.6591,0.702887,-0.258819,-0.965926,0.120126,0.992759,25657,24417.7,27357.7,23975.7,24235.7,23727.7,21,0,36210.7,25503.8,1171.37,24551.8,2558.93,16318.7,9624.32,405.221,242.681,20.8944,19.1696,-27.2673,-27.2673,-21.6253,-5.40633
439.479,19.4351,59.9223,3.11278,43.9179,0.693627,-0.321439,-0.94693,0.120126,0.992759,23642,25657,24417.7,24582.7,22343,25828.7,410.667,0,34929.3,25268.6,1404.01,24369.6,2539.3,17286.7,9131.31,416.851,260.574,19.9506,19.3201,32.438,32.438,46.518,11.6295
326.555,19.0806,60.868,2.8123,42.9048,0.680783,-0.382683,-0.92388,0.120126,0.992759,21239.7,23642,25657,27357.7,20829.7,23947.7,1127,0,33483.3,23739.1,1612.09,24143.9,2683.03,18124.7,8511.69,401.846,273.249,19.5426,19.4579,-112.925,-112.925,-60.0193,-15.0048
331.745,18.7677,62.4663,2.78157,41.637,0.664409,-0.442289,-0.896873,0.120126,0.992759,19238,21239.7,23642,24417.7,30496,20950.3,2201.67,0,31993.3,22444.2,2423.19,24001.2,2886.88,18834.6,7837.88,376.205,285.773,19.2412,19.5845,5.19,5.19,-102.564,-25.641
270.509,18.4675,62.9413,2.90369,40.134,0.644577,-0.5,-0.866025,0.120126,0.992759,20816,19238,21239.7,25657,23975.7,24235.7,3502,0,30379.7,21233.9,1577.75,23716.2,3015.58,19556,7161.02,342.072,295.265,18.9377,19.6943,-61.236,-61.236,-136.533,-34.1332
279.905,18.4119,64.1203,2.53297,38.4164,0.621372,-0.55557,-0.83147,0.120126,0.992759,21592,20816,19238,23642,24582.7,22343,4957.67,0,28647.3,20721.4,899.44,23653.7,3051.02,20249.1,6487.91,302.178,304.452,18.6819,19.799,9.396,9.396,-159.575,-39.8937
329.541,18.6775,64.3192,2.66069,36.5051,0.594894,-0.608761,-0.793353,0.120126,0.992759,15472.7,21592,20816,21239.7,27357.7,20829.7,5995,0,25955.3,19279.7,2355.96,23207.2,3744.63,20644,5867.01,302.925,314.919,18.5812,19.9087,49.636,49.636,2.986,0.7465
263.385,18.5385,64.6227,2.76716,34.4201,0.565256,-0.659346,-0.75184,0.120126,0.992759,14927.7,15472.7,21592,19238,24417.7,30496,7127.33,0,23662.3,18202.1,3020.58,21909.9,3691.14,20969,5297.66,285.835,322.024,18.5239,20.0041,-66.1553,-66.1553,-68.3593,-17.0898
222.191,18.3425,64.4096,2.14649,32.1804,0.532587,-0.707107,-0.707107,0.120126,0.992759,16861.3,14927.7,15472.7,20816,25657,23975.7,12886,0,21694,17213.4,2624.44,21317,3878.33,21134.6,5100.83,273.755,326.4,18.4926,20.0769,-41.194,-41.194,-48.3173,-12.0793
251.297,18.3588,62.5735,2.29293,29.8036,0.497029,-0.75184,-0.659346,0.120126,0.992759,18429.7,16861.3,14927.7,21592,23642,24582.7,9490.67,0,19323.7,16422.8,1356.28,20804.3,3818.97,21507.1,4531.6,266.603,330.223,18.4793,20.1337,29.1053,29.1053,-28.608,-7.152
279.643,18.3724,60.4369,1.55508,27.3055,0.458735,-0.793353,-0.608761,0.120126,0.992759,14268,18429.7,16861.3,15472.7,21239.7,27357.7,9231.33,0,16995,16121.7,1638.27,19713.5,3657.33,21717,4049.19,254.129,335.204,18.4031,20.1613,28.3467,28.3467,-49.8973,-12.4743
220.819,18.1712,63.6981,1.75052,24.7004,0.417874,-0.83147,-0.55557,0.120126,0.992759,13656.7,14268,18429.7,14927.7,19238,24417.7,16370.7,0,14806.7,15803.9,1935.36,18816.7,3712.79,21603.9,4230.74,243.488,337.997,18.3112,20.1785,-58.8247,-58.8247,-42.5667,-10.6417
224.531,17.8728,66.6828,2.19225,22.0011,0.374624,-0.866025,-0.5,0.120126,0.992759,8693.33,13656.7,14268,16861.3,20816,25657,23727.7,0,11814.3,13761.9,3454.91,17403.1,4053.1,20977.4,4925.84,244.072,338.764,18.1938,20.1838,3.71267,3.71267,2.34,0.585
139.665,17.7953,69.7467,2.48165,19.219,0.32918,-0.896873,-0.442289,0.120126,0.992759,6541.33,8693.33,13656.7,18429.7,21592,23642,25828.7,0,8731.67,10789.8,3269.61,15978,4580.9,20173.8,5596.51,216.165,330.345,18.0529,20.1426,-84.8667,-84.8667,-111.632,-27.908
108.865,17.6083,72.7605,2.55075,16.3646,0.281749,-0.92388,-0.382683,0.120126,0.992759,5029,6541.33,8693.33,14268,15472.7,21239.7,23947.7,0,6626,8480.08,3260.03,14627.1,5181,19385.5,6297.85,173.47,315.647,17.8619,19.9977,-30.7993,-30.7993,-170.778,-42.6945
86.8827,17.3138,71.0423,2.41033,13.4478,0.232559,-0.94693,-0.321439,0.120126,0.992759,3625,5029,6541.33,13656.7,14927.7,19238,20950.3,0,4854,5972.17,1879.33,13326.1,5784.94,18663.6,7027.77,139.986,302.91,17.6475,19.7869,-21.9826,-21.9826,-133.936,-33.484
0,16.5864,56.8163,2.1267,-11.4649,-0.198768,0.997859,-0.0654031,0.137185,0.990545,0,0,0,0,0,0,0,0,0,0,0,0,0,0,0,0,0,16.5125,16.4322,0,0,0,0
0,16.6585,56.4426,2.26809,-8.21023,-0.142806,0.991445,-0.130526,0.137185,0.990545,0,0,0,0,0,0,0,0,0,0,0,0,0,0,0,0,0,16.5758,16.4408,0,0,0,0
0,16.6275,58.4911,2.02836,-4.9823,-0.0868481,0.980785,-0.19509,0.137185,0.990545,0,0,0,0,0,0,0,0,0,0,0,0,0,0,0,0,0,16.6144,16.4491,0,0,0,0
0,16.6211,59.1457,2.43991,-1.78419,-0.0311349,0.965926,-0.258819,0.137185,0.990545,0,0,0,0,0,0,0,0,21,0,0,0,0,0,0,0,0,16.6234,16.4586,0,0,0,0
14.8905,16.6881,53.7412,2.62073,1.70738,0.0297949,0.94693,-0.321439,0.137185,0.990545,18.3333,0,0,0,0,0,0,0,410.667,4.58333,7.93857,1.52778,5.06706,0.763889,3.66348,3.72262,0.620436,16.6488,16.4688,14.8905,14.8905,14.8905,3.72262
24.6359,16.9425,51.1791,2.76862,4.68184,0.0816226,0.92388,-0.382683,0.137185,0.990545,194,18.3333,0,0,0,0,0,0,1127,53.0833,81.7018,17.6944,53.3971,8.84722,38.7801,9.88158,1.64693,16.7198,16.4896,9.7454,9.7454,24.6359,6.15897
28.9275,17.0621,52.1048,3.12117,7.70934,0.134148,0.896873,-0.442289,0.137185,0.990545,703.333,194,18.3333,0,0,0,0,0,2201.67,228.917,284.182,76.3055,196.38,38.1528,144.007,17.1134,2.85224,16.8285,16.5159,4.2916,4.2916,28.9275,7.23187
35.2718,17.1299,50.7315,2.75534,10.7193,0.185997,0.866025,-0.5,0.137185,0.990545,1025.67,703.333,194,0,0,0,0,0,3502,485.333,400.764,161.778,325.394,80.8889,243.893,25.9314,4.3219,16.9557,16.5442,6.34433,6.34433,35.2718,8.81795
40.6662,17.0526,50.0939,1.92785,13.689,0.236651,0.83147,-0.55557,0.137185,0.990545,1135.67,1025.67,703.333,18.3333,0,0,0,0,4957.67,764.667,365.781,256.417,416.872,128.208,321.447,32.3753,6.01632,17.0468,16.5727,5.3944,5.3944,25.7757,6.44393
42.9412,17.1777,48.2437,2.06499,16.6058,0.285786,0.793353,-0.608761,0.137185,0.990545,1674,1135.67,1025.67,194,0,0,0,0,5995,1134.67,349.575,395.917,562.41,197.958,444.229,36.9517,7.80554,17.1056,16.6039,2.275,2.275,18.3053,4.57633
48.9907,17.2498,46.9765,2.72123,19.4598,0.333146,0.75184,-0.659346,0.137185,0.990545,4498.33,1674,1135.67,703.333,0,0,0,0,7127.33,2083.42,1415.67,770.778,1251.08,385.389,964.95,41.9675,9.84682,17.1525,16.6421,6.04953,6.04953,20.0633,5.01582
79.5064,17.5334,44.3922,2.79376,22.2411,0.378504,0.707107,-0.707107,0.137185,0.990545,4403.67,4498.33,1674,1025.67,0,0,0,0,12886,2927.92,1535.29,1137.75,1575.07,568.875,1250.62,53.0261,13.1596,17.2534,16.6901,30.5157,30.5157,44.2346,11.0587
62.1643,17.6944,47.1323,2.08227,24.9391,0.421655,0.659346,-0.75184,0.137185,0.990545,3997,4403.67,4498.33,1135.67,18.3333,0,0,0,9490.67,3643.25,1152.44,1470.83,1715.61,735.417,1418.62,58.4007,15.7498,17.4138,16.7455,-17.3421,-17.3421,21.4981,5.37453
62.0611,17.9206,43.9917,2.49206,27.5424,0.462405,0.608761,-0.793353,0.137185,0.990545,5355,3997,4403.67,1674,194,0,0,0,9231.33,4563.5,494.264,1917.08,1954.77,958.542,1682.07,63.1806,18.3356,17.5996,16.8077,-0.1032,-0.1032,19.1199,4.77998
73.773,18.1264,44.6013,2.14881,30.0381,0.500576,0.55557,-0.83147,0.137185,0.990545,5549,5355,3997,4498.33,703.333,0,0,0,16370.7,4826.17,645.79,2379.5,2097.68,1189.75,1901.48,69.3762,21.4095,17.8187,16.883,11.7119,11.7119,24.7823,6.19557
99.1359,18.2701,46.1642,2.11265,32.4117,0.535999,0.5,-0.866025,0.137185,0.990545,7081,5549,5355,4403.67,1025.67,0,0,0,23727.7,5495.5,1093.38,2969.58,2328.57,1484.79,2217.14,74.2836,25.5402,18.0029,16.9621,25.3629,25.3629,19.6295,4.90738
109.941,18.4409,44.3492,2.78419,34.6473,0.568523,0.442289,-0.896873,0.137185,0.990545,8041,7081,5549,3997,1135.67,18.3333,0,0,25828.7,6506.5,1109.9,3638.14,2528.38,1819.83,2550.02,86.2278,30.1211,18.1895,17.046,10.8051,10.8051,47.7767,11.9442
135.095,18.4087,43.1439,2.69823,36.7271,0.598005,0.382683,-0.92388,0.137185,0.990545,4837.67,8041,7081,5355,1674,194,0,0,23947.7,6377.17,1256.95,4025.11,2318.27,2021.4,2589.1,104.486,35.75,18.3115,17.1285,25.1536,25.1536,73.0335,18.2584
96.1681,18.3735,42.0387,2.53913,38.6322,0.624318,0.321439,-0.94693,0.137185,0.990545,5630.33,4837.67,8041,5549,4498.33,703.333,0,0,20950.3,6397.5,1243.97,4435.69,2121.56,2256,2649.69,110.085,39.757,18.3733,17.2072,-38.9265,-38.9265,22.3951,5.59878
104.118,17.7685,49.8237,2.62823,40.3421,0.647349,0.258819,-0.965926,0.137185,0.990545,5633.33,5630.33,4837.67,7081,4403.67,1025.67,0,0,24235.7,6035.58,1202.37,4819.67,1871.92,2490.72,2688.67,111.331,44.0953,18.2479,17.2599,7.95027,7.95027,4.98247,1.24562
103.373,17.4544,53.8607,2.80537,41.8359,0.666999,0.19509,-0.980785,0.137185,0.990545,6193.67,5633.33,5630.33,8041,3997,1135.67,0,0,22343,5573.75,482.925,5241.17,1533.87,2748.79,2734.08,109.688,48.4025,18.0013,17.3021,-0.7456,-0.7456,-6.56827,-1.64207
109.157,17.3318,57.2304,2.18081,43.0929,0.683183,0.130526,-0.991445,0.137185,0.990545,8159.33,6193.67,5633.33,4837.67,5355,1674,0,0,20829.7,6404.17,1038.98,5781.61,1307.64,3088.76,2874.81,103.204,52.9507,17.732,17.3407,5.78453,5.78453,-25.9373,-6.48433
128.37,17.4123,58.0003,2.49509,44.0935,0.695831,0.0654031,-0.997859,0.137185,0.990545,6425,8159.33,6193.67,5630.33,5549,4498.33,0,0,30496,6602.83,943.619,5942.17,1257.54,3356.47,2873.87,111.255,58.2995,17.4918,17.3799,19.2127,19.2127,32.2019,8.05047
113.353,17.5281,56.0887,2.69284,44.8205,0.704888,1.22465e-16,-1,0.137185,0.990545,9112,6425,8159.33,5633.33,7081,4403.67,0,0,23975.7,7472.5,1213.71,6334.53,1437.89,3736.14,3004.3,113.563,63.0225,17.4317,17.4191,-15.0167,-15.0167,9.23493,2.30873
136.59,17.5602,57.0334,3.07639,45.2607,0.710317,-0.0654031,-0.997859,0.137185,0.990545,9294,9112,6425,6193.67,8041,3997,0,0,24582.7,8247.58,1137.08,6775.94,1465.34,4123.39,3095.37,121.868,68.7138,17.4581,17.4597,23.2367,23.2367,33.2172,8.3043
143.037,17.2995,63.3193,3.17404,45.4055,0.712093,-0.130526,-0.991445,0.137185,0.990545,6322,9294,9112,8159.33,4837.67,5355,0,0,27357.7,7788.25,1416.68,6856.53,1410.54,4386.81,3000.82,130.337,74.6736,17.4501,17.4864,6.44667,6.44667,33.8793,8.46983
111.794,17.083,66.0195,2.32413,45.2519,0.710209,-0.19509,-0.980785,0.137185,0.990545,5997.67,6322,9294,6425,5630.33,5549,0,0,24417.7,7681.42,1527.25,6893.92,1381.03,4636.71,2872.06,126.193,79.3317,17.3677,17.5054,-31.2431,-31.2431,-16.5764,-4.1441
106.64,17.1681,62.1363,1.96373,44.8031,0.704673,-0.258819,-0.965926,0.137185,0.990545,9824,5997.67,6322,9112,5633.33,7081,0,0,25657,7859.42,1713.72,7122.5,1602.35,5046.04,2882.11,124.515,83.775,17.2777,17.5282,-5.15333,-5.15333,-6.71307,-1.67827
137.773,17.4037,61.6065,1.73001,44.0677,0.695508,-0.321439,-0.94693,0.137185,0.990545,13257,9824,5997.67,9294,6193.67,8041,18.3333,0,23642,8850.17,2953.68,7557.17,2333.3,5597.65,3123.81,124.811,88.8951,17.2386,17.558,31.1323,31.1323,1.1826,0.29565
197.127,18.2459,57.4095,2.11921,43.0592,0.682754,-0.382683,-0.92388,0.137185,0.990545,10081.3,13257,9824,6322,8159.33,4837.67,194,0,21239.7,9790,2573.32,7994.14,2273.32,6009.62,3034.71,138.333,96.0822,17.4752,17.6123,59.3541,59.3541,54.09,13.5225
161.651,18.2383,59.0502,2.62843,41.7949,0.666466,-0.442289,-0.896873,0.137185,0.990545,10279.3,10081.3,13257,5997.67,6425,5630.33,703.333,0,19238,10860.4,1393.05,8381.56,2233.26,6408.62,2938.82,150.798,101.612,17.764,17.6613,-35.476,-35.476,49.8571,12.4643
159.554,17.3383,65.0055,3.65456,40.2943,0.646714,-0.5,-0.866025,0.137185,0.990545,11650.7,10279.3,10081.3,9824,9112,5633.33,1025.67,0,20816,11317.1,1272.65,8883,2235.44,6851.33,2894.53,164.026,106.791,17.8065,17.67,-2.09667,-2.09667,52.9137,13.2284
185.073,17.4433,65.4826,2.41035,38.5783,0.623583,-0.55557,-0.83147,0.137185,0.990545,9057.67,11650.7,10279.3,13257,9294,6193.67,1135.67,0,21592,10267.2,923.532,9121.67,2083.28,7181.42,2666.64,175.851,112.808,17.8165,17.6863,25.5187,25.5187,47.3001,11.825
146.472,17.6683,63.2297,1.79413,36.6676,0.597172,-0.608761,-0.793353,0.137185,0.990545,7932.67,9057.67,11650.7,10081.3,6322,8159.33,1674,0,15472.7,9730.08,1385.02,9102.78,2092.93,7442.19,2408.87,163.187,117.122,17.6721,17.7067,-38.6007,-38.6007,-50.6547,-12.6637
134.531,17.4945,63.0579,1.978,34.5828,0.567596,-0.659346,-0.75184,0.137185,0.990545,7536.67,7932.67,9057.67,10279.3,5997.67,6425,4498.33,0,14927.7,9044.42,1604.84,9195.42,1994.65,7568.79,2329.36,156.408,120.686,17.4861,17.7169,-11.9407,-11.9407,-27.1193,-6.77983
131.464,17.6826,59.5919,1.87859,32.3427,0.534982,-0.707107,-0.707107,0.137185,0.990545,5971.67,7536.67,7932.67,11650.7,9824,9112,4403.67,0,16861.3,7624.67,1105.5,8933.72,2185.31,7634.12,2260.64,149.385,122.851,17.5722,17.7231,-3.06733,-3.06733,-28.09,-7.0225
105.001,17.3594,62.2441,2.105,29.965,0.499471,-0.75184,-0.659346,0.137185,0.990545,5650,5971.67,7536.67,9057.67,13257,9294,3997,0,18429.7,6772.75,978.682,8630.06,2360.32,7703,2172.23,129.367,124.635,17.5512,17.7092,-26.4633,-26.4633,-80.072,-20.018
101.045,17.1363,62.3187,2.27916,27.4657,0.461218,-0.793353,-0.608761,0.137185,0.990545,6696.33,5650,5971.67,7932.67,10081.3,6322,5355,0,14268,6463.67,726.22,8661.25,2331.92,7758.89,2127.91,118.01,126.26,17.4182,17.6765,-3.95567,-3.95567,-45.427,-11.3567
112.222,17.0401,62.1195,1.78579,24.8592,0.420389,-0.83147,-0.55557,0.137185,0.990545,4920.33,6696.33,5650,7536.67,10279.3,5997.67,5549,0,13656.7,5809.58,638.128,8571.47,2450.46,7732.69,2158.6,112.433,127.862,17.3046,17.6312,11.177,11.177,-22.3093,-5.57733
97.325,17.2528,61.6732,1.95949,22.1582,0.377165,-0.866025,-0.5,0.137185,0.990545,3896.67,4920.33,6696.33,5971.67,11650.7,9824,7081,0,8693.33,5290.83,1022.91,8077.53,2729.69,7600.01,2288.53,103.898,127.786,17.1972,17.5889,-14.897,-14.897,-34.139,-8.53475
80.2882,17.1205,61.4947,2.14605,19.3743,0.331738,-0.896873,-0.442289,0.137185,0.990545,2863,3896.67,4920.33,5650,9057.67,13257,8041,0,6541.33,4594.08,1415,7211.36,2594.48,7384.26,2473.4,97.72,126.551,17.1374,17.5338,-17.0368,-17.0368,-24.7125,-6.17812
70.6116,17.0603,62.3502,2.11159,16.5179,0.284316,-0.92388,-0.382683,0.137185,0.990545,832.667,2863,3896.67,6696.33,7932.67,10081.3,4837.67,0,5029,3128.17,1511.79,6440.64,2973.47,7217.39,2758.28,90.1117,123.864,17.1184,17.4777,-9.6766,-9.6766,-30.4334,-7.60835
41.2391,16.8694,64.3209,2.67259,13.599,0.235125,-0.94693,-0.321439,0.137185,0.990545,837.333,832.667,2863,4920.33,7536.67,10279.3,5630.33,0,3625,2107.42,1323.86,5653.81,3100.15,7017.68,3026.44,72.366,121.575,17.0758,17.415,-29.3725,-29.3725,-70.9829,-17.7457
0,16.8104,69.7756,2.9096,-11.5118,-0.19957,0.997859,-0.0654031,0.154204,0.988039,0,0,0,0,0,0,0,0,0,0,0,0,0,0,0,0,0,16.7662,16.8297,0,0,0,0
0,16.9347,69.1539,2.80204,-8.25369,-0.143556,0.991445,-0.130526,0.154204,0.988039,0,0,0,0,0,0,0,0,0,0,0,0,0,0,0,0,0,16.8518,16.8374,0,0,0,0
0,16.9661,67.7458,2.56985,-5.02215,-0.0875409,0.980785,-0.19509,0.154204,0.988039,0,0,0,0,0,0,0,0,0,0,0,0,0,0,0,0,0,16.8989,16.8416,0,0,0,0
0,17.0968,67.1058,2.72401,-1.82021,-0.0317633,0.965926,-0.258819,0.154204,0.988039,0,0,0,0,0,0,0,0,0,0,0,0,0,0,0,0,0,16.952,16.8487,0,0,0,0
17.0397,17.2167,67.0219,3.19714,1.6781,0.0292841,0.94693,-0.321439,0.154204,0.988039,69.6667,0,0,0,0,0,0,0,18.3333,17.4167,30.1666,5.80556,19.2548,2.90278,13.9212,4.25993,0.709989,17.0536,16.8593,17.0397,17.0397,17.0397,4.25993
27.654,17.3717,66.217,2.7795,4.65497,0.0811552,0.92388,-0.382683,0.154204,0.988039,491.667,69.6667,0,0,0,0,0,0,194,140.333,204.827,46.7778,135.503,23.3889,98.6282,11.1734,1.86224,17.1628,16.875,10.6143,10.6143,27.654,6.9135
35.3534,17.5031,66.7939,2.78707,7.6866,0.133754,0.896873,-0.442289,0.154204,0.988039,961,491.667,69.6667,0,0,0,0,0,703.333,380.583,384.297,126.861,285.334,63.4306,211.497,20.0118,3.3353,17.2971,16.8894,7.6994,7.6994,35.3534,8.83835
41.9627,17.4539,67.1303,2.85931,10.7013,0.185689,0.866025,-0.5,0.154204,0.988039,965,961,491.667,0,0,0,0,0,1025.67,621.833,372.367,207.278,363.521,103.639,277.155,30.5025,5.08374,17.3863,16.8988,6.60933,6.60933,41.9627,10.4907
42.3007,17.4924,67.136,2.53586,13.6761,0.236434,0.83147,-0.55557,0.154204,0.988039,3751.33,965,961,69.6667,0,0,0,0,1135.67,1542.25,1289.85,519.889,1038.04,259.944,778.678,36.8177,6.84627,17.4552,16.9055,0.338,0.338,25.261,6.31525
63.3662,17.7207,66.3457,2.74495,16.5986,0.285665,0.793353,-0.608761,0.154204,0.988039,4982.33,3751.33,965,491.667,0,0,0,0,1674,2664.92,1756.69,935.083,1594.39,467.542,1220.51,45.7458,9.48653,17.5425,16.9192,21.0655,21.0655,35.7122,8.92805
101.734,18.0643,65.0722,2.83061,19.4586,0.333125,0.75184,-0.659346,0.154204,0.988039,5412,4982.33,3751.33,961,0,0,0,0,4498.33,3777.67,1734.51,1386.08,1983.95,693.042,1564.71,62.341,13.7255,17.6828,16.9519,38.3681,38.3681,66.3809,16.5952
82.5963,18.47,64.3264,2.17151,22.2463,0.378589,0.707107,-0.707107,0.154204,0.988039,5468,5412,4982.33,965,0,0,0,0,4403.67,4903.42,691.183,1841.75,2226.39,920.875,1823.85,72.4994,17.167,17.9368,16.9974,-19.138,-19.138,40.6335,10.1584
100.71,18.6564,63.1395,2.3661,24.9513,0.421847,0.659346,-0.75184,0.154204,0.988039,5753.67,5468,5412,3751.33,69.6667,0,0,0,3997,5404,275.785,2321.22,2391.55,1160.61,2051.04,87.1017,21.3632,18.2278,17.0603,18.1139,18.1139,58.4094,14.6024
106.653,18.9263,63.0112,1.80029,27.562,0.462708,0.608761,-0.793353,0.154204,0.988039,10906,5753.67,5468,4982.33,491.667,0,0,0,5355,6884.92,2325.19,3230.06,3253.62,1615.03,2810.93,97.9234,25.8071,18.5292,17.1423,5.94293,5.94293,43.2869,10.8217
163.277,19.2887,62.6712,1.88729,30.0656,0.500991,0.55557,-0.83147,0.154204,0.988039,9115.67,10906,5753.67,5412,961,0,0,0,5549,7810.83,2291.48,3989.69,3467.89,1994.85,3161.1,113.309,32.6103,18.8353,17.2611,56.6243,56.6243,61.5431,15.3858
172.815,19.8059,61.6287,1.994,32.4477,0.53653,0.5,-0.866025,0.154204,0.988039,7265,9115.67,10906,5468,965,0,0,0,7081,8260.08,1936.83,4595.11,3350.71,2297.56,3300.36,135.864,39.811,19.1693,17.4138,9.538,9.538,90.2191,22.5548
130.449,20.1244,60.8877,1.70968,34.6923,0.569169,0.442289,-0.896873,0.154204,0.988039,6723.67,7265,9115.67,5753.67,3751.33,69.6667,0,0,8041,8502.58,1646.85,5149.61,3096.88,2577.71,3377.9,143.299,45.2463,19.5363,17.5788,-42.3667,-42.3667,29.7385,7.43463
130.643,19.9637,62.6403,1.90443,36.7817,0.598768,0.382683,-0.92388,0.154204,0.988039,12953.3,6723.67,7265,10906,4982.33,491.667,0,0,4837.67,9014.42,2440.97,6188.08,3432.06,3117.43,3915.05,149.296,50.6898,19.7957,17.7349,0.194667,0.194667,23.9903,5.99757
189.589,19.7123,63.4165,1.76937,38.6967,0.625198,0.321439,-0.94693,0.154204,0.988039,11208.3,12953.3,6723.67,9115.67,5412,961,0,0,5630.33,9537.58,2624,7042.03,3297.46,3584.44,4175.19,155.874,58.5893,19.9016,17.8703,58.9453,58.9453,26.3113,6.57783
193.554,19.7405,64.3834,1.84338,40.417,0.648346,0.258819,-0.965926,0.154204,0.988039,7680,11208.3,12953.3,7265,5468,965,0,0,5633.33,9641.33,2538.92,7601.61,2741.62,3904.44,4182.51,161.059,66.6541,19.8852,18.004,3.96533,3.96533,20.7387,5.18467
139.633,19.6448,65.5287,1.32254,41.9215,0.668112,0.19509,-0.980785,0.154204,0.988039,13222.3,7680,11208.3,6723.67,5753.67,3751.33,0,0,6193.67,11266,2210.04,8390.86,2879.39,4455.38,4491.35,163.355,72.4721,19.7653,18.1341,-53.9207,-53.9207,9.18467,2.29617
194.715,19.4721,65.7677,1.32118,43.1893,0.684411,0.130526,-0.991445,0.154204,0.988039,12959.7,13222.3,7680,12953.3,10906,4982.33,0,0,8159.33,11267.6,2211.25,9055.64,2936.03,4995.36,4697.56,179.373,80.5853,19.6424,18.2541,55.082,55.082,64.072,16.018
214.639,19.8579,64.0941,1.26013,44.2005,0.697172,0.0654031,-0.997859,0.154204,0.988039,14421.7,12959.7,13222.3,11208.3,9115.67,5412,0,0,6425,12070.9,2594.31,9806.44,3057.74,5596.26,4936.45,185.635,89.5285,19.6789,18.3824,19.9233,19.9233,25.05,6.2625
230.004,20.4213,64.1365,1.12118,44.9379,0.70634,1.22465e-16,-1,0.154204,0.988039,14027.3,14421.7,12959.7,7680,7265,5468,0,0,9112,13657.8,590.988,10519.7,2959.25,6180.74,5067.92,194.748,99.1121,19.8491,18.5298,15.3653,15.3653,36.45,9.1125
222.253,21.4465,58.9359,1.89571,45.3879,0.711877,-0.0654031,-0.997859,0.154204,0.988039,12199,14027.3,14421.7,13222.3,6723.67,5753.67,0,0,9294,13401.9,876.589,11056.8,2609.73,6689.03,5034.17,215.403,108.373,20.2995,18.723,-7.75067,-7.75067,82.62,20.655
192.845,21.7887,58.2918,1.47289,45.5415,0.713758,-0.130526,-0.991445,0.154204,0.988039,16096.7,12199,14027.3,12959.7,12953.3,10906,0,0,6322,14186.2,1385.6,11489.4,2956.07,7359.72,5168.79,214.935,116.408,20.8786,18.9252,-29.408,-29.408,-1.87,-0.4675
236.48,21.7976,59.3706,1.46274,45.3959,0.711976,-0.19509,-0.980785,0.154204,0.988039,15002.7,16096.7,12199,14421.7,11208.3,9115.67,0,0,5997.67,14331.4,1432.34,11980,3009.44,7984.83,5148.07,220.396,126.261,21.3635,19.1265,43.6347,43.6347,21.8413,5.46033
226.921,21.5465,59.4151,1.57,44.9538,0.706537,-0.258819,-0.965926,0.154204,0.988039,15169.7,15002.7,16096.7,14027.3,7680,7265,0,0,9824,14617,1456.91,12638.7,2760.09,8616.9,5059.4,219.625,135.716,21.6448,19.3119,-9.55933,-9.55933,-3.08333,-0.770833
220.235,21.5372,60.2361,1.66876,44.224,0.697465,-0.321439,-0.94693,0.154204,0.988039,15798,15169.7,15002.7,12199,13222.3,6723.67,69.6667,0,13257,15516.8,447.256,13394.9,2227.65,9272.25,4926.73,219.12,144.183,21.6675,19.4919,-6.686,-6.686,-2.01867,-0.504667
256.53,21.6006,61.4813,1.75975,43.2198,0.684799,-0.382683,-0.92388,0.154204,0.988039,11448,15798,15169.7,16096.7,12959.7,12953.3,491.667,0,10081.3,14354.6,1704.12,13269.4,2290.48,9728.76,4587.93,235.041,153.719,21.6205,19.6682,36.2953,36.2953,63.6847,15.9212
194.029,21.6453,61.8207,1.23959,41.9587,0.668594,-0.442289,-0.896873,0.154204,0.988039,9589.33,11448,15798,15002.7,14421.7,11208.3,961,0,10279.3,13001.2,2577.67,13134.5,2450.04,10088.3,4209.23,224.428,160.331,21.5824,19.8407,-62.5013,-62.5013,-42.4513,-10.6128
162.797,21.4113,63.4457,1.36163,40.4602,0.64892,-0.5,-0.866025,0.154204,0.988039,7872.33,9589.33,11448,15169.7,14027.3,7680,965,0,11650.7,11176.9,2952.48,13150.6,2414.67,10376.1,3790.94,208.398,165.365,21.5486,20.0056,-31.2313,-31.2313,-64.1233,-16.0308
141.785,20.9887,65.5021,1.05011,38.7453,0.62586,-0.55557,-0.83147,0.154204,0.988039,6803.67,7872.33,9589.33,15798,12199,13222.3,3751.33,0,9057.67,8928.33,1761.75,12615.7,2983.46,10503.3,3613.61,188.785,169.511,21.4115,20.1513,-21.012,-21.012,-78.4493,-19.6123
120.023,20.3656,68.7695,0.801821,36.8351,0.599514,-0.608761,-0.793353,0.154204,0.988039,4275.33,6803.67,7872.33,11448,16096.7,12959.7,4982.33,0,7932.67,7135.17,1927.1,11892,3763.54,10473.8,3661.07,154.658,171.871,21.1028,20.2615,-21.7627,-21.7627,-136.507,-34.1268
97.9126,20.071,69.2548,1.3363,34.75,0.569996,-0.659346,-0.75184,0.154204,0.988039,3543.67,4275.33,6803.67,9589.33,15002.7,14421.7,5412,0,7536.67,5623.75,1774.35,10985.5,4314.75,10396,3785.62,130.629,171.712,20.7092,20.3451,-22.1101,-22.1101,-96.1161,-24.029
67.5546,19.6603,70.4185,0.810672,32.5091,0.537434,-0.707107,-0.707107,0.154204,0.988039,4365.33,3543.67,4275.33,7872.33,15169.7,14027.3,5468,0,5971.67,4747,1229.43,10180.3,4566.16,10350,3851.27,106.819,171.085,20.2714,20.3947,-30.358,-30.358,-95.2427,-23.8107
84.4073,19.5588,71.0619,1.04345,30.1303,0.501968,-0.75184,-0.659346,0.154204,0.988039,4297.67,4365.33,3543.67,6803.67,15798,12199,5753.67,0,5650,4120.5,334.68,9521.86,4791.71,10289.3,3933.78,92.4743,170.406,19.9139,20.4323,16.8527,16.8527,-57.3781,-14.3445
86.9269,19.9757,70.8091,1.373,27.6295,0.463752,-0.793353,-0.608761,0.154204,0.988039,2827.33,4297.67,4365.33,4275.33,11448,16096.7,10906,0,6696.33,3758.5,626.931,8416.08,4676.55,9952.74,4203.04,84.2003,169.584,19.8165,20.4761,2.51967,2.51967,-33.0957,-8.27393
70.5263,20.2024,68.5737,1.43903,25.0212,0.422953,-0.83147,-0.55557,0.154204,0.988039,1604,2827.33,4297.67,3543.67,9589.33,15002.7,9115.67,0,4920.33,3273.58,1143.17,7299.53,4568.94,9639.75,4521.35,77.3538,165.719,19.8493,20.5141,-16.4007,-16.4007,-27.3863,-6.84658
55.396,20.403,68.5444,1.46012,22.3182,0.379751,-0.866025,-0.5,0.154204,0.988039,767,1604,2827.33,4365.33,7872.33,15169.7,7265,0,3896.67,2374,1330.54,6099.31,4222.47,9369,4838.86,74.3141,160.827,20.035,20.539,-15.1303,-15.1303,-12.1586,-3.03965
43.3713,20.4529,69.1795,0.832445,19.5323,0.334338,-0.896873,-0.442289,0.154204,0.988039,1218,767,1604,4297.67,6803.67,15798,6723.67,0,2863,1604.08,765.851,4884.31,3240.35,9139.6,5083.17,64.0551,157.199,20.2585,20.5527,-12.0247,-12.0247,-41.0359,-10.259
46.1835,20.0493,72.4563,1.53521,16.6737,0.286921,-0.92388,-0.382683,0.154204,0.988039,1234.33,1218,767,2827.33,4275.33,11448,12953.3,0,832.667,1205.83,296.678,4033.17,2701.01,8651.31,5253.39,53.8693,153.68,20.2769,20.5563,2.81213,2.81213,-40.7435,-10.1859
48.3471,19.6636,74.7708,2.32408,13.7524,0.237727,-0.94693,-0.321439,0.154204,0.988039,717,1234.33,1218,1604,3543.67,9589.33,11208.3,0,837.333,984.083,242.797,3293.81,2256.69,8214.17,5455.05,48.3245,147.795,20.1422,20.5542,2.1636,2.1636,-22.1792,-5.5448
0,16.8771,96.0441,2.4039,-11.5545,-0.2003,0.997859,-0.0654031,0.171177,0.98524,0,0,0,0,0,0,0,0,0,0,0,0,0,0,0,0,0,16.8738,16.7446,0,0,0,0
0,17.0183,96.3759,2.16717,-8.29284,-0.144233,0.991445,-0.130526,0.171177,0.98524,0,0,0,0,0,0,0,0,0,0,0,0,0,0,0,0,0,16.8949,16.7605,0,0,0,0
0,16.9045,96.2279,2.49315,-5.05758,-0.0881568,0.980785,-0.19509,0.171177,0.98524,0,0,0,0,0,0,0,0,0,0,0,0,0,0,0,0,0,16.9158,16.7802,0,0,0,0
0,16.5561,96.2825,2.63663,-1.8517,-0.0323126,0.965926,-0.258819,0.171177,0.98524,0,0,0,0,0,0,0,0,0,0,0,0,0,0,0,0,0,16.839,16.781,0,0,0,0
12.0714,16.5861,96.4082,2.8266,1.65311,0.0288481,0.94693,-0.321439,0.171177,0.98524,0,0,0,0,0,0,0,0,69.6667,0,0,0,0,0,0,3.01785,0.502975,16.7663,16.7872,12.0714,12.0714,12.0714,3.01785
21.3605,16.5746,96.3781,3.16575,4.63274,0.0807685,0.92388,-0.382683,0.171177,0.98524,89.6667,0,0,0,0,0,0,0,491.667,22.4167,38.8268,7.47222,24.7826,3.73611,17.9178,8.35797,1.39299,16.6553,16.7916,9.28907,9.28907,21.3605,5.34012
23.5763,16.5901,96.3245,2.61901,7.6687,0.133445,0.896873,-0.442289,0.171177,0.98524,380.333,89.6667,0,0,0,0,0,0,961,117.5,156.1,39.1667,105.785,19.5833,77.3222,14.2521,2.37534,16.5767,16.7974,2.21587,2.21587,23.5763,5.89408
28.9941,16.6237,96.2771,3.38553,10.6883,0.185466,0.866025,-0.5,0.171177,0.98524,1530,380.333,89.6667,0,0,0,0,0,965,500,611.063,166.667,424.29,83.3333,311.376,21.5006,3.58343,16.5936,16.8011,5.41773,5.41773,28.9941,7.24852
38.7765,16.5904,96.2306,3.9444,13.6685,0.236303,0.83147,-0.55557,0.171177,0.98524,2430,1530,380.333,0,0,0,0,0,3751.33,1107.5,934.381,369.167,750.727,184.583,562.02,28.1768,5.19911,16.5947,16.8007,9.7824,9.7824,26.7051,6.67627
53.0495,16.6963,96.0457,3.67194,16.5967,0.285632,0.793353,-0.608761,0.171177,0.98524,2289.33,2430,1530,89.6667,0,0,0,0,4982.33,1657.42,812.924,559.944,907.243,279.972,699.95,36.0991,7.40951,16.6251,16.7971,14.2731,14.2731,31.6891,7.92227
52.9613,16.6842,95.7495,3.23148,19.4628,0.333195,0.75184,-0.659346,0.171177,0.98524,2340,2289.33,2430,380.333,0,0,0,0,5412,2147.33,359.96,754.944,1011.43,377.472,808.69,43.4454,9.61623,16.6486,16.7947,-0.0882,-0.0882,29.385,7.34625
52.115,16.7802,95.2415,3.03786,22.2571,0.378763,0.707107,-0.707107,0.171177,0.98524,4016.67,2340,2289.33,1530,0,0,0,0,5468,2769,722.1,1089.67,1322.88,544.833,1082.52,49.2256,11.7877,16.6878,16.7943,-0.846333,-0.846333,23.1209,5.78023
70.8773,16.8062,95.0576,3.04883,24.9692,0.42213,0.659346,-0.75184,0.171177,0.98524,5287.67,4016.67,2340,2430,0,0,0,0,5753.67,3483.42,1252.29,1530.31,1710.41,765.153,1431.16,57.2508,14.7409,16.7417,16.7931,18.7623,18.7623,32.1009,8.02522
52.6081,17.0223,94.7609,2.93357,27.5875,0.463102,0.608761,-0.793353,0.171177,0.98524,5963.67,5287.67,4016.67,2289.33,89.6667,0,0,0,10906,4402,1380.54,2027.28,2030.09,1013.64,1757.3,57.1404,16.9329,16.8232,16.7992,-18.2693,-18.2693,-0.441467,-0.110367
70.4715,17.1231,94.6789,2.47003,30.0992,0.501499,0.55557,-0.83147,0.171177,0.98524,7176,5963.67,5287.67,2340,380.333,0,0,0,9115.67,5611,1142.37,2625.28,2372.82,1312.64,2130.3,61.518,19.8692,16.9329,16.8112,17.8635,17.8635,17.5102,4.37755
112.361,17.4214,94.5341,2.06297,32.49,0.537152,0.5,-0.866025,0.171177,0.98524,8435.67,7176,5963.67,4016.67,1530,0,0,0,7265,6715.75,1201.56,3328.25,2715.73,1664.12,2541.04,76.5794,24.5509,17.0933,16.8333,41.8891,41.8891,60.2457,15.0614
99.2135,17.2718,94.3542,2.27221,34.7437,0.569907,0.442289,-0.896873,0.171177,0.98524,8823.33,8435.67,7176,5287.67,2430,0,0,0,6723.67,7599.67,1123.86,4063.53,2903.06,2031.76,2888.24,83.6635,28.6848,17.2097,16.846,-13.1471,-13.1471,28.3362,7.08405
139.057,17.6348,94.6389,2.30068,36.8428,0.599622,0.382683,-0.92388,0.171177,0.98524,4258.33,8823.33,8435.67,5963.67,2289.33,89.6667,0,0,12953.3,7173.33,1789.78,4410.92,2644.67,2209.19,2888.78,105.276,34.4789,17.3628,16.8738,39.8438,39.8438,86.4493,21.6123
82.2306,17.4709,94.1988,1.83097,38.768,0.626169,0.321439,-0.94693,0.171177,0.98524,4263.33,4258.33,8823.33,7176,2340,380.333,0,0,11208.3,6445.17,2188.63,4734.5,2353.21,2386.83,2878.53,108.216,37.9052,17.4497,16.8987,-56.8267,-56.8267,11.7591,2.93977
75.7379,17.32,93.7932,2.23125,40.4989,0.649433,0.258819,-0.965926,0.171177,0.98524,3805.33,4263.33,4258.33,8435.67,4016.67,1530,0,0,7680,5287.58,2049.82,4924.11,2172.06,2545.39,2847.32,99.0598,41.0609,17.4244,16.9212,-6.49273,-6.49273,-36.6228,-9.1557
73.1247,17.2559,93.7761,2.38349,42.0141,0.669314,0.19509,-0.980785,0.171177,0.98524,3392,3805.33,4263.33,8823.33,5287.67,2430,0,0,13222.3,3929.75,361.905,5004.28,2094.91,2686.72,2801.28,92.5376,44.1078,17.4204,16.9344,-2.61313,-2.61313,-26.0888,-6.5222
69.7984,17.2782,93.5133,2.49631,43.2927,0.685726,0.130526,-0.991445,0.171177,0.98524,3253,3392,3805.33,4258.33,5963.67,2289.33,0,0,12959.7,3678.42,394.097,5084.58,2005.87,2822.26,2746.16,75.2229,47.016,17.3312,16.9488,-3.32633,-3.32633,-69.2589,-17.3147
64.8302,17.2565,93.3968,2.23124,44.3147,0.698599,0.0654031,-0.997859,0.171177,0.98524,4284.33,3253,3392,4263.33,7176,2340,0,0,14421.7,3683.67,401.916,5246.61,1850.11,3000.78,2695.69,70.8728,49.7173,17.2777,16.9669,-4.9682,-4.9682,-17.4004,-4.3501
76.0051,17.2595,93.5901,2.42587,45.0624,0.707877,1.22465e-16,-1,0.171177,0.98524,4845,4284.33,3253,3805.33,8435.67,4016.67,0,0,14027.3,3943.58,653.799,5315.64,1818.11,3202.65,2644.33,70.9396,52.8842,17.2626,16.9834,11.1749,11.1749,0.267267,0.0668167
87.7452,17.3012,93.6626,2.78825,45.5221,0.71352,-0.0654031,-0.997859,0.171177,0.98524,5369.67,4845,4284.33,3392,8823.33,5287.67,0,0,12199,4438,784.457,5322.47,1818.15,3426.39,2590.51,74.5947,56.5402,17.2739,17.0011,11.7401,11.7401,14.6205,3.65512
92.1177,17.252,93.214,2.76883,45.6846,0.715505,-0.130526,-0.991445,0.171177,0.98524,6370.33,5369.67,4845,3253,4258.33,5963.67,0,0,16096.7,5217.33,768.397,5356.36,1833.51,3691.82,2551.9,80.1746,60.3785,17.2673,17.0108,4.37253,4.37253,22.3193,5.57983
102.857,17.2858,93.0118,2.96361,45.5467,0.713821,-0.19509,-0.980785,0.171177,0.98524,6229,6370.33,5369.67,4284.33,4263.33,7176,0,0,15002.7,5703.5,626.355,5277.44,1772.87,3951.36,2478.95,89.6813,64.6642,17.2746,17.0267,10.7392,10.7392,38.0267,9.50668
111.269,17.3551,93.2103,2.13185,45.1112,0.708478,-0.258819,-0.965926,0.171177,0.98524,4523,6229,6370.33,4845,3805.33,8435.67,0,0,15169.7,5623,741.607,4951.39,1500.99,4139.82,2339.38,98.4973,69.3004,17.2985,17.06,8.41233,8.41233,35.2641,8.81603
91.7945,17.3857,92.6201,2.20961,44.3867,0.699497,-0.321439,-0.94693,0.171177,0.98524,3133.67,4523,6229,5369.67,3392,8823.33,0,0,15798,5064,1330.66,4477.25,1026.74,4270.39,2187.18,99.5096,72.6222,17.3197,17.0933,-19.4747,-19.4747,4.04933,1.01233
81.6429,17.4239,92.7401,2.21096,43.3866,0.686917,-0.382683,-0.92388,0.171177,0.98524,3632.67,3133.67,4523,6370.33,3253,4258.33,89.6667,0,11448,4379.58,1178.04,4425.11,1052.1,4418.01,2012.62,96.8909,75.1339,17.3626,17.1287,-10.1516,-10.1516,-10.4748,-2.6187
80.1172,17.3521,93.0923,2.27648,42.1282,0.670792,-0.442289,-0.896873,0.171177,0.98524,3659.33,3632.67,3133.67,6229,4284.33,4263.33,380.333,0,9589.33,3737.17,499.681,4374.78,1072.88,4554.64,1837.57,91.206,77.4898,17.3792,17.1605,-1.52573,-1.52573,-22.7397,-5.68493
80.3817,17.2669,93.5213,2.32752,40.6315,0.651192,-0.5,-0.866025,0.171177,0.98524,3140.33,3659.33,3632.67,4523,4845,3805.33,1530,0,7872.33,3391.5,254.685,4319.36,1117.13,4621.74,1753.38,83.4841,79.631,17.3571,17.1873,0.264533,0.264533,-30.8875,-7.72188
71.0627,17.1059,93.952,2.23349,38.9175,0.628201,-0.55557,-0.83147,0.171177,0.98524,3977.33,3140.33,3659.33,3133.67,5369.67,3392,2430,0,6803.67,3602.42,299.265,4368.14,1087.97,4686.21,1699.21,78.3011,80.9762,17.2872,17.2087,-9.319,-9.319,-20.7318,-5.18295
88.5666,17.2073,94.3437,2.30811,37.0073,0.601917,-0.608761,-0.793353,0.171177,0.98524,3463.67,3977.33,3140.33,3632.67,6370.33,3253,2289.33,0,4275.33,3560.17,303.906,4385.69,1071.4,4735.14,1645.55,80.0321,82.4561,17.2331,17.23,17.5039,17.5039,6.92367,1.73092
77.7325,17.1687,94.45,2.37409,34.9216,0.572455,-0.659346,-0.75184,0.171177,0.98524,2584,3463.67,3977.33,3659.33,6229,4284.33,2340,0,3543.67,3291.33,505.82,4244,1182.15,4745.31,1631.41,79.4359,83.4882,17.1872,17.2502,-10.8341,-10.8341,-2.38473,-0.596183
58.6542,17.1715,94.6199,2.42989,32.6796,0.539941,-0.707107,-0.707107,0.171177,0.98524,1849.67,2584,3463.67,3140.33,4523,4845,4016.67,0,4365.33,2968.67,815.868,3994.39,1335.22,4655.01,1726.44,74.004,83.7607,17.1634,17.2665,-19.0783,-19.0783,-21.7275,-5.43188
49.7633,17.0081,94.8043,3.36733,30.2993,0.504517,-0.75184,-0.659346,0.171177,0.98524,2278,1849.67,2584,3977.33,3133.67,5369.67,5287.67,0,4297.67,2543.83,591.659,3736.75,1343.25,4529.61,1784.27,68.6791,82.881,17.1389,17.2749,-8.89093,-8.89093,-21.2995,-5.32487
48.9097,16.6754,95.3775,2.86231,27.7967,0.466335,-0.793353,-0.608761,0.171177,0.98524,2396.67,2278,1849.67,3463.67,3632.67,6370.33,5963.67,0,2827.33,2277.08,269.807,3405.61,1125.32,4380.99,1807.04,58.7649,82.7269,17.0059,17.2605,-0.8536,-0.8536,-39.6569,-9.91423
49.7423,16.582,95.7076,3.00529,25.1863,0.425563,-0.83147,-0.55557,0.171177,0.98524,2282.67,2396.67,2278,2584,3659.33,6229,7176,0,1604,2201.75,208.756,3076.75,773.937,4177.1,1755.5,51.7673,81.8631,16.8592,17.2379,0.8326,0.8326,-27.9902,-6.99755
53.6439,16.4557,95.9808,2.71795,22.4812,0.38238,-0.866025,-0.5,0.171177,0.98524,2829.67,2282.67,2396.67,1849.67,3140.33,4523,8435.67,0,767,2446.75,226.127,2935.64,640.196,3943.51,1532.07,50.5148,79.4166,16.6803,17.1977,3.9016,3.9016,-5.01033,-1.25258
63.6695,16.3476,96.1455,2.55467,19.6929,0.336978,-0.896873,-0.442289,0.171177,0.98524,2620.67,2829.67,2282.67,2278,3977.33,3133.67,8823.33,0,1218,2532.42,210.326,2892.89,642.668,3685.07,1166.69,53.9913,77.9356,16.5152,17.1592,10.0256,10.0256,13.9062,3.47655
59.1283,16.2938,96.0378,3.2449,16.8319,0.289564,-0.92388,-0.382683,0.171177,0.98524,1621.33,2620.67,2829.67,2396.67,3463.67,3632.67,4258.33,0,1234.33,2338.58,457.796,2725.28,688.521,3575.19,1229.98,56.546,74.6052,16.4198,17.1033,-4.5412,-4.5412,10.2186,2.55465
44.8559,16.2607,96.0076,3.47878,13.908,0.240363,-0.94693,-0.321439,0.171177,0.98524,1231.33,1621.33,2620.67,2282.67,2584,3659.33,4263.33,0,717,2075.75,667.993,2522.94,739.193,3448.86,1306.16,55.3244,73.0479,16.3395,17.0529,-14.2724,-14.2724,-4.8864,-1.2216
0,15.6155,98.1002,1.6209,-11.5929,-0.200956,0.997859,-0.0654031,0.188099,0.98215,0,0,0,0,0,0,0,0,0,0,0,0,0,0,0,0,0,15.5782,15.7512,0,0,0,0
0,15.6692,98.1382,1.56686,-8.32762,-0.144833,0.991445,-0.130526,0.188099,0.98215,0,0,0,0,0,0,0,0,0,0,0,0,0,0,0,0,0,15.6053,15.7285,0,0,0,0
0,15.6752,98.1374,1.98003,-5.08854,-0.088695,0.980785,-0.19509,0.188099,0.98215,0,0,0,0,0,0,0,0,0,0,0,0,0,0,0,0,0,15.6355,15.7085,0,0,0,0
0,15.7209,98.1941,1.49104,-1.87861,-0.032782,0.965926,-0.258819,0.188099,0.98215,0,0,0,0,0,0,0,0,0,0,0,0,0,0,0,0,0,15.6702,15.6914,0,0,0,0
8.87073,15.8506,98.2248,1.44655,1.63242,0.0284873,0.94693,-0.321439,0.188099,0.98215,61,0,0,0,0,0,0,0,0,15.25,26.4138,5.08333,16.8595,2.54167,12.1894,2.21768,0.369614,15.729,15.684,8.87073,8.87073,8.87073,2.21768
17.0861,15.8799,98.2047,1.33594,4.61519,0.0804632,0.92388,-0.382683,0.188099,0.98215,132,61,0,0,0,0,0,0,89.6667,48.25,54.3892,16.0833,38.7738,8.04167,28.5722,6.4892,1.08153,15.7816,15.6858,8.21533,8.21533,17.0861,4.27152
19.1545,15.9694,98.2606,1.73136,7.65566,0.133219,0.896873,-0.442289,0.188099,0.98215,180.667,132,61,0,0,0,0,0,380.333,93.4167,68.7,31.1389,59.2663,15.5694,44.7063,11.2778,1.87964,15.8552,15.6952,2.0684,2.0684,19.1545,4.78862
19.7283,15.9492,98.209,2.19842,10.6803,0.185329,0.866025,-0.5,0.188099,0.98215,1506,180.667,132,0,0,0,0,0,1530,469.917,599.695,156.639,411.035,78.3194,301.013,16.2099,2.70165,15.9123,15.7063,0.573867,0.573867,19.7283,4.93208
34.7451,15.9658,98.2248,1.83897,13.666,0.236261,0.83147,-0.55557,0.188099,0.98215,625.667,1506,180.667,61,0,0,0,0,2430,611.083,551.332,208.778,427.222,104.389,319.619,22.6785,4.14936,15.9411,15.7161,15.0167,15.0167,25.8743,6.46858
30.6376,16.0709,98.2271,1.91465,16.6,0.285689,0.793353,-0.608761,0.188099,0.98215,2705.67,625.667,1506,132,0,0,0,0,2289.33,1254.5,964.065,434.25,804.727,217.125,609.045,26.0664,5.42593,15.9888,15.7254,-4.10747,-4.10747,13.5515,3.38788
53.2069,16.0761,98.2403,2.06885,19.4725,0.333354,0.75184,-0.659346,0.188099,0.98215,3494,2705.67,625.667,180.667,0,0,0,0,2340,2082.83,1099.48,725.417,1152.07,362.708,891.735,34.5795,7.64288,16.0155,15.7353,22.5693,22.5693,34.0524,8.5131
62.7695,16.1492,98.1913,2.05287,22.2735,0.379029,0.707107,-0.707107,0.188099,0.98215,2214.33,3494,2705.67,1506,0,0,0,0,4016.67,2259.92,1048.15,909.944,1197.54,454.972,961.276,45.3397,10.2583,16.0655,15.7525,9.5626,9.5626,43.0411,10.7603
47.442,16.1835,98.0859,1.52955,24.9928,0.422505,0.659346,-0.75184,0.188099,0.98215,3002.67,2214.33,3494,625.667,61,0,0,0,5287.67,2854.17,464.456,1160.17,1291.3,580.083,1081.77,48.514,12.235,16.1199,15.7733,-15.3275,-15.3275,12.6969,3.17423
63.2457,16.1857,98.0129,1.92899,27.6189,0.463588,0.608761,-0.793353,0.188099,0.98215,4003,3002.67,2214.33,2705.67,132,0,0,0,5963.67,3178.5,659.522,1493.75,1455.16,746.875,1271.44,56.666,14.8703,16.1486,15.7972,15.8037,15.8037,32.6081,8.15203
66.2255,16.1135,98.0413,2.71757,30.1389,0.502097,0.55557,-0.83147,0.188099,0.98215,2467.67,4003,3002.67,3494,180.667,0,0,0,7176,2921.92,685.981,1699.39,1402.96,849.694,1306.19,59.9207,17.6297,16.158,15.8176,2.9798,2.9798,13.0187,3.25467
53.9399,15.9948,98.0546,3.13716,32.5384,0.537865,0.5,-0.866025,0.188099,0.98215,4115,2467.67,4003,2214.33,1506,0,0,0,8435.67,3397.08,689.55,2042.31,1447.86,1021.15,1446,57.7133,19.8772,16.1194,15.8309,-12.2857,-12.2857,-8.8296,-2.2074
81.2189,16.0074,98.163,2.73279,34.8015,0.570736,0.442289,-0.896873,0.188099,0.98215,4196.67,4115,2467.67,3002.67,625.667,61,0,0,8823.33,3695.58,712.264,2386.94,1427.3,1196.01,1561.1,66.1575,23.2613,16.0753,15.8452,27.279,27.279,33.7769,8.44422
80.0049,16.1201,98.1532,2.88609,36.9105,0.600567,0.382683,-0.92388,0.188099,0.98215,3829.67,4196.67,4115,4003,2705.67,132,0,0,4258.33,3652.25,697.359,2695.08,1300.75,1355.58,1625.11,70.3473,26.5948,16.0589,15.864,-1.214,-1.214,16.7591,4.18978
55.7583,15.9291,98.0905,3.36344,38.846,0.627229,0.321439,-0.94693,0.188099,0.98215,4677,3829.67,4196.67,2467.67,3494,180.667,0,0,4263.33,4204.58,304.888,3069.78,1162.77,1550.46,1728.03,67.7305,28.9181,16.0128,15.8748,-24.2465,-24.2465,-10.4672,-2.6168
81.7793,15.8201,98.0337,4.31889,40.5875,0.650609,0.258819,-0.965926,0.188099,0.98215,5366,4677,3829.67,4115,2214.33,1506,0,0,3805.33,4517.33,574.77,3391.44,1218.26,1774.04,1855.41,74.6903,32.3255,15.9692,15.8829,26.0209,26.0209,27.8394,6.95985
94.7,15.8051,97.9471,3.93603,42.1137,0.670604,0.19509,-0.980785,0.188099,0.98215,9078,5366,4677,4196.67,3002.67,625.667,0,0,3392,5737.67,2003.84,4095.81,1745.08,2152.29,2321.89,78.0606,36.2714,15.9186,15.8937,12.9207,12.9207,13.4811,3.37028
131.386,15.8671,97.7853,4.02141,43.4032,0.687128,0.130526,-0.991445,0.188099,0.98215,15849.7,9078,5366,3829.67,4003,2705.67,0,0,3253,8742.67,4431.52,5191.14,3632.81,2812.69,3546.75,90.906,41.7458,15.8554,15.9065,36.6863,36.6863,51.3814,12.8454
201.967,16.3694,97.5814,2.70175,44.4359,0.700111,0.0654031,-0.997859,0.188099,0.98215,17348,15849.7,9078,4677,2467.67,3494,0,0,4284.33,11910.4,4897.37,6345.64,4892.87,3535.53,4531.05,127.458,50.1611,15.9655,15.9404,70.5804,70.5804,146.208,36.5521
250.009,16.8955,96.9228,2.40897,45.194,0.709497,1.22465e-16,-1,0.188099,0.98215,11261.7,17348,15849.7,5366,4115,2214.33,0,0,4845,13384.3,3348.09,7099.58,4895.24,4004.76,4719.81,169.515,60.5781,16.2343,15.9951,48.042,48.042,168.229,42.0574
178.525,16.8772,94.9026,4.36553,45.6633,0.715245,-0.0654031,-0.997859,0.188099,0.98215,8327.67,11261.7,17348,9078,4196.67,3002.67,0,0,5369.67,13196.8,3595.95,7543.33,4742.72,4351.75,4718.75,190.472,68.0167,16.5023,16.0477,-71.4833,-71.4833,83.8253,20.9563
125.524,16.5562,94.3547,2.45877,45.8346,0.717331,-0.130526,-0.991445,0.188099,0.98215,9042.33,8327.67,11261.7,15849.7,3829.67,4003,0,0,6370.33,11494.9,3548.23,7963.28,4632.47,4728.51,4717.24,189.006,73.2468,16.6746,16.0847,-53.0013,-53.0013,-5.86227,-1.46557
151.191,16.6255,94.3587,2.01352,45.7043,0.715745,-0.19509,-0.980785,0.188099,0.98215,11453.3,9042.33,8327.67,17348,4677,2467.67,0,0,6229,10021.2,1361.62,8712.08,4404.24,5205.74,4793.46,176.312,79.5464,16.7386,16.1243,25.6667,25.6667,-50.776,-12.694
184.569,16.9382,93.4823,1.94405,45.2752,0.710495,-0.258819,-0.965926,0.188099,0.98215,15287,11453.3,9042.33,11261.7,5366,4115,0,0,4523,11027.6,2718.21,9643.08,4513.53,5842.69,5067.26,159.952,87.2368,16.7493,16.175,33.3787,33.3787,-65.4393,-16.3598
207.401,16.9206,91.8921,2.58638,44.5557,0.701602,-0.321439,-0.94693,0.188099,0.98215,17589.7,15287,11453.3,8327.67,9078,4196.67,61,0,3133.67,13343.1,3312.09,10759.2,4681.53,6573.06,5431.43,167.171,95.5089,16.7601,16.2196,22.832,22.832,28.876,7.219
236.845,17.3138,91.4357,1.87269,43.5593,0.689105,-0.382683,-0.92388,0.188099,0.98215,15666.3,17589.7,15287,9042.33,15849.7,3829.67,132,0,3632.67,14999.1,2225.51,11745.6,4353.04,7220.32,5549.61,195.002,104.666,16.9495,16.2793,29.444,29.444,111.321,27.8303
237.567,17.3687,88.7559,2.46966,42.3035,0.673058,-0.442289,-0.896873,0.188099,0.98215,18581.7,15666.3,17589.7,11453.3,17348,4677,180.667,0,3659.33,16781.2,1357.47,12904.3,4163.77,7987.03,5789.98,216.596,113.766,17.1353,16.3376,0.722,0.722,86.3767,21.5942
264.903,17.3756,90.1851,3.11269,40.8083,0.65353,-0.5,-0.866025,0.188099,0.98215,15798,18581.7,15666.3,15287,11261.7,5366,1506,0,3140.33,16908.9,1228.79,13773.6,3541.69,8582.53,5827.62,236.679,123.982,17.2447,16.397,27.336,27.336,80.334,20.0835
228.369,17.3388,90.3277,3.22606,39.0947,0.630604,-0.55557,-0.83147,0.188099,0.98215,17223,15798,18581.7,17589.7,8327.67,9078,625.667,0,3977.33,16817.2,1187.57,14452.4,3352.16,9274.08,5827.15,241.921,132.049,17.3492,16.4543,-36.534,-36.534,20.968,5.242
245.337,17.4737,89.768,3.32801,37.1843,0.60438,-0.608761,-0.793353,0.188099,0.98215,13122,17223,15798,15666.3,9042.33,15849.7,2705.67,0,3463.67,16181.2,2021.95,14225.1,3342.17,9708.1,5708.47,244.044,140.995,17.3892,16.5127,16.9673,16.9673,8.49133,2.12283
204.477,17.2333,89.0381,3.09205,35.0976,0.574971,-0.659346,-0.75184,0.188099,0.98215,11859,13122,17223,18581.7,11453.3,17348,3494,0,2584,14500.5,2119.75,13767.6,3258.01,10056.6,5572.16,235.772,147.298,17.3554,16.5609,-40.8593,-40.8593,-33.09,-8.2725
175.694,17.0244,88.9186,2.81148,32.8542,0.542503,-0.707107,-0.707107,0.188099,0.98215,11480,11859,13122,15798,15287,11261.7,2214.33,0,1849.67,13421,2277.71,13785.8,3244.55,10442.7,5331.2,213.469,152.003,17.2676,16.5974,-28.7833,-28.7833,-89.2093,-22.3023
173.769,17.1919,89.4954,2.81821,30.472,0.507117,-0.75184,-0.659346,0.188099,0.98215,10546,11480,11859,17223,17589.7,8327.67,3002.67,0,2278,11751.8,924.225,13970.7,2980.77,10757,5100.68,199.819,157.267,17.2309,16.6394,-1.92467,-1.92467,-54.6,-13.65
162.513,17.203,89.4321,2.54067,27.9672,0.468966,-0.793353,-0.608761,0.188099,0.98215,8491.33,10546,11480,13122,15666.3,9042.33,4003,0,2396.67,10594.1,1304.68,13924.8,3059.54,10944,4929.01,179.113,161.403,17.1632,16.6818,-11.256,-11.256,-82.8233,-20.7058
138.398,17.0486,89.9698,3.16863,25.3545,0.428218,-0.83147,-0.55557,0.188099,0.98215,8767,8491.33,10546,11859,18581.7,11453.3,2467.67,0,2282.67,9821.08,1240.65,13700.9,3319.42,11206.5,4629.26,162.594,164.41,17.117,16.7208,-24.1153,-24.1153,-66.0793,-16.5198
141.865,16.7931,90.8337,2.80791,22.6469,0.385051,-0.866025,-0.5,0.188099,0.98215,4638.33,8767,8491.33,11480,15798,15287,4115,0,2829.67,8110.67,2154.28,12813.5,4106.78,11228.3,4596.93,154.136,168.074,17.0592,16.754,3.4666,3.4666,-33.8294,-8.45735
86.9197,16.9555,91.4425,1.91266,19.856,0.339657,-0.896873,-0.442289,0.188099,0.98215,2476.33,4638.33,8767,10546,17223,17589.7,4196.67,0,2620.67,6093.25,2650.41,11554.1,4720.52,11156.6,4717.83,132.424,168.311,17.0001,16.7935,-54.9449,-54.9449,-86.8496,-21.7124
67.7336,16.7139,91.8351,2.23205,16.9923,0.292242,-0.92388,-0.382683,0.188099,0.98215,2020,2476.33,4638.33,8491.33,13122,15666.3,3829.67,0,1621.33,4475.42,2667.85,10416.9,5211.12,11081.2,4847.03,108.729,167.8,16.8778,16.8183,-19.1861,-19.1861,-94.7797,-23.6949
54.6536,16.5859,92.4466,2.02819,14.0656,0.243032,-0.94693,-0.321439,0.188099,0.98215,751.333,2020,2476.33,8767,11859,18581.7,4677,0,1231.33,2471.5,1401.61,8931.03,5213.24,10917.7,5119,87.7929,167.754,16.7621,16.8456,-13.08,-13.08,-83.7444,-20.9361
0,16.2067,96.4522,1.91914,-11.627,-0.201539,0.997859,-0.0654031,0.204966,0.978769,0,0,0,0,0,0,0,0,0,0,0,0,0,0,0,0,0,16.1723,16.2834,0,0,0,0
0,16.2955,96.2678,1.73733,-8.35798,-0.145357,0.991445,-0.130526,0.204966,0.978769,0,0,0,0,0,0,0,0,0,0,0,0,0,0,0,0,0,16.2071,16.2737,0,0,0,0
0,16.3887,96.0954,2.24156,-5.11497,-0.0891546,0.980785,-0.19509,0.204966,0.978769,0,0,0,0,0,0,0,0,0,0,0,0,0,0,0,0,0,16.2774,16.272,0,0,0,0
0,16.4201,95.8491,1.91764,-1.90089,-0.0331708,0.965926,-0.258819,0.204966,0.978769,0,0,0,0,0,0,0,0,0,0,0,0,0,0,0,0,0,16.3278,16.2767,0,0,0,0
11.5345,16.4418,95.5132,1.68971,1.61608,0.0282022,0.94693,-0.321439,0.204966,0.978769,30,0,0,0,0,0,0,0,61,7.5,12.9904,2.5,8.29156,1.25,5.99479,2.88363,0.480606,16.3865,16.2821,11.5345,11.5345,11.5345,2.88363
21.1183,16.4881,95.3305,1.7012,4.60234,0.0802397,0.92388,-0.382683,0.204966,0.978769,163.667,30,0,0,0,0,0,0,132,48.4167,67.6574,16.1389,45.2412,8.06944,32.9924,8.16322,1.36054,16.4347,16.2952,9.5838,9.5838,21.1183,5.27958
24.0407,16.3583,95.3059,2.5071,7.64751,0.133078,0.896873,-0.442289,0.204966,0.978769,73.3333,163.667,30,0,0,0,0,0,180.667,66.75,61.7299,22.25,47.5428,11.125,35.4108,14.1734,2.36223,16.4271,16.2975,2.92233,2.92233,24.0407,6.01017
23.5033,16.403,94.9283,2.98356,10.6774,0.185278,0.866025,-0.5,0.204966,0.978769,323.667,73.3333,163.667,0,0,0,0,0,1506,147.667,112.475,49.2222,95.1975,24.6111,71.6728,20.0492,3.34154,16.4228,16.2992,-0.537333,-0.537333,23.5033,5.87583
28.1336,16.4584,94.5335,2.04319,13.6686,0.236306,0.83147,-0.55557,0.204966,0.978769,543,323.667,73.3333,30,0,0,0,0,625.667,275.917,178.363,94.4722,164.715,47.2361,125.685,24.199,4.51377,16.427,16.2992,4.63027,4.63027,16.5991,4.14977
30.3051,16.5493,94.3371,2.9252,16.6087,0.285834,0.793353,-0.608761,0.204966,0.978769,1002,543,323.667,163.667,0,0,0,0,2705.67,485.5,341.376,177.972,296.731,88.9861,227.91,26.4957,5.77648,16.4422,16.3031,2.17153,2.17153,9.1868,2.2967
35.5899,16.5491,94.2437,2.05376,19.4876,0.333603,0.75184,-0.659346,0.204966,0.978769,840.667,1002,543,73.3333,0,0,0,0,3494,677.333,262.303,248.028,342.197,124.014,271.899,29.383,7.25939,16.49,16.3097,5.28473,5.28473,11.5492,2.8873
36.8117,16.5552,94.5961,2.22857,22.2955,0.379384,0.707107,-0.707107,0.204966,0.978769,1378.67,840.667,1002,323.667,0,0,0,0,2214.33,941.083,301.556,362.917,453.102,181.458,368.209,32.7101,8.79321,16.528,16.3142,1.2218,1.2218,13.3083,3.32708
42.1037,16.5195,95.1611,1.67224,25.0222,0.42297,0.659346,-0.75184,0.204966,0.978769,1509.33,1378.67,840.667,543,30,0,0,0,3002.67,1182.67,271.446,488.694,536.683,244.347,451.353,36.2026,10.5475,16.5433,16.3229,5.29207,5.29207,13.9701,3.49253
42.7438,16.5709,95.2169,1.92407,27.6562,0.464164,0.608761,-0.793353,0.204966,0.978769,1428.67,1509.33,1378.67,1002,163.667,0,0,0,4003,1289.33,263.2,607.75,572.347,303.875,506.094,39.3123,12.3285,16.5487,16.3354,0.640067,0.640067,12.4387,3.10967
41.3751,16.6656,95.1535,1.95779,30.1846,0.502787,0.55557,-0.83147,0.204966,0.978769,2027.33,1428.67,1509.33,840.667,73.3333,0,0,0,2467.67,1586,259.034,776.694,660.45,388.347,607.38,40.7586,14.0525,16.5778,16.3495,-1.36867,-1.36867,5.78527,1.44632
47.7277,16.6357,95.4379,1.36205,32.5931,0.538669,0.5,-0.866025,0.204966,0.978769,3516.67,2027.33,1428.67,1378.67,323.667,0,0,0,4115,2120.5,838.171,1069.75,962.113,534.875,865.403,43.4876,16.0411,16.5979,16.367,6.3526,6.3526,10.9161,2.72902
65.9228,16.8531,95.6595,1.40969,34.8657,0.571655,0.442289,-0.896873,0.204966,0.978769,3448.33,3516.67,2027.33,1509.33,543,30,0,0,4196.67,2605.25,902.747,1354.61,1107.2,678.556,1034.42,49.4424,18.7879,16.6813,16.3932,18.1951,18.1951,23.8191,5.95477
69.5078,16.9961,95.73,1.88475,36.9847,0.601601,0.382683,-0.92388,0.204966,0.978769,3660.67,3448.33,3516.67,1428.67,1002,163.667,0,0,3829.67,3163.25,660.285,1646.03,1210.76,831.083,1182.42,56.1334,21.6841,16.7876,16.425,3.585,3.585,26.764,6.691
68.4552,16.9625,95.8527,1.52336,38.9306,0.628379,0.321439,-0.94693,0.204966,0.978769,3197.67,3660.67,3448.33,2027.33,840.667,73.3333,0,0,4677,3455.83,167.603,1906.39,1180.11,964.319,1258.95,62.9034,24.5364,16.8619,16.4585,-1.0526,-1.0526,27.0801,6.77002
63.0967,16.8165,95.7714,2.15631,40.6829,0.651872,0.258819,-0.965926,0.204966,0.978769,4784,3197.67,3660.67,3516.67,1378.67,323.667,0,0,5366,3772.67,606.456,2278.08,1317.5,1163.65,1454.1,66.7456,27.1654,16.9071,16.4882,-5.35853,-5.35853,15.3689,3.84223
83.5818,17.0519,95.4593,1.78915,42.2201,0.67198,0.19509,-0.980785,0.204966,0.978769,3515.33,4784,3197.67,3448.33,1509.33,543,0,0,9078,3789.42,598.135,2525.78,1245.45,1310.12,1505.64,71.1604,30.648,16.9568,16.5279,20.4851,20.4851,17.659,4.41475
68.6907,17.0345,94.86,2.06703,43.5207,0.688616,0.130526,-0.991445,0.204966,0.978769,2497,3515.33,4784,3660.67,1428.67,1002,0,0,15849.7,3498.5,828.598,2650.36,1158.54,1414.17,1497.77,70.9561,33.5101,16.9664,16.5644,-14.8911,-14.8911,-0.817067,-0.204267
53.7183,16.981,94.3249,1.98388,44.5642,0.701708,0.0654031,-0.997859,0.204966,0.978769,4276.67,2497,3515.33,3197.67,2027.33,840.667,0,0,17348,3768.25,861.725,2936.69,1098.96,1592.36,1571.51,67.2719,35.7484,16.971,16.6008,-14.9724,-14.9724,-14.7369,-3.68422
76.7279,17.0197,94.4218,2.46791,45.3326,0.7112,1.22465e-16,-1,0.204966,0.978769,3066.67,4276.67,2497,4784,3516.67,1378.67,0,0,11261.7,3338.92,650.661,3077.36,993.499,1720.14,1561.48,70.6797,38.9454,17.0218,16.6342,23.0096,23.0096,13.6313,3.40782
63.3541,16.88,94.7327,2.40262,45.8115,0.717051,-0.0654031,-0.997859,0.204966,0.978769,2829,3066.67,4276.67,3515.33,3448.33,1509.33,0,0,8327.67,3167.33,671.671,3187.33,880.452,1838.01,1533.71,65.6228,41.5851,16.9788,16.6623,-13.3739,-13.3739,-20.2277,-5.05693
46.6372,16.8959,94.9042,1.69579,45.9914,0.719236,-0.130526,-0.991445,0.204966,0.978769,4167,2829,3066.67,2497,3660.67,1428.67,0,0,9042.33,3584.83,643.687,3415.53,738.484,2011.64,1551.57,60.1094,43.5283,16.9442,16.6873,-16.7169,-16.7169,-22.0535,-5.51338
75.0127,16.8961,94.7599,2.36798,45.8686,0.717745,-0.19509,-0.980785,0.204966,0.978769,4113,4167,2829,4276.67,3197.67,2027.33,0,0,11453.3,3543.92,602.279,3589.33,628.569,2183.01,1547.06,65.433,46.6539,16.9229,16.7084,28.3755,28.3755,21.2943,5.32358
73.0322,16.9457,94.5247,2.21051,45.4457,0.712585,-0.258819,-0.965926,0.204966,0.978769,2987,4113,4167,3066.67,4784,3516.67,0,0,15287,3524,618.822,3545.19,650.342,2307.47,1485.35,64.509,49.6969,16.9044,16.7303,-1.98047,-1.98047,-3.69573,-0.923933
62.1023,17.0458,94.0995,2.18563,44.7309,0.703778,-0.321439,-0.94693,0.204966,0.978769,2520.33,2987,4113,2829,3515.33,3448.33,30,0,17589.7,3446.83,712.788,3467.86,709.726,2411.24,1407.57,64.1961,51.8039,16.9459,16.7555,-10.9299,-10.9299,-1.25173,-0.312933
56.2283,17.0318,93.812,2.35947,43.738,0.691362,-0.382683,-0.92388,0.204966,0.978769,1594,2520.33,2987,4167,2497,3660.67,163.667,0,15666.3,2803.58,907.13,3295.64,873.822,2470.83,1339.8,66.5939,53.2668,16.9799,16.7782,-5.874,-5.874,9.59113,2.39778
44.3699,17.1095,93.7819,2.53324,42.4845,0.67539,-0.442289,-0.896873,0.204966,0.978769,1531,1594,2520.33,4113,4276.67,3197.67,73.3333,0,18581.7,2158.08,618.416,3156.75,1001.48,2531.57,1260.42,58.9332,54.1138,17.0332,16.8095,-11.8585,-11.8585,-30.6428,-7.6607
42.5665,16.8449,94.6743,2.4655,40.9903,0.655931,-0.5,-0.866025,0.204966,0.978769,2508,1531,1594,2987,3066.67,4784,323.667,0,15798,2038.33,476.374,2967.08,883.973,2622.58,1173.58,51.3167,54.9081,17.008,16.8279,-1.8034,-1.8034,-30.4657,-7.61643
55.3813,16.7211,95.432,2.73699,39.2769,0.633069,-0.55557,-0.83147,0.204966,0.978769,3544.67,2508,1531,2520.33,2829,3515.33,543,0,17223,2294.42,818.861,2969.53,885.525,2747.65,1103.12,49.6365,56.0434,16.9268,16.8388,12.8148,12.8148,-6.72107,-1.68027
65.3549,16.6891,95.3498,2.49761,37.3658,0.606901,-0.608761,-0.793353,0.204966,0.978769,2840.33,3544.67,2508,1594,4167,2497,1002,0,13122,2606,724.782,2998.14,875.283,2824.25,1041.35,51.9181,57.5039,16.8411,16.8446,9.97367,9.97367,9.1266,2.28165
60.3867,16.916,95.1515,2.01655,35.2778,0.577541,-0.659346,-0.75184,0.204966,0.978769,1998.67,2840.33,3544.67,1531,4113,4276.67,840.667,0,11859,2722.92,561.201,2808.31,822.867,2872.5,972.898,55.9224,58.5371,16.7928,16.8599,-4.9682,-4.9682,16.0169,4.00422
50.7073,17.004,94.7953,2.55057,33.0326,0.545116,-0.707107,-0.707107,0.204966,0.978769,1750.33,1998.67,2840.33,2508,2987,3066.67,1378.67,0,11480,2533.5,709.93,2698.61,867.635,2887.99,951.724,57.9576,59.116,16.8326,16.8786,-9.6794,-9.6794,8.14087,2.03522
45.9155,17.031,94.4829,3.01873,30.6482,0.509765,-0.75184,-0.659346,0.204966,0.978769,1981.67,1750.33,1998.67,3544.67,2520.33,2829,1509.33,0,10546,2142.75,414.524,2628,888.381,2907.67,927.589,55.5911,59.2749,16.91,16.8999,-4.79187,-4.79187,-9.4658,-2.36645
47.8223,17.1017,94.5318,2.66285,28.141,0.471643,-0.793353,-0.608761,0.204966,0.978769,2535.33,1981.67,1750.33,2840.33,1594,4167,1428.67,0,8491.33,2066.5,287.908,2492.03,757.675,2953.78,879.163,51.208,59.4865,17.0132,16.9221,1.9068,1.9068,-17.5327,-4.38317
54.9701,17.2231,94.5685,2.71387,25.5257,0.430915,-0.83147,-0.55557,0.204966,0.978769,3028,2535.33,1981.67,1998.67,1531,4113,2027.33,0,8767,2323.83,496.629,2401.61,608.993,2995.47,857.704,49.8538,60.0529,17.09,16.9453,7.1478,7.1478,-5.41667,-1.35417
62.8308,17.2395,94.6847,3.30886,22.8152,0.387761,-0.866025,-0.5,0.204966,0.978769,2772.67,3028,2535.33,1750.33,2508,2987,3516.67,0,4638.33,2579.42,386.594,2383.75,594.534,2964.47,851.731,52.8847,60.6822,17.1488,16.9704,7.86073,7.86073,12.1235,3.03087
60.2322,17.358,94.4716,3.25009,20.0214,0.342372,-0.896873,-0.442289,0.204966,0.978769,2038.67,2772.67,3028,1981.67,3544.67,2520.33,3448.33,0,2476.33,2593.67,364.731,2343.61,600.19,2905.74,864.843,56.4638,60.4451,17.2306,16.9915,-2.5986,-2.5986,14.3167,3.57918
52.8566,17.4786,94.4297,3.35047,17.1548,0.294954,-0.92388,-0.382683,0.204966,0.978769,1225.33,2038.67,2772.67,2535.33,2840.33,1594,3660.67,0,2020,2266.17,702.144,2312.89,645.5,2804.26,911.903,57.7224,59.7513,17.3248,17.0116,-7.3756,-7.3756,5.03433,1.25858
40.6158,17.4098,94.5561,3.33763,14.2251,0.245732,-0.94693,-0.321439,0.204966,0.978769,1070.33,1225.33,2038.67,3028,1998.67,1531,3197.67,0,751.333,1776.75,682.557,2274.5,702.077,2715.62,970.841,54.1339,58.5913,17.3715,17.0302,-12.2408,-12.2408,-14.3543,-3.58857
0,18.4643,98.568,0.880087,-11.6567,-0.202046,0.997859,-0.0654031,0.221772,0.975098,0,0,0,0,0,0,0,0,0,0,0,0,0,0,0,0,0,18.4238,17.8209,0,0,0,0
0,18.4202,98.5359,1.27303,-8.38386,-0.145804,0.991445,-0.130526,0.221772,0.975098,0,0,0,0,0,0,0,0,0,0,0,0,0,0,0,0,0,18.41,17.8675,0,0,0,0
0,18.3853,98.5762,1.12349,-5.13684,-0.0895347,0.980785,-0.19509,0.221772,0.975098,0,0,0,0,0,0,0,0,0,0,0,0,0,0,0,0,0,18.4063,17.906,0,0,0,0
0,18.6143,98.6867,0.603985,-1.91851,-0.0334781,0.965926,-0.258819,0.221772,0.975098,26,0,0,0,0,0,0,0,0,6.5,11.2583,2.16667,7.18602,1.08333,5.19548,0,0,18.471,17.9511,0,0,0,0
12.0707,18.6621,98.6419,0.648011,1.6041,0.0279932,0.94693,-0.321439,0.221772,0.975098,121.667,26,0,0,0,0,0,0,30,36.9167,50.0685,12.3056,33.7412,6.15278,24.6392,3.01768,0.502947,18.5205,17.9986,12.0707,12.0707,12.0707,3.01768
20.1815,18.7591,98.6747,0.508171,4.59423,0.0800986,0.92388,-0.382683,0.221772,0.975098,658.333,121.667,26,0,0,0,0,0,163.667,201.5,267.616,67.1667,181.371,33.5833,132.573,8.06307,1.34384,18.6052,18.0503,8.1108,8.1108,20.1815,5.04538
27.9757,18.8882,98.6926,0.600853,7.64428,0.133022,0.896873,-0.442289,0.221772,0.975098,447.333,658.333,121.667,0,0,0,0,0,73.3333,313.333,253.119,104.444,207.783,52.2222,155.93,15.057,2.5095,18.7309,18.1071,7.79413,7.79413,27.9757,6.99392
29.1683,19.0247,98.7217,0.821435,10.6795,0.185315,0.866025,-0.5,0.221772,0.975098,1624.67,447.333,658.333,26,0,0,0,0,323.667,713,559.995,239.833,465.322,119.917,350.203,22.3491,3.72484,18.8335,18.1688,1.1926,1.1926,29.1683,7.29207
39.0895,19.0628,98.6679,0.552347,13.6765,0.23644,0.83147,-0.55557,0.221772,0.975098,1091.33,1624.67,447.333,121.667,0,0,0,0,543,955.417,450.77,330.778,513.693,165.389,399.116,29.1038,5.35357,18.9337,18.2339,9.92127,9.92127,27.0188,6.7547
37.5051,19.0038,98.6381,0.563686,16.6227,0.286068,0.793353,-0.608761,0.221772,0.975098,1524.67,1091.33,1624.67,658.333,0,0,0,0,1002,1172,463.931,457.833,597.83,228.917,480.732,33.4347,6.91629,18.9949,18.2985,-1.5844,-1.5844,17.3236,4.3309
40.5079,19.1501,98.6679,1.06424,19.5082,0.333942,0.75184,-0.659346,0.221772,0.975098,1528.67,1524.67,1091.33,447.333,0,0,0,0,840.667,1442.33,206.566,585.222,647.505,292.611,543.371,36.5677,8.60411,19.0604,18.3662,3.00273,3.00273,12.5322,3.13305
40.0019,19.2166,98.6681,1.55777,22.3232,0.37983,0.707107,-0.707107,0.221772,0.975098,1850,1528.67,1524.67,1624.67,26,0,0,0,1378.67,1498.67,269.69,739.389,707.29,369.694,621.936,39.2761,10.2709,19.1083,18.4366,-0.506,-0.506,10.8336,2.7084
42.4827,19.185,98.5963,0.853488,25.0574,0.423526,0.659346,-0.75184,0.221772,0.975098,2869.33,1850,1528.67,1091.33,121.667,0,0,0,1509.33,1943.17,550.776,978.5,880.672,489.25,791.932,40.1244,12.041,19.1389,18.507,2.4808,2.4808,3.39313,0.848283
53.4056,19.2249,98.6514,0.947237,27.6994,0.464832,0.608761,-0.793353,0.221772,0.975098,4475.33,2869.33,1850,1524.67,658.333,0,0,0,1428.67,2680.83,1148.21,1351.44,1255.27,675.722,1115.55,44.0995,14.2662,19.1941,18.5757,10.9229,10.9229,15.9005,3.97512
79.4157,19.4827,98.7027,0.683683,30.2363,0.503568,0.55557,-0.83147,0.221772,0.975098,3440.67,4475.33,2869.33,1528.67,447.333,0,0,0,2027.33,3158.83,949.929,1638.17,1305.76,819.083,1234.26,53.8265,17.5752,19.2773,18.6476,26.0101,26.0101,38.9078,9.72695
60.9344,19.7371,98.6558,0.796657,32.654,0.539564,0.5,-0.866025,0.221772,0.975098,3907.67,3440.67,4475.33,1850,1624.67,26,0,0,3516.67,3673.25,591.326,1961.64,1346.48,981.903,1366.17,59.0596,20.1141,19.4074,18.7276,-18.4813,-18.4813,20.9325,5.23313
69.7951,19.6261,98.5277,1.04498,34.9362,0.572665,0.442289,-0.896873,0.221772,0.975098,10473,3907.67,3440.67,2869.33,1091.33,121.667,0,0,3448.33,5574.17,2851.98,2824.25,2612.23,1418.28,2321.46,65.8877,23.0222,19.5177,18.7964,8.86067,8.86067,27.3124,6.8281
137.66,19.8543,98.6119,0.720373,37.0653,0.602726,0.382683,-0.92388,0.221772,0.975098,11814.7,10473,3907.67,4475.33,1524.67,658.333,0,0,3660.67,7409,3768.45,3753.94,3507.72,1910.56,3092.99,86.9512,28.7581,19.6751,18.8732,67.8647,67.8647,84.2542,21.0636
175.858,20.2272,99.3586,0.559193,39.0219,0.629617,0.321439,-0.94693,0.221772,0.975098,9556.67,11814.7,10473,3440.67,1528.67,447.333,0,0,3197.67,8938,3013.24,4513.06,3690.89,2308.75,3419.34,111.062,36.0855,19.8612,18.9608,38.1982,38.1982,96.4423,24.1106
143.397,20.5792,99.4161,0.530841,40.7851,0.653224,0.258819,-0.965926,0.221772,0.975098,17482,9556.67,11814.7,3907.67,1850,1624.67,0,0,4784,12331.6,3080.12,5834.5,5019.7,3037.17,4531.23,131.677,42.0604,20.0717,19.0536,-32.4613,-32.4613,82.4623,20.6156
212.3,20.5613,99.5862,0.495916,42.3334,0.673443,0.19509,-0.980785,0.221772,0.975098,11556.3,17482,9556.67,10473,2869.33,1091.33,0,0,3515.33,12602.4,2949.65,6706.58,5028.95,3518.68,4789.55,167.304,50.9062,20.3055,19.14,68.9033,68.9033,142.505,35.6262
183.86,20.4569,99.5936,0.758876,43.645,0.690188,0.130526,-0.991445,0.221772,0.975098,10382,11556.3,17482,11814.7,4475.33,1524.67,0,0,2497,12244.2,3106.38,7444.69,4861.43,3951.26,4919.3,178.854,58.567,20.4562,19.2226,-28.44,-28.44,46.2002,11.55
170.002,20.495,99.7833,0.610681,44.6994,0.703388,0.0654031,-0.997859,0.221772,0.975098,10399.3,10382,11556.3,9556.67,3440.67,1528.67,0,0,4276.67,12454.9,2941.15,8183.92,4571.43,4384.57,5009.36,177.39,65.6504,20.5231,19.3099,-13.858,-13.858,-5.856,-1.464
164.564,20.9471,99.8756,1.06734,45.4782,0.712984,1.22465e-16,-1,0.221772,0.975098,9716,10399.3,10382,17482,3907.67,1850,0,0,3066.67,10513.4,662.162,8839.42,4161.81,4789.4,5031.21,182.682,72.5073,20.6151,19.4178,-5.438,-5.438,21.1673,5.29183
151.439,21.0992,99.8644,1.0431,45.9667,0.718936,-0.0654031,-0.997859,0.221772,0.975098,5898.67,9716,10399.3,11556.3,10473,2869.33,0,0,2829,9099,1868.14,9091.86,3873.95,5035.18,4934.39,167.466,78.8172,20.7496,19.5276,-13.1254,-13.1254,-60.8614,-15.2154
80.7328,20.5937,99.7471,1.13902,46.1551,0.721218,-0.130526,-0.991445,0.221772,0.975098,3721.67,5898.67,9716,10382,11814.7,4475.33,0,0,4167,7433.92,2744.97,9029.06,3953.57,5190.25,4831.11,141.684,82.1811,20.7838,19.6182,-70.7058,-70.7058,-103.127,-25.7818
67.2684,20.087,99.8665,1.74975,46.0396,0.71982,-0.19509,-0.980785,0.221772,0.975098,3234.67,3721.67,5898.67,10399.3,9556.67,3440.67,0,0,4113,5642.75,2556.67,9011.89,3978.17,5325.03,4728.46,116.001,84.9839,20.6818,19.6891,-13.4644,-13.4644,-102.734,-25.6834
62.8738,19.9996,99.8611,1.45971,45.6226,0.714748,-0.258819,-0.965926,0.221772,0.975098,3567.33,3234.67,3721.67,9716,17482,3907.67,26,0,2987,4105.58,1050.09,8983.53,4015.5,5472.58,4614.69,90.5784,87.6037,20.4449,19.7468,-4.3946,-4.3946,-101.69,-25.4226
67.7227,19.7241,99.8833,1.03012,44.9124,0.706025,-0.321439,-0.94693,0.221772,0.975098,4512.67,3567.33,3234.67,5898.67,11556.3,10473,121.667,0,2520.33,3759.08,469.326,8486.83,4166.34,5655.54,4484.11,69.6494,89.9225,20.1011,19.7911,4.84887,4.84887,-83.7159,-20.929
85.5984,19.5941,99.8765,0.839597,43.9227,0.693687,-0.382683,-0.92388,0.221772,0.975098,3549,4512.67,3567.33,3721.67,10382,11814.7,658.333,0,1594,3715.92,478.631,7798.03,4241.8,5775.99,4386.02,70.8658,92.6482,19.8512,19.8259,17.8757,17.8757,4.8656,1.2164
68.5335,19.6641,99.8864,0.807219,42.671,0.677787,-0.442289,-0.896873,0.221772,0.975098,2779.33,3549,4512.67,3234.67,10399.3,9556.67,447.333,0,1531,3602.08,614.432,7233.25,4417.59,5873.15,4291.71,71.1821,94.3381,19.7455,19.8582,-17.0649,-17.0649,1.26507,0.316267
56.988,19.68,99.8838,0.979739,41.1775,0.658394,-0.5,-0.866025,0.221772,0.975098,2485,2779.33,3549,3567.33,9716,17482,1624.67,0,2508,3331.5,784.842,5983.5,3328.51,5909,4259.54,69.7106,95.4973,19.6656,19.8855,-11.5455,-11.5455,-5.8858,-1.47145
54.0449,19.8099,99.8868,0.850061,39.4639,0.635592,-0.55557,-0.83147,0.221772,0.975098,3377,2485,2779.33,4512.67,5898.67,11556.3,1091.33,0,3544.67,3047.58,432.548,5301.89,2931.3,6004.24,4175.49,66.2912,96.1204,19.687,19.9166,-2.94313,-2.94313,-13.6778,-3.41945
60.7929,19.7691,99.8959,0.790065,37.5517,0.609478,-0.608761,-0.793353,0.221772,0.975098,2060,3377,2485,3549,3721.67,10382,1524.67,0,2840.33,2675.33,479.065,4608.39,2614.72,6026.54,4152.87,60.0898,97.0907,19.7308,19.9485,6.748,6.748,-24.8055,-6.20138
50.2028,19.7503,99.8869,0.713363,35.4621,0.580164,-0.659346,-0.75184,0.221772,0.975098,2975.33,2060,3377,2779.33,3234.67,10399.3,1528.67,0,1998.67,2724.33,496.889,3989.72,1970.19,6086.82,4097.27,55.5071,97.4947,19.7523,19.9735,-10.5901,-10.5901,-18.3307,-4.58267
54.9287,19.7692,99.8866,0.762479,33.2148,0.547779,-0.707107,-0.707107,0.221772,0.975098,3077,2975.33,2060,2485,3567.33,9716,1850,0,1750.33,2872.33,491.699,3436.47,955.234,6137.94,4051.48,54.9923,98.1166,19.7746,19.9965,4.72593,4.72593,-2.05927,-0.514817
56.9076,19.7483,99.876,1.35987,30.8279,0.512461,-0.75184,-0.659346,0.221772,0.975098,2170.67,3077,2975.33,3377,4512.67,5898.67,2869.33,0,1981.67,2570.75,458.505,3125.81,666.543,6108.83,4077.29,55.708,98.7177,19.7592,20.02,1.97887,1.97887,2.86273,0.715683
44.9785,20.0558,99.8531,1.00213,28.3179,0.474363,-0.793353,-0.608761,0.221772,0.975098,1657.67,2170.67,3077,2060,3549,3721.67,4475.33,0,2535.33,2470.17,585.939,2953.81,751.483,5991.43,4162.32,51.7544,98.3665,19.8309,20.0546,-11.9291,-11.9291,-15.8143,-3.95358
43.5002,20.0331,99.8581,1.26509,25.6996,0.433653,-0.83147,-0.55557,0.221772,0.975098,1085.67,1657.67,2170.67,2975.33,2779.33,3234.67,3440.67,0,3028,1997.75,731.819,2774.72,903.832,5893.31,4248.17,50.0788,96.8701,19.9016,20.0776,-1.47833,-1.47833,-6.7026,-1.67565
37.9729,20.0154,99.855,1.31464,22.9862,0.390509,-0.866025,-0.5,0.221772,0.975098,1180.67,1085.67,1657.67,3077,2485,3567.33,3907.67,0,2772.67,1523.67,431.873,2575.83,967.86,5779.68,4335.33,45.8398,95.9133,19.9632,20.0892,-5.52727,-5.52727,-16.9558,-4.23895
37.1859,20.2479,99.8785,1.09975,20.1892,0.345122,-0.896873,-0.442289,0.221772,0.975098,2138.67,1180.67,1085.67,2170.67,3377,4512.67,10473,0,2038.67,1515.67,419.946,2378,775.197,5432.42,4278.91,40.9094,94.5546,20.0881,20.1151,-0.787067,-0.787067,-19.7217,-4.93043
40.1823,20.5042,99.8612,1.534,17.3194,0.297698,-0.92388,-0.382683,0.221772,0.975098,898.667,2138.67,1180.67,1657.67,2060,3549,11814.7,0,1225.33,1325.92,480.084,2157.14,787.56,4977.58,4154.69,39.7103,90.4931,20.2002,20.1422,2.99647,2.99647,-4.7962,-1.19905
33.8812,20.5674,99.8564,1.46223,14.3864,0.248461,-0.94693,-0.321439,0.221772,0.975098,571.667,898.667,2138.67,1085.67,2975.33,2779.33,9556.67,0,1070.33,1197.42,584.604,1973.17,873.854,4603.21,4129.95,37.3056,84.5774,20.3337,20.1563,-6.30113,-6.30113,-9.619,-2.40475
0,21.0604,99.8541,0.756949,-11.6819,-0.202478,0.997859,-0.0654031,0.238513,0.971139,0,0,0,0,0,0,0,0,0,0,0,0,0,0,0,0,0,21.0355,20.9327,0,0,0,0
0,21.1505,99.8683,0.610249,-8.40521,-0.146173,0.991445,-0.130526,0.238513,0.971139,0,0,0,0,0,0,0,0,0,0,0,0,0,0,0,0,0,21.0592,20.9395,0,0,0,0
0,21.0969,99.8574,0.522635,-5.15409,-0.0898346,0.980785,-0.19509,0.238513,0.971139,0,0,0,0,0,0,0,0,0,0,0,0,0,0,0,0,0,21.0737,20.9426,0,0,0,0
0,21.0019,99.8642,0.646202,-1.93143,-0.0337034,0.965926,-0.258819,0.238513,0.971139,29.6667,0,0,0,0,0,0,0,26,7.41667,12.846,2.47222,8.19943,1.23611,5.92818,0,0,21.0774,20.9406,0,0,0,0
16.9549,20.9807,99.8587,0.779637,1.59651,0.0278607,0.94693,-0.321439,0.238513,0.971139,902,29.6667,0,0,0,0,0,0,121.667,232.917,386.485,77.6389,248.688,38.8194,180.083,4.23873,0.706456,21.0575,20.9392,16.9549,16.9549,16.9549,4.23873
44.5734,20.9387,99.8414,0.522785,4.59089,0.0800404,0.92388,-0.382683,0.238513,0.971139,1337.67,902,29.6667,0,0,0,0,0,658.333,567.333,573.665,189.111,425.703,94.5555,315.519,15.3821,2.56368,21.0046,20.9354,27.6185,27.6185,44.5734,11.1433
54.3972,21.0905,99.8678,0.80483,7.646,0.133052,0.896873,-0.442289,0.238513,0.971139,1728.33,1337.67,902,0,0,0,0,0,447.333,999.417,631.593,333.139,595.762,166.569,453.003,28.9814,4.83023,21.0029,20.9405,9.8238,9.8238,54.3972,13.5993
56.7521,21.3092,99.8619,0.632174,10.6867,0.185438,0.866025,-0.5,0.238513,0.971139,4934,1728.33,1337.67,29.6667,0,0,0,0,1624.67,2225.5,1590.84,744.306,1393.06,372.153,1053,43.1694,7.1949,21.0798,20.9556,2.35493,2.35493,56.7521,14.188
82.5386,21.3812,99.8771,0.498613,13.6896,0.236661,0.83147,-0.55557,0.238513,0.971139,6181,4934,1728.33,902,0,0,0,0,1091.33,3545.25,2064.61,1259.39,2022.94,629.694,1562.9,59.5653,10.634,21.1799,20.9754,25.7865,25.7865,65.5837,16.3959
114.621,21.5945,99.8443,0.722616,16.6421,0.286392,0.793353,-0.608761,0.238513,0.971139,6812.33,6181,4934,1337.67,0,0,0,0,1524.67,4913.92,1959.45,1827.08,2491.47,913.542,1984.51,77.0773,15.4099,21.3438,21.0059,32.0828,32.0828,70.048,17.512
95.5278,21.6047,99.8483,0.527853,19.5343,0.33437,0.75184,-0.659346,0.238513,0.971139,7995,6812.33,6181,1728.33,0,0,0,0,1528.67,6480.58,1105.12,2493.33,2942.04,1246.67,2425.28,87.36,19.3902,21.4724,21.0418,-19.0936,-19.0936,41.1306,10.2826
113.977,21.6785,99.8491,0.839125,22.3564,0.380367,0.707107,-0.707107,0.238513,0.971139,10165.3,7995,6812.33,4934,29.6667,0,0,0,1850,7788.42,1518.96,3340.44,3510.69,1670.22,2992.01,101.666,24.1393,21.5647,21.0807,18.4491,18.4491,57.2248,14.3062
146.199,21.464,99.8415,0.70436,25.0983,0.424172,0.659346,-0.75184,0.238513,0.971139,15577.3,10165.3,7995,6181,902,0,0,0,2869.33,10137.5,3363.02,4638.56,4710.46,2319.28,4058.73,117.581,30.2309,21.5854,21.114,32.2224,32.2224,63.6607,15.9152
253.555,21.9707,99.8642,1.23743,27.7484,0.46559,0.608761,-0.793353,0.238513,0.971139,17090.7,15577.3,10165.3,6812.33,1337.67,0,0,0,4475.33,12707.1,3745.61,6062.78,5593.59,3031.39,4983.32,152.315,40.7957,21.6794,21.1637,107.355,107.355,138.933,34.7333
191.2,22.1403,99.8857,1.71388,30.2941,0.504439,0.55557,-0.83147,0.238513,0.971139,11386.3,17090.7,15577.3,7995,1728.33,0,0,0,3440.67,13554.9,2862.85,7011.64,5448.53,3505.82,5209.03,176.233,48.7623,21.8134,21.2135,-62.3547,-62.3547,95.6722,23.9181
172.842,21.9885,99.9086,1.54161,32.721,0.540549,0.5,-0.866025,0.238513,0.971139,19741.3,11386.3,17090.7,10165.3,4934,29.6667,0,0,3907.67,15948.9,3026.6,8654.28,6035.7,4328.38,6076.87,190.949,55.9641,21.8909,21.2584,-18.358,-18.358,58.8651,14.7163
280.653,22.0049,99.913,1.24358,35.0131,0.573764,0.442289,-0.896873,0.238513,0.971139,10951,19741.3,11386.3,15577.3,6181,902,0,0,10473,14792.3,3746.05,9491.69,5582.1,4784.67,6145.48,224.562,67.658,22.0261,21.3031,107.811,107.811,134.453,33.6133
245.199,22.1343,99.2567,0.965089,37.1525,0.603938,0.382683,-0.92388,0.238513,0.971139,15011.7,10951,19741.3,17090.7,6812.33,1337.67,0,0,11814.7,14272.6,3529.05,10631.2,5182.65,5410.15,6385.91,222.473,77.8746,22.067,21.3528,-35.454,-35.454,-8.356,-2.089
267.351,22.0132,99.5645,0.824529,39.1197,0.630943,0.321439,-0.94693,0.238513,0.971139,15510.7,15011.7,10951,11386.3,7995,1728.33,0,0,9556.67,15303.7,3113.15,11779.7,4573.81,6056.43,6587.37,241.511,89.0142,22.0352,21.4003,22.1527,22.1527,76.1513,19.0378
235.807,22.3555,97.9974,0.884653,40.894,0.654661,0.258819,-0.965926,0.238513,0.971139,6026.67,15510.7,15011.7,19741.3,10165.3,4934,0,0,17482,11875,3811.61,11870.8,4445.7,6307.54,6465.45,257.252,98.8395,22.127,21.4604,-31.5443,-31.5443,62.9651,15.7413
125.345,22.474,95.6289,1.09967,42.4534,0.674991,0.19509,-0.980785,0.238513,0.971139,9045,6026.67,15510.7,10951,15577.3,6181,0,0,11556.3,11398.5,4011.25,12109.4,4204.16,6684.42,6349.37,218.426,104.062,22.2442,21.5214,-110.462,-110.462,-155.307,-38.8268
148.813,22.133,99.896,1.31453,43.7763,0.691844,0.130526,-0.991445,0.238513,0.971139,32292.7,9045,6026.67,15011.7,17090.7,6812.33,0,0,10382,15718.8,10163.8,14232.8,6691.4,8029.94,7997.91,194.329,110.263,22.2439,21.5663,23.4679,23.4679,-96.3853,-24.0963
328.857,22.7806,99.8685,1.10966,44.8416,0.705149,0.0654031,-0.997859,0.238513,0.971139,25428.3,32292.7,9045,15510.7,11386.3,7995,0,0,10399.3,18198.2,10987,15685.6,7061.64,9089.46,8530.54,209.706,123.965,22.4358,21.6389,180.044,180.044,61.506,15.3765
441.109,24.1385,90.8993,1.86209,45.6307,0.714848,1.22465e-16,-1,0.238513,0.971139,22255.7,25428.3,32292.7,6026.67,19741.3,10165.3,0,0,9716,22255.4,8445.84,16693.1,7064.66,10016.8,8700.03,261.031,142.345,22.8815,21.7702,112.252,112.252,205.302,51.3256
396.984,24.6771,85.7051,1.84045,46.1287,0.720898,-0.0654031,-0.997859,0.238513,0.971139,37921.3,22255.7,25428.3,9045,10951,15577.3,0,0,5898.67,29474.5,6078.12,18555.1,9159.24,11596.8,10072.6,328.941,158.886,23.4323,21.9209,-44.1253,-44.1253,271.639,67.9096
482.899,25.1368,83.308,1.5873,46.3256,0.723275,-0.130526,-0.991445,0.238513,0.971139,12141.7,37921.3,22255.7,32292.7,15011.7,17090.7,0,0,3721.67,24436.8,9202.49,18142.7,9325.8,12102.7,9778.06,412.462,179.007,24.1833,22.087,85.9147,85.9147,334.085,83.5213
293.919,24.8094,84.0519,2.16944,46.2172,0.721968,-0.19509,-0.980785,0.238513,0.971139,33481.7,12141.7,37921.3,25428.3,15510.7,11386.3,0,0,3234.67,26450.1,10041.9,19984,9969.12,13497.8,10325,403.728,191.253,24.6905,22.2417,-188.979,-188.979,-34.938,-8.7345
529.345,24.6075,84.6201,1.93071,45.8059,0.716982,-0.258819,-0.965926,0.238513,0.971139,14465.7,33481.7,12141.7,22255.7,6026.67,19741.3,29.6667,0,3567.33,24502.6,11338.2,19544.3,10085.8,14099.3,9936.02,425.787,213.309,24.8077,22.3919,235.426,235.426,88.236,22.059
467.847,25.5,79.6026,1.48694,45.1,0.70834,-0.321439,-0.94693,0.238513,0.971139,34123.3,14465.7,33481.7,37921.3,9045,10951,902,0,4512.67,23553.1,10284.8,21475.4,10466.7,15483.5,10308.2,443.503,232.096,25.0134,22.5802,-61.4987,-61.4987,70.8627,17.7157
348.621,25.8608,76.3221,1.21603,44.1131,0.696077,-0.382683,-0.92388,0.238513,0.971139,26003.3,34123.3,14465.7,12141.7,32292.7,15011.7,1337.67,0,3549,27018.5,7919.21,22391.3,10341.2,16511.3,10073.5,409.933,244.765,25.1944,22.7853,-119.226,-119.226,-134.278,-33.5695
445.205,25.5183,77.1525,1.5958,42.8629,0.680247,-0.442289,-0.896873,0.238513,0.971139,22631.7,26003.3,34123.3,33481.7,25428.3,15510.7,1728.33,0,2779.33,24306,7051.53,22984.8,10131.5,17382.2,9652.56,447.754,261.049,25.3717,22.9698,96.5847,96.5847,151.286,37.8215
227.503,25.5039,75.2819,1.41784,41.3699,0.660917,-0.5,-0.866025,0.238513,0.971139,17490.7,22631.7,26003.3,14465.7,22255.7,6026.67,4934,0,2485,25062.2,6046.19,23940.1,8960.23,17905.4,9297.42,372.294,268.163,25.5957,23.1446,-217.703,-217.703,-301.843,-75.4607
309.83,25.2115,78.4031,0.871735,39.6556,0.638172,-0.55557,-0.83147,0.238513,0.971139,35062.7,17490.7,22631.7,34123.3,37921.3,9045,6181,0,3377,25297.1,6401.37,26108.2,8210.09,19108.8,9567.22,332.79,277.634,25.5236,23.3042,82.3273,82.3273,-158.017,-39.5042
431.081,25.8179,75.0565,1.52688,37.7421,0.612108,-0.608761,-0.793353,0.238513,0.971139,23042,35062.7,17490.7,26003.3,12141.7,32292.7,6812.33,0,2060,24556.8,6447.95,25337.3,8025.43,19785.1,9242.23,353.405,290.82,25.5129,23.4802,121.251,121.251,82.46,20.615
416.382,25.3759,74.5331,2.12266,35.6504,0.582839,-0.659346,-0.75184,0.238513,0.971139,27265,23042,35062.7,22631.7,33481.7,25428.3,7995,0,2975.33,25715.1,6414.16,25490.4,8043.2,20588,9017.4,346.199,304.188,25.4773,23.6373,-14.6987,-14.6987,-28.8233,-7.20583
484.711,25.6257,73.6778,1.39475,33.4006,0.55049,-0.707107,-0.707107,0.238513,0.971139,19072,27265,23042,17490.7,14465.7,22255.7,10165.3,0,3077,26110.4,5925.17,25225.1,8196.56,20959.1,8760.43,410.501,319.636,25.5077,23.8018,68.3287,68.3287,257.208,64.302
442.173,25.7085,71.8909,1.7365,31.0109,0.515201,-0.75184,-0.659346,0.238513,0.971139,20552,19072,27265,35062.7,34123.3,37921.3,15577.3,0,2170.67,22482.8,3104.18,23777.6,7312.69,21166.4,8689.21,443.587,331.968,25.632,23.9786,-42.5373,-42.5373,132.343,33.0858
398.461,25.3634,73.0435,2.04703,28.4979,0.477126,-0.793353,-0.608761,0.238513,0.971139,17906.3,20552,19072,23042,26003.3,12141.7,17090.7,0,1657.67,21198.8,3625.63,24258,6695.85,21200.4,8674.78,435.432,338.006,25.5184,24.12,-43.712,-43.712,-32.6193,-8.15483
357.197,24.7805,75.2225,2.00197,25.8763,0.43643,-0.83147,-0.55557,0.238513,0.971139,16234.3,17906.3,20552,27265,22631.7,33481.7,11386.3,0,1085.67,18441.2,1581.91,22820.8,6406.56,21402.4,8498.56,420.635,344.922,25.3695,24.23,-41.2647,-41.2647,-59.1853,-14.7963
316.607,24.2137,75.6123,1.66248,23.1595,0.393293,-0.866025,-0.5,0.238513,0.971139,13191.3,16234.3,17906.3,19072,17490.7,14465.7,19741.3,0,1180.67,16971,2670.53,22714.6,6553.06,21129.4,8651.31,378.61,350.913,25.0165,24.3227,-40.5893,-40.5893,-168.103,-42.0258
120.854,24.0829,76.295,1.74846,20.3592,0.347904,-0.896873,-0.442289,0.238513,0.971139,10147.7,13191.3,16234.3,20552,35062.7,34123.3,10951,0,2138.67,14369.9,2966.43,20716.6,6423.75,21096,8692.09,298.28,344.254,24.6101,24.4093,-195.753,-195.753,-321.319,-80.3298
64.9841,24.0148,78.3034,1.43543,17.4859,0.300471,-0.92388,-0.382683,0.238513,0.971139,8308.33,10147.7,13191.3,17906.3,23042,26003.3,15011.7,0,898.667,11970.4,3016.82,19242,7042.12,20816.7,8985.84,214.911,336.745,24.273,24.4876,-55.8699,-55.8699,-333.477,-83.3693
66.7677,23.9389,78.1147,1.77962,14.5495,0.251216,-0.94693,-0.321439,0.238513,0.971139,6153.67,8308.33,10147.7,16234.3,27265,22631.7,15510.7,0,571.667,9450.25,2581.35,17868.8,7811.77,20426.8,9401,142.303,328.388,24.0626,24.5679,1.78353,1.78353,-290.429,-72.6072
0,19.3121,99.9023,0.750541,-11.7026,-0.202832,0.997859,-0.0654031,0.255182,0.966893,0,0,0,0,0,0,0,0,0,0,0,0,0,0,0,0,0,19.034,19.519,0,0,0,0
0,19.2299,99.9493,1.37378,-8.42199,-0.146463,0.991445,-0.130526,0.255182,0.966893,0,0,0,0,0,0,0,0,0,0,0,0,0,0,0,0,0,19.1234,19.5172,0,0,0,0
0,19.2366,99.9135,1.69927,-5.16668,-0.0900535,0.980785,-0.19509,0.255182,0.966893,0,0,0,0,0,0,0,0,0,0,0,0,0,0,0,0,0,19.2107,19.5141,0,0,0,0
0,19.1269,99.9307,3.37617,-1.9396,-0.0338459,0.965926,-0.258819,0.255182,0.966893,15,0,0,0,0,0,0,0,29.6667,3.75,6.49519,1.25,4.14578,0.625,2.99739,0,0,19.2264,19.4903,0,0,0,0
12.7039,18.9643,99.9135,2.80711,1.59333,0.0278053,0.94693,-0.321439,0.255182,0.966893,258.333,15,0,0,0,0,0,0,902,68.3333,109.867,22.7778,71.1426,11.3889,51.5785,3.17597,0.529328,19.1394,19.4526,12.7039,12.7039,12.7039,3.17597
26.791,18.783,99.042,3.5581,4.59233,0.0800656,0.92388,-0.382683,0.255182,0.966893,319.333,258.333,15,0,0,0,0,0,1337.67,148.167,142.409,49.3889,107.883,24.6944,80.1819,9.87372,1.64562,19.0277,19.4031,14.0871,14.0871,26.791,6.69775
28.0859,18.6956,92.5871,3.91821,7.65268,0.133168,0.896873,-0.442289,0.255182,0.966893,592.333,319.333,258.333,0,0,0,0,0,1728.33,296.25,205.388,98.75,183.206,49.375,138.637,16.8952,2.81587,18.8925,19.347,1.29493,1.29493,28.0859,7.02148
32.9225,18.6307,87.5225,4.09671,10.699,0.185649,0.866025,-0.5,0.255182,0.966893,796.333,592.333,319.333,15,0,0,0,0,4934,491.583,216.275,165.111,262.488,82.5555,203.139,25.1258,4.18764,18.7684,19.2897,4.8366,4.8366,32.9225,8.23063
36.2865,18.6091,86.0428,3.79045,13.7079,0.236972,0.83147,-0.55557,0.255182,0.966893,2483,796.333,592.333,258.333,0,0,0,0,6181,1047.75,845.746,372.028,686.681,186.014,519.968,31.0215,5.69957,18.6796,19.2367,3.36393,3.36393,23.5826,5.89565
56.4758,18.4135,83.2938,5.69524,16.6668,0.286805,0.793353,-0.608761,0.255182,0.966893,4928.33,2483,796.333,319.333,0,0,0,0,6812.33,2200,1737.73,782.722,1421.73,391.361,1078.81,38.4427,8.05273,18.5872,19.1717,20.1893,20.1893,29.6848,7.4212
79.4096,18.3234,83.0221,4.43684,19.5658,0.334889,0.75184,-0.659346,0.255182,0.966893,5836.33,4928.33,2483,592.333,0,0,0,0,7995,3511,1990.11,1269.08,1965.19,634.542,1527.62,51.2736,11.3615,18.4942,19.103,22.9338,22.9338,51.3237,12.8309
94.3436,18.4829,82.8715,3.59763,22.3953,0.380994,0.707107,-0.707107,0.255182,0.966893,5881.67,5836.33,4928.33,796.333,15,0,0,0,10165.3,4782.33,1380.91,1759.22,2293.58,879.611,1844.99,66.6289,15.2924,18.4572,19.0438,14.934,14.934,61.4211,15.3553
97.3843,18.6539,81.8841,3.84136,25.1449,0.424909,0.659346,-0.75184,0.255182,0.966893,6395.67,5881.67,5836.33,2483,258.333,0,0,0,15577.3,5760.5,528.292,2292.19,2551.46,1146.1,2137.41,81.9033,19.3501,18.4684,18.9934,3.04073,3.04073,61.0979,15.2745
104.84,18.8486,80.7842,3.59093,27.8034,0.466439,0.608761,-0.793353,0.255182,0.966893,7108.33,6395.67,5881.67,4928.33,319.333,0,0,0,17090.7,6305.5,512.939,2884.56,2766.61,1442.28,2430.48,93.9943,23.7185,18.5772,18.9599,7.4554,7.4554,48.3639,12.091
118.115,19.1462,79.4769,3.75435,30.3579,0.5054,0.55557,-0.83147,0.255182,0.966893,11782.3,7108.33,6395.67,5836.33,592.333,0,0,0,11386.3,7792,2344.64,3866.42,3548.83,1933.21,3167.71,103.671,28.6399,18.7829,18.9409,13.2749,13.2749,38.7051,9.67627
173.432,19.4479,78.3525,3.39197,32.7942,0.541624,0.5,-0.866025,0.255182,0.966893,13575.7,11782.3,7108.33,5881.67,796.333,15,0,0,19741.3,9715.5,3041.02,4996.47,4235.19,2498.86,3899.55,123.443,35.8662,19.0242,18.944,55.3173,55.3173,79.0884,19.7721
205.712,19.8493,76.6771,3.18768,35.0962,0.574951,0.442289,-0.896873,0.255182,0.966893,17568,13575.7,11782.3,6395.67,2483,258.333,0,0,10951,12508.6,3755.88,6438.94,5211.1,3230.86,4885.91,150.525,44.4376,19.323,18.9633,32.28,32.28,108.328,27.0819
258.135,20.0687,75.3713,2.4146,37.246,0.605239,0.382683,-0.92388,0.255182,0.966893,24085,17568,13575.7,7108.33,4928.33,319.333,0,0,15011.7,16752.8,4722.96,8419.42,6786.83,4234.4,6367.95,188.848,55.1932,19.628,19.0016,52.4233,52.4233,153.296,38.3239
362.366,20.9317,70.8401,3.26852,39.2241,0.632356,0.321439,-0.94693,0.255182,0.966893,32262.7,24085,17568,11782.3,5836.33,592.333,0,0,15510.7,21872.8,7074.9,11058.6,9020.29,5578.68,8410.07,249.911,70.2918,20.0744,19.0751,104.231,104.231,244.251,61.0628
504.257,21.4524,66.9085,2.8328,41.0095,0.656184,0.258819,-0.965926,0.255182,0.966893,33599,32262.7,24085,13575.7,5881.67,796.333,0,0,6026.67,26878.7,6493.14,13792.2,10366.1,6978.64,10009.3,332.618,91.3025,20.5755,19.1705,141.891,141.891,330.825,82.7063
565.359,22.3438,61.7753,2.60732,42.5803,0.676623,0.19509,-0.980785,0.255182,0.966893,35525.7,33599,32262.7,17568,6395.67,2483,0,0,9045,31368.1,4361.94,16545.7,11339.2,8458.88,11398.3,422.529,114.859,21.1992,19.3073,61.1013,61.1013,359.647,89.9117
584.253,22.866,59.8952,4.39973,43.9144,0.693583,0.130526,-0.991445,0.255182,0.966893,18475,35525.7,33599,24085,7108.33,4928.33,0,0,32292.7,29965.6,6734.73,17674.6,10787.3,9228.67,11424.9,504.059,139.203,21.8985,19.4737,18.8947,18.8947,326.118,81.5295
332.24,22.7287,59.7253,3.49661,44.9906,0.706991,0.0654031,-0.997859,0.255182,0.966893,13140.3,18475,35525.7,32262.7,11782.3,5836.33,0,0,25428.3,25185,9589.35,18283.3,10297.1,9776.18,11283.5,496.527,153.046,22.3477,19.6337,-252.013,-252.013,-30.126,-7.5315
213.351,20.7955,65.0195,4.71685,45.7901,0.71679,1.22465e-16,-1,0.255182,0.966893,5430.67,13140.3,18475,33599,13575.7,5881.67,0,0,22255.7,18142.9,11055.5,18245.7,10343,10002.5,11138.7,423.801,161.936,22.1835,19.7059,-118.889,-118.889,-290.906,-72.7265
112,19.5875,69.0443,4.25486,46.2975,0.722937,-0.0654031,-0.997859,0.255182,0.966893,6381.67,5430.67,13140.3,35525.7,17568,6395.67,0,0,37921.3,10856.9,5308.51,18244.5,10344.4,10268.4,10971.7,310.461,166.603,21.4944,19.7173,-101.352,-101.352,-453.359,-113.34
95.8645,18.6255,70.1663,4.84552,46.5027,0.725407,-0.130526,-0.991445,0.255182,0.966893,13491.7,6381.67,5430.67,18475,24085,7108.33,0,0,12141.7,9611.08,3722.22,18776.5,9913.19,10830.5,10775,188.364,170.597,20.4343,19.6922,-16.1352,-16.1352,-488.389,-122.097
198.77,18.2859,69.2811,5.61579,46.4013,0.724188,-0.19509,-0.980785,0.255182,0.966893,7710,13491.7,6381.67,13140.3,32262.7,11782.3,0,0,33481.7,8253.5,3130.73,18437.1,10212,11151.8,10560.1,154.996,178.879,19.3236,19.6525,102.906,102.906,-133.47,-33.3675
134.457,18.1431,69.6716,4.63931,45.9955,0.719286,-0.258819,-0.965926,0.255182,0.966893,8896,7710,13491.7,5430.67,33599,13575.7,15,0,14465.7,9119.83,2676.2,18047.1,10476.1,11521.8,10316.2,135.273,184.481,18.6605,19.6116,-64.3133,-64.3133,-78.8947,-19.7237
134.273,17.9176,70.4052,3.79461,45.2936,0.710721,-0.321439,-0.94693,0.255182,0.966893,9887.67,8896,7710,6381.67,35525.7,17568,258.333,0,34123.3,9996.33,2160.28,17407.1,10717.7,11923,10054.2,140.841,189.547,18.243,19.5679,-0.184,-0.184,22.273,5.56825
150.62,17.6701,70.7395,4.13463,44.3093,0.698531,-0.382683,-0.92388,0.255182,0.966893,8019.33,9887.67,8896,13491.7,18475,24085,319.333,0,26003.3,8628.25,847.317,16068.3,10803,12243.9,9798.43,154.53,194.706,18.0042,19.5216,16.3473,16.3473,54.7555,13.6889
129.65,17.5464,71.5656,3.91527,43.0603,0.682768,-0.442289,-0.896873,0.255182,0.966893,9703,8019.33,9887.67,7710,13140.3,32262.7,592.333,0,22631.7,9126.5,740.047,14188.3,9730.98,12623.5,9511.97,137.25,198.938,17.8193,19.4737,-20.97,-20.97,-69.12,-17.28
130.396,17.1935,72.1727,4.1262,41.5673,0.663499,-0.5,-0.866025,0.255182,0.966893,12584,9703,8019.33,8896,5430.67,33599,796.333,0,17490.7,10048.5,1634.89,12437.1,7774.43,13114.6,9187.38,136.235,203,17.5819,19.4138,0.745733,0.745733,-4.06093,-1.01523
176.631,17.0478,71.8705,3.89477,39.852,0.640807,-0.55557,-0.83147,0.255182,0.966893,9455.33,12584,9703,9887.67,6381.67,35525.7,2483,0,35062.7,9940.42,1656.11,10264.6,3469.76,13405.1,8953.88,146.824,208.847,17.3644,19.3488,46.2356,46.2356,42.3587,10.5897
144.265,17.0247,71.7943,4.07447,37.9367,0.614791,-0.608761,-0.793353,0.255182,0.966893,11340.7,9455.33,12584,8019.33,13491.7,18475,4928.33,0,23042,10770.8,1273.1,9670.03,2482.87,13672.3,8791.14,145.236,212.505,17.2031,19.2909,-32.366,-32.366,-6.35467,-1.58867
167.175,16.7025,72.5691,4.8947,35.8427,0.585562,-0.659346,-0.75184,0.255182,0.966893,7239.67,11340.7,9455.33,9703,7710,13140.3,5836.33,0,27265,10154.9,2018.33,9178.31,2326.26,13730.8,8743.36,154.617,216.162,16.9921,19.2233,22.9093,22.9093,37.5247,9.38117
122.499,16.4219,73.5072,5.2417,33.59,0.553247,-0.707107,-0.707107,0.255182,0.966893,5195,7239.67,11340.7,12584,8896,5430.67,5881.67,0,19072,8307.67,2310.06,9158.67,2358.59,13702.2,8770.08,152.643,217.335,16.7992,19.1375,-44.6758,-44.6758,-7.89687,-1.97422
87.9134,15.8867,73.5639,5.14376,31.1971,0.517984,-0.75184,-0.659346,0.255182,0.966893,6533.67,5195,7239.67,9455.33,9887.67,6381.67,6395.67,0,20552,7577.25,2293.55,9171.33,2344,13707.9,8765.33,130.463,216.941,16.5089,19.0222,-34.5855,-34.5855,-88.7179,-22.1795
102.96,15.6227,74.6637,4.74724,28.6807,0.479928,-0.793353,-0.608761,0.255182,0.966893,6310,6533.67,5195,11340.7,8019.33,13491.7,7108.33,0,17906.3,6319.58,734.364,8572.86,2064.71,13674.7,8791.79,120.137,216.862,16.1584,18.8878,15.0467,15.0467,-41.3053,-10.3263
101.797,15.4011,74.4856,4.2099,26.0556,0.439244,-0.83147,-0.55557,0.255182,0.966893,4479.33,6310,6533.67,7239.67,9703,7710,11782.3,0,16234.3,5629.5,835.504,8303.64,2350.51,13370.4,8976.46,103.792,216.182,15.8331,18.7317,-1.16333,-1.16333,-65.3779,-16.3445
81.7095,15.0455,74.7135,4.93305,23.3352,0.39611,-0.866025,-0.5,0.255182,0.966893,5361.33,4479.33,6310,5195,12584,8896,13575.7,0,13191.3,5671.08,816.774,8009.08,2475.95,13028.1,9117.6,93.5949,212.361,15.489,18.5483,-20.0872,-20.0872,-40.7893,-10.1973
80.7311,14.7863,74.8131,5.19695,20.5312,0.350718,-0.896873,-0.442289,0.255182,0.966893,5806.33,5361.33,4479.33,6533.67,9455.33,9887.67,17568,0,10147.7,5489.25,672.768,7668.97,2474.86,12538,9176.32,91.7994,207.153,15.2139,18.3373,-0.9784,-0.9784,-7.18227,-1.79557
93.4651,14.6899,75.3827,5.20136,17.6543,0.303273,-0.92388,-0.382683,0.255182,0.966893,3073.67,5806.33,5361.33,6310,11340.7,8019.33,24085,0,8308.33,4680.17,1043.24,7256.83,2775.71,11662.6,9034.11,89.4256,200.292,14.9807,18.1132,12.7339,12.7339,-9.495,-2.37375
64.4077,14.5787,74.7688,4.93061,14.7142,0.253997,-0.94693,-0.321439,0.255182,0.966893,2030.33,3073.67,5806.33,4479.33,7239.67,9703,32262.7,0,6153.67,4067.92,1568.06,6617.44,3012.22,10402.9,8137.09,80.0783,187.877,14.7751,17.8485,-29.0574,-29.0574,-37.3891,-9.34727
0,9.43077,71.5835,5.38634,-11.7188,-0.203109,0.997859,-0.0654031,0.271777,0.96236,0,0,0,0,0,0,0,0,0,0,0,0,0,0,0,0,0,9.47333,9.89772,0,0,0,0
0,9.40763,71.135,6.36091,-8.43414,-0.146673,0.991445,-0.130526,0.271777,0.96236,0,0,0,0,0,0,0,0,0,0,0,0,0,0,0,0,0,9.43768,9.8576,0,0,0,0
0,9.35764,71.8411,5.62982,-5.17458,-0.0901907,0.980785,-0.19509,0.271777,0.96236,0,0,0,0,0,0,0,0,0,0,0,0,0,0,0,0,0,9.41305,9.81577,0,0,0,0
0,9.28452,71.0119,6.15265,-1.94299,-0.033905,0.965926,-0.258819,0.271777,0.96236,0,0,0,0,0,0,0,0,15,0,0,0,0,0,0,0,0,9.37014,9.77309,0,0,0,0
10.5029,9.18895,70.6611,6.35989,1.59459,0.0278273,0.94693,-0.321439,0.271777,0.96236,101.667,0,0,0,0,0,0,0,258.333,25.4167,44.023,8.47222,28.0992,4.23611,20.3157,2.62573,0.437622,9.30968,9.72973,10.5029,10.5029,10.5029,2.62573
19.2383,9.00757,68.7977,7.60451,4.5986,0.0801745,0.92388,-0.382683,0.271777,0.96236,248.333,101.667,0,0,0,0,0,0,319.333,87.5,101.711,29.1667,71.7619,14.5833,52.7973,7.4353,1.23922,9.20967,9.67887,8.73533,8.73533,19.2383,4.80957
22.8615,8.92622,69.216,6.5665,7.66435,0.13337,0.896873,-0.442289,0.271777,0.96236,673.667,248.333,101.667,0,0,0,0,0,592.333,255.917,256.836,85.3056,191.16,42.6528,141.741,13.1507,2.19178,9.10182,9.62587,3.62327,3.62327,22.8615,5.71538
28.8435,9.00011,69.7257,5.96885,10.7164,0.185948,0.866025,-0.5,0.271777,0.96236,1432.33,673.667,248.333,0,0,0,0,0,796.333,614,517.066,204.667,415.807,102.333,311.32,20.3615,3.39359,9.03071,9.57566,5.98193,5.98193,28.8435,7.21087
35.8855,9.18745,70.7311,5.2445,13.7314,0.237371,0.83147,-0.55557,0.271777,0.96236,2234.33,1432.33,673.667,101.667,0,0,0,0,2483,1147.17,757.521,390.861,691.399,195.431,526.507,26.7072,4.88882,9.03034,9.53961,7.042,7.042,25.3825,6.34563
46.1661,9.31363,70.9334,4.92099,16.6968,0.287308,0.793353,-0.608761,0.271777,0.96236,3354,2234.33,1432.33,248.333,0,0,0,0,4928.33,1923.58,993.262,670.361,1057.76,335.181,819.621,33.4391,6.81241,9.10685,9.50985,10.2806,10.2806,26.9278,6.73195
59.8667,9.44198,71.1746,4.72108,19.6028,0.335498,0.75184,-0.659346,0.271777,0.96236,4312.33,3354,2234.33,673.667,0,0,0,0,5836.33,2833.25,1093.18,1029.72,1434.44,514.861,1137.49,42.6904,9.30685,9.23579,9.48798,13.7007,13.7007,37.0052,9.2513
75.0813,9.54426,71.2679,4.20273,22.4397,0.381711,0.707107,-0.707107,0.271777,0.96236,3372.67,4312.33,3354,1432.33,0,0,0,0,5881.67,3318.33,736.09,1310.78,1532.22,655.389,1266.25,54.2499,12.4352,9.37183,9.47115,15.2145,15.2145,46.2378,11.5595
63.4727,9.52561,70.3055,5.29317,25.1973,0.425736,0.659346,-0.75184,0.271777,0.96236,4140.33,3372.67,4312.33,2234.33,101.667,0,0,0,6395.67,3794.83,435.814,1655.81,1659.12,827.903,1435.88,61.1467,15.0799,9.45637,9.4532,-11.6086,-11.6086,27.5872,6.8968
71.0339,9.27033,71.2425,5.18434,27.8642,0.467377,0.608761,-0.793353,0.271777,0.96236,4341,4140.33,3372.67,3354,248.333,0,0,0,7108.33,4041.58,393.75,2017.56,1730.37,1008.78,1585.79,67.3636,18.0397,9.44555,9.42561,7.5612,7.5612,24.8678,6.21695
73.5809,9.14939,72.2562,4.43759,30.4277,0.506451,0.55557,-0.83147,0.271777,0.96236,4864.33,4341,4140.33,4312.33,673.667,0,0,0,11782.3,4179.58,535.629,2422.92,1779.33,1211.46,1746.61,70.7922,21.1056,9.3724,9.39522,2.54707,2.54707,13.7142,3.42855
78.6033,9.33452,73.6245,4.41249,32.8736,0.542787,0.5,-0.866025,0.271777,0.96236,6857.33,4864.33,4341,3372.67,1432.33,0,0,0,13575.7,5050.75,1076,2994.36,1997.23,1497.18,2058.16,71.6727,24.3807,9.31996,9.37678,5.02233,5.02233,3.522,0.8805
102.939,9.46363,72.6586,3.41461,35.1856,0.576227,0.442289,-0.896873,0.271777,0.96236,7252.67,6857.33,4864.33,4140.33,2234.33,101.667,0,0,17568,5828.83,1247.9,3590.28,2108.93,1799.38,2330.56,81.5392,28.6698,9.30447,9.36708,24.3353,24.3353,39.4659,9.86648
112.616,9.75253,71.7127,3.36745,37.346,0.606626,0.382683,-0.92388,0.271777,0.96236,7498.33,7252.67,6857.33,4341,3354,248.333,0,0,24085,6618.17,1038.08,4194.44,2103.47,2111.81,2559.74,91.9347,33.3621,9.42502,9.3709,9.6774,9.6774,41.5821,10.3955
112.755,10.0049,71.2641,3.29057,39.335,0.633854,0.321439,-0.94693,0.271777,0.96236,7831.67,7498.33,7252.67,4864.33,4312.33,673.667,0,0,32262.7,7360,355.598,4790.94,2034.27,2438.12,2761.01,101.728,38.0602,9.63889,9.38486,0.138667,0.138667,39.1737,9.79343
117.393,10.1707,71.8045,3.40087,41.1317,0.657792,0.258819,-0.965926,0.271777,0.96236,10057,7831.67,7498.33,6857.33,3372.67,1432.33,0,0,33599,8159.92,1114.39,5509.67,2234.42,2857.17,3101.37,111.425,42.9516,9.84794,9.40885,4.638,4.638,38.7894,9.69735
143.289,10.4579,71.7553,3.20696,42.7139,0.678337,0.19509,-0.980785,0.271777,0.96236,12424.7,10057,7831.67,7252.67,4140.33,2234.33,0,0,35525.7,9452.92,1977.69,6358.86,2713.35,3374.86,3581.12,121.513,48.922,10.0965,9.44512,25.896,25.896,40.3501,10.0875
178.163,10.8603,71.0185,3.14381,44.0593,0.695402,0.130526,-0.991445,0.271777,0.96236,12050.3,12424.7,10057,7498.33,4341,3354,0,0,18475,10590.9,1829.69,7083.56,2963.79,3876.96,3903.04,137.9,56.3454,10.3735,9.4997,34.8747,34.8747,65.5473,16.3868
177.595,11.1946,69.5644,3.30669,45.1465,0.708912,0.0654031,-0.997859,0.271777,0.96236,12090.7,12050.3,12424.7,7831.67,4864.33,4312.33,0,0,13140.3,11655.7,934.356,7731.75,3132.6,4380.74,4143.03,154.11,63.7452,10.6709,9.57214,-0.568667,-0.568667,64.84,16.21
177.015,11.3726,69.3781,3.24037,45.9562,0.718809,1.22465e-16,-1,0.271777,0.96236,12266,12090.7,12050.3,10057,6857.33,3372.67,0,0,5430.67,12207.9,149.109,8472.86,3064.92,4891.82,4323.72,169.016,71.1208,10.9713,9.65199,-0.579333,-0.579333,59.6227,14.9057
176.399,11.5743,69.0977,3.66872,46.4731,0.725051,-0.0654031,-0.997859,0.271777,0.96236,11499,12266,12090.7,12424.7,7252.67,4140.33,0,0,6381.67,11976.5,287.359,9086.08,2866.46,5370.94,4391.69,177.293,78.4708,11.2505,9.7413,-0.616667,-0.616667,33.11,8.2775
169.527,11.5527,69.0109,3.57417,46.6865,0.727611,-0.130526,-0.991445,0.271777,0.96236,13077.3,11499,12266,12050.3,7498.33,4341,0,0,13491.7,12233.2,564.137,9814.11,2671.66,5915.83,4501.4,175.134,85.5344,11.4235,9.83068,-6.872,-6.872,-8.63667,-2.15917
188.99,11.7493,68.2943,3.60647,46.5919,0.726478,-0.19509,-0.980785,0.271777,0.96236,13163.7,13077.3,11499,12090.7,7831.67,4864.33,0,0,7710,12501.5,676.483,10505.7,2356.42,6464.32,4548.88,177.983,93.409,11.5622,9.93033,19.4633,19.4633,11.3953,2.84883
188.781,12.0274,67.9647,3.57795,46.1914,0.721656,-0.258819,-0.965926,0.271777,0.96236,13326.7,13163.7,13077.3,12266,10057,6857.33,0,0,8896,12766.7,737.344,11044.8,2194.54,7019.6,4539.27,180.924,101.275,11.7259,10.0446,-0.209333,-0.209333,11.7653,2.94133
184.405,12.2723,67.3981,3.63855,45.4932,0.713167,-0.321439,-0.94693,0.271777,0.96236,13075.3,13326.7,13163.7,11499,12424.7,7252.67,101.667,0,9887.67,13160.8,102.215,11530.1,1930.22,7560.17,4454.96,182.926,108.521,11.9004,10.1731,-4.37533,-4.37533,8.00667,2.00167
188.77,12.3751,65.9987,3.29628,44.5111,0.701047,-0.382683,-0.92388,0.271777,0.96236,11997.3,13075.3,13326.7,13077.3,12050.3,7498.33,248.333,0,8019.33,12890.8,523.634,11905,1499.61,8049.71,4266.12,187.736,115.585,12.106,10.3134,4.36467,4.36467,19.2433,4.81083
176.34,12.5937,66.0681,3.18999,43.2629,0.685347,-0.442289,-0.896873,0.271777,0.96236,10845.3,11997.3,13075.3,13163.7,12090.7,7831.67,673.667,0,9703,12311.2,982.643,12156.1,946.928,8473.53,4009.85,184.574,121.98,12.3171,10.4662,-12.43,-12.43,-12.65,-3.1625
161.305,12.6601,66.0367,3.75467,41.7695,0.666136,-0.5,-0.866025,0.271777,0.96236,8352.67,10845.3,11997.3,13326.7,12266,10057,1432.33,0,12584,11067.7,1754.68,12014.1,1309.51,8761.88,3732.37,177.705,127.499,12.4753,10.6187,-15.0353,-15.0353,-27.476,-6.869
129.724,12.4107,65.0955,3.83797,40.053,0.643496,-0.55557,-0.83147,0.271777,0.96236,7886.33,8352.67,10845.3,13075.3,11499,12424.7,2234.33,0,9455.33,9770.42,1708.39,11635.9,1725.57,8997.38,3483.06,164.035,131.409,12.5099,10.753,-31.5807,-31.5807,-54.6813,-13.6703
123.907,12.1376,64.6575,3.63556,38.1356,0.617524,-0.608761,-0.793353,0.271777,0.96236,8697.67,7886.33,8352.67,11997.3,13077.3,12050.3,3354,0,11340.7,8945.5,1134.03,11356.5,1898.6,9220.03,3280.07,147.819,134.648,12.4505,10.8707,-5.81733,-5.81733,-64.8633,-16.2158
135.973,12.0824,64.9895,3.50555,36.0388,0.588333,-0.659346,-0.75184,0.271777,0.96236,8664.67,8697.67,7886.33,10845.3,13163.7,12090.7,4312.33,0,7239.67,8400.33,325.863,11071,2020.41,9401.38,3120.14,137.727,137.819,12.3227,10.9807,12.066,12.066,-40.3673,-10.0918
129.753,12.0898,64.0045,3.35525,33.7829,0.556048,-0.707107,-0.707107,0.271777,0.96236,8150.33,8664.67,8697.67,8352.67,13326.7,12266,3372.67,0,5195,8349.75,344.507,10728,2134.55,9600.44,2871.67,129.839,140.097,12.1801,11.0868,-6.22,-6.22,-31.552,-7.888
130.59,12.0557,64.68,4.04232,31.3865,0.520809,-0.75184,-0.659346,0.271777,0.96236,6305.67,8150.33,8664.67,7886.33,13075.3,11499,4140.33,0,6533.67,7954.58,976.427,10295.2,2439.11,9690.67,2729.18,130.055,142.893,12.0914,11.1922,0.837333,0.837333,0.866,0.2165
108.326,11.9629,64.8223,3.49108,28.8664,0.482768,-0.793353,-0.608761,0.271777,0.96236,5237.67,6305.67,8150.33,8697.67,11997.3,13077.3,4341,0,6310,7089.58,1382.95,9641.94,2647.46,9728.03,2660.98,126.16,144.447,12.0477,11.3044,-22.2641,-22.2641,-15.5807,-3.89518
89.8093,11.7749,65.6032,3.37226,26.2375,0.442092,-0.83147,-0.55557,0.271777,0.96236,5628.67,5237.67,6305.67,8664.67,10845.3,13163.7,4864.33,0,4479.33,6330.58,1117.95,9014.03,2631.24,9759.88,2606.6,114.619,145.124,11.9708,11.4138,-18.5166,-18.5166,-46.1633,-11.5408
93.4047,11.6219,65.6076,3.55495,23.5131,0.398959,-0.866025,-0.5,0.271777,0.96236,5052.33,5628.67,5237.67,8150.33,8352.67,13326.7,6857.33,0,5361.33,5556.08,480.181,8324.5,2491.18,9684.67,2713.12,105.532,145.74,11.8539,11.5091,3.59533,3.59533,-36.348,-9.087
88.5679,11.6026,66.7951,3.24941,20.7052,0.35356,-0.896873,-0.442289,0.271777,0.96236,4431,5052.33,5628.67,6305.67,7886.33,13075.3,7252.67,0,5806.33,5087.42,432.331,7604.14,2251.55,9567.1,2872.42,95.027,145.141,11.7406,11.5982,-4.83673,-4.83673,-42.0221,-10.5055
81.1689,11.6167,67.3884,3.31031,17.8244,0.3061,-0.92388,-0.382683,0.271777,0.96236,3832.67,4431,5052.33,5237.67,8697.67,11997.3,7498.33,0,3073.67,4736.17,671.929,6923.75,2045.36,9414.36,3069.09,88.2377,143.831,11.654,11.6759,-7.399,-7.399,-27.157,-6.78925
72.8589,11.5996,66.5397,3.21105,14.8803,0.256801,-0.94693,-0.321439,0.271777,0.96236,2428,3832.67,4431,5628.67,8664.67,10845.3,7831.67,0,2030.33,3936,971.592,6222.31,2023.42,9189.21,3361.24,84.0001,142.169,11.6102,11.7423,-8.31007,-8.31007,-16.9505,-4.23762
0,9.1658,87.2317,4.36084,-11.7304,-0.203307,0.997859,-0.0654031,0.288291,0.957543,0,0,0,0,0,0,0,0,0,0,0,0,0,0,0,0,0,9.18056,9.55073,0,0,0,0
0,9.15759,86.6993,4.76213,-8.44162,-0.146802,0.991445,-0.130526,0.288291,0.957543,0,0,0,0,0,0,0,0,0,0,0,0,0,0,0,0,0,9.1533,9.49935,0,0,0,0
0,9.21508,86.3582,5.02355,-5.17773,-0.0902455,0.980785,-0.19509,0.288291,0.957543,0,0,0,0,0,0,0,0,0,0,0,0,0,0,0,0,0,9.18335,9.45326,0,0,0,0
0,9.11281,86.3889,5.00384,-1.94156,-0.0338801,0.965926,-0.258819,0.288291,0.957543,52,0,0,0,0,0,0,0,0,13,22.5167,4.33333,14.372,2.16667,10.391,0,0,9.16282,9.40489,0,0,0,0
11.7475,9.06578,85.3365,4.40324,1.60032,0.0279273,0.94693,-0.321439,0.288291,0.957543,215.667,52,0,0,0,0,0,0,101.667,66.9167,88.4657,22.3056,60.0317,11.1528,43.8895,2.93687,0.489478,9.13782,9.35793,11.7475,11.7475,11.7475,2.93687
23.4575,9.23151,83.9421,4.30411,4.6097,0.0803677,0.92388,-0.382683,0.288291,0.957543,433,215.667,52,0,0,0,0,0,248.333,175.167,168.798,58.3889,127.735,29.1944,94.9231,8.80125,1.46687,9.15629,9.32213,11.7101,11.7101,23.4575,5.86438
26.8379,9.29645,82.7321,4.38473,7.68103,0.133658,0.896873,-0.442289,0.288291,0.957543,1557.67,433,215.667,0,0,0,0,0,673.667,564.583,589.07,188.194,431.859,94.0972,319.539,15.5107,2.58512,9.17664,9.29442,3.38033,3.38033,26.8379,6.70947
39.8952,9.45765,81.6371,4.36531,10.739,0.186335,0.866025,-0.5,0.288291,0.957543,3560.67,1557.67,433,52,0,0,0,0,1432.33,1441.75,1325.15,484.917,1021.42,242.458,761.865,25.4845,4.24742,9.26285,9.27694,13.0573,13.0573,39.8952,9.9738
61.9535,9.6876,79.8992,4.64257,13.7602,0.237859,0.83147,-0.55557,0.288291,0.957543,6516.33,3560.67,1557.67,215.667,0,0,0,0,2234.33,3016.92,2310.17,1027.94,1939.16,513.972,1464.35,38.036,6.82881,9.4183,9.27165,22.0583,22.0583,50.206,12.5515
101.258,9.97953,78.6027,4.72497,16.7323,0.2879,0.793353,-0.608761,0.288291,0.957543,8504.33,6516.33,3560.67,433,0,0,0,0,3354,5034.75,2669.09,1736.64,2797.87,868.319,2160.56,57.4862,11.0479,9.60531,9.27884,39.3047,39.3047,77.8006,19.4501
132.373,10.5459,77.0941,4.14316,19.6453,0.336196,0.75184,-0.659346,0.288291,0.957543,11389.7,8504.33,6516.33,1557.67,0,0,0,0,4312.33,7492.75,2855.87,2685.78,3800.12,1342.89,3003.97,83.8699,16.5634,9.91766,9.31205,31.1145,31.1145,105.535,26.3837
161.069,11.1469,75.3907,3.8934,22.4897,0.382518,0.707107,-0.707107,0.288291,0.957543,13697,11389.7,8504.33,3560.67,52,0,0,0,3372.67,10026.8,2737.2,3827.19,4758.25,1913.6,3870.7,114.163,23.2746,10.34,9.37924,28.696,28.696,121.173,30.2934
190.49,11.7305,73.3427,3.31145,25.2553,0.426653,0.659346,-0.75184,0.288291,0.957543,20135.3,13697,11389.7,6516.33,215.667,0,0,0,4140.33,13431.6,4285.38,5505.14,6384.96,2752.57,5287.77,146.297,31.2117,10.8507,9.47574,29.4213,29.4213,128.537,32.1341
306.673,12.7862,69.5281,3.03549,27.9308,0.468405,0.608761,-0.793353,0.288291,0.957543,25781.3,20135.3,13697,8504.33,433,0,0,0,4341,17750.8,5636.33,7653.58,8239.34,3826.79,6970.49,197.651,43.9897,11.5524,9.62168,116.183,116.183,205.415,51.3536
422.457,14.5719,62.1198,3.3561,30.5035,0.507591,0.55557,-0.83147,0.288291,0.957543,30634.7,25781.3,20135.3,11389.7,1557.67,0,0,0,4864.33,22562.1,6324.73,10206.5,10024.9,5103.24,8734.56,270.172,61.5921,12.5589,9.84111,115.784,115.784,290.084,72.521
501.099,15.8397,57.7697,3.51987,32.959,0.544038,0.5,-0.866025,0.288291,0.957543,33786,30634.7,25781.3,13697,3560.67,52,0,0,6857.33,27584.3,5160.03,13017.6,11416.5,6510.99,10368.5,355.18,82.4712,13.732,10.1233,78.642,78.642,340.03,85.0075
498.719,16.4395,56.3029,3.24489,35.2812,0.57759,0.442289,-0.896873,0.288291,0.957543,34276.3,33786,30634.7,20135.3,6516.33,215.667,0,0,7252.67,31119.6,3384.04,15856,12094.8,7939.17,11654.2,432.237,103.251,14.9093,10.4343,-2.37933,-2.37933,308.229,77.0573
542.979,17.4131,53.8073,2.67776,37.4523,0.6081,0.382683,-0.92388,0.288291,0.957543,36717.3,34276.3,33786,25781.3,8504.33,433,0,0,7498.33,33853.6,2164.82,18879.7,12392.9,9469.06,12859.3,491.313,125.875,16.066,10.7803,44.2593,44.2593,236.306,59.0765
683.304,18.3292,50.9714,3.02461,39.4524,0.635437,0.321439,-0.94693,0.288291,0.957543,28503.3,36717.3,34276.3,30634.7,11389.7,1557.67,0,0,7831.67,33320.8,2994.74,21125.2,11456.7,10656.7,13240.5,556.525,154.346,17.0054,11.1702,140.325,140.325,260.847,65.2118
628.764,19.2331,47.4598,2.8198,41.2604,0.659483,0.258819,-0.965926,0.288291,0.957543,18186,28503.3,36717.3,33786,13697,3560.67,0,0,10057,29420.8,7139.29,22344,10236.2,11414.4,13128.8,588.442,180.545,17.8537,11.5952,-54.54,-54.54,127.665,31.9163
294.767,18.2846,50.6053,3.01663,42.8541,0.680134,0.19509,-0.980785,0.288291,0.957543,19016.3,18186,28503.3,34276.3,20135.3,6516.33,0,0,12424.7,25605.8,7588.42,23385.6,9151.07,12206.8,12989.1,537.453,192.827,18.315,11.9686,-333.997,-333.997,-203.952,-50.988
286.461,16.2145,56.2541,2.75693,44.2109,0.697301,0.130526,-0.991445,0.288291,0.957543,19557,19016.3,18186,36717.3,25781.3,8504.33,0,0,12050.3,21315.7,4178.43,24306.7,8103.14,13021.7,12810,473.324,204.763,18.0153,12.2581,-8.306,-8.306,-256.517,-64.1293
284.051,15.1658,60.0145,2.73544,45.3091,0.710911,0.0654031,-0.997859,0.288291,0.957543,20594.3,19557,19016.3,28503.3,30634.7,11389.7,0,0,12090.7,19338.4,874.201,25073.8,7233.04,13879.8,12597,373.511,216.598,17.2245,12.5111,-2.41,-2.41,-399.253,-99.8132
284.601,14.7341,61.4892,3.41953,46.1292,0.720904,1.22465e-16,-1,0.288291,0.957543,21434.7,20594.3,19557,18186,33786,13697,0,0,12266,20150.6,933.36,25718.6,6497.6,14772.9,12338.5,287.47,228.456,16.0997,12.7419,0.549333,0.549333,-344.163,-86.0408
300.771,14.9846,61.2852,3.08272,46.6554,0.727238,-0.0654031,-0.997859,0.288291,0.957543,25171,21434.7,20594.3,19016.3,34276.3,20135.3,0,0,11499,21689.2,2117.35,26138.2,6282.51,15821.7,12105.8,288.971,240.989,15.2747,12.9843,16.1707,16.1707,6.004,1.501
348.31,15.3056,59.5416,2.87192,46.8769,0.729886,-0.130526,-0.991445,0.288291,0.957543,20488,25171,21434.7,19557,36717.3,25781.3,0,0,13077.3,21922,1911.32,25697.1,6474.96,16675.3,11674.7,304.433,255.502,15.0475,13.2405,47.5387,47.5387,61.8487,15.4622
308.965,15.3421,59.3262,3.55625,46.7889,0.728836,-0.19509,-0.980785,0.288291,0.957543,18957.7,20488,25171,20594.3,28503.3,30634.7,0,0,13163.7,21512.8,2289.51,24724,6536.94,17465.2,11149.2,310.662,268.375,15.0916,13.4958,-39.3447,-39.3447,24.914,6.2285
270.745,15.2151,59.0371,3.46675,46.3934,0.724093,-0.258819,-0.965926,0.288291,0.957543,20051.7,18957.7,20488,21434.7,18186,33786,52,0,13326.7,21167.1,2377.93,23579.5,6033.04,18298.6,10547.7,307.198,279.656,15.2118,13.75,-38.22,-38.22,-13.8553,-3.46383
286.297,15.1794,58.6463,3.06783,45.6987,0.715676,-0.321439,-0.94693,0.288291,0.957543,20199.7,20051.7,18957.7,25171,19016.3,34276.3,215.667,0,13075.3,19924.2,579.695,22406.4,5141.81,19131.2,9853.31,303.579,291.096,15.2605,14.0048,15.552,15.552,-14.474,-3.6185
287.905,15.5795,58.3695,2.72591,44.7184,0.703623,-0.382683,-0.92388,0.288291,0.957543,19545.3,20199.7,20051.7,20488,19557,36717.3,433,0,11997.3,19688.6,486.774,20975.4,2829.44,19927.6,9049.47,288.478,302.114,15.329,14.2693,1.60733,1.60733,-60.4053,-15.1013
283.727,15.6003,58.0963,2.82054,43.4708,0.687984,-0.442289,-0.896873,0.288291,0.957543,18837,19545.3,20199.7,18957.7,20594.3,28503.3,1557.67,0,10845.3,19658.4,532.707,20169.9,1736.5,20647.5,8207.53,282.168,312.818,15.3936,14.5319,-4.178,-4.178,-25.2387,-6.30967
269.496,15.3189,58.0659,3.56885,41.9767,0.668828,-0.5,-0.866025,0.288291,0.957543,18509.3,18837,19545.3,20051.7,21434.7,18186,3560.67,0,8352.67,19272.8,653.1,20196.8,1707.78,21270.4,7416.27,281.856,322.385,15.4195,14.7761,-14.2307,-14.2307,-1.24933,-0.312333
267.243,15.2429,58.0263,2.84279,40.2584,0.646236,-0.55557,-0.83147,0.288291,0.957543,17099,18509.3,18837,20199.7,25171,19016.3,6516.33,0,7886.33,18497.7,890.107,20037.1,1890.65,21711.3,6816.27,277.092,330.938,15.4354,15.0076,-2.25333,-2.25333,-19.0547,-4.76367
250.194,15.3459,57.9158,3.18618,38.3384,0.620305,-0.608761,-0.793353,0.288291,0.957543,13647.7,17099,18509.3,19545.3,20488,19557,8504.33,0,8697.67,17023.2,2055.39,19544.6,2591.31,21925.7,6469.72,267.665,337.144,15.377,15.2312,-17.0487,-17.0487,-37.7107,-9.42767
211.771,15.3839,57.9187,3.10216,36.2385,0.591148,-0.659346,-0.75184,0.288291,0.957543,14772.7,13647.7,17099,18837,18957.7,20594.3,11389.7,0,8664.67,16007.2,1906.84,19059.5,2878.42,22066.6,6272.48,249.676,340.452,15.3229,15.4328,-38.4227,-38.4227,-71.9553,-17.9888
214.924,15.0982,58.1621,3.21529,33.9791,0.558891,-0.707107,-0.707107,0.288291,0.957543,16039.7,14772.7,13647.7,18509.3,20051.7,21434.7,13697,0,8150.33,15389.8,1299.96,18609.9,2893.61,22164.2,6158.67,236.033,342.696,15.2677,15.5974,3.15267,3.15267,-54.572,-13.643
235.989,15.025,58.2053,3.48884,31.5789,0.523672,-0.75184,-0.659346,0.288291,0.957543,13333,16039.7,14772.7,17099,20199.7,25171,20135.3,0,6305.67,14448.2,1063.32,17623.4,2476.48,21880.8,6397.42,228.22,344.592,15.2133,15.7347,21.0653,21.0653,-31.2533,-7.81333
205.037,14.8988,57.9688,3.60957,29.0547,0.485644,-0.793353,-0.608761,0.288291,0.957543,10559.7,13333,16039.7,13647.7,19545.3,20488,25781.3,0,5237.67,13676.2,2038.31,16796,2987.07,21246.6,6725.4,216.93,340.357,15.1015,15.8227,-30.9527,-30.9527,-45.1573,-11.2893
166.516,14.5099,59.2305,3.71929,26.4216,0.444974,-0.83147,-0.55557,0.288291,0.957543,8837.33,10559.7,13333,14772.7,18837,18957.7,30634.7,0,5628.67,12192.4,2739.74,15952.7,3619.44,20338.3,6866.59,205.617,329.693,14.883,15.8202,-38.5207,-38.5207,-45.2553,-11.3138
139.373,14.0945,60.5643,3.62118,23.6932,0.401838,-0.866025,-0.5,0.288291,0.957543,8491.67,8837.33,10559.7,16039.7,18509.3,20051.7,33786,0,5052.33,10305.4,1915.45,14989.3,3925.69,19284.4,6659.72,186.729,314.621,14.632,15.7474,-27.1427,-27.1427,-75.5507,-18.8877
123.652,13.696,61.3213,4.18326,20.8811,0.356429,-0.896873,-0.442289,0.288291,0.957543,11188.3,8491.67,8837.33,13333,17099,20199.7,34276.3,0,4431,9769.25,1133.49,14238.4,3713.33,18322.4,6065.7,158.645,298.993,14.2998,15.6331,-15.7213,-15.7213,-112.337,-28.0843
162.866,13.4303,62.5349,4.20605,17.996,0.308951,-0.92388,-0.382683,0.288291,0.957543,5555.67,11188.3,8491.67,10559.7,13647.7,19545.3,36717.3,0,3832.67,8518.25,2000.55,13072.6,4045.39,17024,5272.49,148.102,283.155,13.9327,15.4672,39.214,39.214,-42.1707,-10.5427
111.075,13.5725,62.0632,3.39172,15.0479,0.259626,-0.94693,-0.321439,0.288291,0.957543,2891.33,5555.67,11188.3,8837.33,14772.7,18837,28503.3,0,2428,7031.75,3111.69,11743.8,4524.22,15956.8,5430.64,134.242,259.313,13.6983,15.269,-51.791,-51.791,-55.441,-13.8603
64.4669,13.6464,63.3391,3.07145,12.0461,0.208698,-0.965926,-0.258819,0.288291,0.957543,2005.67,2891.33,5555.67,8491.67,16039.7,18509.3,18186,0,1184.33,5410.25,3582.72,10368.5,4760.81,15282.7,6077.83,115.515,235.8,13.5863,15.0362,-46.6081,-46.6081,-74.9064,-18.7266
0,9.08591,63.7106,6.34643,-11.7373,-0.203425,0.997859,-0.0654031,0.304719,0.952442,0,0,0,0,0,0,0,0,0,0,0,0,0,0,0,0,0,9.2272,10.62,0,0,0,0
0,8.97623,63.556,6.3215,-8.44439,-0.146849,0.991445,-0.130526,0.304719,0.952442,0,0,0,0,0,0,0,0,0,0,0,0,0,0,0,0,0,9.11878,10.5216,0,0,0,0
0,9.00086,63.0411,6.31537,-5.1761,-0.0902171,0.980785,-0.19509,0.304719,0.952442,0,0,0,0,0,0,0,0,0,0,0,0,0,0,0,0,0,9.05627,10.4228,0,0,0,0
0,8.98593,61.4773,5.82793,-1.93528,-0.0337705,0.965926,-0.258819,0.304719,0.952442,209.667,0,0,0,0,0,0,0,52,52.4167,90.7883,17.4722,57.9488,8.73611,41.8969,0,0,9.01223,10.3205,0,0,0,0
15.2695,8.93443,60.8913,5.18105,1.61055,0.0281058,0.94693,-0.321439,0.304719,0.952442,1271,209.667,0,0,0,0,0,0,215.667,370.167,527.093,123.389,350.797,61.6944,255.608,3.81737,0.636228,8.97436,10.2204,15.2695,15.2695,15.2695,3.81737
42.4279,9.06579,60.9242,5.22673,4.62567,0.0806455,0.92388,-0.382683,0.304719,0.952442,3308,1271,209.667,0,0,0,0,0,433,1197.17,1310.48,399.056,943.898,199.528,696.623,14.4243,2.40406,8.99675,10.1255,27.1584,27.1584,42.4279,10.607
77.9013,9.51665,57.3561,5.54637,7.70274,0.134034,0.896873,-0.442289,0.304719,0.952442,7372,3308,1271,0,0,0,0,0,1557.67,3040.17,2737.62,1013.39,2133.56,506.694,1591.47,33.8997,5.64994,9.1257,10.048,35.4735,35.4735,77.9013,19.4753
142.987,10.1124,55.8213,4.95979,10.7667,0.18681,0.866025,-0.5,0.304719,0.952442,9775.67,7372,3308,209.667,0,0,0,0,3560.67,5431.67,3333.78,1828.03,3193.9,914.014,2436.38,69.6464,11.6077,9.40732,9.99356,65.0857,65.0857,142.987,35.7468
184.505,11.1901,53.0281,5.62475,13.7942,0.238436,0.83147,-0.55557,0.304719,0.952442,12528.3,9775.67,7372,1271,0,0,0,0,6516.33,8246,3384.74,2872.06,4286.48,1436.03,3353.97,111.955,19.2955,9.97123,9.98611,41.5183,41.5183,169.236,42.309
237.531,12.062,51.3179,4.30066,16.773,0.288581,0.793353,-0.608761,0.304719,0.952442,14305.7,12528.3,9775.67,3308,0,0,0,0,8504.33,10995.4,2642.18,4064.19,5211.46,2032.1,4208.21,160.731,29.1926,10.7203,10.0159,53.026,53.026,195.103,48.7759
257.076,12.5989,50.0335,5.07985,19.6932,0.336984,0.75184,-0.659346,0.304719,0.952442,13973.7,14305.7,12528.3,7372,0,0,0,0,11389.7,12645.8,1786.75,5228.67,5710.51,2614.33,4810.38,205.525,39.9041,11.4908,10.0693,19.5447,19.5447,179.175,44.7937
241.977,12.6958,51.6831,3.28443,22.5453,0.383414,0.707107,-0.707107,0.304719,0.952442,18771.3,13973.7,14305.7,9775.67,209.667,0,0,0,13697,14894.8,2335.77,6792.94,6570.27,3396.47,5755.02,230.272,49.9865,12.1367,10.1337,-15.0993,-15.0993,98.9896,24.7474
292.839,12.8792,51.4187,2.69967,25.3191,0.427659,0.659346,-0.75184,0.304719,0.952442,16038,18771.3,13973.7,12528.3,1271,0,0,0,20135.3,15772.2,1900.72,8129.44,6682.77,4064.72,6233.11,257.356,62.1881,12.559,10.2166,50.8627,50.8627,108.334,27.0835
281.957,13.2931,51.2467,3.39989,28.0033,0.469522,0.608761,-0.793353,0.304719,0.952442,17896.7,16038,18771.3,14305.7,3308,0,0,0,25781.3,16669.9,1843.23,9620.83,6699.08,4810.42,6751.22,268.462,73.9363,12.8667,10.3212,-10.882,-10.882,44.426,11.1065
277.107,13.3679,51.0375,3.22179,30.5852,0.508819,0.55557,-0.83147,0.304719,0.952442,18442.3,17896.7,16038,13973.7,7372,0,0,0,30634.7,17787.1,1057.05,11157.7,6425.52,5578.85,7194.94,273.47,85.4825,13.059,10.4326,-4.85,-4.85,20.0313,5.00783
324.577,13.5621,50.7337,2.32287,33.0504,0.545377,0.5,-0.866025,0.304719,0.952442,19783,18442.3,17896.7,18771.3,9775.67,209.667,0,0,33786,18040,1344.29,12788.8,5902.39,6403.14,7628.73,294.12,99.0065,13.2756,10.5555,47.47,47.47,82.6007,20.6502
290.211,14.0511,50.2024,3.10657,35.383,0.579039,0.442289,-0.896873,0.304719,0.952442,29799.3,19783,18442.3,16038,12528.3,1271,0,0,34276.3,21480.3,4851.77,15166.2,6499.58,7644.78,8817.88,293.463,111.099,13.5685,10.7042,-34.366,-34.366,-2.628,-0.657
500.392,14.7709,47.2067,2.84321,37.5648,0.609659,0.382683,-0.92388,0.304719,0.952442,36588,29799.3,19783,17896.7,14305.7,3308,0,0,36717.3,26153.2,7453.46,17939.5,7815.14,9169.28,10387.5,348.072,131.948,13.938,10.8911,210.181,210.181,218.435,54.6087
591.079,16.2213,42.8385,2.54178,39.5762,0.637104,0.321439,-0.94693,0.304719,0.952442,34304.7,36588,29799.3,18442.3,13973.7,7372,0,0,28503.3,30118.8,6447.92,20183.9,8309.71,10598.6,11343.7,426.565,156.577,14.6513,11.1457,90.6867,90.6867,313.971,78.4928
594.814,17.5629,40.3471,2.88203,41.3957,0.661256,0.258819,-0.965926,0.304719,0.952442,35143,34304.7,36588,19783,18771.3,9775.67,0,0,18186,33958.8,2536.52,22297.8,8614.11,12062.9,12122.5,494.124,181.361,15.6516,11.4674,3.73533,3.73533,270.237,67.5592
593.735,17.8845,40.1255,2.59063,43.0009,0.68201,0.19509,-0.980785,0.304719,0.952442,36845.7,35143,34304.7,29799.3,16038,12528.3,0,0,19016.3,35720.3,1043.63,24324.3,8931.93,13598.2,12811.2,570.005,206.099,16.6099,11.8184,-1.07867,-1.07867,303.524,75.881
609.94,18.2816,39.1853,2.85573,44.3692,0.699279,0.130526,-0.991445,0.304719,0.952442,38304,36845.7,35143,36588,17896.7,14305.7,0,0,19557,36149.3,1544.58,26324.1,9148.86,15194.2,13390.5,597.392,231.514,17.4876,12.188,16.2047,16.2047,109.548,27.387
624.643,18.7385,38.1309,3.14433,45.4784,0.712986,0.0654031,-0.997859,0.304719,0.952442,38170,38304,36845.7,34304.7,18442.3,13973.7,0,0,20594.3,37115.7,1273.58,28340.5,8866.71,16784.6,13753.3,605.783,257.54,18.1169,12.5833,14.7027,14.7027,33.564,8.391
635.003,19.2621,37.395,3.27349,46.3088,0.723073,1.22465e-16,-1,0.304719,0.952442,38425.3,38170,38304,35143,19783,18771.3,0,0,21434.7,37936.2,636.091,29978.3,8762.45,18385.6,13941.5,615.83,283.999,18.5417,13.0042,10.3607,10.3607,40.1893,10.0473
644.895,19.7717,36.5987,2.80971,46.8443,0.729497,-0.0654031,-0.997859,0.304719,0.952442,38619.7,38425.3,38170,36845.7,29799.3,16038,0,0,25171,38379.8,165.357,31860.1,7954.1,19994.8,13955.3,628.62,310.87,19.0135,13.4494,9.89133,9.89133,51.1593,12.7898
652.307,20.4677,35.3533,2.74981,47.0737,0.732231,-0.130526,-0.991445,0.304719,0.952442,38365,38619.7,38425.3,38304,36588,17896.7,0,0,20488,38395,160.406,33565.8,6901.9,21593.3,13769.4,639.212,338.049,19.56,13.9282,7.412,7.412,42.3667,10.5917
652.123,20.5919,35.099,2.55062,46.9922,0.731261,-0.19509,-0.980785,0.304719,0.952442,38147.7,38365,38619.7,38170,34304.7,18442.3,0,0,18957.7,38389.4,168.333,35207.9,5256.33,23182.8,13381.4,646.082,365.221,20.0233,14.4112,-0.184,-0.184,27.48,6.87
646.813,20.9726,36.2246,2.99167,46.6015,0.726593,-0.258819,-0.965926,0.304719,0.952442,38316.3,38147.7,38365,38425.3,35143,19783,209.667,0,20051.7,38362.2,169.134,36752.4,2494.29,24770.6,12809.9,649.034,392.171,20.451,14.9106,-5.31,-5.31,11.8093,2.95233
639.223,21.3821,36.1175,2.50265,45.9099,0.718246,-0.321439,-0.94693,0.304719,0.952442,37422,38316.3,38147.7,38619.7,36845.7,29799.3,1271,0,20199.7,38062.8,378.626,37387.6,1351.52,26276.9,12061.7,647.616,418.169,20.8536,15.4293,-7.59,-7.59,-5.672,-1.418
627.711,21.4555,36.2459,2.49442,44.9312,0.706257,-0.382683,-0.92388,0.304719,0.952442,36019,37422,38316.3,38365,38304,36588,3308,0,19545.3,37476.2,905.961,37340.2,1388.23,27639.8,11207.1,641.467,442.556,21.1005,15.9455,-11.5113,-11.5113,-24.5953,-6.14883
612.113,21.9457,35.5669,1.867,43.6837,0.690676,-0.442289,-0.896873,0.304719,0.952442,34437,36019,37422,38147.7,38170,34304.7,7372,0,18837,36548.6,1468.59,37351.2,1364.39,28767.6,10446.8,631.465,464.815,21.439,16.4634,-15.5987,-15.5987,-40.01,-10.0025
594.215,21.4361,37.3465,1.35325,42.1885,0.671571,-0.5,-0.866025,0.304719,0.952442,32822,34437,36019,38316.3,38425.3,35143,9775.67,0,18509.3,35175,1720.65,37157.8,1768.41,29727.8,9688.64,618.315,483.616,21.5549,16.9352,-17.8973,-17.8973,-52.5973,-13.1493
571.302,21.2471,38.1698,1.61701,40.4681,0.649024,-0.55557,-0.83147,0.304719,0.952442,31084,32822,34437,37422,38619.7,36845.7,12528.3,0,17099,33590.5,1836.25,36677.7,2441.9,30501,9001.26,601.335,499.733,21.5211,17.3543,-22.9133,-22.9133,-67.9207,-16.9802
544.475,19.9682,40.8073,1.49885,38.5452,0.623132,-0.608761,-0.793353,0.304719,0.952442,28988,31084,32822,36019,38365,38304,14305.7,0,13647.7,31832.8,2025.71,35901.3,3172.91,31112.7,8355.55,580.526,512.522,21.1493,17.6837,-26.8267,-26.8267,-83.236,-20.809
515.987,21.5838,36.8751,1.25838,36.4418,0.594007,-0.659346,-0.75184,0.304719,0.952442,26364.7,28988,31084,34437,38147.7,38170,13973.7,0,14772.7,29814.7,2410.45,34917.6,4031.08,31629,7632.07,556.495,523.31,21.0588,18.0581,-28.488,-28.488,-96.1253,-24.0313
488.151,22.2111,35.1469,1.74079,34.1785,0.561773,-0.707107,-0.707107,0.304719,0.952442,24036.7,26364.7,28988,32822,38316.3,38425.3,18771.3,0,16039.7,27618.3,2659.27,33718.5,4863.4,31848.4,7328.97,529.979,533.567,21.2526,18.4545,-27.8367,-27.8367,-106.065,-26.5162
453.28,22.4185,35.1111,1.39964,31.7741,0.526571,-0.75184,-0.659346,0.304719,0.952442,21757.3,24036.7,26364.7,31084,37422,38619.7,16038,0,13333,25286.7,2687.04,32313.3,5621.28,32086.7,6890.9,500.473,540.252,21.5454,18.852,-34.8707,-34.8707,-118.022,-29.5055
412.738,20.2152,42.6425,1.92576,29.2456,0.488553,-0.793353,-0.608761,0.304719,0.952442,19228.3,21757.3,24036.7,28988,36019,38365,17896.7,0,10559.7,22846.8,2649.12,30718.6,6346,32142.2,6780.9,467.539,545.701,21.6071,19.1404,-40.542,-40.542,-131.737,-32.9343
360.315,16.9156,53.0021,2.35849,26.6081,0.447885,-0.83147,-0.55557,0.304719,0.952442,17010.7,19228.3,21757.3,26364.7,34437,38147.7,18442.3,0,8837.33,20508.2,2640.13,28957.2,6944.7,32082.6,6906.3,428.621,549.168,20.4401,19.2882,-52.4233,-52.4233,-155.673,-38.9182
311.493,15.5839,58.7995,2.42725,23.8751,0.404745,-0.866025,-0.5,0.304719,0.952442,13979,17010.7,19228.3,24036.7,32822,38316.3,19783,0,8491.67,17993.8,2862.4,26929.1,7450.61,31840.7,7415.59,384.456,548.623,18.7833,19.3725,-48.822,-48.822,-176.658,-44.1645
175.362,14.8641,60.8253,1.95759,21.0586,0.359323,-0.896873,-0.442289,0.304719,0.952442,10798.3,13979,17010.7,21757.3,31084,37422,29799.3,0,11188.3,15254.1,3176.47,24710.4,7943.39,31049,8522.9,314.977,543.838,16.8947,19.4064,-136.131,-136.131,-277.918,-69.4796
47.9659,14.7352,62.4078,1.76865,18.1692,0.311825,-0.92388,-0.382683,0.304719,0.952442,8051.33,10798.3,13979,19228.3,28988,36019,36588,0,5555.67,12459.8,3362.05,22379.8,8374.7,29860,9590.88,223.784,524.987,15.5247,19.4049,-127.396,-127.396,-364.772,-91.193
44.2784,14.5253,62.6569,1.56575,15.2167,0.26247,-0.94693,-0.321439,0.304719,0.952442,6062.33,8051.33,10798.3,17010.7,26364.7,34437,34304.7,0,2891.33,9722.75,2977.62,20015.2,8638.17,28683.2,10647.7,144.775,502.203,14.9271,19.3342,-3.68753,-3.68753,-316.036,-79.0091
40.4487,14.2832,63.1079,1.68702,12.2105,0.211505,-0.965926,-0.258819,0.304719,0.952442,4147.33,6062.33,8051.33,13979,24036.7,32822,35143,0,2005.67,7264.83,2463.18,17625.7,8730.56,27391.7,11621.1,77.0137,479.105,14.6019,19.1976,-3.82967,-3.82967,-271.044,-67.761
0,11.9441,69.3815,2.93822,-11.7395,-0.203463,0.997859,-0.0654031,0.321058,0.94706,0,0,0,0,0,0,0,0,0,0,0,0,0,0,0,0,0,11.8601,12.0223,0,0,0,0
0,11.8239,70.1131,2.4178,-8.44239,-0.146815,0.991445,-0.130526,0.321058,0.94706,0,0,0,0,0,0,0,0,0,0,0,0,0,0,0,0,0,11.8535,12.0095,0,0,0,0
0,11.6822,71.6507,2.82194,-5.16964,-0.0901049,0.980785,-0.19509,0.321058,0.94706,0,0,0,0,0,0,0,0,0,0,0,0,0,0,0,0,0,11.8217,11.9841,0,0,0,0
0,11.603,73.2476,2.87283,-1.92411,-0.0335757,0.965926,-0.258819,0.321058,0.94706,157,0,0,0,0,0,0,0,209.667,39.25,67.983,13.0833,43.3925,6.54167,31.3727,0,0,11.7633,11.9529,0,0,0,0
10.5225,11.5897,74.2388,2.68487,1.62532,0.0283633,0.94693,-0.321439,0.321058,0.94706,966.333,157,0,0,0,0,0,0,1271,280.833,400.93,93.6111,266.66,46.8056,194.28,2.63062,0.438436,11.6747,11.9228,10.5225,10.5225,10.5225,2.63062
31.0172,11.671,74.5553,2.82029,4.64653,0.0810084,0.92388,-0.382683,0.321058,0.94706,2411,966.333,157,0,0,0,0,0,3308,883.583,955.051,294.528,691.039,147.264,510.347,10.3849,1.73082,11.6365,11.9025,20.4947,20.4947,31.0172,7.7543
53.0875,12.1814,73.0855,2.51543,7.72949,0.134496,0.896873,-0.442289,0.321058,0.94706,4190.33,2411,966.333,0,0,0,0,0,7372,1931.17,1534,643.722,1270.1,321.861,954.026,23.6568,3.9428,11.7613,11.905,22.0703,22.0703,53.0875,13.2719
95.3794,13.0711,69.1011,2.73767,10.7995,0.187373,0.866025,-0.5,0.321058,0.94706,6271.67,4190.33,2411,157,0,0,0,0,9775.67,3459.83,1984.79,1166.36,1986.19,583.181,1520.71,47.5016,7.91694,12.1283,11.947,42.2919,42.2919,95.3794,23.8449
137.091,14.2701,64.4829,2.49829,13.8335,0.239102,0.83147,-0.55557,0.321058,0.94706,8315,6271.67,4190.33,966.333,0,0,0,0,12528.3,5297,2214.27,1859.28,2758.63,929.639,2160.84,79.1439,13.6291,12.7984,12.0386,41.7119,41.7119,126.569,31.6422
179.217,15.5173,59.929,2.26295,16.8192,0.289352,0.793353,-0.608761,0.321058,0.94706,11410,8315,6271.67,2411,0,0,0,0,14305.7,7546.75,2664.88,2810.11,3744.23,1405.06,2997.3,116.194,21.0964,13.7599,12.1803,42.1253,42.1253,148.199,37.0499
223.043,16.4678,57.4834,1.98957,19.7467,0.337862,0.75184,-0.659346,0.321058,0.94706,14650.3,11410,8315,4190.33,0,0,0,0,13973.7,10161.8,3172.09,4030.97,4853.17,2015.49,3979.8,158.683,30.3899,14.8315,12.3639,43.8267,43.8267,169.956,42.489
278.065,17.0927,55.9382,2.02735,22.6065,0.3844,0.707107,-0.707107,0.321058,0.94706,17594,14650.3,11410,6271.67,157,0,0,0,18771.3,12992.3,3475.11,5497.14,5948.04,2748.57,5024.36,204.354,41.976,15.837,12.5699,55.022,55.022,182.686,45.6715
323.021,17.6347,53.9557,2.13857,25.3885,0.428754,0.659346,-0.75184,0.321058,0.94706,20208,17594,14650.3,8315,966.333,0,0,0,16038,15965.6,3283.79,7181.14,6932.48,3590.57,6076.33,250.837,55.4352,16.6781,12.7922,44.9553,44.9553,185.929,46.4823
356.356,17.99,52.1115,2.95453,28.0815,0.470727,0.608761,-0.793353,0.321058,0.94706,23188.7,20208,17594,11410,2411,0,0,0,17896.7,18910.2,3157.07,9113.53,7834.61,4556.76,7173.19,295.121,70.2833,17.2963,13.0323,33.3353,33.3353,177.139,44.2848
387.689,18.4158,49.8,2.98978,30.6728,0.510134,0.55557,-0.83147,0.321058,0.94706,25760.7,23188.7,20208,14650.3,4190.33,0,0,0,18442.3,21687.8,3073.67,11260.2,8540.8,5630.12,8256.57,336.283,86.437,17.7833,13.2943,31.3333,31.3333,164.646,41.1615
425.796,18.988,48.1233,2.40899,33.1479,0.546803,0.5,-0.866025,0.321058,0.94706,28155.3,25760.7,23188.7,17594,6271.67,157,0,0,19783,24328.2,2956.92,13593.4,9000.83,6803.26,9306.72,373.216,104.179,18.2571,13.5846,38.1067,38.1067,147.731,36.9327
461.841,20.0725,45.4815,2.09066,35.4909,0.580574,0.442289,-0.896873,0.321058,0.94706,30390.7,28155.3,25760.7,20208,8315,966.333,0,0,29799.3,26873.8,2684.68,16045.5,9231.89,8069.54,10308.5,407.921,123.422,18.8666,13.9284,36.0447,36.0447,138.82,34.705
494.069,20.6581,44.0125,2.23573,37.6837,0.611302,0.382683,-0.92388,0.321058,0.94706,31381.3,30390.7,28155.3,23188.7,11410,2411,0,0,36588,28922,2167.21,18459.7,9138.21,9377.1,11157.3,442.349,144.008,19.5336,14.3053,32.2287,32.2287,137.713,34.4283
522.079,21.0962,42.8403,2.02777,39.7064,0.638853,0.321439,-0.94693,0.321058,0.94706,32674,31381.3,30390.7,25760.7,14650.3,4190.33,0,0,34304.7,30650.3,1652.43,20833.3,8817.15,10738.5,11898.8,475.946,165.761,20.2037,14.7018,28.01,28.01,134.39,33.5975
547.852,21.4906,42.2249,1.91368,41.5375,0.66311,0.258819,-0.965926,0.321058,0.94706,33891.3,32674,31381.3,28155.3,17594,6271.67,0,0,35143,32084.3,1320.57,23134.9,8305.65,12150.7,12534.7,506.46,188.589,20.8293,15.1072,25.7727,25.7727,122.056,30.514
569.712,22.1428,40.827,1.89123,43.1544,0.683966,0.19509,-0.980785,0.321058,0.94706,35521.7,33891.3,32674,30390.7,20208,8315,0,0,36845.7,33367.1,1528.12,25402.2,7637.21,13630.7,13097.2,533.428,212.327,21.3469,15.5375,21.86,21.86,107.871,26.9678
589.025,22.5029,39.8271,1.96006,44.5341,0.701333,0.130526,-0.991445,0.321058,0.94706,36843,35521.7,33891.3,31381.3,23188.7,11410,0,0,38304,34732.5,1582.88,27521.6,6959,15165.8,13560.5,557.167,236.869,21.8081,15.9813,19.3133,19.3133,94.956,23.739
605.053,22.7103,40.1989,1.73517,45.6543,0.715136,0.0654031,-0.997859,0.321058,0.94706,37159.3,36843,35521.7,32674,25760.7,14650.3,0,0,38170,35853.8,1288.85,29397.3,6232.49,16714.2,13858.6,577.911,262.08,22.2117,16.4355,16.0273,16.0273,82.9733,20.7433
616.365,22.9355,40.6223,1.81392,46.495,0.725315,1.22465e-16,-1,0.321058,0.94706,37451.3,37159.3,36843,33891.3,28155.3,17594,0,0,38425.3,36743.8,737.685,31052.1,5468.21,18274.6,13996.6,595.039,287.762,22.5729,16.898,11.312,11.312,68.5127,17.1282
624.096,22.1064,43.0235,1.16519,47.0397,0.731826,-0.0654031,-0.997859,0.321058,0.94706,37417.7,37451.3,37159.3,35521.7,30390.7,20208,0,0,38619.7,37217.8,244.12,32486.2,4628.36,19833.7,13958.1,608.635,313.766,22.5638,17.3214,7.73133,7.73133,54.384,13.596
621.973,19.6999,49.8338,2.11357,47.277,0.734642,-0.130526,-0.991445,0.321058,0.94706,37593,37417.7,37451.3,36843,31381.3,23188.7,0,0,38365,37405.3,156.528,33686.6,3866.57,21400.1,13752.3,616.872,339.681,21.863,17.6496,-2.12267,-2.12267,32.948,8.237
611.775,18.9062,54.7182,2.77697,47.2018,0.733751,-0.19509,-0.980785,0.321058,0.94706,37594.3,37593,37417.7,37159.3,32674,25760.7,0,0,38147.7,37514.1,80.4695,34672.8,3164.71,22966.5,13361,618.552,365.172,20.912,17.9506,-10.1987,-10.1987,6.722,1.6805
601.461,18.5369,55.6879,3.53067,46.8156,0.729155,-0.258819,-0.965926,0.321058,0.94706,37686,37594.3,37593,37451.3,33891.3,28155.3,157,0,38316.3,37572.8,97.1492,35467,2569.34,24530.2,12783.6,614.826,390.233,19.8124,18.2395,-10.314,-10.314,-14.904,-3.726
590.391,19.029,54.3456,3.1067,46.1268,0.720875,-0.321439,-0.94693,0.321058,0.94706,37040.3,37686,37594.3,37417.7,35521.7,30390.7,966.333,0,37422,37478.4,255.722,36021.1,2086.46,26033.3,12022.8,606.4,414.394,19.043,18.5495,-11.07,-11.07,-33.7053,-8.42633
580.082,19.162,52.1534,3.16326,45.1493,0.708947,-0.382683,-0.92388,0.321058,0.94706,35653.3,37040.3,37686,37593,36843,31381.3,2411,0,36019,36993.5,812.219,36377.1,1563.29,27418.4,11101.1,595.927,437.272,18.9085,18.8616,-10.3087,-10.3087,-41.8913,-10.4728
566.749,18.8377,52.9247,3.41725,43.9016,0.693421,-0.442289,-0.896873,0.321058,0.94706,34054,35653.3,37040.3,37594.3,37159.3,32674,4190.33,0,34437,36108.4,1395.08,36492.1,1318.19,28662.7,10051.8,584.67,458.674,18.8914,19.1389,-13.3333,-13.3333,-45.026,-11.2565
548.135,18.7855,54.9729,3.49121,42.4049,0.674365,-0.5,-0.866025,0.321058,0.94706,32221.3,34054,35653.3,37686,37451.3,33891.3,6271.67,0,32822,34742.2,1798.61,36352.9,1635.41,29743.9,8916.73,571.339,477.539,18.9536,19.377,-18.614,-18.614,-53.326,-13.3315
528.807,18.7099,55.2681,3.06335,40.682,0.65186,-0.55557,-0.83147,0.321058,0.94706,30442,32221.3,34054,37040.3,37417.7,35521.7,8315,0,31084,33092.7,1953.61,35929.6,2312.87,30665.9,7716.54,555.943,493.86,18.8738,19.562,-19.328,-19.328,-61.584,-15.396
505.91,18.3931,56.0569,2.06214,38.7558,0.626003,-0.608761,-0.793353,0.321058,0.94706,28306.3,30442,32221.3,35653.3,37593,36843,11410,0,28988,31255.9,2128.6,35218.2,3101.08,31369.9,6620.56,537.4,507.473,18.6815,19.6819,-22.8967,-22.8967,-74.172,-18.543
478.591,18.6214,55.7048,2.31158,36.6486,0.596905,-0.659346,-0.75184,0.321058,0.94706,25846.7,28306.3,30442,34054,37594.3,37159.3,14650.3,0,26364.7,29204.1,2382.98,34275.5,3966.47,31836.4,5765.21,515.361,518.12,18.6275,19.7716,-27.3187,-27.3187,-88.1573,-22.0393
446.711,18.7339,56.8229,2.23073,34.381,0.564693,-0.707107,-0.707107,0.321058,0.94706,23429,25846.7,28306.3,32221.3,37686,37451.3,17594,0,24036.7,27006,2628.5,33107,4830.2,32079.6,5260.39,490.005,525.147,18.6146,19.84,-31.88,-31.88,-101.423,-25.3558
413.369,18.7437,55.9105,1.96054,31.972,0.529505,-0.75184,-0.659346,0.321058,0.94706,20882.7,23429,25846.7,30442,37040.3,37417.7,20208,0,21757.3,24616.2,2760.43,31729.1,5686.53,32107.7,5198.32,461.146,528.912,18.6231,19.8862,-33.342,-33.342,-115.437,-28.8593
372.732,18.4185,57.7345,2.33666,29.4388,0.491494,-0.793353,-0.608761,0.321058,0.94706,18290,20882.7,23429,28306.3,35653.3,37593,23188.7,0,19228.3,22112.1,2819.63,30120.5,6475.67,31903.6,5623.31,427.851,529.594,18.6294,19.904,-40.6373,-40.6373,-133.178,-33.2945
327.823,17.4275,62.8565,1.9959,26.7966,0.450825,-0.83147,-0.55557,0.321058,0.94706,15988.7,18290,20882.7,25846.7,34054,37594.3,25760.7,0,17010.7,19647.6,2786.36,28320,7119,31496.4,6359.01,390.159,527.1,18.3309,19.8629,-44.9093,-44.9093,-150.769,-37.6922
284.844,16.3853,67.0233,2.05795,24.059,0.407677,-0.866025,-0.5,0.321058,0.94706,13056.3,15988.7,18290,23429,32221.3,37686,28155.3,0,13979,17054.4,2885.42,26267.6,7653.26,30867.3,7331.05,349.692,521.227,17.7437,19.7544,-42.9787,-42.9787,-161.867,-40.4668
180.798,15.8769,69.1993,1.57031,21.2378,0.362239,-0.896873,-0.442289,0.321058,0.94706,10351.3,13056.3,15988.7,20882.7,30442,37040.3,30390.7,0,10798.3,14421.6,2993.8,24043.5,8066.31,30032.3,8400.91,291.549,509.517,17.027,19.5796,-104.046,-104.046,-232.571,-58.1427
54.5977,15.6474,71.0878,1.34498,18.3437,0.314717,-0.92388,-0.382683,0.321058,0.94706,7930.33,10351.3,13056.3,18290,28306.3,35653.3,31381.3,0,8051.33,11831.7,3008,21733.2,8374.47,29055.2,9481.49,212.016,491.205,16.3342,19.3708,-126.201,-126.201,-318.134,-79.5336
48.1494,15.5126,71.5571,1.29135,15.3866,0.265331,-0.94693,-0.321439,0.321058,0.94706,5963.67,7930.33,10351.3,15988.7,25846.7,34054,32674,0,6062.33,9325.42,2656.12,19392.4,8527.91,27942.2,10503.9,142.097,471.458,15.8555,19.1382,-6.44827,-6.44827,-279.673,-69.9183
42.1567,15.5079,71.6507,1.11753,12.3759,0.214325,-0.965926,-0.258819,0.321058,0.94706,4088.33,5963.67,7930.33,13056.3,23429,32221.3,33891.3,0,4147.33,7083.42,2324.91,17047.9,8545.85,26700.4,11446.6,81.4256,450.388,15.6362,18.8889,-5.99273,-5.99273,-242.687,-60.6718
0,13.9004,62.5678,3.08296,-11.737,-0.203419,0.997859,-0.0654031,0.337301,0.941397,0,0,0,0,0,0,0,0,0,0,0,0,0,0,0,0,0,14.2358,15.23,0,0,0,0
0,13.9133,61.7087,3.06118,-8.43557,-0.146697,0.991445,-0.130526,0.337301,0.941397,0,0,0,0,0,0,0,0,0,0,0,0,0,0,0,0,0,14.1246,15.1605,0,0,0,0
0,13.8431,62.6425,3.82826,-5.15832,-0.0899081,0.980785,-0.19509,0.337301,0.941397,0,0,0,0,0,0,0,0,0,0,0,0,0,0,0,0,0,13.9925,15.0816,0,0,0,0
0,13.6826,60.0444,3.16238,-1.90801,-0.033295,0.965926,-0.258819,0.337301,0.941397,59,0,0,0,0,0,0,0,157,14.75,25.5478,4.91667,16.3067,2.45833,11.7898,0,0,13.8349,14.9988,0,0,0,0
9.16627,13.6549,57.2538,3.61691,1.64465,0.0287006,0.94693,-0.321439,0.337301,0.941397,267.333,59,0,0,0,0,0,0,966.333,81.5833,109.914,27.1944,74.2034,13.5972,54.2029,2.29157,0.381928,13.7735,14.9104,9.16627,9.16627,9.16627,2.29157
19.4662,13.6616,56.3081,4.71521,4.67231,0.0814569,0.92388,-0.382683,0.337301,0.941397,451.667,267.333,59,0,0,0,0,0,2411,194.5,178.627,64.8333,137.995,32.4167,102.821,7.15812,1.19302,13.7106,14.8195,10.2999,10.2999,19.4662,4.86655
23.0739,13.7565,55.1311,5.65605,7.7613,0.135046,0.896873,-0.442289,0.337301,0.941397,1484.33,451.667,267.333,0,0,0,0,0,4190.33,565.583,548.329,188.528,413.892,94.2639,307.472,12.9266,2.15443,13.6889,14.7313,3.60773,3.60773,23.0739,5.76848
35.3255,13.7371,54.5072,5.69859,10.8375,0.188025,0.866025,-0.5,0.337301,0.941397,1192,1484.33,451.667,59,0,0,0,0,6271.67,848.833,504.358,287.861,492.332,143.931,376.711,21.758,3.62633,13.7025,14.6401,12.2516,12.2516,35.3255,8.83138
34.707,13.7379,54.7095,5.55291,13.8781,0.239857,0.83147,-0.55557,0.337301,0.941397,1138.67,1192,1484.33,267.333,0,0,0,0,8315,1066.67,378.67,382.75,535.541,191.375,424.295,28.1432,5.07246,13.7233,14.5492,-0.618533,-0.618533,25.5407,6.38518
30.4734,13.6759,56.1538,5.39633,16.8706,0.290212,0.793353,-0.608761,0.337301,0.941397,2327,1138.67,1192,451.667,0,0,0,0,11410,1535.5,475.542,576.667,742.968,288.333,599.28,30.895,6.34218,13.7268,14.4606,-4.2336,-4.2336,11.0072,2.7518
45.6111,13.6229,58.1457,4.89657,19.8055,0.338829,0.75184,-0.659346,0.337301,0.941397,5051.67,2327,1138.67,1484.33,0,0,0,0,14650.3,2427.33,1587.76,997.639,1419.81,498.819,1121.05,36.5293,8.24264,13.6934,14.3766,15.1377,15.1377,22.5371,5.63428
74.8566,13.5385,59.1047,4.70403,22.6732,0.385475,0.707107,-0.707107,0.337301,0.941397,6686.33,5051.67,2327,1192,59,0,0,0,17594,3800.92,2188.04,1554.83,2078.28,777.417,1662.53,46.412,11.3617,13.6438,14.2929,29.2455,29.2455,39.5311,9.88277
105.167,13.8005,59.098,4.14264,25.4636,0.429938,0.659346,-0.75184,0.337301,0.941397,6743.33,6686.33,5051.67,1138.67,267.333,0,0,0,20208,5202.08,1793.54,2116.78,2458.73,1058.39,2035.41,64.0269,15.7436,13.6595,14.2275,30.3099,30.3099,70.4595,17.6149
91.1998,14.0738,58.9608,3.10581,28.1655,0.47202,0.608761,-0.793353,0.337301,0.941397,7839,6743.33,6686.33,2327,451.667,0,0,0,23188.7,6580.08,994.845,2770.03,2823.81,1385.01,2430.06,79.2085,19.5436,13.7589,14.1739,-13.9667,-13.9667,60.7264,15.1816
120.326,14.5371,57.6443,2.04989,30.7662,0.511537,0.55557,-0.83147,0.337301,0.941397,7696.33,7839,6743.33,5051.67,1484.33,0,0,0,25760.7,7241.25,529.211,3411.39,2990.9,1705.69,2717.01,97.8872,24.5572,13.9875,14.1403,29.1262,29.1262,74.7149,18.6787
119.894,14.8036,54.9679,2.91564,33.2514,0.548314,0.5,-0.866025,0.337301,0.941397,12450.7,7696.33,7839,6686.33,1192,59,0,0,28155.3,8682.33,2216.05,4444.03,3708.32,2224.47,3435.46,109.146,29.5527,14.3037,14.123,-0.4324,-0.4324,45.037,11.2592
164.979,14.8975,55.7545,3.54929,35.605,0.582194,0.442289,-0.896873,0.337301,0.941397,16921.7,12450.7,7696.33,6743.33,1138.67,267.333,0,0,30390.7,11226.9,3803.64,5831.89,4831.78,2929.54,4483.24,124.1,36.4269,14.578,14.1154,45.0851,45.0851,59.8121,14.953
239.045,15.5447,52.6041,4.62015,37.8088,0.613028,0.382683,-0.92388,0.337301,0.941397,20011.7,16921.7,12450.7,7839,2327,451.667,0,0,31381.3,14270.1,4650.84,7461.89,5918.82,3763.36,5586.13,161.061,46.3871,14.9457,14.1398,74.066,74.066,147.845,36.9612
283.729,16.4698,49.5326,4.56174,39.8429,0.640684,0.321439,-0.94693,0.337301,0.941397,19428,20011.7,16921.7,7696.33,5051.67,1484.33,0,0,32674,17203,2979.22,8957.19,6461.52,4572.86,6339.06,201.912,58.2091,15.4289,14.2054,44.6847,44.6847,163.403,40.8508
293.472,17.3127,47.8119,3.87385,41.6856,0.665043,0.258819,-0.965926,0.337301,0.941397,21718,19428,20011.7,12450.7,6686.33,1192,0,0,33891.3,19519.8,1719.94,10667.7,6882.62,5477.78,7123.32,245.306,70.4371,16.0562,14.3186,9.74267,9.74267,173.578,43.3946
307.869,17.8525,47.0136,3.98658,43.3143,0.685999,0.19509,-0.980785,0.337301,0.941397,19202.3,21718,19428,16921.7,6743.33,1138.67,0,0,35521.7,20090,985.23,12173,6603.6,6277.88,7529.92,281.029,83.265,16.7949,14.4608,14.3973,14.3973,142.891,35.7227
278.929,18.3486,47.4538,2.7852,44.7055,0.703463,0.130526,-0.991445,0.337301,0.941397,18398,19202.3,21718,20011.7,7839,2327,0,0,36843,19686.6,1233.74,13512.2,6079.85,7044.46,7784,291,94.887,17.4959,14.6271,-28.9407,-28.9407,39.884,9.971
263.633,18.7496,47.7005,1.49244,45.8368,0.717359,0.0654031,-0.997859,0.337301,0.941397,19721.7,18398,19202.3,19428,7696.33,5051.67,0,0,37159.3,19760,1224.87,14734.8,5719.97,7866.19,8033.93,285.976,105.872,18.0658,14.8095,-15.2953,-15.2953,-20.096,-5.024
293.553,19.0487,49.3345,1.26886,46.6878,0.727627,1.22465e-16,-1,0.337301,0.941397,25382.3,19721.7,18398,21718,12450.7,6686.33,0,0,37451.3,20676.1,2757.78,16292.8,5860.05,8923.79,8580.87,285.996,118.103,18.4998,15.0068,29.9193,29.9193,0.0806667,0.0201667
372.832,19.397,48.106,1.43555,47.2416,0.734223,-0.0654031,-0.997859,0.337301,0.941397,27428.3,25382.3,19721.7,19202.3,16921.7,6743.33,0,0,37417.7,22732.6,3772.45,18016.5,5839.78,10066.6,9125.49,302.237,133.638,18.886,15.2359,79.2793,79.2793,64.9627,16.2407
429.259,20.398,45.6729,1.93929,47.4866,0.737119,-0.130526,-0.991445,0.337301,0.941397,45397.7,27428.3,25382.3,18398,20011.7,7839,0,0,37593,29482.5,9612.46,21146.4,8840.38,11958.2,11291,339.819,151.524,19.3983,15.506,56.4273,56.4273,150.331,37.5827
685.044,21.9087,41.6519,2.04047,47.4174,0.736303,-0.19509,-0.980785,0.337301,0.941397,22378.7,45397.7,27428.3,19721.7,19428,7696.33,0,0,37594.3,30146.8,8986.42,22369.9,7855.35,12890.7,11188.5,445.172,180.067,20.1881,15.8421,255.785,255.785,421.411,105.353
400.607,23.3246,37.5681,2.17969,47.0356,0.731777,-0.258819,-0.965926,0.337301,0.941397,23338,22378.7,45397.7,25382.3,21718,12450.7,59,0,37686,29635.7,9295.67,23277.2,7263.76,13860.6,11042.1,471.935,196.759,21.2571,16.2439,-284.437,-284.437,107.054,26.7635
350.58,22.3384,41.1377,1.6014,46.3493,0.723561,-0.321439,-0.94693,0.337301,0.941397,36719.7,23338,22378.7,27428.3,19202.3,16921.7,267.333,0,37040.3,31958.5,9609.45,24927,7857.01,15379.5,11562.7,466.372,210.985,21.9924,16.6057,-50.0267,-50.0267,-22.252,-5.563
500.323,22.304,41.9387,1.73053,45.3727,0.711691,-0.382683,-0.92388,0.337301,0.941397,38367.7,36719.7,23338,45397.7,18398,20011.7,451.667,0,35653.3,30201,7373.55,26456.7,8510.79,16959.3,11997.2,484.138,231.02,22.4689,16.9658,149.743,149.743,71.0633,17.7658
636.243,23.8151,38.1763,1.76972,44.1243,0.696217,-0.442289,-0.896873,0.337301,0.941397,30200.7,38367.7,36719.7,22378.7,19721.7,19428,1484.33,0,34054,32156.5,5937.01,27354.4,8287.27,18155.8,11825,471.938,256.569,22.9455,17.3849,135.921,135.921,-48.8007,-12.2002
587.429,25.3061,35.25,1.83729,42.6257,0.677206,-0.5,-0.866025,0.337301,0.941397,32289,30200.7,38367.7,23338,25382.3,21718,1192,0,32221.3,34394.2,3286.86,28235.3,8202.72,19451.5,11596.7,518.644,279.573,23.4409,17.8669,-48.814,-48.814,186.823,46.7057
574.6,25.6299,35.0743,1.49283,40.8999,0.65474,-0.55557,-0.83147,0.337301,0.941397,28253.7,32289,30200.7,36719.7,27428.3,19202.3,1138.67,0,30442,32277.8,3794.56,28989.6,7740.55,20581.3,11066.2,574.649,302.069,24.2638,18.3624,-12.8293,-12.8293,224.02,56.005
563.105,25.7899,35.3524,1.47575,38.9701,0.628915,-0.608761,-0.793353,0.337301,0.941397,29056,28253.7,32289,38367.7,45397.7,18398,2327,0,28306.3,29949.8,1517.44,29877.8,7055.43,21695,10503.8,590.344,324.262,25.1352,18.8672,-11.4953,-11.4953,62.782,15.6955
531.439,25.6617,35.7593,1.69487,36.8586,0.599843,-0.659346,-0.75184,0.337301,0.941397,26652.7,29056,28253.7,30200.7,22378.7,19721.7,5051.67,0,25846.7,29062.8,2053.77,30455.4,6458.85,22595.1,9949.96,564.143,344.505,25.5969,19.3688,-31.6653,-31.6653,-104.804,-26.201
501.713,25.8714,34.8085,1.70172,34.5864,0.567648,-0.707107,-0.707107,0.337301,0.941397,24120.3,26652.7,29056,32289,23338,25382.3,6686.33,0,23429,27020.7,1884.82,30350.2,6550.22,23321.5,9382.2,542.714,362.29,25.7382,19.8827,-29.7267,-29.7267,-85.7167,-21.4292
407.153,25.7706,35.3815,1.37025,32.1726,0.532471,-0.75184,-0.659346,0.337301,0.941397,21234.7,24120.3,26652.7,28253.7,36719.7,27428.3,6743.33,0,20882.7,25265.9,2909.09,29834.1,6989.42,23925.3,8740.2,500.853,374.873,25.7734,20.3814,-94.5593,-94.5593,-167.447,-41.8617
382.311,24.9254,37.9782,1.29445,29.6344,0.494464,-0.793353,-0.608761,0.337301,0.941397,19760.3,21234.7,24120.3,29056,38367.7,45397.7,7839,0,18290,22942,2654.97,27697.6,5706.02,24422,8129.28,455.654,387.003,25.5573,20.8336,-24.842,-24.842,-180.793,-45.1983
212.508,23.4421,43.8483,1.13904,26.9872,0.453791,-0.83147,-0.55557,0.337301,0.941397,17916.7,19760.3,21234.7,26652.7,30200.7,22378.7,7696.33,0,15988.7,20758,2269.42,27325.8,6167.26,24847.8,7484.05,375.921,390.844,25.0024,21.2046,-169.804,-169.804,-318.932,-79.7329
273.229,20.1739,53.2881,1.83209,24.2445,0.410631,-0.866025,-0.5,0.337301,0.941397,12269.7,17916.7,19760.3,24120.3,32289,23338,12450.7,0,13056.3,17795.3,3399.92,26403.4,7399.3,24840.3,7496.62,318.8,397.233,23.578,21.4284,60.721,60.721,-228.484,-57.121
191.654,18.8085,59.4723,1.36945,21.4184,0.365175,-0.896873,-0.442289,0.337301,0.941397,11496.7,12269.7,17916.7,21234.7,28253.7,36719.7,16921.7,0,10351.3,15360.8,3548.77,24301.5,7744.71,24614.3,7807.33,264.925,398.344,21.8375,21.5913,-81.575,-81.575,-215.5,-53.8749
62.7029,18.1698,59.2156,0.836044,18.5195,0.317627,-0.92388,-0.382683,0.337301,0.941397,8716.67,11496.7,12269.7,19760.3,29056,38367.7,20011.7,0,7930.33,12599.9,3341.92,21830.6,7591.28,24143.6,8389.32,185.023,390.997,20.1486,21.7007,-128.951,-128.951,-319.608,-79.9021
52.3134,17.6567,58.5499,1.3058,15.5576,0.268207,-0.94693,-0.321439,0.337301,0.941397,6243.67,8716.67,11496.7,17916.7,26652.7,30200.7,19428,0,5963.67,9681.67,2384.48,19834.2,8249.22,23594.3,9083.1,144.975,381.354,18.7022,21.7502,-10.3895,-10.3895,-160.194,-40.0486
42.299,17.3526,60.0639,1.59362,12.5422,0.217158,-0.965926,-0.258819,0.337301,0.941397,3819.33,6243.67,8716.67,12269.7,24120.3,32289,21718,0,4088.33,7569.08,2853.08,17461.7,8418.26,22848.5,9904.22,87.2422,370.889,17.9969,21.7518,-10.0144,-10.0144,-230.93,-57.7324
0,14.6035,83.9085,3.04865,-11.7296,-0.203293,0.997859,-0.0654031,0.353445,0.935455,0,0,0,0,0,0,0,0,0,0,0,0,0,0,0,0,0,14.6931,14.931,0,0,0,0
0,14.5603,84.5839,3.45733,-8.42391,-0.146496,0.991445,-0.130526,0.353445,0.935455,0,0,0,0,0,0,0,0,0,0,0,0,0,0,0,0,0,14.6556,14.8988,0,0,0,0
0,14.5147,84.9914,3.38464,-5.1421,-0.0896261,0.980785,-0.19509,0.353445,0.935455,0,0,0,0,0,0,0,0,0,0,0,0,0,0,0,0,0,14.5936,14.8655,0,0,0,0
0,14.5424,86.3096,3.31224,-1.88696,-0.0329278,0.965926,-0.258819,0.353445,0.935455,0,0,0,0,0,0,0,0,59,0,0,0,0,0,0,0,0,14.5552,14.8363,0,0,0,0
9.07,14.4946,86.5939,3.11909,1.66858,0.0291182,0.94693,-0.321439,0.353445,0.935455,114.667,0,0,0,0,0,0,0,267.333,28.6667,49.6521,9.55556,31.6922,4.77778,22.9134,2.2675,0.377917,14.528,14.8055,9.07,9.07,9.07,2.2675
18.8323,14.4482,86.5842,3.70617,4.70303,0.0819912,0.92388,-0.382683,0.353445,0.935455,378.667,114.667,0,0,0,0,0,0,451.667,123.333,154.671,41.1111,106.558,20.5556,78.1015,6.97557,1.16259,14.5,14.7711,9.76227,9.76227,18.8323,4.70807
24.45,14.4184,85.5295,3.08029,7.79819,0.135684,0.896873,-0.442289,0.353445,0.935455,941,378.667,114.667,0,0,0,0,0,1484.33,358.583,363.211,119.528,269.347,59.7639,199.614,13.0881,2.18134,14.4759,14.7403,5.61773,5.61773,24.45,6.1125
31.0174,14.4669,85.8602,3.64125,10.8807,0.188765,0.866025,-0.5,0.353445,0.935455,1945.33,941,378.667,0,0,0,0,0,1192,844.917,701.926,281.639,568.221,140.819,425.755,20.8424,3.47374,14.457,14.7145,6.5674,6.5674,31.0174,7.75435
43.3565,14.4961,84.8243,3.5348,13.9279,0.240701,0.83147,-0.55557,0.353445,0.935455,2418.33,1945.33,941,114.667,0,0,0,0,1138.67,1420.83,804.123,483.167,810.004,241.583,621.623,29.414,5.28026,14.4574,14.6884,12.3391,12.3391,34.2865,8.57163
55.0397,14.3797,85.6364,4.12813,16.9275,0.291161,0.793353,-0.608761,0.353445,0.935455,2018.33,2418.33,1945.33,378.667,0,0,0,0,2327,1830.75,544.34,651.361,897.083,325.681,713.054,38.4659,7.57358,14.4403,14.6603,11.6832,11.6832,36.2075,9.05187
43.8263,14.2268,86.0893,4.51982,19.8698,0.339884,0.75184,-0.659346,0.353445,0.935455,2158.33,2018.33,2418.33,941,0,0,0,0,5051.67,2135.08,180.559,831.222,962.444,415.611,797.422,43.31,9.39968,14.3924,14.6304,-11.2134,-11.2134,19.3763,4.84408
45.4679,14.1685,86.9677,3.95333,22.7455,0.386638,0.707107,-0.707107,0.353445,0.935455,2467,2158.33,2018.33,1945.33,0,0,0,0,6686.33,2265.5,184.754,1036.81,1024.42,518.403,890.764,46.9226,11.2942,14.3178,14.6004,1.6416,1.6416,14.4505,3.61263
49.5997,14.0649,87.4035,3.96961,25.5444,0.43121,0.659346,-0.75184,0.353445,0.935455,3000.33,2467,2158.33,2418.33,114.667,0,0,0,6743.33,2411,376.987,1286.83,1103.92,643.417,1011.58,48.4834,13.3608,14.21,14.5678,4.13173,4.13173,6.24313,1.56078
55.7535,13.8943,87.2602,4.55983,28.2553,0.473401,0.608761,-0.793353,0.353445,0.935455,4002.67,3000.33,2467,2018.33,378.667,0,0,0,7839,2907.08,700.589,1620.39,1258.58,810.194,1203.51,48.6618,15.6839,14.0886,14.5264,6.1538,6.1538,0.713733,0.178433
71.5383,13.9662,87.2199,3.76378,30.8656,0.513025,0.55557,-0.83147,0.353445,0.935455,5121.67,4002.67,3000.33,2158.33,941,0,0,0,7696.33,3647.92,1013.87,2047.19,1484.8,1023.6,1466.31,55.5898,18.6646,14.0235,14.489,15.7848,15.7848,27.7119,6.92798
80.9563,14.0901,87.1925,3.75959,33.3609,0.549911,0.5,-0.866025,0.353445,0.935455,7601.33,5121.67,4002.67,2467,1945.33,0,0,0,12450.7,4931.5,1714.37,2680.64,2006.2,1340.32,1951.63,64.4619,22.0378,14.0039,14.4571,9.418,9.418,35.4883,8.87208
112.252,14.2148,85.7982,3.95796,35.7251,0.583897,0.442289,-0.896873,0.353445,0.935455,10101,7601.33,5121.67,3000.33,2418.33,114.667,0,0,16921.7,6706.67,2352.96,3512.83,2715.16,1761.19,2599,80.125,26.715,14.0414,14.4332,31.2958,31.2958,62.6524,15.6631
152.76,14.4753,84.8482,3.74409,37.94,0.614836,0.382683,-0.92388,0.353445,0.935455,12271.7,10101,7601.33,4002.67,2018.33,378.667,0,0,20011.7,8773.92,2679.05,4503.92,3458.95,2272.51,3311.65,104.377,33.08,14.1866,14.4219,40.5079,40.5079,97.0065,24.2516
192.916,14.708,83.8667,3.22089,39.9856,0.642595,0.321439,-0.94693,0.353445,0.935455,14541.3,12271.7,10101,5121.67,2158.33,941,0,0,19428,11128.8,2571.52,5637.28,4244.74,2878.4,4081.24,134.721,41.1182,14.3721,14.4246,40.156,40.156,121.378,30.3444
213.378,15.1677,81.2492,3.18103,41.8402,0.667055,0.258819,-0.965926,0.353445,0.935455,18100.3,14541.3,12271.7,7601.33,2467,1945.33,0,0,21718,13753.6,2960.25,6983.53,5292.78,3632.58,5039.55,167.827,50.0089,14.6414,14.4466,20.462,20.462,132.422,33.1054
247.649,15.3715,79.9679,4.01113,43.4806,0.688109,0.19509,-0.980785,0.353445,0.935455,13680.7,18100.3,14541.3,10101,3000.33,2418.33,0,0,19202.3,14648.5,2151.32,7922.06,5397.55,4202.61,5359.95,201.676,60.3276,14.9306,14.4767,34.2713,34.2713,135.397,33.8493
216.999,15.379,79.3287,3.47428,44.8834,0.705667,0.130526,-0.991445,0.353445,0.935455,19264.3,13680.7,18100.3,12271.7,4002.67,2018.33,0,0,18398,16396.7,2342.27,9359.22,5906.29,5005.29,6066.4,217.736,69.3693,15.1566,14.5046,-30.65,-30.65,64.2393,16.0598
266.384,15.4103,78.4303,3.15781,46.0259,0.719653,0.0654031,-0.997859,0.353445,0.935455,21692,19264.3,13680.7,14541.3,5121.67,2158.33,0,0,19721.7,18184.3,2905.18,10987,6370.89,5909.12,6822.19,236.103,80.4686,15.3321,14.5316,49.3847,49.3847,73.468,18.367
296.135,16.0653,76.8051,2.18584,46.8871,0.730008,1.22465e-16,-1,0.353445,0.935455,22838,21692,19264.3,18100.3,7601.33,2467,0,0,25382.3,19368.8,3528.4,12684.6,6584.9,6860.71,7491.53,256.792,92.8076,15.5565,14.5886,29.7507,29.7507,82.7567,20.6892
294.301,16.108,76.5637,3.26733,47.4499,0.736687,-0.0654031,-0.997859,0.353445,0.935455,21799,22838,21692,13680.7,10101,3000.33,0,0,27428.3,21398.3,1310.86,14251.2,6325.67,7769,7914.22,268.455,105.07,15.7406,14.6513,-1.834,-1.834,46.6513,11.6628
293.567,16.2635,76.0577,2.53252,47.7025,0.73966,-0.130526,-0.991445,0.353445,0.935455,28684.3,21799,22838,19264.3,12271.7,4002.67,0,0,45397.7,23753.3,2881.89,16308,6662.63,8964.18,8770.33,287.596,117.302,15.9618,14.7223,-0.734,-0.734,76.5673,19.1418
340.762,16.4929,75.2156,2.68711,47.6391,0.738916,-0.19509,-0.980785,0.353445,0.935455,22362,28684.3,21799,21692,14541.3,5121.67,0,0,22378.7,23920.8,2774.69,17744.7,5912.11,9895.93,8954.41,306.191,131.5,16.2324,14.8047,47.1953,47.1953,74.378,18.5945
290.517,16.2303,76.175,3.11977,47.2613,0.734457,-0.258819,-0.965926,0.353445,0.935455,28070.3,22362,28684.3,22838,18100.3,7601.33,0,0,23338,25228.9,3162.16,19450.4,5688.1,11065.5,9407.23,304.786,143.605,16.2737,14.875,-50.2453,-50.2453,-5.618,-1.4045
351.076,16.4377,75.9518,2.28118,46.5773,0.726302,-0.321439,-0.94693,0.353445,0.935455,25682.3,28070.3,22362,21799,13680.7,10101,114.667,0,36719.7,26199.8,2483.36,20748.9,5159.52,12130.8,9553.35,318.98,157.856,16.3561,14.956,60.5593,60.5593,56.7753,14.1938
338.029,16.375,75.19,3.60644,45.6011,0.714487,-0.382683,-0.92388,0.353445,0.935455,23730.7,25682.3,28070.3,28684.3,19264.3,12271.7,378.667,0,38367.7,24961.3,2148.07,21703.8,4523.4,13103.8,9495.87,330.096,171.155,16.384,15.0363,-13.0467,-13.0467,44.4627,11.1157
312.219,16.1383,75.8585,2.93353,44.3517,0.699061,-0.442289,-0.896873,0.353445,0.935455,19554.3,23730.7,25682.3,22362,21692,14541.3,941,0,30200.7,24259.4,3121.1,22121.5,4049.27,13879.4,9227.12,322.96,183.146,16.2953,15.108,-25.81,-25.81,-28.5427,-7.13567
291.618,16.4772,74.8787,2.54354,42.8509,0.680093,-0.5,-0.866025,0.353445,0.935455,19235,19554.3,23730.7,28070.3,22838,18100.3,1945.33,0,32289,22050.6,2746.41,22216.1,3966.67,14599.8,8937.66,323.236,194.004,16.357,15.1917,-20.6013,-20.6013,1.10133,0.275333
264.84,16.0801,76.7295,2.83142,41.1218,0.657662,-0.55557,-0.83147,0.353445,0.935455,14861.3,19235,19554.3,25682.3,21799,13680.7,2418.33,0,28253.7,19345.3,3138.2,22314.5,3763.16,15118.3,8569.3,301.677,203.233,16.2677,15.2577,-26.778,-26.778,-86.236,-21.559
210.235,15.8317,77.9911,3.00679,39.1879,0.631866,-0.608761,-0.793353,0.353445,0.935455,15014.3,14861.3,19235,23730.7,28684.3,19264.3,2018.33,0,29056,17166.2,2231.93,21960.3,4207.34,15659.8,8123.41,269.728,209.699,16.1318,15.3182,-54.6053,-54.6053,-127.795,-31.9487
201.417,15.7399,79.5179,2.18431,37.0718,0.602815,-0.659346,-0.75184,0.353445,0.935455,12930.7,15014.3,14861.3,19554.3,22362,21692,2158.33,0,26652.7,15510.3,2301.9,21230.2,4894.61,16108.6,7648.74,242.027,216.265,16.0322,15.3813,-8.81733,-8.81733,-110.802,-27.7005
178.989,15.8936,79.3978,3.24602,34.7946,0.570636,-0.707107,-0.707107,0.353445,0.935455,10316.7,12930.7,15014.3,19235,28070.3,22838,2467,0,24120.3,13280.8,1898.15,20186.8,5707.75,16435.7,7213.89,213.87,221.829,15.8863,15.4531,-22.428,-22.428,-112.629,-28.1572
159.055,15.3496,82.1409,3.08963,32.3755,0.535466,-0.75184,-0.659346,0.353445,0.935455,7418.67,10316.7,12930.7,14861.3,25682.3,21799,3000.33,0,21234.7,11420.1,2847.34,18988.4,6671.66,16619.8,6919.02,187.424,226.389,15.7037,15.5067,-19.934,-19.934,-105.785,-26.4462
119.811,15.2286,82.9095,3.13558,29.8321,0.497459,-0.793353,-0.608761,0.353445,0.935455,8173.33,7418.67,10316.7,15014.3,23730.7,28684.3,4002.67,0,19760.3,9709.83,2141.98,17279.1,6595.63,16793.6,6646.98,164.818,229.059,15.5529,15.5623,-39.244,-39.244,-90.4233,-22.6058
116.046,15.0355,84.3782,3.07814,27.1795,0.45678,-0.83147,-0.55557,0.353445,0.935455,6663.33,8173.33,7418.67,12930.7,19554.3,22362,5121.67,0,17916.7,8143,1363.8,15970.9,7002.09,16857.8,6540.47,143.475,230.913,15.3768,15.6068,-3.76533,-3.76533,-85.3713,-21.3428
106.096,15.0361,84.6032,2.58703,24.4316,0.413606,-0.866025,-0.5,0.353445,0.935455,6875,6663.33,8173.33,10316.7,19235,28070.3,7601.33,0,12269.7,7282.58,583.427,14204.6,6372.16,16827.5,6584.76,125.252,231.961,15.1624,15.6462,-9.9496,-9.9496,-72.8929,-18.2232
106.673,15.0527,83.6224,2.73362,21.6003,0.368129,-0.896873,-0.442289,0.353445,0.935455,5167.33,6875,6663.33,7418.67,14861.3,25682.3,10101,0,11496.7,6719.75,1066.56,12495.1,5788.76,16622,6862.69,112.157,231.728,15.0882,15.6812,0.5764,0.5764,-52.3825,-13.0956
97.2429,15.1339,84.8222,2.36912,18.6963,0.320552,-0.92388,-0.382683,0.353445,0.935455,3917.33,5167.33,6875,8173.33,15014.3,23730.7,12271.7,0,8716.67,5655.75,1200.25,10843.9,5137.62,16273.9,7274.07,106.515,229.415,15.0646,15.7086,-9.42987,-9.42987,-22.5684,-5.6421
81.5861,14.8957,86.1721,2.95003,15.7295,0.271096,-0.94693,-0.321439,0.353445,0.935455,1323.33,3917.33,5167.33,6663.33,12930.7,19554.3,14541.3,0,6243.67,4320.75,2024.11,9324.69,5031.69,15723.1,7861.11,97.8996,224.776,15.0296,15.7164,-15.6569,-15.6569,-34.4599,-8.61498
42.6861,14.8327,86.4369,2.50079,12.7091,0.220001,-0.965926,-0.258819,0.353445,0.935455,1339.33,1323.33,3917.33,6875,10316.7,19235,18100.3,0,3819.33,2936.83,1665.23,7833.39,4497.03,15024.7,8348.31,82.047,217.664,14.9788,15.7025,-38.9,-38.9,-63.4103,-15.8526
0,15.3633,91.9279,2.60413,-11.7174,-0.203084,0.997859,-0.0654031,0.369484,0.929237,0,0,0,0,0,0,0,0,0,0,0,0,0,0,0,0,0,15.2725,15.2795,0,0,0,0
0,15.2925,91.8599,2.83758,-8.40733,-0.14621,0.991445,-0.130526,0.369484,0.929237,0,0,0,0,0,0,0,0,0,0,0,0,0,0,0,0,0,15.2887,15.2875,0,0,0,0
0,15.252,91.6562,2.84699,-5.12093,-0.0892581,0.980785,-0.19509,0.369484,0.929237,0,0,0,0,0,0,0,0,0,0,0,0,0,0,0,0,0,15.3122,15.2908,0,0,0,0
0,15.394,91.2317,2.94221,-1.86092,-0.0324736,0.965926,-0.258819,0.369484,0.929237,25,0,0,0,0,0,0,0,0,6.25,10.8253,2.08333,6.90963,1.04167,4.99566,0,0,15.3254,15.3003,0,0,0,0
13.3098,15.6232,90.9167,2.46888,1.69716,0.0296167,0.94693,-0.321439,0.369484,0.929237,174,25,0,0,0,0,0,0,114.667,49.75,72.4582,16.5833,47.9591,8.29167,34.9112,3.32745,0.554575,15.3904,15.3182,13.3098,13.3098,13.3098,3.32745
23.5863,15.7738,90.3635,2.35349,4.73872,0.082612,0.92388,-0.382683,0.369484,0.929237,92,174,25,0,0,0,0,0,378.667,72.75,67.444,24.25,51.8879,12.125,38.6419,9.22402,1.53734,15.5107,15.341,10.2765,10.2765,23.5863,5.89657
22.9902,15.7513,89.7153,2.13051,7.84018,0.13641,0.896873,-0.442289,0.369484,0.929237,129.333,92,174,0,0,0,0,0,941,105.083,54.5941,35.0278,58.7145,17.5139,45.0603,14.9716,2.49526,15.6356,15.3626,-0.596067,-0.596067,22.9902,5.74755
24.9327,15.9605,89.4112,2.31335,10.9291,0.189595,0.866025,-0.5,0.369484,0.929237,680.667,129.333,92,25,0,0,0,0,1945.33,269,239.442,91.75,186.722,45.875,139.775,21.2047,3.53412,15.7772,15.3939,1.94247,1.94247,24.9327,6.23317
32.8607,16.1791,89.121,1.73226,13.983,0.241634,0.83147,-0.55557,0.369484,0.929237,1721,680.667,129.333,174,0,0,0,0,2418.33,655.75,657.706,235.167,484.562,117.583,362.251,26.0924,4.90332,15.9162,15.4295,7.928,7.928,19.5509,4.88772
44.5789,16.4395,89.9509,1.46715,16.9897,0.2922,0.793353,-0.608761,0.369484,0.929237,4026.33,1721,680.667,92,0,0,0,0,2018.33,1639.33,1491.94,570.694,1146.89,285.347,859.71,31.3406,6.76077,16.0826,15.4748,11.7182,11.7182,20.9926,5.24815
61.8907,16.456,91.2674,1.48699,19.9396,0.341029,0.75184,-0.659346,0.369484,0.929237,9183.33,4026.33,1721,129.333,0,0,0,0,2158.33,3902.83,3280.31,1335.97,2623.74,667.986,1971.86,41.0657,9.33955,16.2588,15.5253,17.3119,17.3119,38.9005,9.72513
132.659,16.6681,91.754,2.46992,22.8233,0.38789,0.707107,-0.707107,0.369484,0.929237,11432,9183.33,4026.33,680.667,25,0,0,0,2467,6590.67,3887.48,2288.64,3784.42,1144.32,2910.4,67.9973,14.867,16.4357,15.587,70.768,70.768,107.726,26.9315
175.727,17.2262,91.5293,2.54187,25.6307,0.432569,0.659346,-0.75184,0.369484,0.929237,14642.7,11432,9183.33,1721,174,0,0,0,3000.33,9821.08,3867.45,3508.86,5011.48,1754.43,3954.17,103.714,22.189,16.6974,15.6711,43.0686,43.0686,142.867,35.7167
223.825,18.0763,88.7469,2.49671,28.3508,0.474868,0.608761,-0.793353,0.369484,0.929237,13806.7,14642.7,11432,4026.33,92,0,0,0,4002.67,12266.2,2134.28,4659.42,5621.58,2329.71,4607.46,148.526,31.515,17.1066,15.782,48.098,48.098,179.246,44.8116
225.847,19.0115,84.5153,2.48717,30.9707,0.5146,0.55557,-0.83147,0.369484,0.929237,19175.7,13806.7,14642.7,9183.33,129.333,0,0,0,5121.67,14764.2,2806.07,6257.39,6693.25,3128.69,5673.5,189.515,40.9253,17.7455,15.932,2.02133,2.02133,163.956,40.989
262.854,19.6742,81.6807,2.06616,33.4763,0.551591,0.5,-0.866025,0.369484,0.929237,18049,19175.7,13806.7,11432,680.667,25,0,0,7601.33,16418.5,2249.21,7759.39,7133.97,3880.74,6363.24,222.063,51.8776,18.497,16.1099,37.0073,37.0073,130.195,32.5488
313.715,20.5842,78.1344,1.91884,35.8512,0.585683,0.442289,-0.896873,0.369484,0.929237,14742.7,18049,19175.7,14642.7,1721,174,0,0,10101,16443.5,2229.8,8973.44,6977.73,4495.01,6663.47,256.56,64.949,19.3365,16.3222,50.8607,50.8607,137.987,34.4968
230.127,21.2441,75.5117,1.63227,38.0774,0.616725,0.382683,-0.92388,0.369484,0.929237,13069.3,14742.7,18049,13806.7,4026.33,92,0,0,12271.7,16259.2,2458.88,10054.9,6507.21,5039.57,6806.37,258.135,74.5376,20.1285,16.5687,-83.588,-83.588,6.30133,1.57533
202.081,21.0317,76.35,1.43074,40.1346,0.644586,0.321439,-0.94693,0.369484,0.929237,21530.7,13069.3,14742.7,19175.7,9183.33,129.333,0,0,14541.3,16847.9,3243.47,11838.3,6475.18,5936.68,7469.62,252.194,82.9577,20.6336,16.8068,-28.0453,-28.0453,-23.7653,-5.94133
300.903,19.9797,80.1491,0.71704,42.001,0.669144,0.258819,-0.965926,0.369484,0.929237,24903,21530.7,13069.3,18049,11432,680.667,0,0,18100.3,18561.4,4841.95,13856.9,6457.77,6974.31,8260.65,261.706,95.4953,20.7099,16.9983,98.8213,98.8213,38.0487,9.51217
362.015,20.0499,81.0905,1.01428,43.6533,0.690293,0.19509,-0.980785,0.369484,0.929237,41156.7,24903,21530.7,14742.7,14642.7,1721,0,0,13680.7,25164.9,10189.6,17143.2,8985.34,8689.17,10580.9,273.781,110.579,20.5763,17.1982,61.1127,61.1127,48.3007,12.0752
506.49,21.9789,73.6435,1.5083,45.0678,0.707943,0.130526,-0.991445,0.369484,0.929237,25218.3,41156.7,24903,13069.3,13806.7,4026.33,0,0,19264.3,28202.2,7617.67,18909.2,8289.39,9739.93,10912.8,342.872,131.683,20.76,17.4795,144.475,144.475,276.363,69.0908
501.38,23.4791,66.0703,1.44887,46.2213,0.722018,0.0654031,-0.997859,0.369484,0.929237,35715.3,25218.3,41156.7,21530.7,19175.7,9183.33,0,0,21692,31748.3,6959.77,21120.2,8915.16,11228.1,11875.8,417.697,152.574,21.3719,17.8263,-5.11,-5.11,299.299,74.8247
624.019,21.5027,73.0647,1.46401,47.0927,0.732457,1.22465e-16,-1,0.369484,0.929237,38696.7,35715.3,25218.3,24903,18049,11432,0,0,22838,35196.8,6074.7,23392.2,9604.2,12840.4,12830.5,498.476,178.575,21.7526,18.083,122.639,122.639,323.116,80.779
661.414,21.6039,72.6377,1.70903,47.6646,0.739215,-0.0654031,-0.997859,0.369484,0.929237,46469.7,38696.7,35715.3,41156.7,14742.7,14642.7,0,0,21799,36525,7617.56,26044.5,11099.9,14776.7,14181.8,573.326,206.134,22.1411,18.343,37.3953,37.3953,299.399,74.8497
663.119,21.5681,71.5467,1.747,47.9245,0.742262,-0.130526,-0.991445,0.369484,0.929237,36260.7,46469.7,38696.7,25218.3,13069.3,13806.7,0,0,28684.3,39285.6,4296.94,27915.6,10766.8,16287.5,14456,612.483,233.763,22.0385,18.6045,1.70467,1.70467,156.629,39.1572
490.135,21.45,71.6085,2.14851,47.8668,0.741587,-0.19509,-0.980785,0.369484,0.929237,32475.7,36260.7,46469.7,35715.3,21530.7,19175.7,0,0,22362,38475.7,5120.04,29024,10491,17640.7,14387.8,609.672,254.186,21.5312,18.8627,-172.984,-172.984,-11.2453,-2.81133
586.743,21.387,72.4151,2.4907,47.4928,0.737192,-0.258819,-0.965926,0.369484,0.929237,26340.3,32475.7,36260.7,38696.7,24903,18049,25,0,28070.3,35386.6,7312.78,29714.9,10007.4,18737.2,14001.1,600.353,278.633,21.5022,19.1125,96.6087,96.6087,-37.2753,-9.31883
547.337,20.3293,76.0561,2.47974,46.8106,0.729095,-0.321439,-0.94693,0.369484,0.929237,27868.3,26340.3,32475.7,46469.7,41156.7,14742.7,174,0,25682.3,30736.2,3908.13,30808.7,8975.21,19891.1,13557.9,571.833,300.885,21.1836,19.3085,-39.406,-39.406,-114.077,-28.5192
565.591,21.1205,74.2286,2.58522,45.8346,0.717332,-0.382683,-0.92388,0.369484,0.929237,37099,27868.3,26340.3,36260.7,25218.3,13069.3,92,0,23730.7,30945.8,4209.62,32811.2,7322.43,21433,13320.8,547.451,323.468,21.0717,19.5313,18.2533,18.2533,-97.528,-24.382
603.845,21.1616,74.1158,2.84129,44.5838,0.701952,-0.442289,-0.896873,0.369484,0.929237,35666.7,37099,27868.3,32475.7,35715.3,21530.7,129.333,0,19554.3,31743.6,4697.97,33989.2,6504.27,22913.8,12836.7,575.879,347.67,20.9996,19.7568,38.254,38.254,113.71,28.4275
578.202,20.7287,74.7176,2.24699,43.0803,0.683022,-0.5,-0.866025,0.369484,0.929237,33228.7,35666.7,37099,26340.3,38696.7,24903,680.667,0,19235,33465.7,3515.39,34683,5915.45,24269.9,12115.3,573.744,370.723,20.835,19.9554,-25.6427,-25.6427,-8.54133,-2.13533
557.281,20.6307,73.5911,1.81157,41.3475,0.660624,-0.55557,-0.83147,0.369484,0.929237,31026.7,33228.7,35666.7,27868.3,46469.7,41156.7,1721,0,14861.3,34255.2,2321.46,33838.8,5648.15,25491,11225.2,576.23,392.574,20.9104,20.1409,-20.9207,-20.9207,9.944,2.486
527.513,20.3725,74.2198,2.23179,39.4091,0.634853,-0.608761,-0.793353,0.369484,0.929237,29155.7,31026.7,33228.7,37099,36260.7,25218.3,4026.33,0,15014.3,32269.4,2434.2,34166.9,5237.25,26538.1,10308.8,566.71,412.696,20.7234,20.3048,-29.7687,-29.7687,-38.078,-9.5195
503.155,20.3412,75.1977,2.39515,37.288,0.605822,-0.659346,-0.75184,0.369484,0.929237,22655.3,29155.7,31026.7,35666.7,32475.7,35715.3,9183.33,0,12930.7,29016.6,3945.47,33078.6,6089.97,27099.4,9697.16,541.538,431.082,20.5183,20.4667,-24.358,-24.358,-100.69,-25.1725
424.705,20.0742,75.5897,2.3984,35.0054,0.573654,-0.707107,-0.707107,0.369484,0.929237,23673.7,22655.3,29155.7,33228.7,26340.3,38696.7,11432,0,10316.7,26627.8,3544.27,31826.7,6345.18,27609.5,9167.12,503.163,443.251,20.3547,20.6086,-78.45,-78.45,-153.497,-38.3743
416.178,20.0159,75.5617,1.94226,32.5808,0.538489,-0.75184,-0.659346,0.369484,0.929237,22293.7,23673.7,22655.3,31026.7,27868.3,46469.7,14642.7,0,7418.67,24444.6,2766.61,29812,5089.94,27928.2,8837.76,467.888,453.27,20.2009,20.7248,-8.52667,-8.52667,-141.103,-35.2758
389.085,19.9441,75.4029,1.34776,30.0317,0.500479,-0.793353,-0.608761,0.369484,0.929237,19825.3,22293.7,23673.7,29155.7,37099,36260.7,13806.7,0,8173.33,22112,1413.85,28442.4,5373.77,28179,8512.92,433.28,460.155,20.0938,20.8027,-27.0933,-27.0933,-138.428,-34.607
360.194,19.5615,77.8646,1.83381,27.3736,0.45979,-0.83147,-0.55557,0.369484,0.929237,14655,19825.3,22293.7,22655.3,35666.7,32475.7,19175.7,0,6663.33,20111.9,3438.97,26957.4,6415.42,27990.7,8756.57,397.54,465.753,19.8989,20.8256,-28.8907,-28.8907,-142.961,-35.7402
298.645,18.7723,80.5756,2.64217,24.6201,0.4166,-0.866025,-0.5,0.369484,0.929237,17531.7,14655,19825.3,23673.7,33228.7,26340.3,18049,0,6875,18576.4,2821.65,26223.3,6927.53,27969.1,8781.62,366.026,467.245,19.5734,20.788,-61.5487,-61.5487,-126.059,-31.5148
247.469,18.4197,82.2109,1.90426,21.7834,0.371098,-0.896873,-0.442289,0.369484,0.929237,13759.7,17531.7,14655,22293.7,31026.7,27868.3,14742.7,0,5167.33,16442.9,2399.09,25047.6,7702.47,27928.2,8845.27,323.848,464.484,19.1744,20.6978,-51.176,-51.176,-168.709,-42.1772
103.944,18.5003,82.0906,1.96674,18.8741,0.32349,-0.92388,-0.382683,0.369484,0.929237,9066.67,13759.7,17531.7,19825.3,29155.7,37099,13069.3,0,3917.33,13753.2,3043.59,22711.6,7940.43,27761.4,9156.14,252.563,459.227,18.8134,20.5835,-143.525,-143.525,-285.14,-71.285
63.6747,18.0435,83.6489,1.92564,15.9021,0.273994,-0.94693,-0.321439,0.369484,0.929237,6762.33,9066.67,13759.7,14655,22655.3,35666.7,21530.7,0,1323.33,11780.1,4169.53,20302.9,8028.73,27146,10010.6,178.433,453.46,18.4339,20.459,-40.2698,-40.2698,-296.519,-74.1298
58.4714,17.6491,85.2284,1.68017,12.8766,0.222852,-0.965926,-0.258819,0.369484,0.929237,5402.33,6762.33,9066.67,17531.7,23673.7,33228.7,24903,0,1339.33,8747.75,3176.27,17984,7978.88,26333.5,10910.6,118.39,443.359,18.1531,20.3619,-5.20327,-5.20327,-240.174,-60.0435
0,16.0343,93.1556,2.45574,-11.7002,-0.202791,0.997859,-0.0654031,0.385413,0.922744,0,0,0,0,0,0,0,0,0,0,0,0,0,0,0,0,0,16.0284,16.5142,0,0,0,0
0,16.0723,92.7511,2.9325,-8.38582,-0.145838,0.991445,-0.130526,0.385413,0.922744,0,0,0,0,0,0,0,0,0,0,0,0,0,0,0,0,0,16.042,16.4985,0,0,0,0
0,16.2955,91.9154,3.29061,-5.09478,-0.0888035,0.980785,-0.19509,0.385413,0.922744,0,0,0,0,0,0,0,0,0,0,0,0,0,0,0,0,0,16.1072,16.4897,0,0,0,0
0,16.4516,91.6167,2.66385,-1.82986,-0.0319317,0.965926,-0.258819,0.385413,0.922744,175.667,0,0,0,0,0,0,0,25,43.9167,76.0659,14.6389,48.5517,7.31944,35.1028,0,0,16.2134,16.4833,0,0,0,0
15.1865,16.6724,91.3211,2.56053,1.73042,0.030197,0.94693,-0.321439,0.385413,0.922744,945,175.667,0,0,0,0,0,0,174,280.167,390.484,93.3889,261.283,46.6944,190.564,3.79663,0.632772,16.3729,16.4909,15.1865,15.1865,15.1865,3.79663
39.7955,16.9523,90.3741,2.28604,4.7794,0.0833195,0.92388,-0.382683,0.385413,0.922744,2377.67,945,175.667,0,0,0,0,0,92,874.583,937.763,291.528,680.522,145.764,502.794,13.7455,2.29092,16.593,16.5119,24.609,24.609,39.7955,9.94888
78.2637,17.9165,87.4409,1.77135,7.88729,0.137225,0.896873,-0.442289,0.385413,0.922744,4461.33,2377.67,945,0,0,0,0,0,129.333,1989.92,1631.07,663.306,1329.19,331.653,996.679,33.3114,5.55191,16.9982,16.5673,38.4681,38.4681,78.2637,19.5659
124.157,19.5983,80.0335,1.56116,10.9827,0.190513,0.866025,-0.5,0.385413,0.922744,6736.33,4461.33,2377.67,175.667,0,0,0,0,680.667,3630.08,2186.21,1224.67,2118.59,612.333,1618.38,64.3506,10.7251,17.7849,16.6902,45.893,45.893,124.157,31.0392
171.045,21.0399,72.4547,1.81849,14.0434,0.242656,0.83147,-0.55557,0.385413,0.922744,9590.67,6736.33,4461.33,945,0,0,0,0,1721,5791.5,2680.95,2023.89,3091.47,1011.94,2408.86,103.315,17.852,18.8768,16.8636,46.888,46.888,155.858,38.9645
218.737,22.0646,67.7112,1.35813,17.0572,0.293327,0.793353,-0.608761,0.385413,0.922744,12584.3,9590.67,6736.33,2377.67,0,0,0,0,4026.33,8343.17,3049.36,3072.58,4172.49,1536.29,3326.41,148.05,26.966,20.1549,17.0801,47.692,47.692,178.941,44.7353
267.276,22.9501,65.0453,0.787194,20.0148,0.342262,0.75184,-0.659346,0.385413,0.922744,15805,12584.3,9590.67,4461.33,0,0,0,0,9183.33,11179.1,3377.68,4389.67,5328.96,2194.83,4360.75,195.303,38.1025,21.4132,17.3378,48.5393,48.5393,189.012,47.2531
308.322,22.1753,70.5642,1.5677,22.9066,0.38923,0.707107,-0.707107,0.385413,0.922744,18829.3,15805,12584.3,6736.33,175.667,0,0,0,11432,14202.3,3459.16,5958.78,6457.96,2979.39,5452.46,241.345,50.9492,22.0575,17.5646,41.046,41.046,184.165,46.0413
355.685,21.4662,73.2562,2.36485,25.7227,0.434016,0.659346,-0.75184,0.385413,0.922744,21374.7,18829.3,15805,9590.67,945,0,0,0,14642.7,17148.3,3290.98,7740,7441.62,3870,6531.9,287.505,65.7695,22.164,17.7618,47.3633,47.3633,184.641,46.1602
386.625,21.4962,71.6246,1.21119,28.4519,0.476421,0.608761,-0.793353,0.385413,0.922744,24333.3,21374.7,18829.3,12584.3,2377.67,0,0,0,13806.7,20085.6,3146.69,9767.78,8319.76,4883.89,7646.02,329.477,81.8788,22.0219,17.9597,30.9393,30.9393,167.888,41.972
424.306,21.9538,70.6876,1.56862,31.0816,0.516259,0.55557,-0.83147,0.385413,0.922744,25817.3,24333.3,21374.7,15805,4461.33,0,0,0,19175.7,22588.7,2696.04,11919.2,8837.68,5959.61,8635.35,368.734,99.5582,21.7729,18.1788,37.6813,37.6813,157.03,39.2575
461.913,22.223,70.8125,2.25515,33.5975,0.553355,0.5,-0.866025,0.385413,0.922744,26890,25817.3,24333.3,18829.3,6736.33,175.667,0,0,18049,24603.8,2073.63,14145.4,8962.87,7080.03,9491.44,407.132,118.805,21.7848,18.4092,37.6067,37.6067,153.591,38.3977
477.883,22.2494,70.7239,2.46737,35.9833,0.58755,0.442289,-0.896873,0.385413,0.922744,31026.3,26890,25817.3,21374.7,9590.67,945,0,0,14742.7,27016.8,2486.57,16652.2,9125.53,8372.79,10498.6,437.682,138.716,21.9806,18.6422,15.9707,15.9707,122.198,30.5495
460.295,21.7944,72.5979,1.96051,38.2208,0.618694,0.382683,-0.92388,0.385413,0.922744,28254,31026.3,26890,24333.3,12584.3,2377.67,0,0,13069.3,27996.9,1950.6,18808.6,8535.93,9550.04,11062.7,456.099,157.895,22.0551,18.8549,-17.588,-17.588,73.6707,18.4177
536.221,21.4462,74.9097,1.99828,40.2898,0.646654,0.321439,-0.94693,0.385413,0.922744,33236,28254,31026.3,25817.3,15805,4461.33,0,0,21530.7,29851.6,2457.52,21206.4,8203.94,10934.9,11833.9,484.078,180.238,21.9282,19.0566,75.926,75.926,111.915,27.9788
560.001,21.6998,73.9037,2.38724,42.1681,0.671308,0.258819,-0.965926,0.385413,0.922744,27019.3,33236,28254,26890,18829.3,6736.33,0,0,24903,29883.9,2418.89,22896.7,7057.96,12060.7,12023.8,508.6,203.571,21.7974,19.2804,23.78,23.78,98.0887,24.5222
446.049,21.3298,74.7413,1.96117,43.8323,0.69255,0.19509,-0.980785,0.385413,0.922744,32526.7,27019.3,33236,31026.3,21374.7,9590.67,0,0,41156.7,30259,2670.22,24808,6255.83,13416,12414.7,500.642,222.157,21.5676,19.4984,-113.953,-113.953,-31.8347,-7.95867
390.723,19.9901,80.1119,1.78437,45.2585,0.71029,0.130526,-0.991445,0.385413,0.922744,34655.7,32526.7,27019.3,28254,24333.3,12584.3,0,0,25218.3,31859.4,2897.66,26647.3,5601.98,14859.9,12780.4,483.249,238.437,21.1165,19.6639,-55.3253,-55.3253,-69.572,-17.393
575.285,20.1683,80.2946,2.32039,46.4231,0.72445,0.0654031,-0.997859,0.385413,0.922744,21934.3,34655.7,32526.7,33236,25817.3,15805,0,0,35715.3,29034,4956.46,27158.1,4814.15,15773.9,12465.4,493.014,262.407,20.797,19.8361,184.561,184.561,39.0633,9.76583
444.273,20.9185,77.1754,2.38534,47.3047,0.73497,1.22465e-16,-1,0.385413,0.922744,24230.7,21934.3,34655.7,27019.3,26890,18829.3,0,0,38696.7,28336.8,5369.71,27608.2,4231.66,16783.5,12123.5,464.082,280.918,20.6017,20.04,-131.012,-131.012,-115.729,-28.9322
431.637,20.6288,78.1971,2.76577,47.8854,0.741805,-0.0654031,-0.997859,0.385413,0.922744,30600.7,24230.7,21934.3,32526.7,31026.3,21374.7,0,0,46469.7,27855.3,5049.2,28377,3850.19,18058.5,11898.4,460.479,298.903,20.4264,20.2314,-12.636,-12.636,-14.412,-3.603
358.269,20.3213,79.0207,3.11315,48.1526,0.744924,-0.130526,-0.991445,0.385413,0.922744,14709,30600.7,24230.7,34655.7,28254,24333.3,0,0,36260.7,22868.7,5680.93,27575,5327.85,18671.4,11317.1,452.366,313.831,20.5092,20.4084,-73.368,-73.368,-32.4547,-8.11367
243.661,19.7865,80.9924,3.40255,48.1003,0.744315,-0.19509,-0.980785,0.385413,0.922744,13199.3,14709,30600.7,21934.3,33236,25817.3,0,0,32475.7,20684.9,7117.58,26523.5,6651.66,19221.4,10700.3,369.46,323.984,20.4138,20.5539,-114.608,-114.608,-331.624,-82.906
159.787,18.8317,85.491,3.20667,47.7298,0.739981,-0.258819,-0.965926,0.385413,0.922744,10144.7,13199.3,14709,24230.7,27019.3,26890,175.667,0,26340.3,17163.4,7930.33,25128.1,8040,19636.7,10131.2,298.338,330.641,19.8921,20.6531,-83.874,-83.874,-284.486,-71.1215
146.394,18.3947,87.7787,3.08916,47.0492,0.731938,-0.321439,-0.94693,0.385413,0.922744,9646.67,10144.7,13199.3,30600.7,32526.7,31026.3,945,0,27868.3,11924.9,2105.65,23346.4,8862.34,19999.3,9597.46,227.027,336.108,19.3335,20.7248,-13.3927,-13.3927,-285.243,-71.3107
108.253,18.1289,88.8932,3.05779,46.0729,0.720224,-0.382683,-0.92388,0.385413,0.922744,7804,9646.67,10144.7,14709,34655.7,28254,2377.67,0,37099,10198.7,1939.46,21642.2,9682.99,20225.4,9236.81,164.524,338.961,18.7854,20.7738,-38.1409,-38.1409,-250.016,-62.5039
106.078,17.7979,90.7109,2.74671,44.8204,0.704886,-0.442289,-0.896873,0.385413,0.922744,8806,7804,9646.67,13199.3,21934.3,33236,4461.33,0,35666.7,9100.33,888.288,19606.4,9599.23,20406.4,8964.65,130.128,340.12,18.2883,20.7689,-2.1748,-2.1748,-137.582,-34.3956
105.498,17.7011,91.4424,2.59937,43.3137,0.685992,-0.5,-0.866025,0.385413,0.922744,8308,8806,7804,10144.7,24230.7,27019.3,6736.33,0,33228.7,8641.17,680.083,18047.1,9786.34,20471.9,8869.79,116.556,339.342,18.0056,20.6899,-0.580067,-0.580067,-54.2884,-13.5721
103.061,17.7075,91.0589,2.75125,41.5768,0.663623,-0.55557,-0.83147,0.385413,0.922744,5785.33,8308,8806,9646.67,30600.7,32526.7,9590.67,0,31026.7,7675.83,1147.53,15818.7,9266.31,20313.4,9094.06,105.723,336.51,17.8338,20.551,-2.43707,-2.43707,-43.3328,-10.8332
87.2707,17.6484,91.8129,2.46981,39.6335,0.637875,-0.608761,-0.793353,0.385413,0.922744,6705.33,5785.33,8308,7804,14709,34655.7,12584.3,0,29155.7,7401.17,1213.57,13489.5,7602.05,20068.4,9373.83,100.477,331.032,17.7137,20.367,-15.7905,-15.7905,-20.9824,-5.2456
89.1499,17.4852,92.5743,2.50293,37.507,0.608859,-0.659346,-0.75184,0.385413,0.922744,5773,6705.33,5785.33,8806,13199.3,21934.3,15805,0,22655.3,6642.92,1033.03,12142.7,7415.96,19650.4,9769.93,96.245,323.61,17.6355,20.1393,1.8792,1.8792,-16.9284,-4.2321
79.9216,17.5927,92.0945,1.76764,35.2187,0.576699,-0.707107,-0.707107,0.385413,0.922744,6672.67,5773,6705.33,8308,10144.7,24230.7,18829.3,0,23673.7,6234.08,455.084,10679.6,6570.58,19143.9,10108.6,89.8509,314.093,17.6084,19.9484,-9.22833,-9.22833,-25.5767,-6.39417
96.2195,17.4725,92.2424,1.00186,32.7883,0.541536,-0.75184,-0.659346,0.385413,0.922744,7813,6672.67,5773,5785.33,9646.67,30600.7,21374.7,0,22293.7,6741,723.213,8780.58,2679.6,18578.8,10344.4,88.1404,303.282,17.5497,19.7819,16.2979,16.2979,-6.84173,-1.71043
111.853,17.6755,91.7977,0.903668,30.2332,0.503521,-0.793353,-0.608761,0.385413,0.922744,7578.33,7813,6672.67,6705.33,7804,14709,24333.3,0,19825.3,6959.25,806.454,8186.36,2004.69,17880.7,10496.8,94.286,291.833,17.5565,19.6227,15.6337,15.6337,24.5825,6.14562
119.839,18.0128,90.5343,1.0647,27.5692,0.462819,-0.83147,-0.55557,0.385413,0.922744,7242,7578.33,7813,5773,8806,13199.3,25817.3,0,14655,7326.5,428.585,7689.92,1323.81,17106.7,10567.6,101.958,279.147,17.6884,19.4585,7.98613,7.98613,30.6894,7.67235
105.642,17.7927,90.7426,1.38019,24.8099,0.419609,-0.866025,-0.5,0.385413,0.922744,6020.33,7242,7578.33,6672.67,8308,10144.7,26890,0,17531.7,7163.42,690.458,7346.22,1168.12,16237.1,10585.4,108.388,264.303,17.7383,19.2739,-14.1975,-14.1975,25.7203,6.43007
91.1999,17.5455,92.1497,1.57615,21.9675,0.374081,-0.896873,-0.442289,0.385413,0.922744,4835.33,6020.33,7242,7813,5785.33,9646.67,31026.3,0,13759.7,6419,1082.63,6945.28,1134.95,15145.8,10352,107.134,248.191,17.7566,19.0779,-14.442,-14.442,-5.0196,-1.2549
74.471,17.6001,92.1355,1.98671,19.0527,0.326438,-0.92388,-0.382683,0.385413,0.922744,3096.67,4835.33,6020.33,7578.33,6705.33,7804,28254,0,9066.67,5298.58,1529.77,6553,1518.92,14097.6,10244.8,97.788,232.115,17.7378,18.9032,-16.7289,-16.7289,-37.3822,-9.34555
56.2469,17.5284,92.0283,2.29579,16.0753,0.276901,-0.94693,-0.321439,0.385413,0.922744,2389.67,3096.67,4835.33,7242,5773,8806,33236,0,6762.33,4085.5,1428.24,6018.31,1744.32,12812.4,9682.62,81.8899,212.116,17.6167,18.7399,-18.2241,-18.2241,-63.5924,-15.8981
44.249,17.4726,91.9477,2.38281,13.0446,0.225709,-0.965926,-0.258819,0.385413,0.922744,1529.67,2389.67,3096.67,6020.33,6672.67,8308,27019.3,0,5402.33,2962.83,1215.18,5453.44,1991.4,11750.3,9461.47,66.5417,190.626,17.5366,18.5638,-11.9979,-11.9979,-61.3929,-15.3482
0,12.0767,57.3709,12.5445,-11.6781,-0.202414,0.997859,-0.0654031,0.401229,0.915978,0,0,0,0,0,0,0,0,0,0,0,0,0,0,0,0,0,12.1154,14.1111,0,0,0,0
0,12.0495,56.9235,12.1706,-8.35932,-0.145381,0.991445,-0.130526,0.401229,0.915978,0,0,0,0,0,0,0,0,0,0,0,0,0,0,0,0,0,12.0868,13.9064,0,0,0,0
0,12.0085,56.4907,12.0612,-5.06362,-0.0882618,0.980785,-0.19509,0.401229,0.915978,0,0,0,0,0,0,0,0,0,0,0,0,0,0,0,0,0,12.057,13.6925,0,0,0,0
0,11.8521,55.8193,13.2803,-1.79375,-0.0313018,0.965926,-0.258819,0.401229,0.915978,0,0,0,0,0,0,0,0,175.667,0,0,0,0,0,0,0,0,11.9967,13.474,0,0,0,0
11.2515,11.8372,56.1321,10.8445,1.7684,0.0308596,0.94693,-0.321439,0.401229,0.915978,233,0,0,0,0,0,0,0,945,58.25,100.892,19.4167,64.3978,9.70833,46.5595,2.81288,0.468814,11.9368,13.2642,11.2515,11.2515,11.2515,2.81288
21.7293,11.8136,56.1945,11.3883,4.82508,0.0841141,0.92388,-0.382683,0.401229,0.915978,795.667,233,0,0,0,0,0,0,2377.67,257.167,325.129,85.7222,223.457,42.8611,163.718,8.2452,1.3742,11.8779,13.0643,10.4777,10.4777,21.7293,5.43232
29.7247,11.7689,56.0999,11.1965,7.93952,0.138128,0.896873,-0.442289,0.401229,0.915978,1616.33,795.667,233,0,0,0,0,0,4461.33,661.25,622.676,220.417,475.824,110.208,354.048,15.6764,2.61273,11.818,12.8759,7.99547,7.99547,29.7247,7.43118
38.6647,11.749,55.8097,9.46403,11.0415,0.19152,0.866025,-0.5,0.401229,0.915978,2488,1616.33,795.667,0,0,0,0,0,6736.33,1283.25,851.929,427.75,779.659,213.875,591.334,25.3426,4.22376,11.7922,12.7041,8.93993,8.93993,38.6647,9.66617
48.6276,11.7298,56.2899,9.57611,14.109,0.243768,0.83147,-0.55557,0.401229,0.915978,3680,2488,1616.33,233,0,0,0,0,9590.67,2145,1069.35,734.417,1174.74,367.208,908.209,34.6866,6.24991,11.7653,12.5515,9.96293,9.96293,37.3761,9.34402
63.6843,11.6639,55.7917,8.83831,17.1301,0.294543,0.793353,-0.608761,0.401229,0.915978,5815.33,3680,2488,795.667,0,0,0,0,12584.3,3399.92,1575.23,1219.03,1803.2,609.514,1413.25,45.1753,8.90342,11.7279,12.4233,15.0567,15.0567,41.955,10.4888
86.6061,11.7049,56.4759,6.66293,20.0954,0.343584,0.75184,-0.659346,0.401229,0.915978,8018.33,5815.33,3680,1616.33,0,0,0,0,15805,5000.42,2111.14,1887.22,2556.12,943.611,2038.94,59.3956,12.512,11.7119,12.3176,22.9218,22.9218,56.8813,14.2203
115.324,11.7745,56.3091,8.46199,22.9954,0.390657,0.707107,-0.707107,0.401229,0.915978,11202.3,8018.33,5815.33,2488,0,0,0,0,18829.3,7179,2783.63,2820.75,3549.14,1410.38,2878.78,78.5605,17.3172,11.7183,12.2301,28.7179,28.7179,76.6593,19.1648
154.098,11.8176,55.9252,8.64256,25.8202,0.435549,0.659346,-0.75184,0.401229,0.915978,12713,11202.3,8018.33,3680,233,0,0,0,21374.7,9437.25,2691.55,3880.17,4354.96,1940.08,3639.61,104.928,23.7379,11.7402,12.159,38.774,38.774,105.47,26.3676
179.21,11.8551,55.6161,8.88875,28.5587,0.478059,0.608761,-0.793353,0.401229,0.915978,13402,12713,11202.3,5815.33,795.667,0,0,0,24333.3,11333.9,2073,4997,4900.94,2498.5,4272.25,133.81,31.205,11.788,12.1008,25.112,25.112,115.526,28.8814
188.215,12.0603,55.8833,6.16042,31.1983,0.518002,0.55557,-0.83147,0.401229,0.915978,15570,13402,12713,8018.33,1616.33,0,0,0,25817.3,13221.8,1571.91,6294.5,5437.88,3147.25,4968.95,159.212,39.0473,11.8769,12.0593,9.00533,9.00533,101.609,25.4023
210.528,12.2014,54.2755,7.14898,33.7246,0.555202,0.5,-0.866025,0.401229,0.915978,16778.3,15570,13402,11202.3,2488,0,0,0,26890,14615.8,1634.09,7692.69,5785.59,3846.35,5615.24,183.013,47.8193,11.9836,12.0309,22.3127,22.3127,95.204,23.801
252.689,12.5041,53.7055,5.65267,36.1214,0.589498,0.442289,-0.896873,0.401229,0.915978,28595.3,16778.3,15570,12713,3680,233,0,0,31026.3,18586.4,5903.91,10056.2,7723.96,5037.82,7417.29,207.661,58.348,12.1552,12.0221,42.1613,42.1613,98.5913,24.6478
392.065,13.0955,51.4907,6.05088,38.3703,0.620741,0.382683,-0.92388,0.401229,0.915978,34638.3,28595.3,16778.3,13402,5815.33,795.667,0,0,28254,23895.5,8022.86,12876.4,9742.49,6481.08,9401.26,260.874,74.6841,12.4653,12.0431,139.375,139.375,212.855,53.2137
534.183,14.4985,47.3081,7.19351,40.451,0.648798,0.321439,-0.94693,0.401229,0.915978,35578.7,34638.3,28595.3,15570,8018.33,1616.33,0,0,33236,28897.7,7492.67,15706.6,10922,7963.53,10941.4,347.366,96.9417,13.0749,12.1296,142.118,142.118,345.967,86.4918
560.148,14.9536,45.7327,8.54425,42.3414,0.673546,0.258819,-0.965926,0.401229,0.915978,36681.7,35578.7,34638.3,16778.3,11202.3,2488,0,0,27019.3,33873.5,3131.99,18556.1,11544.3,9491.93,12210.6,434.771,120.281,13.7629,12.2365,25.9653,25.9653,349.62,87.405
581.156,15.1674,44.7104,9.41433,44.0176,0.69488,0.19509,-0.980785,0.401229,0.915978,38592,36681.7,35578.7,28595.3,12713,3680,0,0,32526.7,36372.7,1471.33,21465.4,11824.5,11099.9,13343.3,516.888,144.496,14.4288,12.357,21.008,21.008,328.467,82.1167
597.624,15.3237,44.3457,5.74063,45.4555,0.712706,0.130526,-0.991445,0.401229,0.915978,40063.7,38592,36681.7,34638.3,13402,5815.33,0,0,34655.7,37729,1726,24319.5,11835.9,12769.2,14320.5,568.278,169.397,14.9858,12.4886,16.468,16.468,205.559,51.3898
613.367,15.3219,43.371,8.44868,46.6313,0.726949,0.0654031,-0.997859,0.401229,0.915978,40847,40063.7,38592,35578.7,15570,8018.33,0,0,21934.3,39046.1,1587.09,27055.2,11542.2,14471.2,15107.4,588.074,194.954,15.1917,12.6217,15.7427,15.7427,79.184,19.796
623.763,15.5439,43.5595,6.22329,47.5229,0.737548,1.22465e-16,-1,0.401229,0.915978,40982.3,40847,40063.7,36681.7,16778.3,11202.3,0,0,24230.7,40121.2,950.013,29536.9,11058.3,16178.8,15680.5,603.977,220.944,15.3392,12.7655,10.396,10.396,63.6147,15.9037
632.079,15.9503,42.2589,6.07791,48.1124,0.744456,-0.0654031,-0.997859,0.401229,0.915978,40683.3,40982.3,40847,38592,28595.3,12713,0,0,30600.7,40644.1,351.429,31867.7,10179.3,17873.9,16034.9,616.708,247.281,15.535,12.9269,8.316,8.316,50.9227,12.7307
638.64,16.2247,41.2349,6.02923,48.3867,0.747644,-0.130526,-0.991445,0.401229,0.915978,40527.7,40683.3,40982.3,40063.7,34638.3,13402,0,0,14709,40760.1,170.921,34128.2,8737.47,19562.6,16196.8,626.962,273.891,15.7602,13.1009,6.56133,6.56133,41.016,10.254
640.105,16.451,40.8057,5.40738,48.3396,0.747098,-0.19509,-0.980785,0.401229,0.915978,40320.7,40527.7,40683.3,40847,35578.7,15570,0,0,13199.3,40628.5,241.418,36190.8,6825.27,21242.6,16171.7,633.647,300.562,16.0425,13.286,1.46533,1.46533,26.7387,6.68467
637.731,16.7302,39.8103,5.38419,47.9723,0.742821,-0.258819,-0.965926,0.401229,0.915978,40581.3,40320.7,40527.7,40982.3,36681.7,16778.3,0,0,10144.7,40528.2,132.249,38174.3,3585.06,22933.5,15982.7,637.139,327.134,16.3391,13.4892,-2.37467,-2.37467,13.968,3.492
631.197,17.2737,38.3667,7.22493,47.2929,0.73483,-0.321439,-0.94693,0.401229,0.915978,39931.3,40581.3,40320.7,40683.3,38592,28595.3,233,0,9646.67,40340.2,255.364,39119,2138.01,24587.6,15597.3,636.918,352.965,16.6699,13.7157,-6.53333,-6.53333,-0.881333,-0.220333
620.637,16.9695,38.5743,6.24003,46.316,0.723161,-0.382683,-0.92388,0.401229,0.915978,38867.3,39931.3,40581.3,40527.7,40063.7,34638.3,795.667,0,7804,39925.2,653.075,39471.4,1667.07,26173.9,15022.3,632.417,377.919,16.8561,13.9306,-10.5607,-10.5607,-18.0033,-4.50083
605.986,16.9435,39.2461,5.67771,45.0612,0.707862,-0.442289,-0.896873,0.401229,0.915978,36972,38867.3,39931.3,40320.7,40847,35578.7,1616.33,0,8806,39088,1366.33,39587.5,1422.47,27647.1,14255.9,623.888,401.93,16.9792,14.1462,-14.6507,-14.6507,-34.1193,-8.52983
585.613,16.929,38.3379,7.03017,43.5511,0.689001,-0.5,-0.866025,0.401229,0.915978,35027.3,36972,38867.3,40581.3,40982.3,36681.7,2488,0,8308,37699.5,1871.81,39449.7,1741.75,29002.9,13314.9,610.858,424.72,17.0289,14.362,-20.3727,-20.3727,-52.1173,-13.0293
563.329,16.4957,38.3923,5.47357,41.8096,0.666658,-0.55557,-0.83147,0.401229,0.915978,33274,35027.3,36972,39931.3,40683.3,38592,3680,0,5785.33,36035.2,2093.95,39006.5,2440.13,30236,12239.6,593.891,446.166,16.8344,14.5606,-22.284,-22.284,-67.868,-16.967
537.625,16.3015,38.8073,6.44688,39.8611,0.640929,-0.608761,-0.793353,0.401229,0.915978,31066.7,33274,35027.3,38867.3,40527.7,40063.7,5815.33,0,6705.33,34085,2178.92,38256.8,3248.45,31288.1,11130.2,573.138,465.913,16.6674,14.7538,-25.704,-25.704,-83.0113,-20.7528
510.653,16.4315,38.4638,6.33281,37.7288,0.611925,-0.659346,-0.75184,0.401229,0.915978,29072.7,31066.7,33274,36972,40320.7,40847,8018.33,0,5773,32110.2,2246.09,37275.6,4007.43,32165.4,10037.7,549.305,483.582,16.5394,14.9508,-26.972,-26.972,-95.3327,-23.8332
479.179,16.3531,38.7925,6.00207,35.4344,0.579771,-0.707107,-0.707107,0.401229,0.915978,26423.3,29072.7,31066.7,35027.3,40581.3,40982.3,11202.3,0,6672.67,29959.2,2525.01,36062.3,4822.52,32799.6,9133.25,522.697,498.743,16.3955,15.1415,-31.474,-31.474,-106.434,-26.6085
448.186,16.2855,37.7109,8.29809,32.9977,0.544606,-0.75184,-0.659346,0.401229,0.915978,23840.7,26423.3,29072.7,33274,39931.3,40683.3,12713,0,7813,27600.8,2725.05,34658.8,5652.84,33263.2,8350.7,493.911,510.996,16.3429,15.3277,-30.9933,-30.9933,-115.143,-28.7858
412.914,16.0236,37.9101,6.76253,30.4364,0.506582,-0.793353,-0.608761,0.401229,0.915978,21158.3,23840.7,26423.3,31066.7,38867.3,40527.7,13402,0,7578.33,25123.8,2943.37,33044.6,6455.03,33586.4,7700.58,462.733,520.734,16.2735,15.5014,-35.272,-35.272,-124.711,-31.1778
372.978,15.5151,39.1835,6.91991,27.7662,0.465865,-0.83147,-0.55557,0.401229,0.915978,18603.7,21158.3,23840.7,29072.7,36972,40320.7,15570,0,7242,22506.5,2922.81,31234.9,7166.51,33712.8,7423.73,428.314,528.432,16.0443,15.6453,-39.936,-39.936,-137.675,-34.4188
328.609,14.5282,42.6652,5.04431,25.0008,0.422632,-0.866025,-0.5,0.401229,0.915978,15709.3,18603.7,21158.3,26423.3,35027.3,40581.3,16778.3,0,6020.33,19828,3013.87,29162.2,7737.59,33668.3,7527.68,390.672,533.352,15.5881,15.7423,-44.3693,-44.3693,-150.571,-37.6427
282.967,13.8521,44.4201,6.77364,22.1525,0.377074,-0.896873,-0.442289,0.401229,0.915978,12607.3,15709.3,18603.7,23840.7,33274,39931.3,28595.3,0,4835.33,17019.7,3194.66,26885.2,8237.7,33002.1,8580.89,349.367,534.614,14.9797,15.7985,-45.6413,-45.6413,-165.219,-41.3047
73.9833,13.5279,44.8583,6.37706,19.232,0.329395,-0.92388,-0.382683,0.401229,0.915978,9680.67,12607.3,15709.3,21158.3,31066.7,38867.3,34638.3,0,3096.67,14150.2,3339.96,24453,8639.8,31962.2,9751.97,264.634,521.361,14.3558,15.8165,-208.984,-208.984,-338.931,-84.7327
56.6993,13.4087,44.5597,7.04791,16.2491,0.279813,-0.94693,-0.321439,0.401229,0.915978,7262.33,9680.67,12607.3,18603.7,29072.7,36972,35578.7,0,2389.67,11314.9,3165.26,21977.2,8948.89,30782.4,10889.6,185.565,501.465,13.8292,15.7711,-17.284,-17.284,-316.279,-79.0697
52.0707,13.2883,43.2571,7.53302,13.2128,0.228569,-0.965926,-0.258819,0.401229,0.915978,5215.33,7262.33,9680.67,15709.3,26423.3,35027.3,36681.7,0,1529.67,8691.42,2758.55,19492.9,9117.67,29471.3,11943.7,116.43,480.296,13.5193,15.7017,-4.6286,-4.6286,-276.538,-69.1345
0,8.24621,51.4469,5.4014,-11.651,-0.201951,0.997859,-0.0654031,0.416926,0.90894,0,0,0,0,0,0,0,0,0,0,0,0,0,0,0,0,0,8.28758,8.89923,0,0,0,0
0,8.2111,51.5948,4.66627,-8.3278,-0.144836,0.991445,-0.130526,0.416926,0.90894,0,0,0,0,0,0,0,0,0,0,0,0,0,0,0,0,0,8.26389,8.82648,0,0,0,0
0,8.11031,52.7496,4.52507,-5.02741,-0.0876324,0.980785,-0.19509,0.416926,0.90894,0,0,0,0,0,0,0,0,0,0,0,0,0,0,0,0,0,8.22191,8.75283,0,0,0,0
0,7.94013,52.9032,4.7275,-1.75257,-0.0305834,0.965926,-0.258819,0.416926,0.90894,176,0,0,0,0,0,0,0,0,44,76.2102,14.6667,48.6438,7.33333,35.1694,0,0,8.12694,8.67778,0,0,0,0
10.8575,7.74903,53.6237,4.79783,1.81114,0.0316051,0.94693,-0.321439,0.416926,0.90894,896.333,176,0,0,0,0,0,0,233,268.083,369.768,89.3611,248.087,44.6806,181.025,2.71438,0.452397,8.00264,8.59682,10.8575,10.8575,10.8575,2.71438
25.9209,7.6654,53.6288,5.22017,4.87579,0.084996,0.92388,-0.382683,0.416926,0.90894,1943,896.333,176,0,0,0,0,0,795.667,753.833,764.294,251.278,566.565,125.639,419.861,9.1946,1.53243,7.86622,8.51716,15.0633,15.0633,25.9209,6.48022
37.0291,7.75963,54.1025,4.80015,7.99687,0.139119,0.896873,-0.442289,0.416926,0.90894,2904.33,1943,896.333,0,0,0,0,0,1616.33,1479.92,1034.91,493.306,918.54,246.653,694.763,18.4519,3.07531,7.77855,8.44806,11.1082,11.1082,37.0291,9.25727
47.8059,7.88441,53.814,4.73185,11.1055,0.192616,0.866025,-0.5,0.416926,0.90894,4813.67,2904.33,1943,176,0,0,0,0,2488,2639.33,1442.3,894.444,1489.29,447.222,1144.12,30.4033,5.06722,7.76462,8.39224,10.7768,10.7768,47.8059,11.9515
68.5855,8.16095,53.1201,4.44127,14.1799,0.244968,0.83147,-0.55557,0.416926,0.90894,6339,4813.67,2904.33,896.333,0,0,0,0,3680,4000,1700.35,1422.69,2083.87,711.347,1636.24,44.8353,7.92495,7.8676,8.35246,20.7797,20.7797,57.728,14.432
86.7357,8.52735,52.6153,3.54805,17.2084,0.295848,0.793353,-0.608761,0.416926,0.90894,8500.33,6339,4813.67,1943,0,0,0,0,5815.33,5639.33,2051.63,2131.06,2801.16,1065.53,2249.13,60.039,11.5389,8.08309,8.33313,18.1501,18.1501,60.8148,15.2037
109.437,8.87022,51.1709,3.82395,20.1814,0.344993,0.75184,-0.659346,0.416926,0.90894,10553,8500.33,6339,2904.33,0,0,0,0,8018.33,7551.5,2172.28,3010.47,3550.41,1505.24,2927.19,78.1411,16.0988,8.36073,8.32996,22.7015,22.7015,72.4081,18.102
132.402,9.30141,50.2859,3.51781,23.0897,0.392171,0.707107,-0.707107,0.416926,0.90894,11911.3,10553,8500.33,4813.67,176,0,0,0,11202.3,9325.92,2109.11,4003.08,4179.36,2001.54,3569.27,99.2901,21.6156,8.71498,8.34525,22.9648,22.9648,84.5961,21.149
158.309,9.62208,49.7444,3.66874,25.9233,0.437168,0.659346,-0.75184,0.416926,0.90894,14548.3,11911.3,10553,6339,896.333,0,0,0,12713,11378.2,2196.42,5215.44,4891.69,2607.72,4331.81,121.721,28.2118,9.08027,8.37717,25.9067,25.9067,89.7231,22.4308
191.115,9.95191,49.0107,3.57631,28.6712,0.479782,0.608761,-0.793353,0.416926,0.90894,17496,14548.3,11911.3,8500.33,1943,0,0,0,13402,13627.2,2655.7,6673.44,5666.03,3336.72,5213.98,147.816,36.1749,9.43641,8.42824,32.8067,32.8067,104.38,26.0949
224.702,10.4669,47.378,3.95491,31.3207,0.519827,0.55557,-0.83147,0.416926,0.90894,20672,17496,14548.3,10553,2904.33,0,0,0,15570,16156.9,3270.77,8396.11,6461.81,4198.06,6204.93,176.632,45.5375,9.83557,8.50336,33.5867,33.5867,115.265,28.8162
270.985,11.1251,45.691,3.45493,33.8575,0.557129,0.5,-0.866025,0.416926,0.90894,20145.3,20672,17496,11911.3,4813.67,176,0,0,16778.3,18215.4,2435.39,10060.2,6697.65,5037.44,6903.53,211.278,56.8285,10.2915,8.60891,46.2827,46.2827,138.583,34.6457
272.238,11.6767,44.4313,3.34982,36.2653,0.591525,0.442289,-0.896873,0.416926,0.90894,22108,20145.3,20672,14548.3,6339,896.333,0,0,28595.3,20105.3,1668.98,11827.9,6843.37,5958.61,7608.86,239.76,68.1718,10.8052,8.74003,1.25333,1.25333,113.929,28.4823
308.365,12.0846,44.4199,3.63005,38.5257,0.622866,0.382683,-0.92388,0.416926,0.90894,18768.3,22108,20145.3,17496,8500.33,1943,0,0,34638.3,20423.4,1195.43,13230,6382.59,6740.62,7914.6,269.073,81.0203,11.3383,8.8907,36.1273,36.1273,117.25,29.3125
272.227,12.6466,43.9219,3.14958,40.6183,0.651017,0.321439,-0.94693,0.416926,0.90894,20827.7,18768.3,22108,20672,10553,2904.33,0,0,35578.7,20462.3,1205.38,14723.6,5867.88,7608.44,8262.15,280.954,92.3631,11.8833,9.06733,-36.138,-36.138,47.5253,11.8813
295.357,12.6791,45.4836,2.72458,42.5208,0.675857,0.258819,-0.965926,0.416926,0.90894,22020.7,20827.7,18768.3,20145.3,11911.3,4813.67,0,0,36681.7,20931.2,1347.27,16157.5,5350.64,8525.97,8582.77,287.047,104.67,12.2718,9.24625,23.13,23.13,24.3727,6.09317
334.185,13.1035,45.8103,2.42531,44.2091,0.697279,0.19509,-0.980785,0.416926,0.90894,22030.7,22020.7,20827.7,22108,14548.3,6339,0,0,38592,20911.8,1330.69,17465.1,4664.8,9443.92,8797.24,302.534,118.594,12.6285,9.44529,38.828,38.828,61.9473,15.4868
304.821,13.394,44.8214,2.28663,45.6587,0.71519,0.130526,-0.991445,0.416926,0.90894,23568.3,22030.7,22020.7,18768.3,17496,8500.33,0,0,40063.7,22111.8,972.803,18720.8,4073.13,10425.9,9001.3,301.648,131.295,12.9558,9.65729,-29.364,-29.364,-3.544,-0.886
344.427,13.4155,46.5005,1.94137,46.8456,0.729513,0.0654031,-0.997859,0.416926,0.90894,25155,23568.3,22030.7,20827.7,20672,10553,0,0,40847,23193.7,1295.73,19937.6,3605.58,11474.1,9188.86,319.698,145.646,13.148,9.87134,39.6053,39.6053,72.1993,18.0498
349.911,13.8807,46.439,1.98164,47.7473,0.740187,1.22465e-16,-1,0.416926,0.90894,23529.7,25155,23568.3,22020.7,20145.3,11911.3,0,0,40982.3,23570.9,1104.92,20905.8,2787.4,12454.5,9167.55,333.336,160.226,13.4484,10.103,5.48467,5.48467,54.554,13.6385
323.153,13.01,50.7631,2.83449,48.3455,0.747166,-0.0654031,-0.997859,0.416926,0.90894,24709.3,23529.7,25155,22030.7,22108,14548.3,0,0,40683.3,24240.6,709.438,21752.6,2211.33,13484,9098.27,330.578,173.69,13.425,10.3015,-26.7587,-26.7587,-11.0327,-2.75817
330.071,12.4397,52.9597,2.21443,48.6267,0.750419,-0.130526,-0.991445,0.416926,0.90894,24318,24709.3,23529.7,23568.3,18768.3,17496,0,0,40527.7,24428,597.24,22321.1,1898.78,14497.3,8891.95,336.89,187.443,13.1865,10.4777,6.918,6.918,25.2493,6.31233
336.237,12.7727,52.6101,2.09678,48.5846,0.749933,-0.19509,-0.980785,0.416926,0.90894,20105.7,24318,24709.3,25155,20827.7,20672,0,0,40320.7,23165.7,1817.06,22273.9,1945.64,15335,8421.31,334.843,201.453,13.0258,10.672,6.166,6.166,-8.19,-2.0475
279.689,12.2929,54.6399,2.71678,48.2201,0.74571,-0.258819,-0.965926,0.416926,0.90894,17402.7,20105.7,24318,23529.7,22020.7,20145.3,176,0,40581.3,21633.9,3037.33,22045.3,2309.36,16052.8,7810.67,317.287,213.107,12.6288,10.8534,-56.5473,-56.5473,-70.222,-17.5555
242.612,12.0187,56.6209,2.77841,47.5416,0.737768,-0.321439,-0.94693,0.416926,0.90894,15014.7,17402.7,20105.7,24709.3,22030.7,22108,896.333,0,39931.3,19210.2,3455.47,21454.2,3017.05,16641,7150.79,297.152,222.763,12.381,11.0313,-37.0773,-37.0773,-80.5407,-20.1352
213.391,12.0779,57.3649,3.00078,46.5638,0.72614,-0.382683,-0.92388,0.416926,0.90894,13990,15014.7,17402.7,24318,23568.3,18768.3,1943,0,38867.3,16628.2,2358.82,21056,3603.57,17143,6494.1,267.982,230.575,12.2906,11.2151,-29.2207,-29.2207,-116.679,-29.1698
194.545,11.8671,58.2257,2.78606,45.3064,0.710878,-0.442289,-0.896873,0.416926,0.90894,14475.3,13990,15014.7,20105.7,25155,20827.7,2904.33,0,36972,15220.7,1310.88,20526.7,4038.56,17625.1,5812.91,232.559,237.138,12.0641,11.3863,-18.846,-18.846,-141.691,-35.4228
197.215,12.1375,57.6126,2.42829,43.7922,0.692046,-0.5,-0.866025,0.416926,0.90894,17685.7,14475.3,13990,17402.7,23529.7,22020.7,4813.67,0,35027.3,15291.4,1429.05,20165.4,4082.41,18161.5,5163.68,211.941,243.363,12.0253,11.5635,2.67,2.67,-82.474,-20.6185
237.649,12.2047,57.6725,2.60741,42.0458,0.669725,-0.55557,-0.83147,0.416926,0.90894,19609,17685.7,14475.3,15014.7,24709.3,22030.7,6339,0,33274,16440,2316.07,19963.6,4044.9,18714.4,4541.08,210.7,250.408,12.0718,11.732,40.4333,40.4333,-4.96333,-1.24083
266.767,12.7005,57.0956,2.17139,40.0916,0.644012,-0.608761,-0.793353,0.416926,0.90894,20592.7,19609,17685.7,13990,24318,23568.3,8500.33,0,31066.7,18090.7,2334.52,19715.6,3905.11,19218.2,4020.89,224.044,257.909,12.2275,11.9058,29.118,29.118,53.3753,13.3438
273.461,12.6139,56.2619,2.39829,37.9531,0.615017,-0.659346,-0.75184,0.416926,0.90894,19702.3,20592.7,19609,14475.3,20105.7,25155,10553,0,29072.7,19397.4,1060.24,19261.2,3546.53,19599.4,3592.13,243.773,264.743,12.4142,12.0618,6.694,6.694,78.9153,19.7288
261.382,12.8123,55.7978,2.26976,35.6523,0.582865,-0.707107,-0.707107,0.416926,0.90894,13753.3,19702.3,20592.7,17685.7,17402.7,23529.7,11911.3,0,26423.3,18414.3,2718.28,18446.6,3594.99,19676.2,3443.66,259.815,270.117,12.5828,12.2081,-12.0787,-12.0787,64.1667,16.0417
195.14,12.6207,57.3919,2.11094,33.209,0.547695,-0.75184,-0.659346,0.416926,0.90894,13573,13753.3,19702.3,19609,15014.7,24709.3,14548.3,0,23840.7,16905.3,3258.04,17518.5,3282.3,19635.6,3509.07,249.187,271.652,12.6868,12.3331,-66.242,-66.242,-42.5087,-10.6272
193.148,12.4705,57.4471,2.03139,30.6412,0.50966,-0.793353,-0.608761,0.416926,0.90894,14442.3,13573,13753.3,20592.7,13990,24318,17496,0,21158.3,15367.8,2523.51,16695.6,2651.8,19508.3,3637.35,230.783,271.737,12.6293,12.438,-1.992,-1.992,-73.6187,-18.4047
199.227,12.3101,58.4599,1.92122,27.9645,0.468924,-0.83147,-0.55557,0.416926,0.90894,20085.7,14442.3,13573,19702.3,14475.3,20105.7,20672,0,18603.7,15463.6,2688.21,16693.9,2649.66,19483.9,3631.42,212.224,270.675,12.5534,12.5148,6.07867,6.07867,-74.234,-18.5585
317.815,12.4041,58.3107,2.79578,25.1928,0.425666,-0.866025,-0.5,0.416926,0.90894,11304.3,20085.7,14442.3,13753.3,17685.7,17402.7,20145.3,0,15709.3,14851.3,3231.91,16185.7,3023.44,19115.5,3977.56,226.332,272.626,12.4514,12.5681,118.588,118.588,56.4327,14.1082
148.8,12.5056,58.5315,2.54143,22.3384,0.380075,-0.896873,-0.442289,0.416926,0.90894,9686,11304.3,20085.7,13573,19609,15014.7,22108,0,12607.3,13879.6,3970.21,15741.6,3514.29,18597.9,4345.66,214.747,267.483,12.4226,12.6026,-169.015,-169.015,-46.34,-11.585
158.836,12.2123,58.5779,2.79832,19.4119,0.332357,-0.92388,-0.382683,0.416926,0.90894,9344.67,9686,11304.3,14442.3,20592.7,13990,18768.3,0,9680.67,12605.2,4381.85,15354.5,3918.52,18205.3,4721.97,206.169,261.253,12.358,12.6079,10.036,10.036,-34.312,-8.578
117.401,12.0362,59.595,1.84361,16.4232,0.282729,-0.94693,-0.321439,0.416926,0.90894,7413.67,9344.67,9686,20085.7,19702.3,14475.3,20827.7,0,7262.33,9437.17,1383.05,14766.1,4494.31,17646.4,5152.72,185.713,254.802,12.2895,12.5825,-41.4347,-41.4347,-81.8253,-20.4563
65.9719,11.9758,59.7973,1.94227,13.3813,0.231431,-0.965926,-0.258819,0.416926,0.90894,5214,7413.67,9344.67,11304.3,13753.3,17685.7,22020.7,0,5215.33,7914.58,1783.75,13726.8,5100.18,16946.1,5630.55,122.752,245.244,12.1825,12.5532,-51.4294,-51.4294,-251.843,-62.9607
0,10.9178,71.8209,2.42198,-11.6189,-0.201401,0.997859,-0.0654031,0.432499,0.901634,0,0,0,0,0,0,0,0,0,0,0,0,0,0,0,0,0,10.8806,11.4039,0,0,0,0
0,11.0252,70.6559,2.17611,-8.29125,-0.144205,0.991445,-0.130526,0.432499,0.901634,0,0,0,0,0,0,0,0,0,0,0,0,0,0,0,0,0,10.9175,11.3646,0,0,0,0
0,11.0908,70.5281,2.54723,-4.98615,-0.0869149,0.980785,-0.19509,0.432499,0.901634,0,0,0,0,0,0,0,0,0,0,0,0,0,0,0,0,0,10.9741,11.3318,0,0,0,0
0,11.0796,71.0903,2.52365,-1.70631,-0.0297764,0.965926,-0.258819,0.432499,0.901634,38,0,0,0,0,0,0,0,176,9.5,16.4545,3.16667,10.5026,1.58333,7.5934,0,0,11.0283,11.2996,0,0,0,0
13.2547,11.1379,69.6399,2.57725,1.85865,0.0324339,0.94693,-0.321439,0.432499,0.901634,586,38,0,0,0,0,0,0,896.333,156,248.745,52,161.346,26,117.014,3.31367,0.552278,11.0834,11.2711,13.2547,13.2547,13.2547,3.31367
27.1281,11.3787,68.98,2.45641,4.93154,0.0859653,0.92388,-0.382683,0.432499,0.901634,1817.67,586,38,0,0,0,0,0,1943,610.417,734.561,203.472,512.505,101.736,376.405,10.0957,1.68261,11.1718,11.2535,13.8734,13.8734,27.1281,6.78202
41.5617,11.6108,68.0305,2.09349,8.05936,0.140199,0.896873,-0.442289,0.432499,0.901634,3003,1817.67,586,0,0,0,0,0,2904.33,1361.17,1146.26,453.722,921.792,226.861,690.156,20.4861,3.41435,11.3018,11.2492,14.4336,14.4336,41.5617,10.3904
57.1129,11.7874,67.5511,2.06773,11.1747,0.193801,0.866025,-0.5,0.432499,0.901634,4014.33,3003,1817.67,38,0,0,0,0,4813.67,2355.25,1283.68,788.25,1333.09,394.125,1021.71,34.7643,5.79406,11.4787,11.2586,15.5513,15.5513,57.1129,14.2782
67.8617,12.1256,67.6924,1.95674,14.2561,0.246256,0.83147,-0.55557,0.432499,0.901634,5289.33,4014.33,3003,586,0,0,0,0,6339,3531.08,1278.64,1229.03,1794.26,614.514,1409.72,48.4161,8.62162,11.7256,11.2781,10.7487,10.7487,54.607,13.6517
85.5985,12.4515,68.5507,1.73187,17.2919,0.29724,0.793353,-0.608761,0.432499,0.901634,6050.67,5289.33,4014.33,1817.67,0,0,0,0,8500.33,4589.33,1169.68,1733.25,2185.55,866.625,1771.82,63.0337,12.1882,11.9938,11.3063,17.7369,17.7369,58.4705,14.6176
95.4678,12.8017,67.4234,1.67839,20.2727,0.346489,0.75184,-0.659346,0.432499,0.901634,6530.67,6050.67,5289.33,3003,0,0,0,0,10553,5471.25,950.498,2277.47,2479.52,1138.74,2090.63,76.5102,16.1661,12.2916,11.3482,9.86927,9.86927,53.9061,13.4765
105.335,13.2387,67.1335,1.57135,23.1894,0.393771,0.707107,-0.707107,0.432499,0.901634,5136.67,6530.67,6050.67,4014.33,38,0,0,0,11911.3,5751.83,567.499,2705.53,2492.75,1352.76,2221.91,88.5658,20.555,12.6544,11.4218,9.8674,9.8674,48.2223,12.0556
88.2971,13.4087,66.7735,1.45341,26.0319,0.438871,0.659346,-0.75184,0.432499,0.901634,10251.3,5136.67,6530.67,5289.33,586,0,0,0,14548.3,6992.33,1947.08,3559.81,3101.44,1779.9,2824.45,93.6747,24.2341,12.9752,11.5089,-17.0381,-17.0381,20.4354,5.10885
139.997,13.4625,67.8697,1.74658,28.7892,0.481588,0.608761,-0.793353,0.432499,0.901634,11661,10251.3,5136.67,6050.67,1817.67,0,0,0,17496,8394.92,2655.43,4531.56,3617.7,2265.78,3417.25,107.274,30.0673,13.2279,11.5916,51.7001,51.7001,54.3986,13.5997
168.87,13.6743,68.8257,2.35977,31.4487,0.521735,0.55557,-0.83147,0.432499,0.901634,18008.7,11661,10251.3,6530.67,3003,0,0,0,20672,11264.4,4588.51,6032.28,4925.48,3016.14,4607.31,125.625,37.1035,13.4461,11.6814,28.8729,28.8729,73.4022,18.3505
239.783,14.0483,68.222,1.93764,33.9961,0.559136,0.5,-0.866025,0.432499,0.901634,16771.7,18008.7,11661,5136.67,4014.33,38,0,0,20145.3,14173.2,3284.62,7426.75,5378.92,3714.96,5314.49,159.237,47.0945,13.6485,11.7888,70.9133,70.9133,134.448,33.612
246.112,14.8916,65.6725,1.84435,36.415,0.59363,0.442289,-0.896873,0.432499,0.901634,13809.7,16771.7,18008.7,10251.3,5289.33,586,0,0,22108,15062.8,2487.01,8528.72,5216.69,4290.36,5619.93,198.691,57.3492,14.0192,11.9373,6.32867,6.32867,157.815,39.4537
209.969,14.669,67.8259,2.30452,38.6871,0.625066,0.382683,-0.92388,0.432499,0.901634,14000.7,13809.7,16771.7,11661,6050.67,1817.67,0,0,18768.3,15647.7,1797.81,9543.97,4992.51,4873.72,5865.59,216.184,66.0979,14.3208,12.0844,-36.1427,-36.1427,69.9722,17.493
195.147,14.3648,68.4791,3.46052,40.7916,0.65331,0.321439,-0.94693,0.432499,0.901634,18292.3,14000.7,13809.7,18008.7,6530.67,3003,0,0,20827.7,15718.6,1892.64,10818.1,5110.21,5635.9,6351.14,222.753,74.229,14.4934,12.2254,-14.822,-14.822,26.2773,6.56933
244.371,13.9973,68.8286,3.66717,42.7062,0.678239,0.258819,-0.965926,0.432499,0.901634,23982,18292.3,14000.7,16771.7,5136.67,4014.33,0,0,22020.7,17521.2,4138.42,12482.1,5824.82,6635.15,7213.82,223.9,84.4112,14.4807,12.3582,49.224,49.224,4.588,1.147
320.061,14.378,66.9676,2.94192,44.4067,0.699746,0.19509,-0.980785,0.432499,0.901634,26246.3,23982,18292.3,13809.7,10251.3,5289.33,0,0,22030.7,20630.3,4800.83,14228.5,6508.09,7728.75,8064.35,242.387,97.747,14.3523,12.506,75.6893,75.6893,73.9487,18.4872
380.985,15.0577,64.3443,3.19251,45.8681,0.717739,0.130526,-0.991445,0.432499,0.901634,30510,26246.3,23982,14000.7,11661,6050.67,0,0,23568.3,24757.7,4407.6,16266.8,7397.19,9000,9085.88,285.141,113.621,14.4494,12.6802,60.924,60.924,171.015,42.7538
431.661,15.4513,62.4457,2.64539,47.066,0.732139,0.0654031,-0.997859,0.432499,0.901634,30893.7,30510,26246.3,18292.3,18008.7,6530.67,0,0,25155,27908,2909.43,18297,7779.85,10287.2,9873.87,344.269,131.607,14.7211,12.8713,50.676,50.676,236.513,59.1283
446.723,15.7523,60.5661,3.22845,47.9778,0.742886,1.22465e-16,-1,0.432499,0.901634,31592.3,30893.7,30510,23982,16771.7,5136.67,0,0,23529.7,29810.6,2094.08,20501.6,7480.86,11603.6,10500.7,394.857,150.221,15.1598,13.0751,15.062,15.062,202.351,50.5878
446.964,15.5527,62.4619,3.18663,48.5845,0.749932,-0.0654031,-0.997859,0.432499,0.901634,38505.7,31592.3,30893.7,26246.3,13809.7,10251.3,0,0,24709.3,32875.4,3273.7,22856.2,8287.09,13208,11499.3,426.583,168.844,15.4535,13.2682,0.241333,0.241333,126.903,31.7258
491.296,15.8571,60.8262,2.89517,48.8725,0.753248,-0.130526,-0.991445,0.432499,0.901634,33410.7,38505.7,31592.3,30510,14000.7,11661,0,0,24318,33600.6,2977.26,24668.6,8014.33,14600.1,11833.6,454.161,189.315,15.6533,13.4695,44.332,44.332,110.311,27.5778
462.843,16.1019,59.8417,3.00157,48.8351,0.752819,-0.19509,-0.980785,0.432499,0.901634,29865.7,33410.7,38505.7,30893.7,18292.3,18008.7,0,0,20105.7,33343.6,3233.2,25656.7,7861.79,15844.5,11803.1,461.957,208.6,15.816,13.6783,-28.4527,-28.4527,31.1827,7.79567
435.878,15.9116,61.7587,3.12007,48.4733,0.748646,-0.258819,-0.965926,0.432499,0.901634,32432.3,29865.7,33410.7,31592.3,23982,16771.7,38,0,17402.7,33553.6,3138.53,26961.8,7573.08,17194.3,11770.6,459.245,226.762,15.8558,13.8796,-26.9653,-26.9653,-10.8447,-2.71117
484.219,16.0749,62.4223,2.90172,47.7952,0.740749,-0.321439,-0.94693,0.432499,0.901634,32815.7,32432.3,29865.7,38505.7,26246.3,13809.7,586,0,15014.7,32131.1,1353.59,28545.6,6579.05,18537.2,11636.9,468.559,246.385,15.9864,14.0854,48.3413,48.3413,37.2553,9.31383
493.382,16.2256,61.3349,2.54769,46.816,0.72916,-0.382683,-0.92388,0.432499,0.901634,32434.7,32815.7,32432.3,33410.7,30510,14000.7,1817.67,0,13990,31887.1,1177.45,30081.8,4955.29,19812.9,11410.1,469.081,265.812,16.0785,14.2873,9.16267,9.16267,2.086,0.5215
513.978,16.4283,60.9108,2.8265,45.5556,0.71393,-0.442289,-0.896873,0.432499,0.901634,32788.3,32434.7,32815.7,29865.7,30893.7,18292.3,3003,0,14475.3,32617.8,184.505,31289.8,3481.88,21053.9,11130.7,481.864,285.496,16.1601,14.488,20.596,20.596,51.1347,12.7837
510.547,16.6955,60.9711,2.35537,44.0371,0.695124,-0.5,-0.866025,0.432499,0.901634,34363.7,32788.3,32434.7,32432.3,31592.3,23982,4014.33,0,17685.7,33100.6,744.565,32154.9,2777.07,22318.5,10843.2,500.532,304.389,16.3561,14.6925,-3.43067,-3.43067,74.6693,18.6673
509.686,16.924,60.621,2.61594,42.2853,0.672822,-0.55557,-0.83147,0.432499,0.901634,34309.7,34363.7,32788.3,32815.7,38505.7,26246.3,5289.33,0,19609,33474.1,871.809,32826.9,2176.75,23527.7,10489.1,506.898,322.799,16.5684,14.8925,-0.861333,-0.861333,25.4667,6.36667
492.607,16.8605,62.0109,2.38589,40.3249,0.647122,-0.608761,-0.793353,0.432499,0.901634,23498,34309.7,34363.7,32434.7,33410.7,30510,6050.67,0,20592.7,31239.9,4514.31,32242.5,3346.91,24254.6,9836.99,506.704,339.758,16.7271,15.0762,-17.0793,-17.0793,-0.775333,-0.193833
369.036,16.5845,62.4547,2.24633,38.1799,0.618132,-0.659346,-0.75184,0.432499,0.901634,22393.3,23498,34309.7,32788.3,29865.7,30893.7,6530.67,0,19702.3,28641.2,5708.91,31534.2,4316.51,24915.6,9131.53,470.469,351.156,16.7661,15.2338,-123.571,-123.571,-144.942,-36.2355
337.864,16.3573,64.2613,1.51232,35.8722,0.58598,-0.707107,-0.707107,0.432499,0.901634,22255.3,22393.3,23498,34363.7,32432.3,31592.3,5136.67,0,13753.3,25614.1,5043.45,30756.1,5020.09,25628.9,8177.45,427.298,360.845,16.6816,15.3637,-31.172,-31.172,-172.683,-43.1708
341.983,16.8145,61.7939,1.62722,33.4221,0.550802,-0.75184,-0.659346,0.432499,0.901634,14934.7,22255.3,22393.3,34309.7,32815.7,38505.7,10251.3,0,13573,20770.3,3403.47,28791.8,6099.03,25824,7857.8,385.372,371.415,16.6542,15.5057,4.11933,4.11933,-167.703,-41.9257
243.948,16.608,64.6455,2.30109,30.8473,0.512752,-0.793353,-0.608761,0.432499,0.901634,13880,14934.7,22255.3,23498,32434.7,33410.7,11661,0,14442.3,18365.8,3976.32,27164.3,7162.52,25916.5,7702.12,323.208,375.746,16.5911,15.6367,-98.0353,-98.0353,-248.659,-62.1647
206.609,15.9304,66.8852,1.87656,28.1639,0.471995,-0.83147,-0.55557,0.432499,0.901634,11559.7,13880,14934.7,22393.3,32788.3,29865.7,18008.7,0,20085.7,15657.4,4000.18,25638.8,8286.03,25647.8,8076.7,282.601,377.319,16.4276,15.7307,-37.3393,-37.3393,-162.427,-40.6068
176.557,15.8653,67.7879,1.58928,25.3856,0.428708,-0.866025,-0.5,0.432499,0.901634,9648,11559.7,13880,22255.3,34363.7,32432.3,16771.7,0,11304.3,12505.6,2052.44,23740.1,9083.83,25350.9,8516.38,242.274,374.684,16.3046,15.8064,-30.052,-30.052,-161.307,-40.3268
152.658,15.7485,68.1349,1.25599,22.5248,0.383083,-0.896873,-0.442289,0.432499,0.901634,8001,9648,11559.7,14934.7,34309.7,32815.7,13809.7,0,9686,10772.2,2192.14,21672.2,9592.67,25108.9,8914.18,194.943,370.79,16.038,15.8421,-23.8987,-23.8987,-189.325,-47.3313
128.155,15.622,69.7427,1.39555,19.5922,0.335323,-0.92388,-0.382683,0.432499,0.901634,6468,8001,9648,13880,23498,32434.7,14000.7,0,9344.67,8919.17,1894.38,19508.3,9846.23,24795,9418.13,165.995,367.382,15.7915,15.8818,-24.5033,-24.5033,-115.793,-28.9483
107.613,15.2852,71.5491,1.63673,16.5975,0.285647,-0.94693,-0.321439,0.432499,0.901634,5409.33,6468,8001,11559.7,22393.3,32788.3,18292.3,0,7413.67,7381.58,1600.37,17226.7,9675.28,24258.2,10114.8,141.246,363.734,15.6302,15.9202,-20.5413,-20.5413,-98.9953,-24.7488
92.8566,15.1481,72.5488,1.67286,13.5499,0.234292,-0.965926,-0.258819,0.432499,0.901634,3459,5409.33,6468,9648,22255.3,34363.7,23982,0,5214,5834.33,1652.18,14651.3,8848.81,23403.1,10936.2,120.321,357.421,15.4509,15.9681,-14.7568,-14.7568,-83.7001,-20.925
0,13.6803,63.8387,8.87034,-11.5817,-0.200766,0.997859,-0.0654031,0.447945,0.894061,0,0,0,0,0,0,0,0,0,0,0,0,0,0,0,0,0,13.8603,15.109,0,0,0,0
0,13.5355,64.0141,8.98735,-8.24963,-0.143486,0.991445,-0.130526,0.447945,0.894061,0,0,0,0,0,0,0,0,0,0,0,0,0,0,0,0,0,13.7204,15.0375,0,0,0,0
0,13.4095,63.6901,9.73655,-4.93982,-0.0861094,0.980785,-0.19509,0.447945,0.894061,0,0,0,0,0,0,0,0,0,0,0,0,0,0,0,0,0,13.6037,14.9557,0,0,0,0
0,13.213,62.8445,9.74703,-1.65496,-0.0288806,0.965926,-0.258819,0.447945,0.894061,38.6667,0,0,0,0,0,0,0,38,9.66667,16.7432,3.22222,10.6869,1.61111,7.72662,0,0,13.4596,14.8583,0,0,0,0
17.3316,13.2117,62.0191,9.80953,1.91097,0.0333466,0.94693,-0.321439,0.447945,0.894061,401.667,38.6667,0,0,0,0,0,0,586,110.083,169.084,36.6944,110.557,18.3472,80.2995,4.3329,0.72215,13.3424,14.7579,17.3316,17.3316,17.3316,4.3329
28.7877,13.1683,61.3915,8.98037,4.99231,0.087022,0.92388,-0.382683,0.447945,0.894061,1664.33,401.667,38.6667,0,0,0,0,0,1817.67,526.167,675.543,175.389,462.214,87.6945,338.395,11.5298,1.92164,13.2506,14.6602,11.4561,11.4561,28.7877,7.19692
43.1309,13.0355,60.3473,7.73355,8.12696,0.141367,0.896873,-0.442289,0.447945,0.894061,3095.33,1664.33,401.667,0,0,0,0,0,3003,1300,1199.37,433.333,924.689,216.667,688.817,22.3125,3.71876,13.1571,14.5546,14.3432,14.3432,43.1309,10.7827
62.391,13.0265,59.3711,8.05031,11.249,0.195074,0.866025,-0.5,0.447945,0.894061,4086.33,3095.33,1664.33,38.6667,0,0,0,0,4014.33,2311.92,1399.17,773.861,1354.8,386.931,1033.18,37.9103,6.31838,13.1105,14.4491,19.2601,19.2601,62.391,15.5977
77.5797,13.1027,57.2171,8.71783,14.3375,0.247633,0.83147,-0.55557,0.447945,0.894061,5062,4086.33,3095.33,401.667,0,0,0,0,5289.33,3477,1256.48,1195.69,1772,597.847,1388.31,52.9723,9.55087,13.0832,14.3451,15.1887,15.1887,60.2481,15.062
86.5103,13.2429,56.0441,9.02899,17.3807,0.29872,0.793353,-0.608761,0.447945,0.894061,7086.67,5062,4086.33,1664.33,0,0,0,0,6050.67,4832.58,1475.5,1786.25,2358.82,893.125,1892.01,67.403,13.1555,13.1019,14.2463,8.93067,8.93067,57.7227,14.4307
111.891,13.2899,54.3946,8.32645,20.3695,0.348072,0.75184,-0.659346,0.447945,0.894061,9838,7086.67,5062,3095.33,0,0,0,0,6530.67,6518.25,2201.06,2606.08,3166.79,1303.04,2590.79,84.5931,17.8176,13.1655,14.1499,25.381,25.381,68.7605,17.1901
151.095,13.4975,52.3438,7.96745,23.2945,0.395457,0.707107,-0.707107,0.447945,0.894061,10788.3,9838,7086.67,4086.33,38.6667,0,0,0,5136.67,8193.75,2262.13,3505.11,3772.73,1752.56,3191.89,106.769,24.1132,13.2833,14.0583,39.204,39.204,88.7043,22.1761
166.579,13.6805,49.7181,8.80755,26.1459,0.440659,0.659346,-0.75184,0.447945,0.894061,13429.7,10788.3,9838,5062,401.667,0,0,0,10251.3,10285.7,2267.79,4624.25,4490.57,2312.12,3927.92,129.019,31.054,13.4277,13.9762,15.484,15.484,88.9997,22.2499
193.707,13.7133,48.5627,8.21901,28.9127,0.483477,0.608761,-0.793353,0.447945,0.894061,11219.3,13429.7,10788.3,7086.67,1664.33,0,0,0,11661,11318.8,1317.18,5559.19,4597.14,2779.6,4277.03,155.818,39.1252,13.5453,13.897,27.1273,27.1273,107.196,26.7991
169.741,13.9139,46.3199,8.3618,31.5823,0.523723,0.55557,-0.83147,0.447945,0.894061,10759.7,11219.3,13429.7,9838,3095.33,0,0,0,18008.7,11549.2,1100.82,6455.83,4473.04,3227.92,4519.24,170.281,46.1977,13.7013,13.8313,-23.9653,-23.9653,57.85,14.4625
167.012,13.705,44.4675,8.56119,34.1404,0.561223,0.5,-0.866025,0.447945,0.894061,13201.3,10759.7,11219.3,10788.3,4086.33,38.6667,0,0,16771.7,12152.5,1177.07,7552.72,4377.8,3777.97,4881.74,174.26,53.1565,13.7532,13.7629,-2.72933,-2.72933,15.9167,3.97917
196.371,13.7258,43.4772,8.35956,36.5705,0.595812,0.442289,-0.896873,0.447945,0.894061,12689,13201.3,10759.7,13429.7,5062,401.667,0,0,13809.7,11967.3,1007.66,8576.67,4006.7,4306.68,5125.01,181.708,61.3387,13.7645,13.7024,29.3593,29.3593,29.792,7.448
187.128,14.0649,42.6435,7.37934,38.8542,0.627341,0.382683,-0.92388,0.447945,0.894061,14307,12689,13201.3,11219.3,7086.67,1664.33,0,0,14000.7,12739.2,1283.81,9630.22,3701.13,4902.81,5413.36,180.063,69.1357,13.8524,13.6602,-9.24333,-9.24333,-6.57867,-1.64467
219.482,14.0401,41.9957,7.17007,40.9708,0.655675,0.321439,-0.94693,0.447945,0.894061,9778.67,14307,12689,10759.7,9838,3095.33,0,0,18292.3,12494,1673.2,10187.2,3135.48,5310.25,5396.99,192.498,78.2808,13.8839,13.6226,32.354,32.354,49.7407,12.4352
156.115,14.1567,41.8009,6.81735,42.8976,0.680691,0.258819,-0.965926,0.447945,0.894061,11592.7,9778.67,14307,13201.3,10788.3,4086.33,0,0,23982,12091.8,1647.99,10812.7,2550.08,5793.28,5418.83,189.774,84.7855,13.9969,13.6032,-63.3673,-63.3673,-10.8973,-2.72433
165.248,13.8467,41.4412,6.86883,44.6103,0.702281,0.19509,-0.980785,0.447945,0.894061,17484,11592.7,9778.67,12689,13429.7,5062,0,0,26246.3,13290.6,2908.36,11847.9,2526.72,6521.78,5755.81,181.993,91.6709,14.0271,13.5842,9.13333,9.13333,-31.1233,-7.78083
231.205,14.0325,42.401,5.62307,46.0835,0.720352,0.130526,-0.991445,0.447945,0.894061,17840.3,17484,11592.7,14307,11219.3,7086.67,0,0,30510,14173.9,3548.96,12744,2585.47,7265.12,6011.86,193.012,101.304,14.019,13.5816,65.9573,65.9573,44.0773,11.0193
265.001,14.696,41.3867,4.98225,47.2926,0.734826,0.0654031,-0.997859,0.447945,0.894061,15559.3,17840.3,17484,9778.67,10759.7,9838,0,0,30893.7,15619.1,2481.3,13220.8,2532.61,7913.43,6032.35,204.392,112.346,14.183,13.6157,33.7953,33.7953,45.5187,11.3797
215.923,14.6566,40.9657,5.69114,48.2143,0.745642,1.22465e-16,-1,0.447945,0.894061,15351,15559.3,17840.3,11592.7,13201.3,10788.3,0,0,31592.3,16558.7,1113.11,13601,2480.85,8553.06,5972.92,219.344,121.343,14.308,13.6519,-49.0773,-49.0773,59.8087,14.9522
238.585,14.8029,41.0861,5.07315,48.8294,0.752753,-0.0654031,-0.997859,0.447945,0.894061,12378,15351,15559.3,17484,12689,13429.7,0,0,38505.7,15282.2,1940.36,13513.4,2503.83,9068.81,5742.06,237.679,131.284,14.547,13.6987,22.662,22.662,73.3373,18.3343
190.749,14.8133,40.5375,5.43184,49.124,0.756128,-0.130526,-0.991445,0.447945,0.894061,11739.3,12378,15351,17840.3,14307,11219.3,0,0,33410.7,13756.9,1714.78,13556.7,2467.99,9557.94,5440.81,227.564,139.232,14.7422,13.7519,-47.8367,-47.8367,-40.4567,-10.1142
178.087,14.5342,39.354,6.95643,49.0911,0.755752,-0.19509,-0.980785,0.447945,0.894061,13287.7,11739.3,12378,15559.3,9778.67,10759.7,0,0,29865.7,13189,1364.11,13767.4,2323.94,10111.6,5105.78,205.836,146.652,14.7017,13.7988,-12.6613,-12.6613,-86.9133,-21.7283
195.757,14.1416,38.1848,6.65601,48.7316,0.751628,-0.258819,-0.965926,0.447945,0.894061,17157.3,13287.7,11739.3,15351,11592.7,13201.3,38.6667,0,32432.3,13640.6,2103.63,14097,2494.59,10824.9,4837.46,200.794,154.809,14.573,13.8375,17.6693,17.6693,-20.1667,-5.04167
239.051,14.5876,38.0065,6.18432,48.0537,0.743772,-0.321439,-0.94693,0.447945,0.894061,21863.7,17157.3,13287.7,12378,17484,12689,401.667,0,32815.7,16012,3912.53,14861.6,3240.36,11719.1,4811.63,200.911,164.047,14.5192,13.8948,43.294,43.294,0.465333,0.116333
305.253,15.2404,35.9254,6.80666,47.0727,0.732218,-0.382683,-0.92388,0.447945,0.894061,32264.3,21863.7,17157.3,11739.3,17840.3,14307,1664.33,0,32434.7,21143.2,7102.73,16358,5785.58,12994.1,5907.75,229.537,175.566,14.6259,13.9811,66.202,66.202,114.504,28.626
409.799,15.574,34.431,7.44503,45.8088,0.717017,-0.442289,-0.896873,0.447945,0.894061,32462.3,32264.3,21863.7,13287.7,15559.3,9778.67,3095.33,0,32788.3,25936.9,6638.71,18248.3,6921.33,14217.8,6716.67,287.465,190.844,14.8859,14.0869,104.546,104.546,231.711,57.9278
420.842,15.9665,33.4635,6.92181,44.2854,0.698233,-0.5,-0.866025,0.447945,0.894061,30288.3,32462.3,32264.3,17157.3,15351,11592.7,4086.33,0,34363.7,29219.7,4331.21,19806.3,7339.35,15309.5,7099.7,343.736,205.78,15.3421,14.2094,11.0433,11.0433,225.085,56.2713
463.115,16.3561,33.5425,7.18097,42.5278,0.675948,-0.55557,-0.83147,0.447945,0.894061,36386,30288.3,32462.3,21863.7,12378,17484,5062,0,34309.7,32850.2,2211.26,21381.5,8593.18,16614.7,7926.91,399.752,221.844,15.7843,14.345,42.2727,42.2727,224.064,56.016
608.383,17.3015,30.3921,6.95701,40.561,0.650257,-0.608761,-0.793353,0.447945,0.894061,26036,36386,30288.3,32264.3,11739.3,17840.3,7086.67,0,23498,31293.2,3740.03,22064.4,8610.27,17404.2,7882.15,475.534,243.588,16.2995,14.5141,145.268,145.268,303.13,75.7825
494.831,17.3063,30.362,6.19181,38.4089,0.62127,-0.659346,-0.75184,0.447945,0.894061,28594.3,26036,36386,32462.3,13287.7,15559.3,9838,0,22393.3,30326.2,3812.08,23150.7,8543.05,18185.7,8021.83,496.793,259.544,16.7326,14.6814,-113.552,-113.552,85.032,21.258
498.255,16.9735,30.9267,6.07941,36.0941,0.589113,-0.707107,-0.707107,0.447945,0.894061,27872.7,28594.3,26036,30288.3,17157.3,15351,10788.3,0,22255.3,29722.2,3958.76,24194.2,8287.54,18897.6,8091.52,516.146,274.009,16.9844,14.8262,3.424,3.424,77.4127,19.3532
488.801,17.2629,29.5108,6.92856,33.6367,0.553925,-0.75184,-0.659346,0.447945,0.894061,25726.7,27872.7,28594.3,36386,21863.7,12378,13429.7,0,14934.7,27057.4,1208.4,25306.6,7483.75,19410,8118.35,522.567,287.435,17.2111,14.9755,-9.45333,-9.45333,25.6867,6.42167
456.157,17.0821,29.7852,6.25415,31.0547,0.515857,-0.793353,-0.608761,0.447945,0.894061,22485.3,25726.7,27872.7,26036,32264.3,11739.3,11219.3,0,13880,26169.8,2374.33,26202.1,6366.21,19879.4,7955.26,484.511,298.37,17.1562,15.1159,-32.644,-32.644,-152.225,-38.0563
418.339,16.4362,30.8444,6.53135,28.3643,0.475075,-0.83147,-0.55557,0.447945,0.894061,24435.3,22485.3,25726.7,28594.3,32462.3,13287.7,10759.7,0,11559.7,25130,1959.28,27131,5101.7,20449.2,7769.23,465.388,308.729,16.9387,15.221,-37.818,-37.818,-76.4913,-19.1228
363.649,15.3243,31.9904,7.26564,25.5792,0.431758,-0.866025,-0.5,0.447945,0.894061,16022.7,24435.3,22485.3,27872.7,30288.3,17157.3,13201.3,0,9648,22167.5,3730.64,27036.5,5292.62,20566.8,7679.5,431.737,316.922,16.5264,15.2884,-54.6907,-54.6907,-134.606,-33.6515
307.573,14.6298,31.7739,6.85709,22.7118,0.386096,-0.896873,-0.442289,0.447945,0.894061,13718.7,16022.7,24435.3,25726.7,36386,21863.7,12689,0,8001,19165.5,4425.43,26357.7,6332.59,20609.7,7638.13,386.43,321.555,15.8681,15.3261,-56.076,-56.076,-181.229,-45.3072
176.091,14.4299,33.4154,5.92378,19.7728,0.338291,-0.92388,-0.382683,0.447945,0.894061,9122.67,13718.7,16022.7,22485.3,26036,32264.3,14307,0,6468,15824.8,5557.31,24429.2,7630.81,20393.6,7882.72,316.413,321.095,15.2051,15.3413,-131.482,-131.482,-280.067,-70.0167
135.74,14.1673,32.4101,6.82243,16.772,0.288564,-0.94693,-0.321439,0.447945,0.894061,6642,9122.67,13718.7,24435.3,28594.3,32462.3,9778.67,0,5409.33,11376.5,3693.5,22277.6,8636.4,20262.9,8081.13,245.763,317.606,14.6378,15.3466,-40.3507,-40.3507,-282.599,-70.6498
109.176,13.7815,30.8479,6.67939,13.7185,0.237151,-0.965926,-0.258819,0.447945,0.894061,3837.67,6642,9122.67,16022.7,27872.7,30288.3,11592.7,0,3459,8330.25,3629.62,20073.3,9628.96,19939.8,8562.09,182.145,315.65,14.2521,15.331,-26.5637,-26.5637,-254.472,-63.6181
0,8.66859,26.5081,8.67466,-11.5395,-0.200044,0.997859,-0.0654031,0.463258,0.886223,0,0,0,0,0,0,0,0,0,0,0,0,0,0,0,0,0,8.84519,9.78977,0,0,0,0
0,8.6435,25.5592,8.54945,-8.20296,-0.14268,0.991445,-0.130526,0.463258,0.886223,0,0,0,0,0,0,0,0,0,0,0,0,0,0,0,0,0,8.76313,9.71519,0,0,0,0
0,8.61145,25.2484,8.33856,-4.88842,-0.0852156,0.980785,-0.19509,0.463258,0.886223,0,0,0,0,0,0,0,0,0,0,0,0,0,0,0,0,0,8.69017,9.64038,0,0,0,0
0,8.59023,25.3669,8.01046,-1.59854,-0.0278961,0.965926,-0.258819,0.463258,0.886223,210.333,0,0,0,0,0,0,0,38.6667,52.5833,91.077,17.5278,58.1331,8.76389,42.0301,0,0,8.62844,9.56666,0,0,0,0
16.8607,8.58221,25.0857,8.07383,1.96811,0.0343432,0.94693,-0.321439,0.463258,0.886223,960.333,210.333,0,0,0,0,0,0,401.667,292.667,394.926,97.5555,266.501,48.7778,194.655,4.21518,0.702531,8.60684,9.49246,16.8607,16.8607,16.8607,4.21518
36.2627,8.56242,24.9173,8.43105,5.0581,0.0881658,0.92388,-0.382683,0.463258,0.886223,2513.33,960.333,210.333,0,0,0,0,0,1664.33,921,986.2,307,716.027,153.5,529.065,13.2809,2.21347,8.58657,9.41901,19.4019,19.4019,36.2627,9.06567
61.1892,8.697,24.9345,8.42761,8.19966,0.142623,0.896873,-0.442289,0.463258,0.886223,4690.33,2513.33,960.333,0,0,0,0,0,3095.33,2093.58,1713.93,697.861,1397.57,348.931,1048.02,28.5781,4.76302,8.60796,9.35183,24.9265,24.9265,61.1892,15.2973
106.063,9.12833,24.7451,7.76419,11.3285,0.196435,0.866025,-0.5,0.463258,0.886223,7148.67,4690.33,2513.33,210.333,0,0,0,0,4086.33,3828.17,2330.36,1293.58,2241.76,646.792,1712.04,55.094,9.18233,8.74249,9.3047,44.8741,44.8741,106.063,26.5158
149.876,9.73058,23.8355,7.25227,14.4241,0.249097,0.83147,-0.55557,0.463258,0.886223,9937,7148.67,4690.33,960.333,0,0,0,0,5062,6072.33,2769.05,2121.67,3228.94,1060.83,2517.61,88.3478,15.4272,9.02958,9.28359,43.8127,43.8127,133.015,33.2538
193.775,10.4527,24.4282,6.38749,17.4748,0.300286,0.793353,-0.608761,0.463258,0.886223,12891.7,9937,7148.67,2513.33,0,0,0,0,7086.67,8666.92,3065.12,3195.97,4308.46,1597.99,3440.2,127.726,23.5011,9.50216,9.29417,43.8987,43.8987,157.512,39.378
238.479,10.9773,23.8703,6.07321,20.4715,0.349741,0.75184,-0.659346,0.463258,0.886223,16183.3,12891.7,9937,4690.33,0,0,0,0,9838,11540.2,3363.07,4544.58,5472.56,2272.29,4487.51,172.048,33.4377,10.0722,9.32794,44.704,44.704,177.289,44.3224
282.647,11.1469,23.4159,6.74758,23.4049,0.397227,0.707107,-0.707107,0.463258,0.886223,19340.7,16183.3,12891.7,7148.67,210.333,0,0,0,10788.3,14588.2,3522.86,6156.31,6623.73,3078.15,5604.63,216.194,45.2147,10.5769,9.37066,44.1687,44.1687,176.584,44.146
328.018,11.6113,23.6005,5.54409,26.2654,0.442529,0.659346,-0.75184,0.463258,0.886223,22389.7,19340.7,16183.3,9937,960.333,0,0,0,13429.7,17701.3,3539.25,8022.11,7693.79,4011.06,6759.12,260.73,58.8821,11.0471,9.43716,45.3707,45.3707,178.142,44.5355
367.721,12.0597,22.5388,5.63518,29.0418,0.485447,0.608761,-0.793353,0.463258,0.886223,25584,22389.7,19340.7,12891.7,2513.33,0,0,0,11219.3,20874.4,3494.1,10154.1,8659.55,5077.06,7954.27,304.216,74.2038,11.4488,9.52596,39.7027,39.7027,173.946,43.4865
405.418,12.2751,22.2685,5.04871,31.7215,0.525791,0.55557,-0.83147,0.463258,0.886223,28110.7,25584,22389.7,16183.3,4690.33,0,0,0,10759.7,23856.2,3302.52,12496.7,9368.98,6248.33,9106.62,345.951,91.0962,11.7732,9.62917,37.6973,37.6973,166.939,41.7348
442.183,12.6897,21.4256,5.97086,34.2903,0.563386,0.5,-0.866025,0.463258,0.886223,31034.7,28110.7,25584,19340.7,7148.67,210.333,0,0,13201.3,26779.8,3185.06,15065.4,9860.95,7541.44,10258.2,385.835,109.521,12.159,9.74869,36.7653,36.7653,159.536,39.884
476.375,12.6955,21.1418,5.78479,36.7317,0.598069,0.442289,-0.896873,0.463258,0.886223,33596,31034.7,28110.7,22389.7,9937,960.333,0,0,12689,29581.3,3015.43,17785,10093.5,8941.28,11366,422.924,129.369,12.43,9.87116,34.192,34.192,148.357,37.0893
508.685,13.1221,20.2863,6.6288,39.0272,0.629689,0.382683,-0.92388,0.463258,0.886223,35357,33596,31034.7,25584,12891.7,2513.33,0,0,14307,32024.6,2732.81,20522,10034.1,10414.5,12359.6,458.165,150.565,12.6956,10.0205,32.31,32.31,140.965,35.2412
535.443,13.3867,20.3099,5.63246,41.1559,0.65811,0.321439,-0.94693,0.463258,0.886223,36332,35357,33596,28110.7,16183.3,4690.33,0,0,9778.67,34079.9,2013.12,23158.8,9678.49,11928.3,13188.5,490.672,172.875,12.9735,10.1916,26.758,26.758,130.025,32.5063
563.071,13.7097,20.2656,4.79576,43.095,0.68321,0.258819,-0.965926,0.463258,0.886223,37193,36332,35357,31034.7,19340.7,7148.67,0,0,11592.7,35619.5,1336.7,25662.5,9080.62,13478,13863.7,520.894,196.336,13.2285,10.3817,27.6273,27.6273,120.887,30.2218
586.089,14.1259,19.4703,5.47287,44.8198,0.70488,0.19509,-0.980785,0.463258,0.886223,39143,37193,36332,33596,22389.7,9937,0,0,17484,37006.2,1394.2,28096.3,8430.32,15109,14471.3,548.322,220.757,13.5861,10.5908,23.0187,23.0187,109.714,27.4285
604.682,14.5311,18.5934,4.95992,46.3049,0.723027,0.130526,-0.991445,0.463258,0.886223,39960.3,39143,37193,35357,25584,12891.7,0,0,17840.3,38157.1,1456.38,30352,7645.03,16774,14928.7,572.321,245.952,13.9383,10.8224,18.5927,18.5927,95.9967,23.9992
621.671,15.3615,17.7913,4.54773,47.525,0.737572,0.0654031,-0.997859,0.463258,0.886223,40897,39960.3,39143,36332,28110.7,16183.3,0,0,15559.3,39298.3,1364.78,32411.5,6836.82,18478,15247.5,593.878,271.855,14.432,11.0915,16.9887,16.9887,86.2273,21.5568
631.57,16.3455,17.0103,4.78985,48.4567,0.748455,1.22465e-16,-1,0.463258,0.886223,41426.7,40897,39960.3,37193,31034.7,19340.7,0,0,15351,40356.8,875.633,34252,5990.84,20204.2,15402.1,611.003,298.17,15.091,11.4044,9.89933,9.89933,68.4993,17.1248
645.157,16.6654,17.0681,4.19064,49.0802,0.755627,-0.0654031,-0.997859,0.463258,0.886223,40877.7,41426.7,40897,39143,33596,22389.7,0,0,12378,40790.4,527.454,35792.7,5044.66,21907.4,15333.7,625.77,325.051,15.7259,11.7376,13.5867,13.5867,59.0673,14.7668
641.785,17.4083,16.5025,3.6765,49.3811,0.759057,-0.130526,-0.991445,0.463258,0.886223,40458.3,40877.7,41426.7,39960.3,35357,25584,0,0,11739.3,40914.9,343.536,37032.2,4128.13,23593.2,15054,635.046,351.793,16.4452,12.1028,-3.37133,-3.37133,37.1033,9.27583
644.301,17.6418,16.5143,3.50029,49.3525,0.758732,-0.19509,-0.980785,0.463258,0.886223,40484,40458.3,40877.7,40897,36332,28110.7,0,0,13287.7,40811.7,392.044,38063.3,3215.34,25280,14576.4,640.703,378.638,17.0152,12.479,2.516,2.516,22.6307,5.65767
632.58,17.9738,16.1121,3.42741,48.9949,0.754651,-0.258819,-0.965926,0.463258,0.886223,40562.7,40484,40458.3,41426.7,37193,31034.7,210.333,0,17157.3,40595.7,167.29,38857.3,2472.18,26961.3,13899.2,640.956,404.996,17.4223,12.87,-11.7213,-11.7213,1.01,0.2525
619.494,18.2117,15.6415,2.84449,48.3168,0.746834,-0.321439,-0.94693,0.463258,0.886223,39820,40562.7,40484,40877.7,39143,33596,960.333,0,21863.7,40331.2,297.663,39376,1900.83,28580.5,13011.1,634.54,430.106,17.8089,13.2713,-13.086,-13.086,-25.6627,-6.41567
616.666,18.2789,15.8004,3.29104,47.3336,0.735312,-0.382683,-0.92388,0.463258,0.886223,38917.7,39820,40562.7,40458.3,39960.3,35357,2513.33,0,32264.3,39946.1,660.126,39672.7,1482.09,30097.3,11963.6,628.26,454.289,18.0266,13.6761,-2.828,-2.828,-25.1193,-6.27983
594.193,18.0555,15.5834,2.95703,46.0658,0.720137,-0.442289,-0.896873,0.463258,0.886223,37229.3,38917.7,39820,40484,40897,36332,4690.33,0,32462.3,39132.4,1243.61,39747.5,1326.07,31453.1,10794.1,615.733,476.498,18.13,14.066,-22.4733,-22.4733,-50.1087,-12.5272
571.702,18.6351,15.3003,2.78559,44.5372,0.701372,-0.5,-0.866025,0.463258,0.886223,35304.3,37229.3,38917.7,40562.7,41426.7,37193,7148.67,0,30288.3,37817.8,1723.54,39590.1,1683.76,32626.3,9546.78,600.514,495.899,18.2953,14.4622,-22.4907,-22.4907,-60.878,-15.2195
548.304,18.8663,15.0841,2.79946,42.7733,0.6791,-0.55557,-0.83147,0.463258,0.886223,33455.7,35304.3,37229.3,39820,40877.7,39143,9937,0,36386,36226.8,2047.92,39116.1,2393.68,33606.2,8292.11,582.716,512.5,18.459,14.8428,-23.398,-23.398,-71.19,-17.7975
528.453,18.8057,15.1065,2.77394,40.7995,0.653414,-0.608761,-0.793353,0.463258,0.886223,31625.3,33455.7,35304.3,38917.7,40458.3,39960.3,12891.7,0,26036,34403.7,2086.47,38421.6,3140.68,34386.8,7101.73,560.663,526.445,18.5907,15.1909,-19.8513,-19.8513,-88.2133,-22.0533
506.889,18.576,15.2991,3.72578,38.6401,0.624427,-0.659346,-0.75184,0.463258,0.886223,29719.3,31625.3,33455.7,37229.3,40484,40897,16183.3,0,28594.3,32526.2,2077.98,37490.1,3846.6,34950.8,6100.59,538.837,537.629,18.7208,15.5075,-21.564,-21.564,-87.304,-21.826
483.221,18.1583,16.165,3.11007,36.3177,0.592263,-0.707107,-0.707107,0.463258,0.886223,27014.7,29719.3,31625.3,35304.3,40562.7,41426.7,19340.7,0,27872.7,30453.8,2384.89,36289.1,4605.11,35270.5,5439.31,516.717,545.986,18.6016,15.7996,-23.6673,-23.6673,-88.4807,-22.1202
443.861,17.8433,15.7159,4.33689,33.8527,0.55706,-0.75184,-0.659346,0.463258,0.886223,24221,27014.7,29719.3,33455.7,39820,40877.7,22389.7,0,25726.7,28145.1,2795.83,34901,5446.31,35346.8,5268.23,490.606,550.813,18.3458,16.0593,-39.3607,-39.3607,-104.443,-26.1108
411.589,17.4071,15.806,3.84423,31.2633,0.518972,-0.793353,-0.608761,0.463258,0.886223,21639,24221,27014.7,31625.3,38917.7,40458.3,25584,0,22485.3,25648.5,3022.91,33332.8,6267.85,35182.5,5620.07,461.39,552.641,17.9962,16.2821,-32.272,-32.272,-116.864,-29.216
374.676,16.7881,16.3406,3.24531,28.5655,0.478164,-0.83147,-0.55557,0.463258,0.886223,18980.7,21639,24221,29719.3,37229.3,40484,28110.7,0,24435.3,22963.8,2983.73,31540.8,6998.46,34802.1,6347.77,428.337,551.36,17.5492,16.4701,-36.9127,-36.9127,-132.213,-33.0532
335.924,14.9632,18.2338,3.22584,25.7734,0.434813,-0.866025,-0.5,0.463258,0.886223,16144.3,18980.7,21639,27014.7,35304.3,40562.7,31034.7,0,16022.7,20246.2,3006.9,29505.9,7603.23,34181.6,7336.38,391.512,546.933,16.7505,16.5649,-38.752,-38.752,-147.297,-36.8243
287.793,13.7835,19.9049,3.1597,22.8992,0.38911,-0.896873,-0.442289,0.463258,0.886223,13051.7,16144.3,18980.7,24221,33455.7,39820,33596,0,13718.7,17453.9,3199.25,27275.2,8156.6,33325.6,8466.32,352.495,539.075,15.7355,16.6102,-48.1313,-48.1313,-156.068,-39.017
140.573,13.4277,21.0344,2.94678,19.9536,0.34126,-0.92388,-0.382683,0.463258,0.886223,10229.3,13051.7,16144.3,21639,31625.3,38917.7,35357,0,9122.67,14601.5,3281.59,24884.6,8586.78,32278.6,9624.81,284.741,523.737,14.7406,16.6229,-147.22,-147.22,-271.016,-67.7539
57.6266,13.1495,21.5731,2.90163,16.9465,0.291479,-0.94693,-0.321439,0.463258,0.886223,7649.33,10229.3,13051.7,18980.7,29719.3,37229.3,36332,0,6642,11768.7,3167.45,22419.6,8928.13,31083.5,10761,205.479,503.828,13.8309,16.613,-82.9465,-82.9465,-317.049,-79.2624
50.6843,13.0499,22.1961,3.92549,13.8869,0.240006,-0.965926,-0.258819,0.463258,0.886223,5633,7649.33,10229.3,16144.3,27014.7,35304.3,37193,0,3837.67,9140.83,2784.28,19946.9,9123.89,29768.5,11811.2,134.169,482.478,13.3526,16.5855,-6.94233,-6.94233,-285.24,-71.3099
0,7.34357,34.1088,5.32507,-11.4922,-0.199235,0.997859,-0.0654031,0.478434,0.878124,0,0,0,0,0,0,0,0,0,0,0,0,0,0,0,0,0,7.51589,8.59141,0,0,0,0
0,7.32886,34.6498,5.36601,-8.15123,-0.141786,0.991445,-0.130526,0.478434,0.878124,0,0,0,0,0,0,0,0,0,0,0,0,0,0,0,0,0,7.44701,8.48293,0,0,0,0
0,7.27222,34.7879,4.61858,-4.83196,-0.0842337,0.980785,-0.19509,0.478434,0.878124,0,0,0,0,0,0,0,0,0,0,0,0,0,0,0,0,0,7.35752,8.37688,0,0,0,0
0,7.10423,35.0843,5.17161,-1.53704,-0.0268232,0.965926,-0.258819,0.478434,0.878124,193,0,0,0,0,0,0,0,210.333,48.25,83.5714,16.0833,53.3424,8.04167,38.5665,0,0,7.26222,8.2698,0,0,0,0
10.4679,7.06615,35.2368,5.06989,2.03007,0.035424,0.94693,-0.321439,0.478434,0.878124,1162,193,0,0,0,0,0,0,960.333,338.75,481.79,112.917,320.74,56.4583,233.719,2.61698,0.436164,7.19286,8.17198,10.4679,10.4679,10.4679,2.61698
30.5272,7.11095,36.3382,3.60558,5.12889,0.0893966,0.92388,-0.382683,0.478434,0.878124,2762,1162,193,0,0,0,0,0,2513.33,1029.25,1093.01,343.083,796.014,171.542,588.427,10.2488,1.70813,7.13838,8.08216,20.0593,20.0593,30.5272,7.6318
65.7023,7.6941,34.6267,4.10005,8.27743,0.143966,0.896873,-0.442289,0.478434,0.878124,4991.33,2762,1162,0,0,0,0,0,4690.33,2277.08,1815.84,759.028,1500.45,379.514,1126.81,26.6744,4.44572,7.24385,8.02073,35.1751,35.1751,65.7023,16.4256
106.983,8.61239,32.0215,4.11551,11.4132,0.197883,0.866025,-0.5,0.478434,0.878124,7491.67,4991.33,2762,193,0,0,0,0,7148.67,4101.75,2383.27,1383.33,2364.52,691.667,1809.38,53.42,8.90333,7.6209,7.99934,41.2803,41.2803,106.983,26.7456
138.424,9.68198,30.7231,4.13386,14.5158,0.250647,0.83147,-0.55557,0.478434,0.878124,10546.3,7491.67,4991.33,1162,0,0,0,0,9937,6447.83,2898.02,2262.19,3414.06,1131.1,2665.95,85.409,14.671,8.27485,8.02419,31.4415,31.4415,127.956,31.989
151.79,10.5605,29.2321,4.72197,17.5741,0.301938,0.793353,-0.608761,0.478434,0.878124,13578.3,10546.3,7491.67,2762,0,0,0,0,12891.7,9151.92,3225.08,3393.72,4540.95,1696.86,3631.73,115.725,20.9956,9.13725,8.09225,13.3657,13.3657,121.263,30.3156
243.285,11.2433,27.68,4.32033,20.5787,0.351494,0.75184,-0.659346,0.478434,0.878124,17065.3,13578.3,10546.3,4991.33,0,0,0,0,16183.3,12170.4,3552.14,4815.83,5763.17,2407.92,4733.41,160.12,31.1324,10.0246,8.18869,91.4949,91.4949,177.582,44.3956
289.499,11.7931,25.4721,5.26848,23.5207,0.39908,0.707107,-0.707107,0.478434,0.878124,20096,17065.3,13578.3,7491.67,193,0,0,0,19340.7,15321.5,3594.36,6490.5,6923.43,3245.25,5873.55,205.749,43.1949,10.8197,8.31625,46.214,46.214,182.516,45.629
332.751,12.0284,25.1605,5.21747,26.3902,0.444482,0.659346,-0.75184,0.478434,0.878124,23278.3,20096,17065.3,10546.3,1162,0,0,0,22389.7,18504.5,3593.77,8430.36,8009.13,4215.18,7059.81,254.331,57.0595,11.4063,8.45617,43.252,43.252,194.327,48.5816
372.657,12.8597,24.0286,4.16639,29.1762,0.487497,0.608761,-0.793353,0.478434,0.878124,26369.7,23278.3,20096,13578.3,2762,0,0,0,25584,21702.3,3476.7,10627.8,8956.17,5313.92,8267.05,309.548,72.5869,11.9811,8.63771,39.9067,39.9067,220.868,55.2169
412.727,14.0331,23.1212,3.19329,31.8662,0.527937,0.55557,-0.83147,0.478434,0.878124,28712.7,26369.7,23278.3,17065.3,4991.33,0,0,0,28110.7,24614.2,3243.37,13020.6,9608.87,6510.28,9410.04,351.908,89.7838,12.6786,8.87393,40.0693,40.0693,169.442,42.3605
451.541,14.7033,22.9059,2.91902,34.4457,0.565626,0.5,-0.866025,0.478434,0.878124,31675.7,28712.7,26369.7,20096,7491.67,193,0,0,31034.7,27509.1,3082.47,15644.1,10036.7,7830.1,10556,392.419,108.598,13.4061,9.14075,38.8147,38.8147,162.043,40.5107
486.302,15.1638,22.2896,2.89714,36.8985,0.600399,0.442289,-0.896873,0.478434,0.878124,34060.3,31675.7,28712.7,23278.3,10546.3,1162,0,0,33596,30204.6,2913.9,18385.6,10198.3,9249.28,11641.6,430.807,128.861,14.19,9.42966,34.7607,34.7607,153.551,38.3878
518.768,15.6987,20.4537,2.85619,39.2058,0.632108,0.382683,-0.92388,0.478434,0.878124,35863.7,34060.3,31675.7,26369.7,13578.3,2762,0,0,35357,32578.1,2680.85,21144.1,10075.3,10743.6,12619.2,467.335,150.476,14.8997,9.7433,32.466,32.466,146.111,36.5277
545.62,15.7581,19.8732,2.94314,41.3467,0.660614,0.321439,-0.94693,0.478434,0.878124,36715,35863.7,34060.3,28712.7,17065.3,4991.33,0,0,36332,34578.7,1930.75,23787.8,9642.86,12273.4,13423.8,500.558,173.21,15.331,10.0619,26.852,26.852,132.893,33.2233
570.619,16.3757,19.0784,3.26655,43.2981,0.685794,0.258819,-0.965926,0.478434,0.878124,37240.7,36715,35863.7,31675.7,20096,7491.67,0,0,37193,35969.9,1207.04,26266.8,8932.55,13825.1,14053,530.327,196.986,15.7491,10.4134,24.9987,24.9987,119.077,29.7693
592.499,17.0885,19.2374,2.23069,45.0352,0.707541,0.19509,-0.980785,0.478434,0.878124,38990.7,37240.7,36715,34060.3,23278.3,10546.3,0,0,39143,37202.5,1143.36,28637.2,8189.54,15449.7,14603.8,556.876,221.673,16.2303,10.8017,21.88,21.88,106.197,26.5492
611.677,18.0509,18.0515,2.18961,46.5322,0.725761,0.130526,-0.991445,0.478434,0.878124,39745,38990.7,37240.7,35863.7,26369.7,13578.3,0,0,39960.3,38172.8,1238.42,30817.8,7327.91,17105.7,15006,580.104,247.16,16.8183,11.237,19.1787,19.1787,92.9093,23.2273
627.787,18.9701,17.852,2.01603,47.7634,0.740375,0.0654031,-0.997859,0.478434,0.878124,40724.3,39745,38990.7,36715,28712.7,17065.3,0,0,40897,39175.2,1274.85,32789.3,6498.37,18802.6,15275.8,600.646,273.318,17.6213,11.7095,16.11,16.11,82.1673,20.5418
639.719,19.4583,17.5275,1.79812,48.7049,0.751321,1.22465e-16,-1,0.478434,0.878124,41270.7,40724.3,39745,37240.7,31675.7,20096,0,0,41426.7,40182.7,878.857,34553.9,5628.75,20522.2,15385,617.92,299.973,18.392,12.2083,11.9313,11.9313,69.1,17.275
646.779,19.9599,17.3361,2.07325,49.3366,0.75855,-0.0654031,-0.997859,0.478434,0.878124,40792.7,41270.7,40724.3,38990.7,34060.3,23278.3,0,0,40877.7,40633.2,554.301,36013.4,4711.83,22221.9,15276.8,631.49,326.922,19.1098,12.734,7.06,7.06,54.28,13.57
643.413,20.2201,16.5106,1.97997,49.6438,0.762034,-0.130526,-0.991445,0.478434,0.878124,40595.3,40792.7,41270.7,39745,35863.7,26369.7,0,0,40458.3,40845.8,255.355,37198.9,3846.47,23913.4,14966.9,639.424,353.731,19.6521,13.2712,-3.366,-3.366,31.7353,7.93383
660.732,19.4057,18.3621,1.79718,49.6191,0.761755,-0.19509,-0.980785,0.478434,0.878124,40583,40595.3,40792.7,40724.3,36715,28712.7,0,0,40484,40810.4,278.445,38188.1,2961.39,25604.3,14453.4,647.661,381.261,19.761,13.7767,17.3193,17.3193,32.9447,8.23617
654.1,17.1268,19.7372,2.14267,49.2632,0.757715,-0.258819,-0.965926,0.478434,0.878124,40364.7,40583,40595.3,41270.7,37240.7,31675.7,193,0,40562.7,40583.9,151.475,38912.2,2259.65,27278.1,13721.2,651.256,408.515,19.1781,14.1943,-6.632,-6.632,14.3813,3.59533
637.903,16.9316,20.9253,1.79521,48.5845,0.749933,-0.321439,-0.94693,0.478434,0.878124,39840.7,40364.7,40583,40792.7,38990.7,34060.3,1162,0,39820,40345.9,305.796,39393.9,1727.46,28889.8,12799.7,649.037,434.658,18.421,14.6054,-16.1973,-16.1973,-8.876,-2.219
626.441,18.8008,18.7661,1.56397,47.5987,0.73844,-0.382683,-0.92388,0.478434,0.878124,39017,39840.7,40364.7,40595.3,39745,35863.7,2762,0,38917.7,39951.3,603.132,39656.6,1374.19,30400.4,11720.9,644.794,459.488,18.0662,15.0925,-11.4613,-11.4613,-16.9713,-4.24283
612.333,19.3734,18.317,1.42389,46.3265,0.723287,-0.442289,-0.896873,0.478434,0.878124,37441.3,39017,39840.7,40583,40724.3,36715,4991.33,0,37229.3,39165.9,1105.52,39717.2,1254.03,31752.5,10522.1,632.694,482.264,18.0581,15.5791,-14.108,-14.108,-48.3987,-12.0997
592.1,16.9257,24.6673,3.6822,44.7922,0.704538,-0.5,-0.866025,0.478434,0.878124,35508.7,37441.3,39017,40364.7,41270.7,37240.7,7491.67,0,35304.3,37951.9,1653.17,39572.8,1586.39,32919.8,9242.08,617.194,502.478,18.0079,15.9255,-20.2333,-20.2333,-62,-15.5
565.701,16.2141,26.6607,3.37339,43.0216,0.682274,-0.55557,-0.83147,0.478434,0.878124,33604,35508.7,37441.3,39840.7,40792.7,38990.7,10546.3,0,33455.7,36392.8,2033.77,39123.9,2292.55,33880.6,7978.42,599.144,520.281,17.8285,16.1977,-26.3987,-26.3987,-72.2013,-18.0503
540.112,16.2875,26.8853,3.37498,41.0405,0.656592,-0.608761,-0.793353,0.478434,0.878124,31603,33604,35508.7,39017,40595.3,39745,13578.3,0,31625.3,34539.2,2171.3,38445.4,3078.48,34631.6,6792.14,577.562,536.461,17.2002,16.4363,-25.5893,-25.5893,-86.3293,-21.5823
512.923,16.0524,27.9381,3.77402,38.8733,0.627601,-0.659346,-0.75184,0.478434,0.878124,29570.7,31603,33604,37441.3,40583,40724.3,17065.3,0,29719.3,32571.6,2215.63,37516,3839.76,35152.7,5837.09,552.709,547.696,16.3699,16.6367,-27.1893,-27.1893,-99.4107,-24.8527
483.441,16.2089,28.2455,3.20475,36.543,0.595426,-0.707107,-0.707107,0.478434,0.878124,27132,29570.7,31603,35508.7,40364.7,41270.7,20096,0,27014.7,30477.4,2400.86,36337.8,4600.69,35445.8,5217.29,525.544,555.777,16.1908,16.8207,-29.482,-29.482,-108.659,-27.1648
451.35,15.9452,28.1921,2.85784,34.0701,0.560207,-0.75184,-0.659346,0.478434,0.878124,24128,27132,29570.7,33604,39840.7,40792.7,23278.3,0,24221,28108.4,2790.49,34949,5477.87,35481.2,5136.87,496.956,560.718,16.1235,16.9839,-32.0907,-32.0907,-114.351,-28.5878
416.061,15.7658,28.7249,2.45036,31.4729,0.522096,-0.793353,-0.608761,0.478434,0.878124,21641.3,24128,27132,31603,39017,40595.3,26369.7,0,21639,25618,2997.91,33369.5,6293.92,35284.2,5556.11,465.944,562.527,15.9931,17.1049,-35.2893,-35.2893,-124.051,-31.0128
377.019,15.4764,29.3165,1.99899,28.7675,0.481257,-0.83147,-0.55557,0.478434,0.878124,18989.3,21641.3,24128,29570.7,37441.3,40583,28712.7,0,18980.7,22972.7,3011.4,31570.1,7019.38,34879.1,6322.21,431.967,561.039,15.8491,17.1651,-39.042,-39.042,-135.904,-33.976
335.436,14.5715,30.1861,1.98098,25.9681,0.43787,-0.866025,-0.5,0.478434,0.878124,16243.7,18989.3,21641.3,27132,35508.7,40364.7,31675.7,0,16144.3,20250.6,2941.71,29560,7639.41,34236.1,7321.15,394.966,556.201,15.4397,17.1596,-41.5827,-41.5827,-148.005,-37.0012
289.591,13.6572,34.0959,1.31089,23.0868,0.392125,-0.896873,-0.442289,0.478434,0.878124,13161.3,16243.7,18989.3,24128,33604,39840.7,34060.3,0,13051.7,17508.9,3153.21,27336.7,8186.55,33365.3,8446.64,354.526,548.005,14.8677,17.0968,-45.8453,-45.8453,-161.759,-40.4398
155.406,13.2581,34.3624,1.29504,20.1346,0.344226,-0.92388,-0.382683,0.478434,0.878124,10354.3,13161.3,16243.7,21641.3,31603,39017,35863.7,0,10229.3,14687.2,3241.64,24948.1,8601.08,32302.4,9592.63,289.363,532.865,14.2408,16.9951,-134.184,-134.184,-260.654,-65.1636
55.0222,12.9891,36.6143,1.30048,17.121,0.29439,-0.94693,-0.321439,0.478434,0.878124,7738,10354.3,13161.3,18989.3,29570.7,37441.3,36715,0,7649.33,11874.3,3168.88,22472.9,8917.81,31095,10718.7,208.864,512.423,13.619,16.8797,-100.384,-100.384,-321.996,-80.4991
48.1829,12.7505,37.6661,1.42603,14.0551,0.242856,-0.965926,-0.258819,0.478434,0.878124,5761,7738,10354.3,16243.7,27132,35508.7,37240.7,0,5633,9253.67,2782.86,19993.9,9082.67,29783.4,11761.8,137.051,490.655,13.1637,16.7287,-6.83933,-6.83933,-287.253,-71.8133
0,10.2646,33.5806,4.07371,-11.4399,-0.198339,0.997859,-0.0654031,0.493468,0.869764,0,0,0,0,0,0,0,0,0,0,0,0,0,0,0,0,0,10.1905,10.8848,0,0,0,0
0,10.3799,32.6847,3.91767,-8.09445,-0.140805,0.991445,-0.130526,0.493468,0.869764,0,0,0,0,0,0,0,0,0,0,0,0,0,0,0,0,0,10.2388,10.8309,0,0,0,0
0,10.3307,32.405,4.13395,-4.77046,-0.083164,0.980785,-0.19509,0.493468,0.869764,0,0,0,0,0,0,0,0,0,0,0,0,0,0,0,0,0,10.2782,10.7805,0,0,0,0
0,10.5289,30.4259,4.35473,-1.4705,-0.0256622,0.965926,-0.258819,0.493468,0.869764,240,0,0,0,0,0,0,0,193,60,103.923,20,66.3325,10,47.9583,0,0,10.376,10.7388,0,0,0,0
11.5338,10.6821,29.8494,4.68161,2.09686,0.0365889,0.94693,-0.321439,0.493468,0.869764,1211,240,0,0,0,0,0,0,1162,362.75,499.442,120.917,335.245,60.4583,244.642,2.88345,0.480575,10.4804,10.707,11.5338,11.5338,11.5338,2.88345
34.7032,10.8563,29.9283,3.70578,5.20467,0.0907137,0.92388,-0.382683,0.493468,0.869764,2836.67,1211,240,0,0,0,0,0,2762,1071.92,1115.21,357.306,818.474,178.653,605.695,11.5592,1.92654,10.5995,10.6838,23.1694,23.1694,34.7032,8.6758
73.2731,11.6449,28.9396,3.71262,8.36024,0.145396,0.896873,-0.442289,0.493468,0.869764,5067.33,2836.67,1211,0,0,0,0,0,4991.33,2338.75,1828.23,779.583,1526.32,389.792,1147.5,29.8775,4.97959,10.9281,10.6973,38.5699,38.5699,73.2731,18.3183
115.928,12.7869,27.8535,3.68021,11.5029,0.199417,0.866025,-0.5,0.493468,0.869764,7544.67,5067.33,2836.67,240,0,0,0,0,7491.67,4164.92,2383.64,1408.31,2386.96,704.153,1828.83,58.8596,9.80994,11.4925,10.7609,42.6553,42.6553,115.928,28.9821
160.083,14.0865,27.8654,2.88598,14.6127,0.252283,0.83147,-0.55557,0.493468,0.869764,10509.7,7544.67,5067.33,1211,0,0,0,0,10546.3,6489.58,2856.61,2284.11,3415.87,1142.06,2671.77,95.997,16.4801,12.3436,10.8782,44.1549,44.1549,148.55,37.1374
206.163,15.2555,26.1533,2.60586,17.6785,0.303675,0.793353,-0.608761,0.493468,0.869764,13599.7,10509.7,7544.67,2836.67,0,0,0,0,13578.3,9180.33,3197.26,3417.42,4540.83,1708.71,3637.21,138.862,25.0702,13.4434,11.046,46.08,46.08,171.46,42.865
254.625,16.7165,23.9095,2.52513,20.6911,0.35333,0.75184,-0.659346,0.493468,0.869764,16953.3,13599.7,10509.7,5067.33,0,0,0,0,17065.3,12151.8,3502.62,4830.19,5737.46,2415.1,4721.43,184.2,35.6796,14.7113,11.2809,48.4613,48.4613,181.352,45.3379
302.125,18.1267,22.3489,2.8595,23.6417,0.401015,0.707107,-0.707107,0.493468,0.869764,20013.3,16953.3,13599.7,7544.67,240,0,0,0,20096,15269,3563.13,6497.97,6885.01,3248.99,5853,230.749,48.2681,16.0463,11.5872,47.5007,47.5007,186.197,46.5492
348.514,19.0922,21.0712,2.84551,26.5203,0.446514,0.659346,-0.75184,0.493468,0.869764,23218.3,20013.3,16953.3,10509.7,1211,0,0,0,23278.3,18446.2,3568.85,8432.83,7964.83,4216.42,7035.44,277.857,62.7896,17.2977,11.9308,46.3887,46.3887,188.431,47.1077
391.363,19.6313,22.1081,2.55891,29.316,0.489625,0.608761,-0.793353,0.493468,0.869764,26345,23218.3,20013.3,13599.7,2836.67,0,0,0,26369.7,21632.5,3508.52,10628.2,8912.34,5314.12,8243.47,324.157,79.0963,18.3917,12.291,42.8487,42.8487,185.199,46.2998
430.951,20.2305,22.3975,2.64839,32.0162,0.530159,0.55557,-0.83147,0.493468,0.869764,28742,26345,23218.3,16953.3,5067.33,0,0,0,28712.7,24579.7,3284.28,13023.4,9571.94,6511.71,9392.2,368.238,97.0526,19.2702,12.6789,39.588,39.588,176.326,44.0815
468.005,20.2633,20.4877,3.08946,34.6066,0.567939,0.5,-0.866025,0.493468,0.869764,31422,28742,26345,20013.3,7544.67,240,0,0,31675.7,27431.8,3023.77,15621.9,9973,7820.96,10516.1,409.708,116.553,19.8043,13.0732,37.054,37.054,165.879,41.4698
500.955,20.7466,20.5861,2.73605,37.0708,0.602802,0.442289,-0.896873,0.493468,0.869764,33708.3,31422,28742,23218.3,10509.7,1211,0,0,34060.3,30054.3,2770.54,18330,10103.5,9225.47,11575.4,447.818,137.426,20.2179,13.4878,32.9507,32.9507,152.441,38.1103
533.012,21.5267,20.0734,2.40115,39.39,0.634595,0.382683,-0.92388,0.493468,0.869764,35553.3,33708.3,31422,26345,13599.7,2836.67,0,0,35863.7,32356.4,2548.78,21056.4,9968.14,10706.9,12535.2,483.231,159.635,20.6918,13.9401,32.0567,32.0567,141.649,35.4123
562.253,22.1542,19.692,2.12972,41.5431,0.663184,0.321439,-0.94693,0.493468,0.869764,36663.7,35553.3,33708.3,28742,16953.3,5067.33,0,0,36715,34336.8,1986.54,23689.4,9561.68,12234.5,13345.2,516.056,183.062,21.1727,14.4302,29.2407,29.2407,131.302,32.8255
588.417,21.8948,20.6685,2.52933,43.507,0.688443,0.258819,-0.965926,0.493468,0.869764,37386,36663.7,35553.3,31422,20013.3,7544.67,0,0,37240.7,35827.8,1386.92,26176.2,8896.82,13792.3,13992.4,546.159,207.579,21.5806,14.9152,26.1647,26.1647,120.413,30.1032
605.326,19.6505,24.5898,2.98747,45.2564,0.710264,0.19509,-0.980785,0.493468,0.869764,39600.7,37386,36663.7,33708.3,23218.3,10509.7,0,0,38990.7,37300.9,1479.55,28600.5,8236.56,15442.3,14590.8,572.252,232.801,21.3065,15.3061,16.9087,16.9087,104.371,26.0927
616.648,19.363,24.803,2.90439,46.7653,0.728554,0.130526,-0.991445,0.493468,0.869764,40273,39600.7,37386,35553.3,26345,13599.7,0,0,39745,38480.8,1497.22,30823.2,7449.98,17120.3,15027.7,593.161,258.495,20.7656,15.6885,11.322,11.322,83.636,20.909
629.624,19.1915,25.947,2.98915,48.0075,0.743233,0.0654031,-0.997859,0.493468,0.869764,41394,40273,39600.7,36663.7,28742,16953.3,0,0,40724.3,39663.4,1462.62,32860,6680.91,18845.1,15336,610.004,284.729,20.0249,16.0642,12.976,12.976,67.3713,16.8428
638.568,18.7403,25.9846,3.55419,48.9588,0.754238,1.22465e-16,-1,0.493468,0.869764,42312.3,41394,40273,37386,31422,20013.3,0,0,41270.7,40895,1039.23,34718.2,5905.42,20608.1,15499.5,622.542,311.336,19.2363,16.4227,8.944,8.944,50.1507,12.5377
645.96,18.7691,25.6804,3.27447,49.5986,0.761523,-0.0654031,-0.997859,0.493468,0.869764,41899.7,42312.3,41394,39600.7,33708.3,23218.3,0,0,40792.7,41469.8,763.663,36275,5072.24,22353.9,15439.5,632.7,338.251,19.016,16.777,7.392,7.392,40.634,10.1585
650.302,18.611,26.1676,3.09887,49.9119,0.765055,-0.130526,-0.991445,0.493468,0.869764,41396.3,41899.7,42312.3,40273,35553.3,26345,0,0,40595.3,41750.6,384.198,37529.3,4257.11,24078.8,15155.6,641.114,365.347,18.828,17.12,4.342,4.342,33.654,8.4135
650.654,18.7237,25.4365,3.70803,49.8909,0.764819,-0.19509,-0.980785,0.493468,0.869764,41460.3,41396.3,41899.7,41394,36663.7,28742,0,0,40583,41767.2,369.604,38589.1,3442.78,25806.3,14667.6,646.371,392.458,18.711,17.4697,0.352,0.352,21.03,5.2575
647.742,17.9522,26.7965,4.888,49.5363,0.760818,-0.258819,-0.965926,0.493468,0.869764,41622.3,41460.3,41396.3,42312.3,37386,31422,240,0,40364.7,41594.7,194.405,39439.2,2759.75,27530.5,13976.9,648.664,419.447,18.514,17.779,-2.912,-2.912,9.174,2.2935
638.181,17.6903,27.5349,4.46742,48.8567,0.753066,-0.321439,-0.94693,0.493468,0.869764,40791.3,41622.3,41460.3,41899.7,39600.7,33708.3,1211,0,39840.7,41317.6,314.798,40029.4,2164.1,29179.7,13080.4,646.72,445.557,18.2443,18.071,-9.56133,-9.56133,-7.77933,-1.94483
627.547,18.159,29.0399,3.55275,47.8678,0.741599,-0.382683,-0.92388,0.493468,0.869764,39944,40791.3,41622.3,41396.3,40273,35553.3,2836.67,0,39017,40954.5,661.362,40395.3,1697.19,30725.9,12025.8,641.031,470.259,18.1313,18.3753,-10.6333,-10.6333,-22.7547,-5.68867
613.166,18.103,31.4682,3.17182,46.5908,0.726465,-0.442289,-0.896873,0.493468,0.869764,38322,39944,40791.3,41460.3,41394,36663.7,5067.33,0,37441.3,40169.9,1220.81,40533.5,1434.97,32111.5,10847.7,631.659,492.755,17.9761,18.6444,-14.3813,-14.3813,-37.488,-9.372
594.873,17.6587,32.5376,3.56374,45.0504,0.707728,-0.5,-0.866025,0.493468,0.869764,36303.7,38322,39944,41622.3,42312.3,37386,7544.67,0,35508.7,38840.2,1712.29,40443.3,1648.15,33309.8,9582.4,618.442,512.711,17.9028,18.8474,-18.2927,-18.2927,-52.8687,-13.2172
572.771,17.6129,34.1637,3.25535,43.2726,0.685471,-0.55557,-0.83147,0.493468,0.869764,34456.7,36303.7,38322,40791.3,41899.7,39600.7,10509.7,0,33604,37256.6,2067.9,40014.6,2336.69,34307.6,8319.94,602.089,529.906,17.8834,18.9943,-22.1027,-22.1027,-65.41,-16.3525
550.519,17.4721,34.6799,3.23417,41.2837,0.659788,-0.608761,-0.793353,0.493468,0.869764,32300.7,34456.7,36303.7,39944,41396.3,40273,13599.7,0,31603,35345.8,2227.03,39350.3,3157.84,35086.8,7135.45,582.832,544.254,17.7117,19.0867,-22.252,-22.252,-77.0287,-19.2572
523.329,17.4326,35.5819,3.39877,39.1084,0.63079,-0.659346,-0.75184,0.493468,0.869764,30333.7,32300.7,34456.7,38322,41460.3,41394,16953.3,0,29570.7,33348.7,2244.34,38428.6,3943.26,35644.3,6151.77,560.373,555.45,17.5441,19.1165,-27.1893,-27.1893,-89.8367,-22.4592
494.988,17.3059,36.9822,2.65419,36.7698,0.598602,-0.707107,-0.707107,0.493468,0.869764,28005.7,30333.7,32300.7,36303.7,41622.3,42312.3,20013.3,0,27132,31274.2,2384.83,37236.4,4682.31,35977.3,5475.79,535.402,563.486,17.4559,19.0823,-28.3413,-28.3413,-99.8853,-24.9713
464.357,17.2791,37.7141,2.74834,34.2887,0.563363,-0.75184,-0.659346,0.493468,0.869764,24792.7,28005.7,30333.7,34456.7,40791.3,41899.7,23218.3,0,24128,28858.2,2796.56,35810.8,5566.27,36042.9,5330.04,508.298,568.313,17.3724,19.0068,-30.6313,-30.6313,-108.414,-27.1035
428.59,17.1416,39.4927,2.96291,31.6834,0.525225,-0.793353,-0.608761,0.493468,0.869764,22204.7,24792.7,28005.7,32300.7,39944,41396.3,26345,0,21641.3,26334.2,3091.07,34211.5,6422.84,35870.4,5695.6,477.816,569.864,17.2898,18.903,-35.7667,-35.7667,-121.929,-30.4822
389.485,16.7843,40.9305,3.3373,28.9702,0.484354,-0.83147,-0.55557,0.493468,0.869764,19485.7,22204.7,24792.7,30333.7,38322,41460.3,28742,0,18989.3,23622.2,3150.6,32380.2,7182.72,35484.7,6431.15,444.355,568.136,17.1277,18.7594,-39.1047,-39.1047,-133.844,-33.461
348.146,15.8737,45.7509,2.77271,26.1632,0.440929,-0.866025,-0.5,0.493468,0.869764,16690.7,19485.7,22204.7,28005.7,36303.7,41622.3,31422,0,16243.7,20793.4,3021.94,30302.6,7789.13,34870.9,7417.04,407.645,563.142,16.7697,18.5765,-41.3393,-41.3393,-146.842,-36.7105
306.403,15.0341,49.9368,2.97986,23.2746,0.395139,-0.896873,-0.442289,0.493468,0.869764,13492.7,16690.7,19485.7,24792.7,34456.7,40791.3,33708.3,0,13161.3,17968.4,3237.01,28027.7,8359.15,34028.6,8560.93,368.156,555.036,16.2084,18.3385,-41.7433,-41.7433,-157.954,-39.4885
173.696,14.5611,52.0063,2.81215,20.3155,0.347189,-0.92388,-0.382683,0.493468,0.869764,10548.3,13492.7,16690.7,22204.7,32300.7,39944,35553.3,0,10354.3,15054.3,3356.23,25578.1,8803.54,32986.7,9750.84,304.433,540.064,15.5633,18.0483,-132.706,-132.706,-254.894,-63.7234
35.0314,14.2505,54.2364,2.20647,17.2953,0.297296,-0.94693,-0.321439,0.493468,0.869764,7694.33,10548.3,13492.7,19485.7,30333.7,38322,36663.7,0,7738,12106.5,3347.8,23025.8,9170.96,31779.6,10941.3,215.819,518.097,14.9298,17.719,-138.665,-138.665,-354.454,-88.6135
35.6535,14.0631,55.6579,2.31189,14.223,0.245697,-0.965926,-0.258819,0.493468,0.869764,5770,7694.33,10548.3,16690.7,28005.7,36303.7,37386,0,5761,9376.33,2922.01,20481.3,9367.7,30462.3,12035.6,137.696,495.065,14.4772,17.3926,0.622067,0.622067,-312.493,-78.1231
0,11.9665,67.6176,3.58917,-11.3825,-0.197357,0.997859,-0.0654031,0.508356,0.861147,0,0,0,0,0,0,0,0,0,0,0,0,0,0,0,0,0,11.7452,12.3135,0,0,0,0
0,12.1241,63.2949,2.89226,-8.03263,-0.139737,0.991445,-0.130526,0.508356,0.861147,0,0,0,0,0,0,0,0,0,0,0,0,0,0,0,0,0,11.8841,12.2666,0,0,0,0
0,11.8679,65.5887,3.17144,-4.70393,-0.0820069,0.980785,-0.19509,0.508356,0.861147,0,0,0,0,0,0,0,0,0,0,0,0,0,0,0,0,0,11.9376,12.2133,0,0,0,0
0,11.8829,63.2791,5.03385,-1.39894,-0.0244137,0.965926,-0.258819,0.508356,0.861147,183.333,0,0,0,0,0,0,0,240,45.8333,79.3857,15.2778,50.6707,7.63889,36.6348,0,0,11.9604,12.1612,0,0,0,0
10.0962,12.2697,58.1943,2.53857,2.16846,0.0378378,0.94693,-0.321439,0.508356,0.861147,880.667,183.333,0,0,0,0,0,0,1211,266,362.685,88.6667,244.07,44.3333,178.187,2.52405,0.420675,12.0361,12.1315,10.0962,10.0962,10.0962,2.52405
22.4898,11.6367,73.7946,1.5722,5.28539,0.0921166,0.92388,-0.382683,0.508356,0.861147,2038,880.667,183.333,0,0,0,0,0,2836.67,775.5,799.535,258.5,588.838,129.25,435.971,8.1465,1.35775,11.9143,12.0793,12.3936,12.3936,22.4898,5.62245
37.571,11.8807,73.4976,2.61005,8.44804,0.146912,0.896873,-0.442289,0.508356,0.861147,3533.33,2038,880.667,0,0,0,0,0,5067.33,1658.83,1268.87,552.944,1071.53,276.472,806.551,17.5392,2.92321,11.9175,12.0454,15.0812,15.0812,37.571,9.39275
56.3711,12.5211,64.7195,2.92421,11.5976,0.201037,0.866025,-0.5,0.508356,0.861147,6067.33,3533.33,2038,183.333,0,0,0,0,7544.67,3129.83,1939.24,1058.56,1844.21,529.278,1407.37,31.632,5.272,12.077,12.04,18.8001,18.8001,56.3711,14.0928
124.545,13.5225,56.3408,2.85806,14.7146,0.254004,0.83147,-0.55557,0.508356,0.861147,9033,6067.33,3533.33,880.667,0,0,0,0,10509.7,5167.92,2655.94,1811.31,2835.56,905.653,2200.09,60.2442,10.4614,12.3902,12.0742,68.174,68.174,114.449,28.6122
152.141,15.2487,49.5988,3.05884,17.788,0.305495,0.793353,-0.608761,0.508356,0.861147,10170.7,9033,6067.33,2038,0,0,0,0,13599.7,7201.08,2593.84,2658.86,3587.74,1329.43,2864.15,92.657,16.8006,13.2933,12.1818,27.5956,27.5956,129.651,32.4127
143.404,15.8183,48.931,2.85132,20.8087,0.355249,0.75184,-0.659346,0.508356,0.861147,12036.3,10170.7,9033,3533.33,0,0,0,0,16953.3,9326.83,2165.88,3661.89,4313.33,1830.94,3557.35,119.115,22.7757,14.2776,12.3154,-8.73667,-8.73667,105.833,26.4583
184.191,16.2201,49.2502,2.79339,23.7678,0.403031,0.707107,-0.707107,0.508356,0.861147,13025,12036.3,10170.7,6067.33,183.333,0,0,0,20013.3,11066.2,1558.36,4747.31,4859.51,2373.65,4176.32,151.07,30.4504,15.2024,12.4689,40.7873,40.7873,127.82,31.9551
191.971,16.6535,48.5303,2.67615,26.6555,0.448626,0.659346,-0.75184,0.508356,0.861147,17676,13025,12036.3,9033,880.667,0,0,0,23218.3,13227,2765.56,6220.31,5787.6,3110.15,5140.16,167.927,38.4492,15.9851,12.6478,7.78,7.78,67.4263,16.8566
303.035,17.339,46.4469,2.61689,29.461,0.49183,0.608761,-0.793353,0.508356,0.861147,25195.3,17676,13025,10170.7,2038,0,0,0,26345,16983.2,5197.55,8319.92,7474.48,4159.96,6726.01,205.65,51.0756,16.5077,12.8619,111.063,111.063,150.894,37.7235
408.668,19.2364,42.7045,2.46089,32.1716,0.532456,0.55557,-0.83147,0.508356,0.861147,24323.3,25195.3,17676,12036.3,3533.33,0,0,0,28742,20054.9,4993.05,10346.9,8205.69,5173.43,7773.74,271.966,68.1035,17.3622,13.159,105.633,105.633,265.264,66.316
428.3,21.0709,39.8465,1.72608,34.7729,0.570325,0.5,-0.866025,0.508356,0.861147,22999,24323.3,25195.3,13025,6067.33,183.333,0,0,31422,22548.4,2919.76,12248.2,8273.46,6131.72,8463.88,332.994,85.9493,18.5749,13.5362,19.632,19.632,244.109,61.0272
395.13,21.1547,39.5498,1.67798,37.2486,0.605274,0.442289,-0.896873,0.508356,0.861147,30923.3,22999,24323.3,17676,9033,880.667,0,0,33708.3,25860.2,3025.96,14751.7,8970.92,7420.19,9696.38,383.783,102.413,19.7003,13.9235,-33.17,-33.17,203.159,50.7897
474.479,19.9473,41.5907,1.58015,39.5797,0.637151,0.382683,-0.92388,0.508356,0.861147,22389,30923.3,22999,25195.3,10170.7,2038,0,0,35553.3,25158.7,3400.9,16447.6,8306.15,8353.07,10009.6,426.644,122.183,20.3524,14.2604,79.3487,79.3487,171.444,42.861
377.049,19.2454,42.5657,1.98661,41.7451,0.665818,0.321439,-0.94693,0.508356,0.861147,39637.3,22389,30923.3,24323.3,12036.3,3533.33,0,0,36663.7,28987.2,7010.15,19456.3,9531.8,10004.6,11633.4,418.74,137.893,20.3546,14.5753,-97.4293,-97.4293,-31.6187,-7.90467
511.191,18.4709,44.9233,3.32869,43.7215,0.691153,0.258819,-0.965926,0.508356,0.861147,38596.3,39637.3,22389,22999,13025,6067.33,0,0,37386,32886.5,6932.31,22167.1,9954.73,11612.8,12753.1,439.462,159.193,19.7046,14.8619,134.142,134.142,82.8913,20.7228
534.082,18.7589,42.3057,4.12821,45.4832,0.713046,0.19509,-0.980785,0.508356,0.861147,28818.7,38596.3,39637.3,30923.3,17676,9033,0,0,39600.7,32360.3,7138.16,23815.9,9256.88,12813.6,12958.2,474.2,181.446,19.1056,15.1604,22.8907,22.8907,138.952,34.738
535.755,18.8888,44.4386,3.01117,47.004,0.731402,0.130526,-0.991445,0.508356,0.861147,35649.7,28818.7,38596.3,22389,25195.3,10170.7,0,0,40273,35675.5,4220.31,25939.1,8794.07,14299,13438.6,489.519,203.77,18.841,15.4654,1.67267,1.67267,61.276,15.319
500.351,18.7623,44.8341,3.58704,48.2573,0.746143,0.0654031,-0.997859,0.508356,0.861147,36055,35649.7,28818.7,39637.3,24323.3,12036.3,0,0,41394,34779.9,3622.29,27940.7,8108.62,15801.3,13767.4,520.345,224.617,18.7202,15.7616,-35.404,-35.404,123.301,30.8253
502.392,18.0332,47.8464,3.73821,49.2184,0.757205,1.22465e-16,-1,0.508356,0.861147,31632.7,36055,35649.7,38596.3,22999,13025,0,0,42312.3,33039,2987.51,29491.3,6778.01,17119.3,13705.6,518.145,245.55,18.6108,16.0217,2.04133,2.04133,-8.79933,-2.19983
450.058,18.0258,47.439,3.63899,49.8661,0.764541,-0.0654031,-0.997859,0.508356,0.861147,39385.3,31632.7,36055,28818.7,30923.3,17676,0,0,41899.7,35680.7,2750.09,31300.4,6260.41,18760.4,13913.9,497.139,264.303,18.4275,16.2742,-52.334,-52.334,-84.024,-21.006
547.087,18.6129,47.7457,2.59629,50.1852,0.768119,-0.130526,-0.991445,0.508356,0.861147,38543.3,39385.3,31632.7,35649.7,22389,25195.3,0,0,41396.3,36404.1,3014.65,32412.8,6262.67,20366.3,13880.2,499.972,287.098,18.3585,16.5445,97.0287,97.0287,11.332,2.833
615.912,18.8091,47.0639,3.51992,50.1678,0.767923,-0.19509,-0.980785,0.508356,0.861147,40386,38543.3,39385.3,36055,39637.3,24323.3,0,0,41460.3,37486.8,3442.27,33751.3,6105.23,22049.1,13756.7,528.862,312.761,18.3702,16.8337,68.8253,68.8253,115.561,28.8903
625.599,18.8029,47.0191,3.57693,49.8142,0.763956,-0.258819,-0.965926,0.508356,0.861147,31016.7,40386,38543.3,31632.7,38596.3,22999,183.333,0,41622.3,37332.8,3704.52,34419.4,5274.12,23333.8,13077.6,559.664,338.828,18.5627,17.1221,9.68667,9.68667,123.207,30.8017
473.352,18.7868,45.8955,3.38099,49.1332,0.756232,-0.321439,-0.94693,0.508356,0.861147,37169,31016.7,40386,39385.3,28818.7,30923.3,880.667,0,40791.3,36778.8,3517.1,34939.9,5211.22,24845.8,12478.3,565.487,358.13,18.7529,17.3936,-152.247,-152.247,23.294,5.8235
541.917,18.1303,49.0223,3.66272,48.1408,0.744787,-0.382683,-0.92388,0.508356,0.861147,43657.7,37169,31016.7,38543.3,35649.7,22389,2038,0,39944,38057.3,4667.62,36712.3,4149.9,26580,12073.6,564.195,379.773,18.6323,17.6642,68.5653,68.5653,-5.16933,-1.29233
674.795,18.8734,46.8401,4.31479,46.8586,0.729668,-0.442289,-0.896873,0.508356,0.861147,42606,43657.7,37169,40386,36055,39637.3,3533.33,0,38322,38612.3,5029.47,36959.7,4397.96,28208,11475.7,578.916,406.324,18.6483,17.9555,132.878,132.878,58.8833,14.7208
564.953,18.8099,48.4105,4.06678,45.3115,0.710941,-0.5,-0.866025,0.508356,0.861147,30757.3,42606,43657.7,31016.7,31632.7,38596.3,6067.33,0,36303.7,38547.5,5127.67,36306.4,4679.52,29236.8,10510.8,563.755,427.515,18.6501,18.2176,-109.842,-109.842,-60.6453,-15.1613
371.092,18.0574,52.1827,3.4897,43.5262,0.688686,-0.55557,-0.83147,0.508356,0.861147,19124.3,30757.3,42606,37169,39385.3,28818.7,9033,0,34456.7,34036.3,9989.1,35498.6,6416.78,29657.2,9876.94,538.19,437.788,18.4677,18.4065,-193.861,-193.861,-102.26,-25.565
246.463,17.2653,51.9191,3.58308,41.529,0.663,-0.608761,-0.793353,0.508356,0.861147,17948.7,19124.3,30757.3,43657.7,38543.3,35649.7,10170.7,0,32300.7,27609.1,10001.7,34023.5,8041.39,29981.3,9345.54,464.326,441.718,18.2515,18.4906,-124.629,-124.629,-295.454,-73.8635
229.361,16.9399,51.6391,4.15729,39.3452,0.633992,-0.659346,-0.75184,0.508356,0.861147,15679.7,17948.7,19124.3,42606,40386,36055,12036.3,0,30333.7,20877.5,5836.96,32325.6,9459.3,30133.1,9078.59,352.967,445.299,17.7681,18.5373,-17.1027,-17.1027,-445.435,-111.359
196.061,16.7081,54.1236,3.53725,36.998,0.601787,-0.707107,-0.707107,0.508356,0.861147,9857,15679.7,17948.7,30757.3,31016.7,31632.7,13025,0,28005.7,15652.4,3567.72,30510.9,11323.2,30001.1,9345.49,260.744,445.794,17.2427,18.5576,-33.2993,-33.2993,-368.892,-92.223
140.027,16.3931,54.7717,3.75552,34.5083,0.566525,-0.75184,-0.659346,0.508356,0.861147,6776.33,9857,15679.7,19124.3,37169,39385.3,17676,0,24792.7,12565.4,4458.89,27793.5,12696.9,29547,10162.5,202.978,443.63,16.8266,18.5468,-56.0347,-56.0347,-231.065,-57.7663
97.1442,16.2117,54.9046,2.93975,31.8946,0.528359,-0.793353,-0.608761,0.508356,0.861147,9834,6776.33,9857,17948.7,43657.7,38543.3,25195.3,0,22204.7,10536.8,3222.82,25401.1,13142.9,28906.9,10875.2,165.648,435.051,16.5632,18.4998,-42.8825,-42.8825,-149.319,-37.3298
121.975,16.1126,54.3075,2.89839,29.1733,0.487453,-0.83147,-0.55557,0.508356,0.861147,9391,9834,6776.33,15679.7,42606,40386,24323.3,0,19485.7,8964.58,1276.97,22818.1,12989,28284.7,11527.2,138.802,423.105,16.3564,18.3696,24.8303,24.8303,-107.386,-26.8465
111.091,16.1244,55.1499,2.03864,26.3585,0.443986,-0.866025,-0.5,0.508356,0.861147,6607,9391,9834,9857,30757.3,31016.7,22999,0,16690.7,8152.08,1470.01,20784,13449,27601.7,12281.2,117.559,409.888,16.2105,18.1635,-10.8833,-10.8833,-84.9701,-21.2425
106.707,16.189,56.4607,2.12192,23.4625,0.398149,-0.896873,-0.442289,0.508356,0.861147,4231.67,6607,9391,6776.33,19124.3,37169,30923.3,0,13492.7,7515.92,2263.95,18039.2,13183.3,26489.6,13110.6,109.229,397.871,16.1594,17.9566,-4.38413,-4.38413,-33.3196,-8.3299
66.0405,16.033,53.7371,2.47936,20.4963,0.350146,-0.92388,-0.382683,0.508356,0.861147,2074,4231.67,6607,9834,17948.7,43657.7,22389,0,10548.3,5575.92,2724.35,14573.9,11328.7,25643.1,13975.3,101.453,380.852,16.1147,17.7935,-40.6666,-40.6666,-31.1037,-7.77593
43.0673,15.9061,53.9832,1.75271,17.4693,0.300195,-0.94693,-0.321439,0.508356,0.861147,4169.33,2074,4231.67,9391,15679.7,42606,39637.3,0,7694.33,4270.5,1604.34,11370.9,7849.76,24165.3,14289.1,81.7265,366.936,16.0631,17.6544,-22.9731,-22.9731,-78.9072,-19.7268
63.7299,15.9988,54.8593,1.30304,14.3906,0.24853,-0.965926,-0.258819,0.508356,0.861147,1921.67,4169.33,2074,6607,9857,30757.3,38596.3,0,5770,3099.17,1102.87,8967.89,5653.8,22637.2,14621.2,69.8862,348.292,16.0317,17.5514,20.6626,20.6626,-47.3613,-11.8403
0,17.4077,81.2059,2.22909,-11.32,-0.196289,0.997859,-0.0654031,0.523094,0.852275,0,0,0,0,0,0,0,0,0,0,0,0,0,0,0,0,0,17.4037,17.1236,0,0,0,0
0,17.4905,81.5759,1.93895,-7.96581,-0.138582,0.991445,-0.130526,0.523094,0.852275,0,0,0,0,0,0,0,0,0,0,0,0,0,0,0,0,0,17.4176,17.1506,0,0,0,0
0,17.5204,81.6252,2.18254,-4.63241,-0.0807628,0.980785,-0.19509,0.523094,0.852275,0,0,0,0,0,0,0,0,0,0,0,0,0,0,0,0,0,17.445,17.1756,0,0,0,0
0,17.5159,82.2617,2.14237,-1.32239,-0.0230781,0.965926,-0.258819,0.523094,0.852275,62,0,0,0,0,0,0,0,183.333,15.5,26.8468,5.16667,17.1359,2.58333,12.3892,0,0,17.4836,17.1998,0,0,0,0
16.4071,17.442,82.5871,2.22074,2.24488,0.0391706,0.94693,-0.321439,0.523094,0.852275,1042.33,62,0,0,0,0,0,0,880.667,276.083,443.118,92.0278,287.036,46.0139,208.115,4.10177,0.683628,17.4922,17.2215,16.4071,16.4071,16.4071,4.10177
32.6597,17.5345,82.6551,2.43117,5.37102,0.0936047,0.92388,-0.382683,0.523094,0.852275,1458,1042.33,62,0,0,0,0,0,2038,640.583,627.431,213.528,471.605,106.764,350.149,12.2667,2.04445,17.5032,17.2479,16.2527,16.2527,32.6597,8.16493
41.9709,17.724,82.4619,1.75154,8.5408,0.148514,0.896873,-0.442289,0.523094,0.852275,2900.33,1458,1042.33,0,0,0,0,0,3533.33,1365.67,1020.76,455.222,872.796,227.611,657.794,22.7594,3.79324,17.5541,17.2844,9.31113,9.31113,41.9709,10.4927
57.8993,17.9959,80.6192,1.99317,11.6973,0.202741,0.866025,-0.5,0.523094,0.852275,5434,2900.33,1458,62,0,0,0,0,6067.33,2708.67,1717.92,908.056,1614.04,454.028,1228.29,37.2342,6.20571,17.6741,17.3285,15.9285,15.9285,57.8993,14.4748
93.2666,18.3781,80.1811,2.11312,14.8215,0.255808,0.83147,-0.55557,0.523094,0.852275,3125,5434,2900.33,1042.33,0,0,0,0,9033,3229.33,1424.54,1168.47,1696.52,584.236,1334.32,56.4491,10.0918,17.9081,17.3863,35.3673,35.3673,76.8595,19.2149
65.7587,18.7255,78.1243,2.2,17.9025,0.307398,0.793353,-0.608761,0.523094,0.852275,5399.33,3125,5434,1458,0,0,0,0,10170.7,4214.67,1204.68,1618.42,2013.36,809.208,1637.57,64.7239,12.8318,18.2059,17.4568,-27.5079,-27.5079,33.0989,8.27473
83.3161,18.7574,77.7941,1.89329,20.9313,0.357248,0.75184,-0.659346,0.523094,0.852275,7963.67,5399.33,3125,2900.33,0,0,0,0,12036.3,5480.5,1711.96,2282.06,2598.1,1141.03,2162.64,75.0602,16.3033,18.4642,17.5297,17.5574,17.5574,41.3452,10.3363
139.12,19.0053,76.2241,2.09791,23.899,0.405126,0.707107,-0.707107,0.523094,0.852275,12113.7,7963.67,5399.33,5434,62,0,0,0,13025,7150.42,3337.87,3291.53,3654.06,1645.76,3063.43,95.3653,22.0999,18.7166,17.6112,55.8039,55.8039,81.2207,20.3052
143.76,19.6932,74.4436,1.41617,26.796,0.450814,0.659346,-0.75184,0.523094,0.852275,6901,12113.7,7963.67,3125,1042.33,0,0,0,17676,8094.42,2492.95,3866.61,3633.77,1933.31,3215.56,107.989,28.0899,19.0453,17.7188,4.63967,4.63967,50.4931,12.6233
120.797,20.2754,71.9699,1.85599,29.6112,0.494111,0.608761,-0.793353,0.523094,0.852275,11856.7,6901,12113.7,5399.33,1458,0,0,0,25195.3,9708.75,2309,4854.67,4037.6,2427.33,3747.41,121.748,33.1231,19.4328,17.8487,-22.963,-22.963,55.038,13.7595
185.167,20.4374,71.9274,1.61331,32.3321,0.534826,0.55557,-0.83147,0.523094,0.852275,20032,11856.7,6901,7963.67,2900.33,0,0,0,24323.3,12725.8,4702.1,6524,5545.04,3262,5100.43,147.211,40.8384,19.8528,17.9854,64.37,64.37,101.851,25.4627
289.763,21.4594,69.2028,1.41241,34.9445,0.572782,0.5,-0.866025,0.523094,0.852275,17660.7,20032,11856.7,12113.7,5434,62,0,0,22999,14112.6,5116.75,7990.56,5954.19,3997.86,5802.41,184.872,52.9119,20.4664,18.1593,104.597,104.597,150.643,37.6608
266.024,22.2635,66.6643,1.13906,37.4316,0.607815,0.442289,-0.896873,0.523094,0.852275,14362.3,17660.7,20032,6901,3125,1042.33,0,0,30923.3,15977.9,3116.97,9100.56,5794.86,4596.29,6092.6,215.438,63.9962,21.1089,18.371,-23.7393,-23.7393,122.264,30.5661
208.414,20.7214,72.648,1.32928,39.7748,0.639772,0.382683,-0.92388,0.523094,0.852275,15523,14362.3,17660.7,11856.7,5399.33,1458,0,0,22389,16894.5,2163.55,10272.6,5547.66,5243.08,6387.17,237.342,72.6801,21.2204,18.5194,-57.61,-57.61,87.6173,21.9043
217.232,19.8069,76.6725,2.21889,41.9526,0.668516,0.321439,-0.94693,0.523094,0.852275,16071.3,15523,14362.3,20032,7963.67,2900.33,0,0,39637.3,15904.3,1186.99,11370.2,5276.81,5912.72,6639.85,245.358,81.7314,21.0628,18.6255,8.818,8.818,32.0653,8.01633
221.599,19.3709,78.8088,2.38793,43.9415,0.693923,0.258819,-0.965926,0.523094,0.852275,13230.7,16071.3,15523,17660.7,12113.7,5434,0,0,38596.3,14796.8,1094.68,12019.9,4977.4,6464,6675.2,228.317,90.9648,20.5407,18.7113,4.36733,4.36733,-68.164,-17.041
207.323,19.4486,78.3652,2.14294,45.7157,0.715884,0.19509,-0.980785,0.523094,0.852275,17486.3,13230.7,16071.3,14362.3,6901,3125,0,0,28818.7,15577.8,1532.82,13216.7,4386.22,7192.6,6881.04,213.642,99.6032,19.837,18.7992,-14.276,-14.276,-58.7007,-14.6752
233.604,19.4664,77.6549,1.62055,47.2484,0.734303,0.130526,-0.991445,0.523094,0.852275,21680,17486.3,13230.7,15523,11856.7,5399.33,0,0,35649.7,17117.1,3047.72,14573.4,4274.88,8095.93,7288.5,219.94,109.337,19.5232,18.8839,26.2807,26.2807,25.19,6.2975
304.54,20.3462,74.7193,1.22884,48.5127,0.749103,0.0654031,-0.997859,0.523094,0.852275,26368.7,21680,17486.3,16071.3,20032,7963.67,0,0,36055,19691.4,4877.08,16107.2,4886.24,9194.62,7943.32,241.767,122.026,19.658,19.0062,70.936,70.936,87.308,21.827
462.224,22.8195,65.2967,1.51489,49.4835,0.760219,1.22465e-16,-1,0.523094,0.852275,24171,26368.7,21680,13230.7,17660.7,12113.7,0,0,31632.7,22426.5,3299.49,17112,5191.87,10201.8,8240.45,301.923,141.285,20.5202,19.2336,157.684,157.684,240.625,60.1562
376.862,23.1641,64.486,1.32538,50.1391,0.767603,-0.0654031,-0.997859,0.523094,0.852275,25953,24171,26368.7,17486.3,14362.3,6901,0,0,39385.3,24543.2,1847.72,18699.6,4718.03,11283.1,8528.58,344.307,156.988,21.4491,19.4734,-85.362,-85.362,169.539,42.3847
396.977,22.0649,68.5585,1.26127,50.4638,0.771223,-0.130526,-0.991445,0.523094,0.852275,25028.7,25953,24171,21680,15523,11856.7,0,0,38543.3,25380.3,850.133,19797.3,4526.67,12326,8614.94,385.151,173.529,22.0987,19.664,20.1147,20.1147,163.373,40.8432
424.475,22.2075,68.6044,1.57329,50.4496,0.771064,-0.19509,-0.980785,0.523094,0.852275,44491.7,25028.7,25953,26368.7,16071.3,20032,0,0,40386,29911.1,8441.66,21835.6,8194.46,14179.8,10371.1,415.134,191.215,22.564,19.8593,27.4987,27.4987,119.935,29.9838
652.884,22.8712,66.8622,1.41794,50.0966,0.767127,-0.258819,-0.965926,0.523094,0.852275,40793,44491.7,25028.7,24171,13230.7,17660.7,62,0,31016.7,34066.6,8681.03,23763.3,9587.97,15876.9,11219.9,462.799,218.418,22.5769,20.0825,228.409,228.409,190.66,47.665
661.519,23.7845,63.4027,1.83509,49.4139,0.759429,-0.321439,-0.94693,0.523094,0.852275,28287,40793,44491.7,25953,17486.3,14362.3,1042.33,0,37169,34650.1,8180.05,24923.7,9215.37,17012.1,11038.3,533.964,245.298,22.732,20.3467,8.63533,8.63533,284.657,71.1643
479.265,23.48,64.6163,2.20309,48.4176,0.748002,-0.382683,-0.92388,0.523094,0.852275,24384.3,28287,40793,25028.7,21680,15523,1458,0,43657.7,34489,8372.02,25662.1,8777.11,17967.4,10635.6,554.536,263.907,23.0858,20.5945,-182.255,-182.255,82.288,20.572
432.923,22.5127,67.3191,3.95231,47.1296,0.732895,-0.442289,-0.896873,0.523094,0.852275,32571.7,24384.3,28287,44491.7,26368.7,16071.3,2900.33,0,42606,31509,6092.29,27037.2,8453.41,19203.7,10536.4,556.648,280.196,23.1621,20.794,-46.3413,-46.3413,8.448,2.112
454.434,22.4561,66.8197,3.80369,45.5755,0.714174,-0.5,-0.866025,0.523094,0.852275,26184,32571.7,24384.3,40793,24171,13230.7,5434,0,30757.3,27856.8,3052.51,28116.6,7380.42,20068.3,10217.5,507.035,296.719,23.0583,20.9798,21.5107,21.5107,-198.45,-49.6125
541.047,22.1858,67.5119,4.27721,43.7822,0.691919,-0.55557,-0.83147,0.523094,0.852275,34314,26184,32571.7,28287,25953,17486.3,3125,0,19124.3,29363.5,4174.36,29518.9,6803.52,21367.8,9960.11,476.917,315.376,22.6586,21.1385,86.6127,86.6127,-120.473,-30.1182
561.104,22.6886,65.427,4.57708,41.7764,0.666225,-0.608761,-0.793353,0.523094,0.852275,23298,34314,26184,24384.3,25028.7,21680,5399.33,0,17948.7,29091.9,4511.22,29653.8,6661.38,22113.6,9390.32,497.377,336.016,22.4608,21.3036,20.0573,20.0573,81.8393,20.4598
510.114,22.4797,65.8148,3.83114,39.5837,0.637204,-0.659346,-0.75184,0.523094,0.852275,27503,23298,34314,32571.7,44491.7,26368.7,7963.67,0,15679.7,27824.8,4043.43,29748.3,6622.02,22927.7,8965.66,516.675,353.799,22.4525,21.4587,-50.99,-50.99,77.1907,19.2977
470.478,22.0866,67.0202,3.56753,37.2274,0.60498,-0.707107,-0.707107,0.523094,0.852275,26979,27503,23298,26184,40793,24171,12113.7,0,9857,28023.5,3976.89,29982.3,6468.64,23547.1,8706.93,520.686,367.605,22.3602,21.5871,-39.636,-39.636,16.044,4.011
468.158,21.9329,67.3006,3.43863,34.7288,0.569693,-0.75184,-0.659346,0.523094,0.852275,23983,26979,27503,34314,28287,25953,6901,0,6776.33,25440.8,1825.89,29818.1,6592.63,24258.9,7985.39,502.464,381.122,22.2969,21.6804,-2.32,-2.32,-72.8887,-18.2222
432.907,22.0509,66.7053,2.77668,32.1065,0.531495,-0.793353,-0.608761,0.523094,0.852275,21505.7,23983,26979,23298,24384.3,25028.7,11856.7,0,9834,24992.7,2420.02,29524.5,6871.9,24660.9,7583.64,470.414,394.127,22.1375,21.7544,-35.2513,-35.2513,-128.197,-32.0493
398.096,21.5419,68.0347,2.80144,29.3768,0.490552,-0.83147,-0.55557,0.523094,0.852275,18857.7,21505.7,23983,27503,32571.7,44491.7,20032,0,9391,22831.3,3003.2,27388.4,5785.65,24612,7617.07,442.41,402.999,21.9031,21.8004,-34.8107,-34.8107,-112.018,-28.0045
353.679,20.7718,71.1997,2.21038,26.554,0.447041,-0.866025,-0.5,0.523094,0.852275,16065,18857.7,21505.7,26979,26184,40793,17660.7,0,6607,20102.8,2952.89,25327.7,4993.85,24545.5,7684.12,413.21,405.662,21.5744,21.7718,-44.4167,-44.4167,-116.799,-29.1997
301.335,19.8332,74.9685,1.77595,23.6504,0.401155,-0.896873,-0.442289,0.523094,0.852275,13199,16065,18857.7,23983,34314,28287,14362.3,0,4231.67,17406.8,3098.86,24070.4,5906.49,24497,7751.58,371.504,407.133,21.0494,21.6705,-52.3447,-52.3447,-166.823,-41.7058
212.452,19.5142,76.4093,2.27703,20.6768,0.353097,-0.92388,-0.382683,0.523094,0.852275,10539.3,13199,16065,21505.7,23298,24384.3,15523,0,2074,14665.2,3110.82,22916.6,6986.04,24289.4,8050.2,316.391,407.301,20.4153,21.6202,-88.8822,-88.8822,-220.454,-55.1135
57.7473,19.2641,77.2086,1.58337,17.6429,0.303084,-0.94693,-0.321439,0.523094,0.852275,7772.33,10539.3,13199,18857.7,27503,32571.7,16071.3,0,4169.33,11893.9,3079.1,20850,7475.15,23943.6,8557.99,231.303,400.656,19.8458,21.5976,-154.705,-154.705,-340.349,-85.0872
46.4563,18.8324,79.2085,1.88159,14.5576,0.251353,-0.965926,-0.258819,0.523094,0.852275,5831.67,7772.33,10539.3,16065,26979,26184,13230.7,0,1921.67,9335.58,2788.2,19154,8332.24,23635.3,9057.08,154.498,393.358,19.361,21.5752,-11.2911,-11.2911,-307.223,-76.8058
0,17.6664,81.7944,1.08429,-11.2526,-0.195135,0.997859,-0.0654031,0.537677,0.843151,0,0,0,0,0,0,0,0,0,0,0,0,0,0,0,0,0,17.7466,17.5849,0,0,0,0
0,17.5417,83.1413,1.21951,-7.89401,-0.137341,0.991445,-0.130526,0.537677,0.843151,0,0,0,0,0,0,0,0,0,0,0,0,0,0,0,0,0,17.7031,17.5749,0,0,0,0
0,17.5445,83.3924,1.85801,-4.55593,-0.0794322,0.980785,-0.19509,0.537677,0.843151,0,0,0,0,0,0,0,0,0,0,0,0,0,0,0,0,0,17.6719,17.568,0,0,0,0
0,17.8931,82.0306,2.31429,-1.24091,-0.0216562,0.965926,-0.258819,0.537677,0.843151,107.333,0,0,0,0,0,0,0,62,26.8333,46.4767,8.94444,29.6654,4.47222,21.448,0,0,17.6614,17.5719,0,0,0,0
14.8845,18.3663,80.0029,2.46216,2.32609,0.0405869,0.94693,-0.321439,0.537677,0.843151,640,107.333,0,0,0,0,0,0,1042.33,186.833,265.28,62.2778,176.677,31.1389,128.752,3.72112,0.620186,17.8364,17.5863,14.8845,14.8845,14.8845,3.72112
22.9737,18.6763,79.1381,2.11977,5.46152,0.0951772,0.92388,-0.382683,0.537677,0.843151,1664,640,107.333,0,0,0,0,0,1458,602.833,658.86,200.944,474.822,100.472,350.461,9.46455,1.57743,18.12,17.6153,8.08927,8.08927,22.9737,5.74343
40.9845,18.867,78.1308,2.19077,8.63845,0.150199,0.896873,-0.442289,0.537677,0.843151,1406,1664,640,0,0,0,0,0,2900.33,954.333,617.22,318.111,573.913,159.056,435.875,19.7107,3.28511,18.4506,17.6631,18.0107,18.0107,40.9845,10.2461
42.7214,19.1668,77.4186,1.59869,11.8019,0.204529,0.866025,-0.5,0.537677,0.843151,2354.67,1406,1664,107.333,0,0,0,0,5434,1516.17,613.34,514.333,792.509,257.167,616.579,30.391,5.06517,18.7691,17.7208,1.73693,1.73693,42.7214,10.6804
50.0609,19.2137,76.8362,1.80554,14.9333,0.257695,0.83147,-0.55557,0.537677,0.843151,6970.67,2354.67,1406,640,0,0,0,0,3125,3098.83,2262.15,1095.22,1934.5,547.611,1473.44,39.1851,7.15104,18.9809,17.7932,7.33953,7.33953,35.1765,8.79412
105.389,19.4486,76.2989,1.65644,18.022,0.309381,0.793353,-0.608761,0.537677,0.843151,9017,6970.67,2354.67,1664,0,0,0,0,5399.33,4937.08,3159.06,1846.64,2882.23,923.319,2237.44,59.7891,11.5423,19.174,17.8835,55.3285,55.3285,82.4157,20.6039
127.269,20.1299,73.9012,1.7633,21.0589,0.359327,0.75184,-0.659346,0.537677,0.843151,8834.33,9017,6970.67,1406,0,0,0,0,7963.67,6794.17,2685.31,2582.83,3398.54,1291.42,2728.15,81.3603,16.8452,19.4897,18.0063,21.8798,21.8798,86.2848,21.5712
143.584,20.3291,74.6593,1.3496,24.0353,0.407299,0.707107,-0.707107,0.537677,0.843151,13462,8834.33,9017,2354.67,107.333,0,0,0,12113.7,9571,2384.91,3704.67,4427.04,1852.33,3637.37,106.576,22.8278,19.7803,18.1378,16.3151,16.3151,100.863,25.2157
179.935,19.6276,77.2195,2.31639,26.9414,0.453079,0.659346,-0.75184,0.537677,0.843151,8947.67,13462,8834.33,6970.67,640,0,0,0,6901,10065.2,1962.2,4450.31,4493.3,2225.15,3878.94,139.045,30.3251,19.8838,18.2357,36.351,36.351,129.874,32.4686
142.127,19.2069,78.7569,3.06052,29.7664,0.496466,0.608761,-0.793353,0.537677,0.843151,6804.33,8947.67,13462,9017,1664,0,0,0,11856.7,9512.08,2434.73,5017.33,4321.99,2508.67,3953.88,148.229,36.2471,19.8234,18.3206,-37.8079,-37.8079,36.7379,9.18448
76.2849,18.7053,80.9491,3.15007,32.4978,0.537268,0.55557,-0.83147,0.537677,0.843151,4627,6804.33,8947.67,8834.33,1406,0,0,0,20032,8460.25,3266.92,5402.92,4055.34,2701.46,3939.64,135.483,39.4257,19.4672,18.3851,-65.8425,-65.8425,-50.9843,-12.7461
77.4633,18.2136,83.6117,3.45616,35.1212,0.575308,0.5,-0.866025,0.537677,0.843151,5068.67,4627,6804.33,13462,2354.67,107.333,0,0,17660.7,6361.92,1700.31,5816.36,3734.6,2912.65,3924.99,118.953,42.6533,18.9384,18.4215,1.17833,1.17833,-66.1211,-16.5303
59.5131,17.9659,86.3308,3.8479,37.62,0.610422,0.442289,-0.896873,0.537677,0.843151,4118.33,5068.67,4627,8947.67,6970.67,640,0,0,14362.3,5154.58,1010.1,6106.22,3445.37,3084.25,3883.71,88.8472,45.133,18.5229,18.4458,-17.9501,-17.9501,-120.422,-30.1056
79.5251,17.9269,85.9389,3.29319,39.9752,0.642456,0.382683,-0.92388,0.537677,0.843151,4798.33,4118.33,5068.67,6804.33,9017,1664,0,0,15523,4653.08,346.571,6367.42,3209.43,3284.18,3843.09,73.1966,48.4465,18.2029,18.4619,20.0119,20.0119,-62.6023,-15.6506
98.847,17.8821,84.7811,4.97515,42.1655,0.671274,0.321439,-0.94693,0.537677,0.843151,6611,4798.33,4118.33,4627,8834.33,1406,0,0,16071.3,5149.08,912.296,6801.17,2840.06,3559.64,3834.73,78.8371,52.5652,17.9971,18.471,19.3219,19.3219,22.5621,5.64052
101.555,17.5657,82.0462,4.18803,44.1669,0.696751,0.258819,-0.965926,0.537677,0.843151,7930.67,6611,4798.33,5068.67,13462,2354.67,0,0,13230.7,5864.58,1501.01,7265.83,2511.72,3890.08,3855.4,84.86,56.7966,17.8351,18.4628,2.7078,2.7078,24.0915,6.02288
128.539,17.6233,80.255,3.28797,45.9536,0.718777,0.19509,-0.980785,0.537677,0.843151,9818.67,7930.67,6611,4118.33,8947.67,6970.67,0,0,17486.3,7289.67,1835.35,7503.17,2605.43,4299.19,3940.9,102.117,62.1524,17.7495,18.4534,26.9845,26.9845,69.0262,17.2565
152.432,17.8129,80.2404,3.09873,47.4983,0.737257,0.130526,-0.991445,0.537677,0.843151,9103,9818.67,7930.67,4798.33,6804.33,9017,0,0,21680,8365.83,1216.86,7510.33,2609.7,4678.49,3946.93,120.343,68.5038,17.721,18.4574,23.8927,23.8927,72.9069,18.2267
135.943,17.6113,80.4515,4.09387,48.7736,0.752112,0.0654031,-0.997859,0.537677,0.843151,12835.3,9103,9818.67,6611,4627,8834.33,0,0,26368.7,9921.92,1812.07,7843.75,2986.01,5213.29,4141.55,129.617,74.1681,17.6533,18.455,-16.4887,-16.4887,37.0963,9.27407
188.015,17.6435,78.8248,3.69584,49.754,0.763277,1.22465e-16,-1,0.537677,0.843151,9926.33,12835.3,9103,7930.67,5068.67,13462,0,0,24171,10420.8,1429.48,7549.11,2561.34,5626.89,4095.67,151.232,82.002,17.6728,18.4428,52.0721,52.0721,86.4605,21.6151
140.431,18.0561,76.1584,2.91829,50.4173,0.770706,-0.0654031,-0.997859,0.537677,0.843151,11534,9926.33,12835.3,9818.67,4118.33,8947.67,0,0,25953,10849.7,1441.75,7764.64,2770.25,6107.47,4083.9,154.205,87.8533,17.7809,18.4591,-47.5847,-47.5847,11.8913,2.97283
158.061,17.8345,75.4071,3.44675,50.7475,0.774365,-0.130526,-0.991445,0.537677,0.843151,18259,11534,9926.33,9103,4798.33,6804.33,0,0,25028.7,13138.7,3130.65,8719.19,3982.95,6868.26,4549.47,155.612,94.4392,17.7864,18.4713,17.63,17.63,5.62867,1.40717
224.764,17.8435,74.822,3.48929,50.7362,0.77424,-0.19509,-0.980785,0.537677,0.843151,20803.7,18259,11534,12835.3,6611,4627,0,0,44491.7,15130.8,4527.43,10067.2,4982.03,7735.08,5106.1,177.818,103.804,17.8444,18.4837,66.7033,66.7033,88.8207,22.2052
282.373,18.0643,74.2347,3.55451,50.3836,0.77033,-0.258819,-0.965926,0.537677,0.843151,17073,20803.7,18259,9926.33,7930.67,5068.67,107.333,0,40793,16917.4,3387.78,11067.6,5082.11,8441.99,5175.08,201.407,115.57,17.9496,18.4909,57.6087,57.6087,94.3573,23.5893
234.955,17.8181,76.2078,4.94813,49.6986,0.762653,-0.321439,-0.94693,0.537677,0.843151,26777.3,17073,20803.7,11534,9818.67,4118.33,640,0,28287,20728.2,3743.5,12955.9,6229.31,9531.04,6088.25,225.038,124.739,17.8901,18.468,-47.418,-47.418,94.524,23.631
322.66,17.9434,75.616,3.92164,48.698,0.751241,-0.382683,-0.92388,0.537677,0.843151,21992.3,26777.3,17073,18259,9103,4798.33,1664,0,24384.3,21661.6,3466.68,14388.7,6165.28,10378.1,6343.56,266.188,137.226,17.9174,18.4375,87.7053,87.7053,164.599,41.1498
301.534,18.2659,74.3966,3.61824,47.4039,0.736143,-0.442289,-0.896873,0.537677,0.843151,22979.3,21992.3,26777.3,20803.7,12835.3,6611,1406,0,32571.7,22205.5,3460.08,15752.7,6104.01,11276.9,6534.14,285.38,148.083,18.0229,18.4125,-21.126,-21.126,76.77,19.1925
309.52,18.3037,74.6011,3.35782,45.8423,0.717425,-0.5,-0.866025,0.537677,0.843151,20158,22979.3,21992.3,17073,9926.33,7930.67,2354.67,0,26184,22976.8,2416.55,16771.7,5721.82,12018.8,6489.54,292.167,159.199,18.0828,18.3765,7.98567,7.98567,27.147,6.78675
261.107,18.5531,73.9362,2.63621,44.0405,0.695166,-0.55557,-0.83147,0.537677,0.843151,26299.3,20158,22979.3,26777.3,11534,9818.67,6970.67,0,34314,22857.2,2230.3,18145.1,5864.21,12824.1,6992.93,298.705,167.993,18.2665,18.349,-48.413,-48.413,26.152,6.538
335.446,18.6524,73.4125,3.47018,42.0256,0.669463,-0.608761,-0.793353,0.537677,0.843151,26988.7,26299.3,20158,21992.3,18259,9103,9017,0,23298,24106.3,2737.54,19635.5,5645.5,13572.9,7489.74,301.902,177.578,18.4438,18.3158,74.3395,74.3395,12.7862,3.19655
416.356,19.001,69.5919,3.00914,39.8236,0.640426,-0.659346,-0.75184,0.537677,0.843151,29666,26988.7,26299.3,22979.3,20803.7,12835.3,8834.33,0,27503,25778,3479.89,21038.1,5868.15,14440.9,8074.55,330.607,189.624,18.6276,18.2688,80.9098,80.9098,114.822,28.7055
415.644,19.2332,68.9855,2.5872,37.458,0.60818,-0.707107,-0.707107,0.537677,0.843151,35740.3,29666,26988.7,20158,17073,9926.33,13462,0,26979,29673.6,3721.55,23189.2,6126.29,15369.2,9121.37,357.138,200.96,18.8599,18.2231,-0.712,-0.712,106.124,26.5311
547.878,19.716,67.7183,2.65769,34.9502,0.572864,-0.75184,-0.659346,0.537677,0.843151,33509.3,35740.3,29666,26299.3,26777.3,11534,8947.67,0,23983,31476.1,3381.24,25020.5,5633.19,16392.6,9702.83,428.831,216.291,19.1507,18.2268,132.234,132.234,286.771,71.6928
530.463,19.6971,67.7857,3.18425,32.3189,0.534632,-0.793353,-0.608761,0.537677,0.843151,29371.7,33509.3,35740.3,26988.7,21992.3,18259,6804.33,0,21505.7,32071.8,2674.1,25946.6,5351.92,17332.9,9820.86,477.585,232.471,19.4118,18.2472,-17.4147,-17.4147,195.017,48.7543
479.009,19.3842,68.6222,2.84632,29.5806,0.493648,-0.83147,-0.55557,0.537677,0.843151,24893.3,29371.7,33509.3,29666,22979.3,20803.7,4627,0,18857.7,30878.7,4142.81,26287.4,5139.58,18177.3,9559.87,493.249,249.251,19.5076,18.2755,-51.4547,-51.4547,62.6527,15.6632
401.357,19.3947,68.7504,2.49366,26.7496,0.450092,-0.866025,-0.5,0.537677,0.843151,14407.3,24893.3,29371.7,35740.3,20158,17073,5068.67,0,16065,25545.4,7115.94,26065.2,5572.41,18566.4,9201.75,489.677,262.747,19.548,18.3247,-77.652,-77.652,-14.2873,-3.57183
227.327,18.7182,70.6851,2.77896,23.8381,0.404154,-0.896873,-0.442289,0.537677,0.843151,15750.3,14407.3,24893.3,33509.3,26299.3,26777.3,4118.33,0,13199,21105.7,6249.41,25146.3,6247.53,19051.1,8721.8,409.539,269.739,19.2985,18.3561,-174.03,-174.03,-320.551,-80.1378
217.46,18.6801,71.3195,2.02905,20.8571,0.356039,-0.92388,-0.382683,0.537677,0.843151,10850.3,15750.3,14407.3,29371.7,26988.7,21992.3,4798.33,0,10539.3,16475.3,5179.42,24217.8,7373.72,19303.3,8387.15,331.288,275.486,19.0443,18.3874,-9.86667,-9.86667,-313.003,-78.2508
138.317,18.5557,72.8061,1.72079,17.8162,0.305964,-0.94693,-0.321439,0.537677,0.843151,11008.3,10850.3,15750.3,24893.3,29666,22979.3,6611,0,7772.33,13004.1,2129.12,23220.2,8233.45,19486.5,8152.63,246.115,277.131,18.8372,18.4155,-79.1431,-79.1431,-340.692,-85.173
120.315,18.3634,74.3808,1.86139,14.7241,0.254164,-0.965926,-0.258819,0.537677,0.843151,10230.3,11008.3,10850.3,14407.3,35740.3,20158,7930.67,0,5831.67,11959.8,2207.68,22392.9,8965.79,19582.3,8028.82,175.855,277.913,18.5793,18.4487,-18.0018,-18.0018,-281.042,-70.2604
0,15.0214,87.229,2.5565,-11.1802,-0.193895,0.997859,-0.0654031,0.552101,0.833777,0,0,0,0,0,0,0,0,0,0,0,0,0,0,0,0,0,15.0185,15.3215,0,0,0,0
0,14.964,86.7222,2.38575,-7.81726,-0.136014,0.991445,-0.130526,0.552101,0.833777,0,0,0,0,0,0,0,0,0,0,0,0,0,0,0,0,0,15.0065,15.2781,0,0,0,0
0,14.9259,86.2407,2.40738,-4.47453,-0.0780159,0.980785,-0.19509,0.552101,0.833777,0,0,0,0,0,0,0,0,0,0,0,0,0,0,0,0,0,14.9778,15.2372,0,0,0,0
0,14.9455,88.0491,3.43598,-1.15451,-0.0201487,0.965926,-0.258819,0.552101,0.833777,47.6667,0,0,0,0,0,0,0,107.333,11.9167,20.6403,3.97222,13.1744,1.98611,9.52505,0,0,14.9642,15.2055,0,0,0,0
13.8264,14.8304,88.1119,2.82758,2.41208,0.0420863,0.94693,-0.321439,0.552101,0.833777,413,47.6667,0,0,0,0,0,0,640,115.167,173.052,38.3889,113.709,19.1944,82.6637,3.4566,0.5761,14.9164,15.1777,13.8264,13.8264,13.8264,3.4566
17.0142,14.8825,87.8499,2.75175,5.55685,0.0968333,0.92388,-0.382683,0.552101,0.833777,1383.33,413,47.6667,0,0,0,0,0,1664,461,555.961,153.667,387.631,76.8333,284.661,7.71015,1.28503,14.8961,15.153,3.1878,3.1878,17.0142,4.25355
23.4339,14.8541,88.1666,2.48322,8.74095,0.151967,0.896873,-0.442289,0.552101,0.833777,2638,1383.33,413,0,0,0,0,0,1406,1120.5,1002.92,373.5,783.766,186.75,584.825,13.5686,2.26144,14.8781,15.1285,6.41967,6.41967,23.4339,5.85847
58.3453,15.0641,87.4447,2.52665,11.9114,0.206399,0.866025,-0.5,0.552101,0.833777,3575,2638,1383.33,47.6667,0,0,0,0,2354.67,2002.33,1202.76,671.417,1169.63,335.708,892.593,28.1549,4.69249,14.9078,15.1082,34.9114,34.9114,58.3453,14.5863
27.7407,15.0701,86.8618,3.3633,15.0501,0.259663,0.83147,-0.55557,0.552101,0.833777,4100.67,3575,2638,413,0,0,0,0,6970.67,2924.25,1032.45,1013.14,1481.11,506.569,1163.38,31.6335,5.84835,14.9677,15.0889,-30.6045,-30.6045,13.9143,3.47858
49.2531,15.138,86.5594,3.49584,18.1463,0.311445,0.793353,-0.608761,0.552101,0.833777,4611.33,4100.67,3575,1383.33,0,0,0,0,9017,3731.25,729.833,1397.42,1743.39,698.708,1417,39.6932,7.90056,15.0316,15.0716,21.5123,21.5123,32.2389,8.05972
78.0757,15.3036,85.8618,2.24021,21.1914,0.361484,0.75184,-0.659346,0.552101,0.833777,7002,4611.33,4100.67,2638,0,0,0,0,8834.33,4822.25,1310.74,1980.92,2270.2,990.458,1886.24,53.3537,11.1537,15.144,15.0653,28.8227,28.8227,54.6419,13.6605
75.815,15.3859,85.0802,2.82295,24.1764,0.409548,0.707107,-0.707107,0.552101,0.833777,7841.33,7002,4611.33,3575,47.6667,0,0,0,13462,5888.83,1571.7,2634.36,2694.78,1317.18,2316.44,57.7211,14.3127,15.2244,15.0647,-2.26073,-2.26073,17.4697,4.36743
101.76,15.591,84.7117,2.63904,27.0918,0.455418,0.659346,-0.75184,0.552101,0.833777,10420.7,7841.33,7002,4100.67,413,0,0,0,8947.67,7468.83,2075.77,3502.75,3313.86,1751.38,2925.43,76.2259,18.5527,15.3546,15.077,25.9448,25.9448,74.0191,18.5048
135.846,15.7007,83.2345,2.85877,29.9267,0.498892,0.608761,-0.793353,0.552101,0.833777,16607.7,10420.7,7841.33,4611.33,1383.33,0,0,0,6804.33,10467.9,3761.99,4886.72,4728.15,2443.36,4140.98,97.8741,24.2129,15.4953,15.0991,34.0862,34.0862,86.5929,21.6482
226.724,16.0866,79.7103,3.22119,32.6686,0.539779,0.55557,-0.83147,0.552101,0.833777,16094,16607.7,10420.7,7002,2638,0,0,0,4627,12740.9,3727.75,6227.89,5388.28,3113.94,4920.72,135.036,33.6598,15.691,15.1409,90.878,90.878,148.648,37.1621
215.515,16.4879,77.8828,2.81819,35.303,0.577901,0.5,-0.866025,0.552101,0.833777,16430.3,16094,16607.7,7841.33,3575,47.6667,0,0,5068.67,14888.2,2585.9,7593.11,5714.98,3798.54,5543.4,169.961,42.6395,15.9666,15.195,-11.2093,-11.2093,139.7,34.9249
242.302,16.4994,77.4416,3.40488,37.8135,0.613093,0.442289,-0.896873,0.552101,0.833777,15003,16430.3,16094,10420.7,4100.67,413,0,0,4118.33,16033.8,623.044,8808.94,5609.11,4423.67,5913.39,205.097,52.7354,16.1937,15.2504,26.7873,26.7873,140.542,35.1356
215.335,16.4037,78.7047,2.32749,40.1809,0.645203,0.382683,-0.92388,0.552101,0.833777,25682,15003,16430.3,16607.7,4611.33,1383.33,0,0,4798.33,18302.3,4293.2,10833.8,6818.5,5493.75,7199.83,224.969,61.7078,16.3694,15.3064,-26.9667,-26.9667,79.4893,19.8723
378.092,17.0565,76.106,2.65206,42.3836,0.674091,0.321439,-0.94693,0.552101,0.833777,30317.3,25682,15003,16094,7002,2638,0,0,6611,21858.2,6376.4,13140.4,8198.03,6756.97,8640.59,262.811,77.4616,16.6119,15.3902,162.757,162.757,151.368,37.842
490.752,18.2189,70.7113,2.4716,44.3977,0.699634,0.258819,-0.965926,0.552101,0.833777,37328,30317.3,25682,16430.3,7841.33,3575,0,0,7930.67,27082.6,8113.42,15953.2,10021.2,8312.31,10453.7,331.62,97.9096,17.0446,15.5189,112.66,112.66,275.237,68.8093
517.22,18.5925,68.9061,2.04641,46.1968,0.721722,0.19509,-0.980785,0.552101,0.833777,34733,37328,30317.3,15003,10420.7,4100.67,0,0,9818.67,32015.1,4432.96,18505.9,10563.7,9759.51,11549.5,400.35,119.46,17.5679,15.6698,26.468,26.468,274.918,68.7295
604.952,19.1927,67.1432,2.2405,47.7535,0.740259,0.130526,-0.991445,0.552101,0.833777,35419.3,34733,37328,25682,16607.7,4611.33,0,0,9103,34449.4,2568.15,21073.2,10618.4,11235.3,12437,497.754,144.667,18.2652,15.844,87.732,87.732,389.617,97.4042
491.653,19.4769,66.4881,3.19429,49.0399,0.755166,0.0654031,-0.997859,0.552101,0.833777,29919.3,35419.3,34733,30317.3,16094,7002,0,0,12835.3,34349.9,2728.99,22983,9956.14,12482,12744.1,526.144,165.152,18.8703,16.0288,-113.299,-113.299,113.561,28.3903
473.092,19.1029,67.9179,3.29193,50.0298,0.766379,1.22465e-16,-1,0.552101,0.833777,21772.3,29919.3,35419.3,37328,16430.3,7841.33,0,0,9926.33,30461,5445.67,24143.9,8876.56,13389.1,12597.3,521.729,184.864,19.0912,16.1998,-18.5613,-18.5613,-17.66,-4.415
334.16,18.8437,69.0434,3.17515,50.7008,0.773849,-0.0654031,-0.997859,0.552101,0.833777,18243.7,21772.3,29919.3,34733,15003,10420.7,0,0,11534,26338.7,6739.07,24795.8,8097.87,14149.3,12313.7,475.964,198.788,19.154,16.3591,-138.932,-138.932,-183.06,-45.765
277.097,18.1557,70.5026,3.28948,51.0362,0.777544,-0.130526,-0.991445,0.552101,0.833777,18856.3,18243.7,21772.3,35419.3,25682,16607.7,0,0,18259,22197.9,4653.05,24983.2,7930.51,14935,11983,394.001,210.334,18.8948,16.4921,-57.0627,-57.0627,-327.855,-81.9637
277.808,17.7981,72.6751,3.33769,51.0275,0.777448,-0.19509,-0.980785,0.552101,0.833777,20313,18856.3,18243.7,29919.3,30317.3,16094,0,0,20803.7,19796.3,1366.19,25334.8,7615.91,15781.3,11609.8,340.539,221.909,18.4751,16.6117,0.710667,0.710667,-213.845,-53.4613
285.74,18.0231,72.4796,2.80657,50.6749,0.773562,-0.258819,-0.965926,0.552101,0.833777,23264.7,20313,18856.3,21772.3,37328,16430.3,47.6667,0,17073,20169.4,1938.68,25904.3,7171.29,16748.7,11219.2,293.701,233.815,18.2052,16.74,7.932,7.932,-187.352,-46.838
324.081,17.9475,72.8711,3.28393,49.9874,0.765903,-0.321439,-0.94693,0.552101,0.833777,20148.3,23264.7,20313,18243.7,34733,15003,413,0,26777.3,20645.6,1613.91,26333.1,6640.88,17571,10703.1,291.181,246.742,17.9811,16.8698,38.3407,38.3407,-10.0793,-2.51983
294.957,17.6505,74.1784,2.83867,48.9819,0.754503,-0.382683,-0.92388,0.552101,0.833777,18745.3,20148.3,23264.7,18856.3,35419.3,25682,1383.33,0,21992.3,20617.8,1645.09,25755.1,6966.32,18294.4,10157.3,295.646,258.323,17.8548,16.9852,-29.124,-29.124,17.8593,4.46483
251.106,17.4041,74.1905,2.92944,47.6812,0.739411,-0.442289,-0.896873,0.552101,0.833777,17307,18745.3,20148.3,20313,29919.3,30317.3,2638,0,22979.3,19866.3,2204.26,24670.9,7181.02,18905.7,9624.19,288.971,267.809,17.7563,17.0914,-43.8507,-43.8507,-26.702,-6.6755
243.375,17.1379,74.825,2.59408,46.1116,0.720692,-0.5,-0.866025,0.552101,0.833777,16935.7,17307,18745.3,23264.7,21772.3,37328,3575,0,20158,18284.1,1270.94,22971.5,6349.42,19462.3,9093.07,278.379,275.519,17.535,17.1778,-7.73133,-7.73133,-42.3653,-10.5913
230.847,17.0081,74.4984,2.1325,44.3009,0.698426,-0.55557,-0.83147,0.552101,0.833777,17548.7,16935.7,17307,20148.3,18243.7,34733,4100.67,0,26299.3,17634.2,677.67,21539.5,5402.52,20022.7,8525.84,255.071,283.982,17.3001,17.2586,-12.528,-12.528,-93.234,-23.3085
246.33,17.3881,70.5304,1.84658,42.2766,0.67271,-0.608761,-0.793353,0.552101,0.833777,15911,17548.7,16935.7,18745.3,18856.3,35419.3,4611.33,0,26988.7,16925.6,625.138,19913.8,3623.55,20493.5,7954.65,242.914,292.193,17.2346,17.3523,15.4833,15.4833,-48.6267,-12.1567
228.571,17.5435,68.1665,2.04075,40.0648,0.643654,-0.659346,-0.75184,0.552101,0.833777,15462,15911,17548.7,17307,20313,29919.3,7002,0,29666,16464.3,822.919,18709,2233.28,20846,7524.82,237.281,298.464,17.2694,17.4457,-17.7593,-17.7593,-22.5353,-5.63383
215.376,17.4845,69.8523,2.04553,37.6895,0.611383,-0.707107,-0.707107,0.552101,0.833777,14060,15462,15911,16935.7,23264.7,21772.3,7841.33,0,35740.3,15745.4,1245,18066.3,2365.08,21105.1,7171.32,230.281,304.279,17.3561,17.5331,-13.1947,-13.1947,-27.9987,-6.99967
180.188,17.3747,71.0477,2.33759,35.1722,0.576036,-0.75184,-0.659346,0.552101,0.833777,13534,14060,15462,17548.7,20148.3,18243.7,10420.7,0,33509.3,14741.8,975.878,17673.8,2673.72,21234.8,7003.06,217.616,307.547,17.4477,17.6074,-35.1876,-35.1876,-50.6583,-12.6646
147.928,17.0353,72.8146,1.92029,32.5317,0.537767,-0.793353,-0.608761,0.552101,0.833777,10789.7,13534,14060,15911,18745.3,18856.3,16607.7,0,29371.7,13461.4,1695.89,17001.6,3244.94,20992.4,7255.19,193.016,308.05,17.3595,17.663,-32.2605,-32.2605,-98.4021,-24.6005
165.107,16.9077,73.29,1.27379,29.7846,0.496741,-0.83147,-0.55557,0.552101,0.833777,10343,10789.7,13534,15462,17307,20313,16094,0,24893.3,12181.7,1633.65,16170.8,3552.51,20752.8,7503.74,177.15,305.483,17.2006,17.6973,17.1795,17.1795,-63.4633,-15.8658
151.443,17.4121,70.4134,1.58019,26.9451,0.453137,-0.866025,-0.5,0.552101,0.833777,8983,10343,10789.7,14060,16935.7,23264.7,16430.3,0,14407.3,10912.4,1653.38,14980.6,3363.88,20442.5,7823.25,161.167,302.813,17.1825,17.7358,-13.6647,-13.6647,-63.9333,-15.9833
144.509,17.5247,69.8903,1.67988,24.0256,0.407146,-0.896873,-0.442289,0.552101,0.833777,4945,8983,10343,13534,17548.7,20148.3,15003,0,15750.3,8765.17,2303.76,13713.7,3984.71,20023.4,8354.76,152.247,298.738,17.22,17.7785,-6.934,-6.934,-35.6797,-8.91993
99.6861,17.283,71.7357,1.52435,21.037,0.358971,-0.92388,-0.382683,0.552101,0.833777,4767.67,4945,8983,10789.7,15911,18745.3,25682,0,10850.3,7259.67,2451.76,12548.9,4368.14,19152,8798.06,140.186,293.92,17.2819,17.8151,-44.8225,-44.8225,-48.2417,-12.0604
85.4013,17.071,74.0109,1.19664,17.9888,0.308832,-0.94693,-0.321439,0.552101,0.833777,3922.67,4767.67,4945,10343,15462,17307,30317.3,0,11008.3,5654.58,1960.1,11433.5,4706.48,18052.2,8981.41,120.26,281.724,17.3227,17.8157,-14.2849,-14.2849,-79.7061,-19.9265
78.3076,17.1777,74.0915,0.94814,14.8899,0.256962,-0.965926,-0.258819,0.552101,0.833777,4204.67,3922.67,4767.67,8983,14060,16935.7,37328,0,10230.3,4460,413.463,10372.6,4780.94,16672.1,8442.11,101.976,264.539,17.2641,17.7723,-7.09367,-7.09367,-73.1351,-18.2838
0,15.4961,85.8713,1.96989,-11.1028,-0.19257,0.997859,-0.0654031,0.566362,0.824157,0,0,0,0,0,0,0,0,0,0,0,0,0,0,0,0,0,15.4235,15.5077,0,0,0,0
0,15.2334,84.9519,2.21244,-7.73561,-0.134602,0.991445,-0.130526,0.566362,0.824157,0,0,0,0,0,0,0,0,0,0,0,0,0,0,0,0,0,15.4072,15.4791,0,0,0,0
0,15.1507,85.4639,2.09527,-4.38825,-0.0765146,0.980785,-0.19509,0.566362,0.824157,0,0,0,0,0,0,0,0,0,0,0,0,0,0,0,0,0,15.3301,15.452,0,0,0,0
0,15.0544,85.8609,2.34364,-1.06327,-0.0185564,0.965926,-0.258819,0.566362,0.824157,0,0,0,0,0,0,0,0,47.6667,0,0,0,0,0,0,0,0,15.2337,15.4212,0,0,0,0
15.5561,15.0343,86.1536,2.45739,2.50281,0.0436685,0.94693,-0.321439,0.566362,0.824157,458.667,0,0,0,0,0,0,0,413,114.667,198.608,38.2222,126.769,19.1111,91.6537,3.88902,0.648169,15.1182,15.39,15.5561,15.5561,15.5561,3.88902
19.1414,15.0931,87.4155,2.72369,5.65695,0.098572,0.92388,-0.382683,0.566362,0.824157,464.667,458.667,0,0,0,0,0,0,1383.33,230.833,230.843,76.9444,172.057,38.4722,127.601,8.67437,1.44573,15.0831,15.3644,3.58533,3.58533,19.1414,4.78535
20.7467,14.8477,88.7171,1.99048,8.84824,0.153818,0.896873,-0.442289,0.566362,0.824157,1596.67,464.667,458.667,0,0,0,0,0,2638,630,589.074,210,451.519,105,336.095,13.861,2.31017,15.0073,15.3285,1.60533,1.60533,20.7467,5.18668
21.7259,14.8499,89.5552,1.93569,12.0257,0.20835,0.866025,-0.5,0.566362,0.824157,1942,1596.67,464.667,0,0,0,0,0,3575,1115.5,665.139,371.833,651.145,185.917,496.548,19.2925,3.21542,14.9562,15.2955,0.979133,0.979133,21.7259,5.43147
21.7481,14.8618,89.4157,2.21721,15.1716,0.261711,0.83147,-0.55557,0.566362,0.824157,2483.67,1942,1596.67,458.667,0,0,0,0,4100.67,1621.75,739.076,578.806,860.979,289.403,674.089,20.8405,4.12159,14.9131,15.2642,0.0222,0.0222,6.192,1.548
50.6152,14.7753,89.7419,2.49681,18.2755,0.313587,0.793353,-0.608761,0.566362,0.824157,3878,2483.67,1942,464.667,0,0,0,0,4611.33,2475.08,869.489,901.972,1231.25,450.986,980.501,28.709,6.23056,14.8336,15.2357,28.8671,28.8671,31.4738,7.86845
77.9129,14.8648,90.5234,1.76509,21.3287,0.363718,0.75184,-0.659346,0.566362,0.824157,3522.67,3878,2483.67,1596.67,0,0,0,0,7002,2956.58,778.217,1195.53,1390.81,597.764,1150.87,43.0005,9.47693,14.8379,15.2089,27.2977,27.2977,57.1662,14.2915
58.271,15.0424,90.6293,1.51805,24.3225,0.411872,0.707107,-0.707107,0.566362,0.824157,4544.67,3522.67,3878,1942,0,0,0,0,7841.33,3607.25,745.26,1574.25,1614.48,787.125,1386.66,52.1368,11.9049,14.8861,15.193,-19.6419,-19.6419,36.5451,9.13628
71.7893,15.2633,90.3509,1.43297,27.2471,0.45783,0.659346,-0.75184,0.566362,0.824157,4052.67,4544.67,3522.67,2483.67,458.667,0,0,0,10420.7,3999.5,368.159,1911.97,1672.68,955.986,1520.8,64.6471,14.8961,14.9865,15.188,13.5183,13.5183,50.0412,12.5103
54.4067,15.3267,90.1121,1.37055,30.0919,0.501389,0.608761,-0.793353,0.566362,0.824157,6279,4052.67,4544.67,3878,464.667,0,0,0,16607.7,4599.75,1034.69,2435.22,1951.58,1217.61,1840.36,65.595,17.1631,15.1243,15.185,-17.3825,-17.3825,3.79153,0.947883
104.05,15.4319,89.0487,1.75197,32.8443,0.542358,0.55557,-0.83147,0.566362,0.824157,6104,6279,4052.67,3522.67,1596.67,0,0,0,16094,5245.08,964.257,2943.89,2043.87,1471.94,2062.84,72.1292,21.4985,15.2661,15.184,49.6432,49.6432,26.137,6.53425
94.9032,15.435,89.6321,1.95809,35.4899,0.580559,0.5,-0.866025,0.566362,0.824157,7952.67,6104,6279,4544.67,1942,0,0,0,16430.3,6097.08,1383.47,3606.61,2259.79,1803.31,2409.4,81.2873,25.4528,15.3643,15.1894,-9.14673,-9.14673,36.6322,9.15805
119.635,15.3589,91.1652,2.21811,38.012,0.615827,0.442289,-0.896873,0.566362,0.824157,9013,7952.67,6104,4052.67,2483.67,458.667,0,0,15003,7337.17,1207.03,4319.47,2491.67,2178.85,2773.9,93.2487,30.4376,15.3882,15.1901,24.7318,24.7318,47.8457,11.9614
113.506,15.4873,91.6742,1.99735,40.3916,0.648008,0.382683,-0.92388,0.566362,0.824157,7318.67,9013,7952.67,6279,3878,464.667,0,0,25682,7597.08,1053.34,4890.64,2322.39,2483.79,2916.24,108.024,35.167,15.4283,15.1949,-6.12867,-6.12867,59.0996,14.7749
122.114,15.6568,89.886,2.38141,42.6069,0.676965,0.321439,-0.94693,0.566362,0.824157,7770.67,7318.67,9013,6104,3522.67,1596.67,0,0,30317.3,8013.75,621.382,5405.14,2217.16,2807.57,3050.77,112.54,40.2551,15.4845,15.2083,8.60727,8.60727,18.0637,4.51592
111.797,15.5574,88.9253,1.97884,44.6337,0.702571,0.258819,-0.965926,0.566362,0.824157,10050.7,7770.67,7318.67,7952.67,4544.67,1942,0,0,37328,8538.25,1071.14,6080.86,2293.07,3226.35,3315.02,116.763,44.9133,15.5151,15.2211,-10.3163,-10.3163,16.8941,4.22353
140.979,15.6253,87.9867,2.78219,46.4454,0.724718,0.19509,-0.980785,0.566362,0.824157,6887.33,10050.7,7770.67,9013,4052.67,2483.67,0,0,34733,8006.83,1220.64,6447.83,2024.69,3513.32,3321.4,122.099,50.7874,15.5817,15.2352,29.182,29.182,21.3443,5.33608
110.559,15.5463,87.5909,1.96062,48.0141,0.743309,0.130526,-0.991445,0.566362,0.824157,5325.33,6887.33,10050.7,7318.67,6279,3878,0,0,35419.3,7508.5,1709.05,6568.44,1907.75,3735.21,3256.53,121.362,55.3941,15.5964,15.2455,-30.4201,-30.4201,-2.94713,-0.736783
95.7559,15.6827,87.7752,1.8045,49.3115,0.758265,0.0654031,-0.997859,0.566362,0.824157,4821.67,5325.33,6887.33,7770.67,6104,3522.67,0,0,29919.3,6771.25,2040.81,6676.69,1763.23,3936.11,3167.41,114.773,59.3839,15.6029,15.2548,-14.8033,-14.8033,-26.3577,-6.58943
71.9094,15.6411,88.2321,2.05631,50.3109,0.769521,1.22465e-16,-1,0.566362,0.824157,8938.67,4821.67,5325.33,10050.7,7952.67,4544.67,0,0,21772.3,6493.25,1604.18,7042.86,1738.53,4308.56,3207.95,104.801,62.3801,15.6238,15.2632,-23.8465,-23.8465,-39.8879,-9.97198
123.281,15.6976,88.5269,2.15841,50.9893,0.777029,-0.0654031,-0.997859,0.566362,0.824157,6776.33,8938.67,4821.67,6887.33,9013,4052.67,0,0,18243.7,6465.5,1598.07,7269.83,1493.92,4590.9,3113.12,100.376,67.5168,15.6419,15.2716,51.3713,51.3713,-17.6987,-4.42467
83.7029,15.4828,88.9612,3.00341,51.3298,0.780756,-0.130526,-0.991445,0.566362,0.824157,5714,6776.33,8938.67,5325.33,7318.67,6279,0,0,18856.3,6562.67,1536.42,7222.75,1532.8,4828.99,2968.03,93.6622,71.0044,15.626,15.282,-39.5778,-39.5778,-26.8563,-6.71408
90.8738,15.3715,88.959,2.49231,51.3235,0.780687,-0.19509,-0.980785,0.566362,0.824157,4513.67,5714,6776.33,4821.67,7770.67,6104,0,0,20313,6485.67,1626.8,7090.22,1685,5017.06,2793.98,92.4417,74.7908,15.5483,15.2912,7.17093,7.17093,-4.88207,-1.22052
61.5883,15.4545,88.6014,1.92703,50.9705,0.776821,-0.258819,-0.965926,0.566362,0.824157,7959.33,4513.67,5714,8938.67,10050.7,7952.67,0,0,23264.7,6240.83,1274.82,7090.78,1685.28,5348.69,2647.31,89.8614,77.357,15.5016,15.3078,-29.2855,-29.2855,-10.3211,-2.58028
107.048,15.4821,89.474,2.27663,50.28,0.769177,-0.321439,-0.94693,0.566362,0.824157,11570,7959.33,4513.67,6776.33,6887.33,9013,458.667,0,20148.3,7439.25,2686.5,7303.86,2039.32,5811.67,2722.18,85.8033,81.1692,15.4478,15.3265,45.46,45.46,-16.2324,-4.0581
164.668,15.3918,90.91,2.42604,49.2693,0.757785,-0.382683,-0.92388,0.566362,0.824157,8343,11570,7959.33,5714,5325.33,7318.67,464.667,0,18745.3,8096.5,2499.07,7389.22,2059.49,6139.93,2525.51,106.045,87.2328,15.425,15.339,57.6197,57.6197,80.9651,20.2413
122.78,15.2335,91.5868,1.90422,47.9615,0.742695,-0.442289,-0.896873,0.566362,0.824157,7848.33,8343,11570,4513.67,4821.67,7770.67,1596.67,0,17307,8930.17,1535.12,7395.69,2060.8,6400.42,2360.49,114.021,91.4842,15.3905,15.355,-41.888,-41.888,31.9062,7.97655
120.395,15.5142,91.2935,1.31683,46.3834,0.723972,-0.5,-0.866025,0.566362,0.824157,13248.3,7848.33,8343,7959.33,8938.67,10050.7,1942,0,16935.7,10252.4,2243.72,7662.17,2538.29,6871.51,2544.74,128.723,95.5954,15.4054,15.3827,-2.38533,-2.38533,58.8064,14.7016
176.491,15.8478,90.5017,1.17712,44.5633,0.701697,-0.55557,-0.83147,0.566362,0.824157,17021.3,13248.3,7848.33,11570,6776.33,6887.33,2483.67,0,17548.7,11615.2,3767.96,8506.67,3602.67,7477.25,3098.23,146.083,102.043,15.4968,15.4238,56.096,56.096,69.4424,17.3606
237.234,16.0589,89.1895,1.56567,42.5291,0.675965,-0.608761,-0.793353,0.566362,0.824157,17593,17021.3,13248.3,8343,5714,5325.33,3878,0,15911,13927.8,3886.68,9528.97,4239.2,8048.71,3605.04,164.225,109.819,15.6636,15.4773,60.7433,60.7433,72.566,18.1415
242.567,16.0544,86.8311,2.11233,40.3073,0.646887,-0.659346,-0.75184,0.566362,0.824157,18305,17593,17021.3,7848.33,4513.67,4821.67,3522.67,0,15462,16541.9,1955.17,10652.6,4613.02,8664.64,4018.26,194.172,116.679,15.8688,15.5268,5.33333,5.33333,119.787,29.9468
246.828,16.4647,85.3562,1.39341,37.922,0.614588,-0.707107,-0.707107,0.566362,0.824157,15442.3,18305,17593,13248.3,7959.33,8938.67,4544.67,0,14060,17090.4,1054.6,11194.6,4759.54,9118.71,4140.9,225.78,124.536,16.1064,15.5861,4.26067,4.26067,126.433,31.6083
136.313,17.201,81.5065,1.40441,35.3948,0.579208,-0.75184,-0.659346,0.566362,0.824157,16299.3,15442.3,18305,17021.3,11570,6776.33,4052.67,0,13534,16909.9,1111.25,11988.1,4750.61,9628.99,4238.59,215.736,127.224,16.4447,15.6668,-110.515,-110.515,-40.178,-10.0445
166.355,16.7582,81.5743,1.48765,32.7449,0.540899,-0.793353,-0.608761,0.566362,0.824157,17345.3,16299.3,15442.3,17593,8343,5714,6279,0,10789.7,16848,1077.86,12957.4,4554.12,10090.1,4445.94,198.016,131.889,16.6196,15.7265,30.0419,30.0419,-70.8794,-17.7199
235.254,16.8944,81.8604,1.79628,29.9886,0.499828,-0.83147,-0.55557,0.566362,0.824157,13533.7,17345.3,16299.3,18305,7848.33,4513.67,6104,0,10343,15655.2,1398.01,13709.1,3776.42,10399.7,4416.17,196.187,137.356,16.8296,15.7874,68.8993,68.8993,-7.3134,-1.82835
190.73,16.4899,83.9616,1.87598,27.1405,0.456174,-0.866025,-0.5,0.566362,0.824157,9277.33,13533.7,17345.3,15442.3,13248.3,7959.33,7952.67,0,8983,14113.9,3120.39,13818.9,3623.67,10454.8,4393.47,182.163,141.348,16.8359,15.8314,-44.5239,-44.5239,-56.098,-14.0245
162.252,16.2265,85.9392,2.21669,24.2128,0.410127,-0.896873,-0.442289,0.566362,0.824157,9687.33,9277.33,13533.7,16299.3,17021.3,11570,9013,0,4945,12460.9,3272.47,13662,3755.98,10482.9,4386.31,188.648,143.124,16.5922,15.8675,-28.478,-28.478,25.9393,6.48483
151.744,15.9794,86.5375,1.80942,21.2165,0.361892,-0.92388,-0.382683,0.566362,0.824157,6436.67,9687.33,9277.33,17345.3,17593,8343,7318.67,0,4767.67,9733.75,2525.9,13503.2,4009.36,10446.2,4416.26,184.995,144.717,16.3975,15.888,-10.508,-10.508,-14.6106,-3.65265
114.868,16.081,86.6189,1.98583,18.1609,0.311687,-0.94693,-0.321439,0.566362,0.824157,4397,6436.67,9687.33,13533.7,18305,7848.33,7770.67,0,3922.67,7449.58,2161.74,13215.6,4498.63,10305.6,4550.82,154.899,144.416,16.1942,15.9057,-36.8755,-36.8755,-120.385,-30.0964
95.8157,16.0308,86.9383,1.83985,15.055,0.259746,-0.965926,-0.258819,0.566362,0.824157,4418.67,4397,6436.67,9277.33,15442.3,13248.3,10050.7,0,4204.67,6234.92,2158.51,12479.8,5113.21,10071,4700.66,131.17,143.75,16.0794,15.9254,-19.0527,-19.0527,-94.9143,-23.7286
0,15.0067,94.0401,1.30669,-11.0206,-0.191161,0.997859,-0.0654031,0.580455,0.814292,0,0,0,0,0,0,0,0,0,0,0,0,0,0,0,0,0,15.0393,15.2751,0,0,0,0
0,14.9954,94.0072,1.98272,-7.64909,-0.133106,0.991445,-0.130526,0.580455,0.814292,0,0,0,0,0,0,0,0,0,0,0,0,0,0,0,0,0,15.0108,15.2383,0,0,0,0
0,14.9423,94.4059,2.11527,-4.29714,-0.074929,0.980785,-0.19509,0.580455,0.814292,0,0,0,0,0,0,0,0,0,0,0,0,0,0,0,0,0,14.9943,15.2057,0,0,0,0
0,15.0074,94.7828,2.12049,-0.967216,-0.0168803,0.965926,-0.258819,0.580455,0.814292,0,0,0,0,0,0,0,0,0,0,0,0,0,0,0,0,0,14.988,15.1789,0,0,0,0
18.7001,15.0679,94.7721,2.00629,2.59827,0.0453328,0.94693,-0.321439,0.580455,0.814292,13.3333,0,0,0,0,0,0,0,458.667,3.33333,5.7735,1.11111,3.68514,0.555556,2.66435,4.67502,0.779169,15.0033,15.1549,18.7001,18.7001,18.7001,4.67502
20.1356,15.1543,94.8819,2.2341,5.76177,0.100393,0.92388,-0.382683,0.580455,0.814292,229.667,13.3333,0,0,0,0,0,0,464.667,60.75,97.6759,20.25,63.2481,10.125,45.8549,9.70892,1.61815,15.043,15.1462,1.43553,1.43553,20.1356,5.0339
20.4965,15.2096,94.7998,1.78658,8.96025,0.155749,0.896873,-0.442289,0.580455,0.814292,440,229.667,13.3333,0,0,0,0,0,1596.67,170.75,180.21,56.9167,131.545,28.4583,97.2727,14.833,2.47217,15.1098,15.142,0.360867,0.360867,20.4965,5.12412
21.0339,15.2126,94.7402,2.11125,12.1447,0.210381,0.866025,-0.5,0.580455,0.814292,661.667,440,229.667,0,0,0,0,0,1942,336.167,240.985,112.056,210.881,56.0278,159.294,20.0915,3.34859,15.1611,15.1316,0.537467,0.537467,21.0339,5.25848
21.1591,15.2557,94.8223,2.71786,15.2978,0.263837,0.83147,-0.55557,0.580455,0.814292,1701.67,661.667,440,13.3333,0,0,0,0,2483.67,758.25,565.696,253.861,483.619,126.931,364.767,20.7063,4.23022,15.2081,15.1214,0.1252,0.1252,2.45907,0.614767
21.9984,15.2893,94.8826,1.74703,18.4094,0.315805,0.793353,-0.608761,0.580455,0.814292,1701.67,1701.67,661.667,229.667,0,0,0,0,3878,1126.25,580.729,395.667,618.94,197.833,480.293,21.172,5.14682,15.2418,15.1182,0.839267,0.839267,1.8628,0.4657
45.2265,15.3991,94.511,6.33761,21.4708,0.366027,0.75184,-0.659346,0.580455,0.814292,2162.33,1701.67,1701.67,440,0,0,0,0,3522.67,1556.83,549.979,575.861,773.087,287.931,617.848,27.3545,7.03125,15.2892,15.1167,23.2281,23.2281,24.73,6.1825
55.9597,15.2111,94.1909,6.81294,24.4732,0.414268,0.707107,-0.707107,0.580455,0.814292,2706.33,2162.33,1701.67,661.667,0,0,0,0,4544.67,2068,413.754,801.389,947.316,400.694,780.551,36.0859,9.36291,15.2888,15.1165,10.7333,10.7333,34.9258,8.73145
67.5535,15.3881,93.7661,1.74389,27.4072,0.460312,0.659346,-0.75184,0.580455,0.814292,2591.33,2706.33,2162.33,1701.67,13.3333,0,0,0,4052.67,2290.42,395.781,1017.33,1031.62,508.667,889.307,47.6845,12.1776,15.3219,15.1264,11.5938,11.5938,46.3944,11.5986
58.2112,15.6731,92.8594,1.86466,30.2619,0.503954,0.608761,-0.793353,0.580455,0.814292,2494.67,2591.33,2706.33,1701.67,229.667,0,0,0,6279,2488.67,202.761,1225.22,1056.72,612.611,966.242,56.7377,14.6031,15.4178,15.145,-9.34233,-9.34233,36.2128,9.0532
56.1424,15.5397,92.054,1.74106,33.0249,0.545003,0.55557,-0.83147,0.580455,0.814292,4844,2494.67,2591.33,2162.33,440,0,0,0,6104,3159.08,975.669,1628.89,1385.61,814.444,1274.08,59.4667,16.9424,15.453,15.1552,-2.0688,-2.0688,10.9159,2.72898
76.836,15.6389,91.8309,1.91838,35.6816,0.583281,0.5,-0.866025,0.580455,0.814292,6910.67,4844,2494.67,2706.33,661.667,0,0,0,7952.67,4210.17,1820.58,2204.78,1921.44,1102.39,1749.64,64.6858,20.1439,15.5599,15.1746,20.6936,20.6936,20.8763,5.21907
51.2235,15.9134,90.1323,2.11275,38.2155,0.618621,0.442289,-0.896873,0.580455,0.814292,8412,6910.67,4844,2591.33,1701.67,13.3333,0,0,9013,5665.33,2226.14,2904.67,2452.08,1452.89,2261.42,60.6033,22.2782,15.6912,15.2149,-25.6125,-25.6125,-16.3301,-4.08252
126.66,16.2956,89.1571,2.02134,40.6074,0.650872,0.382683,-0.92388,0.580455,0.814292,9499.33,8412,6910.67,2494.67,1701.67,229.667,0,0,7318.67,7416.5,1746.63,3677.14,2905.82,1848.69,2750.84,77.7155,27.5557,15.8469,15.2724,75.4365,75.4365,68.4488,17.1122
113.64,16.2403,89.2269,2.09813,42.8353,0.679893,0.321439,-0.94693,0.580455,0.814292,8607.33,9499.33,8412,4844,2162.33,440,0,0,7770.67,8357.33,930.389,4357.75,3022.06,2207.33,3033.05,92.0898,32.2907,16.022,15.3267,-13.0202,-13.0202,57.4974,14.3743
117.885,16.4453,87.6156,1.66997,44.8748,0.70556,0.258819,-0.965926,0.580455,0.814292,8586,8607.33,9499.33,6910.67,2706.33,661.667,0,0,10050.7,8776.17,424.339,5018.11,3008.03,2565.08,3250.18,102.352,37.2025,16.2236,15.383,4.2452,4.2452,41.049,10.2622
124.13,16.4207,86.2312,1.99991,46.6991,0.727762,0.19509,-0.980785,0.580455,0.814292,12295.3,8586,8607.33,8412,2591.33,1701.67,0,0,6887.33,9747,1516.75,5900.92,3430.08,3077.39,3737.91,120.579,42.3746,16.3505,15.4357,6.2448,6.2448,72.9063,18.2266
156.12,16.4269,86.166,2.2209,48.2798,0.746404,0.130526,-0.991445,0.580455,0.814292,14198,12295.3,8586,9499.33,2494.67,1701.67,0,0,5325.33,10921.7,2420.37,6942.28,3866.31,3668.97,4287.22,127.944,48.8796,16.3833,15.4906,31.9901,31.9901,29.4599,7.36498
198.943,16.6109,85.6722,2.51593,49.5882,0.761405,0.0654031,-0.997859,0.580455,0.814292,12115.7,14198,12295.3,8607.33,4844,2162.33,0,0,4821.67,11798.8,2026.4,7771.72,3819.26,4173.79,4531.81,149.27,57.1689,16.476,15.5574,42.8234,42.8234,85.3035,21.3259
171.352,16.7376,85.1228,1.97418,50.597,0.772701,1.22465e-16,-1,0.580455,0.814292,10900,12115.7,14198,8586,6910.67,2706.33,0,0,8938.67,12377.2,1180.31,8454.53,3577.41,4627.96,4635.76,162.636,64.3086,16.549,15.6284,-27.591,-27.591,53.4673,13.3668
175.703,16.7373,84.0631,1.92746,51.2828,0.780243,-0.0654031,-0.997859,0.580455,0.814292,9388.33,10900,12115.7,12295.3,8412,2591.33,0,0,6776.33,11650.5,1759.74,9020.94,3112.06,5019.14,4624.83,175.53,71.6296,16.6282,15.7005,4.351,4.351,51.5735,12.8934
140.259,16.4429,84.9825,2.09745,51.6282,0.783999,-0.130526,-0.991445,0.580455,0.814292,11065.7,9388.33,10900,14198,9499.33,2494.67,0,0,5714,10867.4,972.906,9735.19,2444.14,5480.21,4652.97,171.565,77.4737,16.6322,15.7608,-35.444,-35.444,-15.8606,-3.96515
168.769,16.4571,85.4937,2.17119,51.624,0.783953,-0.19509,-0.980785,0.580455,0.814292,7994.67,11065.7,9388.33,12115.7,8607.33,4844,0,0,4513.67,9837.17,1248.51,9997.75,2040.51,5813.32,4533.35,164.021,84.5057,16.5937,15.8239,28.5093,28.5093,-30.1747,-7.54367
114.801,16.6927,84.7356,1.50182,51.2702,0.780105,-0.258819,-0.965926,0.580455,0.814292,7290.33,7994.67,11065.7,10900,8586,6910.67,0,0,7959.33,8934.75,1443.47,10029.4,1994.83,6117.08,4375.13,149.883,89.2891,16.5825,15.8942,-53.9677,-53.9677,-56.5514,-14.1378
97.3287,16.5867,85.1795,1.38423,50.5764,0.772472,-0.321439,-0.94693,0.580455,0.814292,6084,7290.33,7994.67,9388.33,12295.3,8412,13.3333,0,11570,8108.67,1838.87,9835.39,2240.74,6370.03,4186.35,130.289,92.5653,16.5448,15.9574,-17.4722,-17.4722,-78.3746,-19.5937
95.5521,16.3495,85.839,0.868738,49.5599,0.761085,-0.382683,-0.92388,0.580455,0.814292,5739.67,6084,7290.33,11065.7,14198,9499.33,229.667,0,8343,6777.17,908.644,9522.08,2512.22,6599.61,3989.78,119.113,95.7077,16.5215,16.0072,-1.77667,-1.77667,-44.7073,-11.1768
87.9573,16.8241,84.8705,1.2402,48.2446,0.745994,-0.442289,-0.896873,0.580455,0.814292,4159.67,5739.67,6084,7994.67,12115.7,8607.33,440,0,7848.33,5818.42,1117.44,9151.44,2915.55,6754.6,3815.96,98.9098,98.5185,16.6132,16.0745,-7.59473,-7.59473,-80.8113,-20.2028
46.5445,16.7681,84.5684,1.00858,46.6576,0.727265,-0.5,-0.866025,0.580455,0.814292,4796,4159.67,5739.67,7290.33,10900,8586,661.667,0,13248.3,5194.83,761.265,8835.61,3155.13,6926.86,3625.58,81.8457,99.5815,16.6321,16.1393,-41.4128,-41.4128,-68.2564,-17.0641
80.7579,16.9195,85.0548,1.25558,44.8276,0.704976,-0.55557,-0.83147,0.580455,0.814292,5616.67,4796,4159.67,6084,9388.33,12295.3,1701.67,0,17021.3,5078,642.422,8279.06,3084.01,7089.99,3471.62,77.7029,102.065,16.7153,16.2087,34.2133,34.2133,-16.5709,-4.14272
95.5003,17.2099,83.5863,0.963357,42.7831,0.679225,-0.608761,-0.793353,0.580455,0.814292,9037,5616.67,4796,5739.67,11065.7,14198,1701.67,0,17593,5902.33,1882.06,7848.97,2540.57,7395.62,3302.57,77.69,105.127,16.9304,16.2887,14.7425,14.7425,-0.0517333,-0.0129333
140.923,17.2092,83.4326,0.688155,40.5508,0.650123,-0.659346,-0.75184,0.580455,0.814292,7785,9037,5616.67,4159.67,7994.67,12115.7,2162.33,0,18305,6808.67,1687.48,7488.08,2192.61,7629.9,3117.25,90.9315,109.115,17.0267,16.3641,45.4229,45.4229,52.9659,13.2415
113.864,17.3876,83.8519,0.999191,38.1552,0.617793,-0.707107,-0.707107,0.580455,0.814292,5042,7785,9037,4796,7290.33,10900,2706.33,0,15442.3,6870.17,1615.98,6999.92,2024.29,7727.22,2996.13,107.761,111.527,17.1816,16.4548,-27.0593,-27.0593,67.3193,16.8298
90.8471,16.9563,84.4929,0.970375,35.6179,0.582377,-0.75184,-0.659346,0.580455,0.814292,6141,5042,7785,5616.67,6084,9388.33,2591.33,0,16299.3,7001.25,1527.84,6729.31,1900.16,7875.12,2821.47,110.284,112.498,17.1908,16.5201,-23.0167,-23.0167,10.0893,2.52232
93.7803,16.3735,87.9352,1.13992,32.9582,0.544026,-0.793353,-0.608761,0.580455,0.814292,5199.33,6141,5042,9037,5739.67,11065.7,2494.67,0,17345.3,6041.83,1090.63,6240.44,1414.11,7987.82,2653.31,109.854,113.98,16.9816,16.5493,2.93313,2.93313,-1.72007,-0.430017
96.4481,16.3204,89.8499,0.999034,30.1926,0.502909,-0.83147,-0.55557,0.580455,0.814292,4287.33,5199.33,6141,7785,4159.67,7994.67,4844,0,13533.7,5167.42,659.386,5931.5,1402.03,7964.62,2682.96,98.7348,115.659,16.7595,16.5818,2.6678,2.6678,-44.4751,-11.1188
60.1573,16.7562,89.806,1.22379,27.3356,0.459202,-0.866025,-0.5,0.580455,0.814292,2669.67,4287.33,5199.33,5042,4796,7290.33,6910.67,0,9277.33,4574.33,1280.16,5546.44,1596.93,7787.92,2879.06,85.3082,114.964,16.6016,16.6284,-36.2908,-36.2908,-53.7066,-13.4267
42.1733,17.0047,86.9241,2.44057,24.3996,0.413098,-0.896873,-0.442289,0.580455,0.814292,4441.33,2669.67,4287.33,6141,5616.67,6084,8412,0,9687.33,4149.42,921.442,5409.56,1615.29,7622.47,2951.61,73.1397,114.587,16.6137,16.6739,-17.984,-17.984,-48.6739,-12.1685
55.0977,17.2846,84.8937,1.89971,21.3953,0.364801,-0.92388,-0.382683,0.580455,0.814292,4772.33,4441.33,2669.67,5199.33,9037,5739.67,9499.33,0,6436.67,4042.67,811.84,5328.94,1620.93,7425.51,2977.4,63.4691,111.606,16.8415,16.7151,12.9245,12.9245,-38.6825,-9.67063
96.2556,17.6023,83.1693,1.50899,18.3323,0.314528,-0.94693,-0.321439,0.580455,0.814292,5249.67,4772.33,4441.33,4287.33,7785,4159.67,8607.33,0,4397,4283.25,974.911,5419.78,1582.95,7285.61,2997.4,63.421,110.881,17.162,16.7718,41.1579,41.1579,-0.192467,-0.0481167
94.2316,17.6338,83.7849,1.33617,15.2194,0.262515,-0.965926,-0.258819,0.580455,0.814292,4664,5249.67,4772.33,2669.67,5042,4796,8586,0,4418.67,4781.83,295.289,5408.78,1587.7,7122.19,3028.8,71.9396,109.896,17.3814,16.8214,-2.024,-2.024,34.0743,8.51858
0,16.5002,95.0739,0.957383,-10.9334,-0.189668,0.997859,-0.0654031,0.594376,0.804187,0,0,0,0,0,0,0,0,0,0,0,0,0,0,0,0,0,16.4529,16.4031,0,0,0,0
0,16.3549,95.0011,0.699911,-7.55775,-0.131525,0.991445,-0.130526,0.594376,0.804187,0,0,0,0,0,0,0,0,0,0,0,0,0,0,0,0,0,16.4513,16.4008,0,0,0,0
0,16.5433,94.7695,0.936351,-4.20125,-0.0732599,0.980785,-0.19509,0.594376,0.804187,0,0,0,0,0,0,0,0,0,0,0,0,0,0,0,0,0,16.4753,16.4077,0,0,0,0
0,16.6631,94.576,0.685851,-0.866416,-0.0151212,0.965926,-0.258819,0.594376,0.804187,0,0,0,0,0,0,0,0,0,0,0,0,0,0,0,0,0,16.5154,16.4182,0,0,0,0
26.6491,16.5991,94.5002,0.912102,2.6984,0.0470786,0.94693,-0.321439,0.594376,0.804187,160,0,0,0,0,0,0,0,13.3333,40,69.282,13.3333,44.2217,6.66667,31.9722,6.66228,1.11038,16.5401,16.4222,26.6491,26.6491,26.6491,6.66228
28.5481,16.645,94.6279,1.34525,5.87127,0.102294,0.92388,-0.382683,0.594376,0.804187,642.667,160,0,0,0,0,0,0,229.667,200.667,263.416,66.8889,179.102,33.4444,130.986,13.7993,2.29988,16.6126,16.4294,1.89893,1.89893,28.5481,7.13702
31.0659,16.6595,94.7287,1.41581,9.07693,0.15776,0.896873,-0.442289,0.594376,0.804187,1138.33,642.667,160,0,0,0,0,0,440,485.25,445.127,161.75,344.053,80.875,256.373,21.5658,3.59429,16.6417,16.4439,2.5178,2.5178,31.0659,7.76647
48.1893,16.689,94.6697,0.856105,12.2684,0.212491,0.866025,-0.5,0.594376,0.804187,2447.67,1138.33,642.667,0,0,0,0,0,661.667,1097.17,852.994,365.722,714.17,182.861,537.082,33.6131,5.60218,16.6481,16.4563,17.1235,17.1235,48.1893,12.0473
59.1437,16.6665,94.728,0.773723,15.4288,0.26604,0.83147,-0.55557,0.594376,0.804187,2720,2447.67,1138.33,160,0,0,0,0,1701.67,1737.17,869.957,592.389,953.625,296.194,736.499,41.7367,8.0665,16.665,16.4666,10.9543,10.9543,32.4945,8.12363
53.2383,16.7519,95.1184,1.29221,18.548,0.318099,0.793353,-0.608761,0.594376,0.804187,3420.33,2720,2447.67,642.667,0,0,0,0,1701.67,2431.58,826.675,877.417,1210.52,438.708,961.843,47.9093,10.2848,16.6917,16.4858,-5.90533,-5.90533,24.6903,6.17257
63.3882,16.7002,95.3833,0.95893,21.6175,0.368409,0.75184,-0.659346,0.594376,0.804187,3505.33,3420.33,2720,1138.33,0,0,0,0,2162.33,3023.33,450.926,1169.53,1375.27,584.764,1134.74,55.9899,12.9259,16.7019,16.5026,10.1499,10.1499,32.3223,8.08058
38.9107,16.6695,95.5658,1.19563,24.6287,0.416736,0.707107,-0.707107,0.594376,0.804187,3210,3505.33,3420.33,2447.67,0,0,0,0,2706.33,3213.92,304.754,1437.03,1432.76,718.514,1242.04,53.6702,14.5472,16.697,16.5189,-24.4775,-24.4775,-9.2786,-2.31965
70.8132,16.7477,95.758,1.07174,27.572,0.462863,0.659346,-0.75184,0.594376,0.804187,3897.33,3210,3505.33,2720,160,0,0,0,2591.33,3508.25,249.037,1761.81,1509.85,880.903,1384.13,56.5876,17.4978,16.7173,16.5351,31.9025,31.9025,11.6695,2.91738
68.5229,16.8887,95.5857,1.20489,30.4367,0.506585,0.608761,-0.793353,0.594376,0.804187,5321.67,3897.33,3210,3420.33,642.667,0,0,0,2494.67,3983.58,810.102,2205.28,1697.16,1102.64,1629.72,60.4088,20.3529,16.7515,16.5538,-2.29027,-2.29027,15.2846,3.82115
92.304,16.8245,95.4153,0.912807,33.2102,0.547712,0.55557,-0.83147,0.594376,0.804187,6833.33,5321.67,3897.33,3505.33,1138.33,0,0,0,4844,4815.58,1391.81,2774.72,1983.87,1387.36,1972.98,67.6377,24.1989,16.7826,16.5669,23.7811,23.7811,28.9158,7.22895
103.058,16.8532,95.2323,0.669663,35.8782,0.586063,0.5,-0.866025,0.594376,0.804187,8939,6833.33,5321.67,3210,2447.67,0,0,0,6910.67,6247.83,1868.68,3519.64,2430.18,1759.82,2459.64,83.6746,28.493,16.8285,16.5787,10.7544,10.7544,64.1477,16.0369
120.506,17.1638,95.2671,0.749057,38.4239,0.621474,0.442289,-0.896873,0.594376,0.804187,7233.67,8939,6833.33,3897.33,2720,160,0,0,8412,7081.92,1287.64,4109.11,2401.5,2061.22,2660.53,96.0979,33.5141,16.9326,16.604,17.4478,17.4478,49.693,12.4233
94.9935,17.0884,94.2133,0.850829,40.828,0.65379,0.382683,-0.92388,0.594376,0.804187,9348.33,7233.67,8939,5321.67,3420.33,642.667,0,0,9499.33,8088.58,1074.33,4834.58,2554.8,2450.74,2993.7,102.716,37.4721,16.9825,16.6314,-25.5127,-25.5127,26.4706,6.61765
142.812,17.3399,94.5451,0.846957,43.0686,0.682873,0.321439,-0.94693,0.594376,0.804187,7730.33,9348.33,7233.67,6833.33,3505.33,1138.33,0,0,8607.33,8312.83,861.431,5383.92,2405.3,2772.83,3125.65,115.342,43.4226,17.1113,16.6725,47.8181,47.8181,50.5076,12.6269
130.588,18.0547,93.3228,1.18841,45.1209,0.708597,0.258819,-0.965926,0.594376,0.804187,7240.67,7730.33,9348.33,8939,3210,2447.67,0,0,8586,7888.25,866.693,5783.33,2279.2,3074.53,3192.18,122.225,48.8638,17.4117,16.7487,-12.2235,-12.2235,27.5297,6.88242
106.138,18.3703,90.4155,1.25543,46.9579,0.730852,0.19509,-0.980785,0.594376,0.804187,14366.7,7240.67,7730.33,7233.67,3897.33,2720,0,0,12295.3,9671.5,2820.73,6753.89,3100.04,3673.14,3840.68,118.633,53.2862,17.7133,16.8368,-24.4503,-24.4503,-14.3685,-3.59212
177.108,18.7949,87.645,1.95627,48.5506,0.749541,0.130526,-0.991445,0.594376,0.804187,11405.7,14366.7,7240.67,9348.33,5321.67,3420.33,0,0,14198,10185.8,2901.33,7419.33,3169.33,4148.38,4056.37,139.161,60.6657,18.1399,16.9382,70.9701,70.9701,82.1143,20.5286
157.871,19.5381,83.1737,1.18783,49.87,0.764584,0.0654031,-0.997859,0.594376,0.804187,10056,11405.7,14366.7,7730.33,6833.33,3505.33,0,0,12115.7,10767.2,2564.47,7965.22,3008.22,4567.38,4125.01,142.926,67.2437,18.6895,17.067,-19.2367,-19.2367,15.0596,3.7649
147.294,19.8513,79.7165,1.22155,50.8882,0.775917,1.22465e-16,-1,0.594376,0.804187,9206.33,10056,11405.7,7240.67,8939,3210,0,0,10900,11258.7,1958.3,8464.92,2654,4950.97,4110.48,147.103,73.3809,19.1387,17.2066,-10.5773,-10.5773,16.7058,4.17645
150.003,19.7217,80.2321,1.10186,51.5813,0.783491,-0.0654031,-0.997859,0.594376,0.804187,10080.3,9206.33,10056,14366.7,7233.67,3897.33,0,0,9388.33,10187.1,786.67,8980.17,2292.84,5370.99,4098.12,158.069,79.6311,19.4765,17.3408,2.70947,2.70947,43.8656,10.9664
155.877,19.1351,82.3552,0.936796,51.9313,0.787272,-0.130526,-0.991445,0.594376,0.804187,8880.33,10080.3,9206.33,11405.7,9348.33,5321.67,0,0,11065.7,9555.75,525.29,9276.72,2013.61,5741,3996.1,152.761,86.1259,19.5616,17.4566,5.874,5.874,-21.2305,-5.30763
130.268,19.074,83.3131,1.49272,51.9289,0.787246,-0.19509,-0.980785,0.594376,0.804187,10791.7,8880.33,10080.3,10056,7730.33,6833.33,0,0,7994.67,9739.67,749.276,9606.58,1907.76,6190.65,3931.44,145.861,91.5538,19.4456,17.5621,-25.6089,-25.6089,-27.6027,-6.90068
131.159,19.0747,83.2975,1.38811,51.574,0.783412,-0.258819,-0.965926,0.594376,0.804187,8588.67,10791.7,8880.33,9206.33,7240.67,8939,0,0,7290.33,9585.25,893.117,9577.39,1920.39,6548.51,3737.77,141.827,97.0187,19.2514,17.6626,0.890267,0.890267,-16.1351,-4.03378
122.582,19.0411,83.3878,1.27348,50.8763,0.775786,-0.321439,-0.94693,0.594376,0.804187,6809,8588.67,10791.7,10080.3,14366.7,7233.67,160,0,6084,8767.42,1412.24,9542,1966.61,6825.56,3492.34,134.972,101.016,19.0812,17.7643,-8.57647,-8.57647,-27.4211,-6.85527
110.458,18.2673,85.9219,1.33707,49.8537,0.764401,-0.382683,-0.92388,0.594376,0.804187,6938.33,6809,8588.67,8880.33,11405.7,9348.33,642.667,0,5739.67,8281.92,1609.94,9341.17,2095,7087.88,3245.82,123.617,104.429,18.8643,17.8319,-12.1246,-12.1246,-45.4197,-11.3549
100.995,18.1031,86.8189,1.21454,48.5303,0.749306,-0.442289,-0.896873,0.594376,0.804187,13254,6938.33,6809,10791.7,10056,7730.33,1138.33,0,4159.67,8897.5,2611.26,9801.47,2288.4,7592.69,3223.32,116.298,107.343,18.6215,17.8921,-9.46313,-9.46313,-29.2739,-7.31848
178.23,17.9891,87.5368,1.41332,46.9339,0.730567,-0.5,-0.866025,0.594376,0.804187,12427,13254,6938.33,8588.67,9206.33,7240.67,2447.67,0,4796,9857.08,2998.06,10233.7,2253.43,8008.5,3176.12,128.066,112.761,18.3501,17.9462,77.2351,77.2351,47.0709,11.7677
155.559,18.5037,85.6518,1.38811,45.0937,0.708263,-0.55557,-0.83147,0.594376,0.804187,13361,12427,13254,6809,10080.3,14366.7,2720,0,5616.67,11495.1,2655.55,10149.9,2112.46,8451.88,3149.53,136.31,116.778,18.2158,18.0228,-22.671,-22.671,32.9763,8.24408
184.978,18.5307,85.0317,1.24573,43.0385,0.68249,-0.608761,-0.793353,0.594376,0.804187,13098.3,13361,12427,6938.33,8880.33,11405.7,3420.33,0,9037,13035.1,363.288,10290.9,2244.02,8855.12,3098.65,154.94,122.267,18.2817,18.0969,29.4192,29.4192,74.5201,18.63
189.048,19.0151,82.5088,1.32974,40.7954,0.653359,-0.659346,-0.75184,0.594376,0.804187,12938.3,13098.3,13361,13254,10791.7,10056,3505.33,0,7785,12956.2,340.748,10531.1,2357.41,9248.17,2991.54,176.954,127.503,18.5097,18.1934,4.0702,4.0702,88.0535,22.0134
113.919,19.1447,81.4678,4.73335,38.389,0.620997,-0.707107,-0.707107,0.594376,0.804187,10082.7,12938.3,13098.3,12427,8588.67,9206.33,3210,0,5042,12370.1,1329.23,10604.1,2328.64,9534.53,2716.1,160.876,130.628,18.7985,18.2965,-75.1289,-75.1289,-64.3105,-16.0776
144.522,18.9554,82.2305,1.77031,35.8413,0.585542,-0.75184,-0.659346,0.594376,0.804187,8391.67,10082.7,12938.3,13361,6809,10080.3,3897.33,0,6141,11127.8,1983.67,10463.4,2405.79,9721.79,2464.24,158.117,133.7,18.9115,18.3885,30.6027,30.6027,-11.0369,-2.75922
131.009,18.8957,83.3206,2.27848,33.1715,0.547148,-0.793353,-0.608761,0.594376,0.804187,6990,8391.67,10082.7,13098.3,6938.33,8880.33,5321.67,0,5199.33,9600.67,2216.39,10305.9,2561.16,9791.31,2360.48,144.624,136.303,19.0027,18.4721,-13.513,-13.513,-53.9691,-13.4923
89.9861,18.5343,83.8437,1.54107,30.3965,0.50598,-0.83147,-0.55557,0.594376,0.804187,6131,6990,8391.67,12938.3,13254,10791.7,6833.33,0,4287.33,7898.83,1496.93,9917.5,2800.27,9762.04,2400.98,119.859,136.207,18.8825,18.5434,-41.0226,-41.0226,-99.0619,-24.7655
72.8538,18.6007,84.8145,1.26931,27.5304,0.462219,-0.866025,-0.5,0.594376,0.804187,5026.67,6131,6990,10082.7,12427,8588.67,8939,0,2669.67,6634.83,1230.11,9620.67,3098.32,9599.03,2577.64,109.593,134.948,18.7465,18.6162,-17.1323,-17.1323,-41.0653,-10.2663
92.6613,18.559,84.378,1.01948,24.5859,0.416056,-0.896873,-0.442289,0.594376,0.804187,4967,5026.67,6131,8391.67,13361,6809,7233.67,0,4441.33,5778.67,839.013,9467.17,3274.44,9504.58,2701.14,96.6275,133.788,18.6474,18.6743,19.8075,19.8075,-51.8605,-12.9651
89.3586,18.4343,84.5243,1.22379,21.5736,0.367695,-0.92388,-0.382683,0.594376,0.804187,4114,4967,5026.67,6990,13098.3,6938.33,9348.33,0,4772.33,5059.67,716.191,9231.81,3538.6,9286.49,2908.32,86.215,133.553,18.5321,18.7304,-3.30267,-3.30267,-41.6501,-10.4125
78.1199,18.3904,84.9681,1.19245,18.503,0.317354,-0.94693,-0.321439,0.594376,0.804187,2905,4114,4967,6131,12938.3,13254,7730.33,0,5249.67,4253.17,858.018,8369.39,3710.18,9085.43,3164.46,83.2484,130.858,18.4961,18.7742,-11.2387,-11.2387,-11.8663,-2.96657
66.5132,18.1621,85.3965,1.46197,15.3828,0.265267,-0.965926,-0.258819,0.594376,0.804187,1791.67,2905,4114,5026.67,10082.7,12427,7240.67,0,4664,3444.42,1203.03,7483.11,3900.45,8858.39,3469.45,81.6632,128.188,18.3865,18.7786,-11.6067,-11.6067,-6.3406,-1.58515
0,17.4177,97.475,0.754447,-10.8415,-0.188093,0.997859,-0.0654031,0.608122,0.793844,0,0,0,0,0,0,0,0,0,0,0,0,0,0,0,0,0,17.3387,17.3138,0,0,0,0
0,17.4327,97.3169,1.12713,-7.46164,-0.129862,0.991445,-0.130526,0.608122,0.793844,0,0,0,0,0,0,0,0,0,0,0,0,0,0,0,0,0,17.388,17.3239,0,0,0,0
0,17.4569,97.2145,1.19499,-4.10063,-0.0715083,0.980785,-0.19509,0.608122,0.793844,0,0,0,0,0,0,0,0,0,0,0,0,0,0,0,0,0,17.4298,17.3366,0,0,0,0
0,17.5075,96.9809,1.56903,-0.157432,-0.00274771,0.965926,-0.258819,0.608122,0.793844,40.3333,0,0,0,0,0,0,0,0,10.0833,17.4648,3.36111,11.1475,1.68056,8.05966,0,0,17.4537,17.3452,0,0,0,0
23.2451,17.6069,96.7379,2.18627,2.80318,0.0489052,0.94693,-0.321439,0.608122,0.793844,379.333,40.3333,0,0,0,0,0,0,160,104.917,159.288,34.9722,104.421,17.4861,75.8788,5.81128,0.968547,17.501,17.3574,23.2451,23.2451,23.2451,5.81128
26.0135,17.7384,96.4535,1.5984,5.98536,0.104274,0.92388,-0.382683,0.608122,0.793844,1075.67,379.333,40.3333,0,0,0,0,0,642.667,373.833,431.154,124.611,304.992,62.3056,224.482,12.3147,2.05244,17.5774,17.3701,2.7684,2.7684,26.0135,6.50338
26.0723,17.8964,96.5077,1.31125,9.19819,0.15985,0.896873,-0.442289,0.608122,0.793844,2656,1075.67,379.333,0,0,0,0,0,1138.33,1037.83,1006.05,345.944,759.429,172.972,564.168,18.8327,3.13879,17.6873,17.3884,0.0587333,0.0587333,26.0723,6.51807
26.1172,18.0987,96.375,1.2429,12.3966,0.214677,0.866025,-0.5,0.608122,0.793844,3905,2656,1075.67,40.3333,0,0,0,0,2447.67,2004,1372.98,671.361,1231.44,335.681,933.22,25.362,4.22701,17.8351,17.4186,0.0449333,0.0449333,26.1172,6.5293
47.309,18.1913,96.078,0.691141,15.5642,0.268319,0.83147,-0.55557,0.608122,0.793844,4121,3905,2656,379.333,0,0,0,0,2720,2939.42,1212.68,1014.78,1533.82,507.389,1197.39,31.378,6.19821,17.9812,17.4518,21.1918,21.1918,24.0639,6.01597
86.6557,18.6233,95.6427,0.9347,18.6911,0.320467,0.793353,-0.608761,0.608122,0.793844,4788,4121,3905,1075.67,0,0,0,0,3420.33,3867.5,771.479,1413.78,1814.95,706.889,1465.16,46.5386,9.80887,18.2024,17.5055,39.3467,39.3467,60.6422,15.1606
83.9305,18.8322,93.8265,0.505933,21.7689,0.370863,0.75184,-0.659346,0.608122,0.793844,5100.67,4788,4121,2656,0,0,0,0,3505.33,4478.67,484.662,1838.83,2019.79,919.417,1698.56,61.0031,13.306,18.4364,17.5665,-2.7252,-2.7252,57.8583,14.4646
86.9825,18.8455,92.0312,0.625475,24.7888,0.419274,0.707107,-0.707107,0.608122,0.793844,6620.33,5100.67,4788,3905,40.3333,0,0,0,3210,5157.5,915.693,2390.53,2323.5,1195.26,2031.74,76.2194,16.9302,18.6231,17.6278,3.05193,3.05193,60.8653,15.2163
95.2382,18.9203,91.0537,0.817401,27.7414,0.465482,0.659346,-0.75184,0.608122,0.793844,7809.33,6620.33,5100.67,4121,379.333,0,0,0,3897.33,6079.58,1215.62,3041.31,2635.5,1520.65,2405.27,88.2017,20.8985,18.8053,17.6898,8.25573,8.25573,47.9292,11.9823
116.713,19.1157,90.9582,0.544885,30.616,0.509282,0.608761,-0.793353,0.608122,0.793844,10563.7,7809.33,6620.33,4788,1075.67,0,0,0,5321.67,7523.5,2000.63,3921.61,3180.51,1960.81,2983.72,95.7161,25.7616,18.9284,17.7601,21.475,21.475,30.0575,7.51437
119.812,19.4089,89.4665,0.694131,33.4002,0.550483,0.55557,-0.83147,0.608122,0.793844,11170,10563.7,7809.33,5100.67,2656,0,0,0,6833.33,9040.83,1885.99,4852.44,3513.67,2426.22,3472.68,104.686,30.7537,19.0726,17.8426,3.09853,3.09853,35.8812,8.9703
158.053,19.7067,87.4726,0.608311,36.0794,0.588906,0.5,-0.866025,0.608122,0.793844,12164,11170,10563.7,6620.33,3905,40.3333,0,0,8939,10426.8,1615.56,5862.75,3721.6,2933.06,3938.06,122.454,37.3392,19.2879,17.9391,38.2409,38.2409,71.0702,17.7675
180.469,20.2931,85.6593,0.666963,38.6369,0.624383,0.442289,-0.896873,0.608122,0.793844,15253,12164,11170,7809.33,4121,379.333,0,0,7233.67,12287.7,1804.84,7102.22,4142.04,3568.6,4590.23,143.762,44.8588,19.6311,18.0647,22.4167,22.4167,85.2311,21.3078
114.188,20.9731,82.4931,0.902772,41.0534,0.656763,0.382683,-0.92388,0.608122,0.793844,16736.3,15253,12164,10563.7,4788,1075.67,0,0,9348.33,13830.8,2254.04,8407.28,4490.14,4265.94,5222.82,143.13,49.6166,20.0954,18.2226,-66.2817,-66.2817,-2.52553,-0.631383
195.544,21.5051,79.9146,0.670531,43.3068,0.685904,0.321439,-0.94693,0.608122,0.793844,15978,16736.3,15253,11170,5100.67,2656,0,0,7730.33,15032.8,1737.38,9517.44,4576.98,4931.69,5638.43,162.063,57.7643,20.6195,18.4058,81.3563,81.3563,75.7322,18.9331
234.713,21.2487,79.3197,0.964913,45.372,0.711682,0.258819,-0.965926,0.608122,0.793844,15843.7,15978,16736.3,12164,6620.33,3905,0,0,7240.67,15952.8,528.25,10512.3,4546.33,5591.85,5941.71,181.229,67.544,21.005,18.5803,39.1694,39.1694,76.6607,19.1652
234.067,21.1552,78.8085,0.860881,47.2216,0.733986,0.19509,-0.980785,0.608122,0.793844,19115.3,15843.7,15978,15253,7809.33,4121,0,0,14366.7,16918.3,1313.3,11761.9,4676.68,6388.32,6402.1,194.628,77.2968,21.2205,18.7463,-0.646,-0.646,53.598,13.3995
268.566,21.1855,80.2004,1.22407,48.8264,0.752719,0.130526,-0.991445,0.608122,0.793844,19940.7,19115.3,15843.7,16736.3,10563.7,4788,0,0,11405.7,17719.4,1832.59,13024.6,4668.87,7219.18,6800.65,233.223,88.487,21.2736,18.9109,34.4983,34.4983,154.378,38.5945
227.141,21.3671,79.2929,1.31313,50.1568,0.767801,0.0654031,-0.997859,0.608122,0.793844,23464.7,19940.7,19115.3,15978,11170,5100.67,0,0,10056,19591.1,2710.92,14554.9,4827.73,8196.88,7356.49,241.122,97.9513,21.2391,19.0808,-41.4242,-41.4242,31.5975,7.89938
181.169,21.3816,80.042,1.09571,51.1844,0.779167,1.22465e-16,-1,0.608122,0.793844,29050,23464.7,19940.7,15843.7,12164,6620.33,0,0,9206.33,22892.7,3912.24,16424.1,5663.55,9407.29,8244.53,227.736,105.5,21.2724,19.2462,-45.972,-45.972,-53.5439,-13.386
403.947,21.3306,79.5099,1.20627,51.8845,0.786768,-0.0654031,-0.997859,0.608122,0.793844,34676,29050,23464.7,19115.3,15253,7809.33,0,0,10080.3,26782.8,5596.15,18662.9,6974.23,10852.1,9423.47,270.206,122.331,21.3162,19.4092,222.777,222.777,169.879,42.4698
566.733,22.3877,75.4301,1.16136,52.239,0.790572,-0.130526,-0.991445,0.608122,0.793844,29796.3,34676,29050,19940.7,16736.3,10563.7,0,0,8880.33,29246.8,3976.49,20265.7,7136.8,12093.6,9864.42,344.748,145.945,21.6168,19.6157,162.786,162.786,298.167,74.5417
446.548,23.3743,72.0779,1.32516,52.2381,0.790562,-0.19509,-0.980785,0.608122,0.793844,36575,29796.3,34676,23464.7,15978,11170,0,0,10791.7,32524.3,3183.97,22382.8,7856.45,13617.6,10670.6,399.599,164.551,22.1185,19.8622,-120.185,-120.185,219.407,54.8516
548.393,23.6873,70.3535,1.17107,51.8817,0.786738,-0.258819,-0.965926,0.608122,0.793844,29332.7,36575,29796.3,29050,15843.7,12164,40.3333,0,8588.67,32595,3108.31,23813.5,7416.21,14838.1,10723,491.405,187.401,22.695,20.1197,101.845,101.845,367.224,91.806
461.582,23.7356,70.1009,1.48656,51.1798,0.779117,-0.321439,-0.94693,0.608122,0.793844,31547.7,29332.7,36575,34676,19115.3,15253,379.333,0,6809,31812.9,2870.8,25171.4,7213.48,16136.8,10780.5,505.814,205.665,23.2962,20.3751,-86.8113,-86.8113,57.6353,14.4088
445.459,22.5229,74.2956,1.77046,50.1506,0.767731,-0.382683,-0.92388,0.608122,0.793844,32742.7,31547.7,29332.7,29796.3,19940.7,16736.3,1075.67,0,6938.33,32549.5,2626.48,26505.2,7007.35,17456.2,10794.3,475.496,223.142,23.33,20.5744,-16.1227,-16.1227,-121.273,-30.3183
450.862,22.1102,76.3019,2.01333,48.8187,0.752629,-0.442289,-0.896873,0.608122,0.793844,26724.7,32742.7,31547.7,36575,23464.7,15978,2656,0,13254,30086.9,2294.58,27400.8,6250.58,18459.1,10486.3,476.574,240.841,23.014,20.75,5.40267,5.40267,4.314,1.0785
404.936,22.2615,75.0887,2.57335,47.2124,0.733877,-0.5,-0.866025,0.608122,0.793844,30911,26724.7,32742.7,29332.7,29050,15843.7,3905,0,12427,30481.5,2266.49,28656.4,5233.49,19584.4,10311.7,440.71,256.625,22.6576,20.9235,-45.926,-45.926,-143.457,-35.8643
358.729,21.9674,75.7287,2.57053,45.3615,0.711554,-0.55557,-0.83147,0.608122,0.793844,39702.7,30911,26724.7,31547.7,34676,19115.3,4121,0,13361,32520.2,4685.48,30372,5198.9,21066.9,10537.3,414.997,269.601,22.2155,21.0808,-46.2067,-46.2067,-102.853,-25.7132
411.603,22.0808,75.4081,2.51731,43.2951,0.685756,-0.608761,-0.793353,0.608122,0.793844,36307.3,39702.7,30911,32742.7,29796.3,19940.7,4788,0,13098.3,33411.4,4973.2,31735.9,4363.06,22380.2,10389.7,406.533,283.141,22.105,21.2249,52.8733,52.8733,-33.8567,-8.46417
520.972,22.9232,72.0063,2.57042,41.0407,0.656596,-0.659346,-0.75184,0.608122,0.793844,30458.3,36307.3,39702.7,26724.7,36575,23464.7,5100.67,0,12938.3,34344.8,3855.32,32318.7,3623.74,23436.8,9854.3,424.06,301.351,22.3082,21.3953,109.369,109.369,70.11,17.5275
522.368,22.9471,70.9752,1.97291,38.6233,0.624197,-0.707107,-0.707107,0.608122,0.793844,27213.7,30458.3,36307.3,30911,29332.7,29050,6620.33,0,10082.7,33420.5,4875.93,32165.7,3793.35,24294.9,9229.42,453.418,319.492,22.4796,21.5662,1.396,1.396,117.432,29.358
483.861,22.8569,71.5151,2.05705,36.0649,0.588701,-0.75184,-0.659346,0.608122,0.793844,27594.3,27213.7,30458.3,39702.7,31547.7,34676,7809.33,0,8391.67,30393.4,3637.45,31575.5,3906.09,25119.2,8580.93,484.701,335.685,22.702,21.7303,-38.5067,-38.5067,125.132,31.283
470.926,22.8141,71.1181,1.72821,33.3849,0.550261,-0.793353,-0.608761,0.608122,0.793844,28110.3,27594.3,27213.7,36307.3,32742.7,29796.3,10563.7,0,6990,28344.2,1261.41,31435,3996.83,25850.3,8040.08,499.532,350.443,22.8853,21.8844,-12.9353,-12.9353,59.3233,14.8308
488.151,22.6626,71.9271,1.54485,30.6,0.509042,-0.83147,-0.55557,0.608122,0.793844,19929.7,28110.3,27594.3,30458.3,26724.7,36575,11170,0,6131,25712,3353.56,30047.9,4783.31,26215.3,7549.22,491.327,365.791,22.8202,22.0199,17.2247,17.2247,-32.8213,-8.20533
363.407,22.8251,70.9967,1.80919,27.7248,0.465225,-0.866025,-0.5,0.608122,0.793844,17343,19929.7,28110.3,27213.7,30911,29332.7,12164,0,5026.67,23244.3,4701.42,29048.8,5940.57,26431.1,7210.92,451.586,374.347,22.7897,22.1499,-124.744,-124.744,-158.961,-39.7403
328.538,21.6427,75.0361,1.63301,24.7715,0.419001,-0.896873,-0.442289,0.608122,0.793844,16580.7,17343,19929.7,27594.3,39702.7,31547.7,15253,0,4967,20490.9,4570.83,27801.5,6794.77,26486.4,7129.59,412.755,380.517,22.4861,22.2061,-34.8687,-34.8687,-155.323,-38.8308
296.011,20.8639,78.4957,2.04625,21.7511,0.370575,-0.92388,-0.382683,0.608122,0.793844,10197.3,16580.7,17343,28110.3,36307.3,32742.7,16736.3,0,4114,16012.7,3579.57,25922.8,8150.47,26214,7606.01,369.027,388.093,21.9986,22.2016,-32.5267,-32.5267,-174.915,-43.7287
116.924,20.7133,79.0951,2.39095,18.6728,0.320164,-0.94693,-0.321439,0.608122,0.793844,5929.67,10197.3,16580.7,19929.7,30458.3,26724.7,15978,0,2905,12512.7,4705.78,24189.8,9832.79,25795.3,8393.71,276.22,384.817,21.5113,22.1686,-179.087,-179.087,-371.226,-92.8066
79.6537,20.3031,80.0783,2.04986,15.5454,0.268002,-0.965926,-0.258819,0.608122,0.793844,5571,5929.67,10197.3,17343,27213.7,30911,15843.7,0,1791.67,9569.67,4438.1,22078.2,10832.8,25367.3,9120.71,205.282,378.356,20.8808,22.1292,-37.2705,-37.2705,-283.753,-70.9382
0,15.3133,99.9277,3.39643,-10.7448,-0.186434,0.997859,-0.0654031,0.621687,0.783266,0,0,0,0,0,0,0,0,0,0,0,0,0,0,0,0,0,15.4026,16.0324,0,0,0,0
0,15.4589,99.9286,3.73079,-7.36081,-0.128117,0.991445,-0.130526,0.621687,0.783266,0,0,0,0,0,0,0,0,0,0,0,0,0,0,0,0,0,15.394,15.9505,0,0,0,0
0,15.4298,99.8837,4.37951,-3.99533,-0.0696752,0.980785,-0.19509,0.621687,0.783266,0,0,0,0,0,0,0,0,0,0,0,0,0,0,0,0,0,15.3833,15.8799,0,0,0,0
0,15.4156,99.7501,4.78075,-0.0661047,-0.00115374,0.965926,-0.258819,0.621687,0.783266,0,0,0,0,0,0,0,0,40.3333,0,0,0,0,0,0,0,0,15.4044,15.8161,0,0,0,0
19.7013,15.3708,99.4615,4.68252,2.91256,0.0508118,0.94693,-0.321439,0.621687,0.783266,0,0,0,0,0,0,0,0,379.333,0,0,0,0,0,0,4.92533,0.820889,15.4188,15.7569,19.7013,19.7013,19.7013,4.92533
19.7013,15.4074,99.1525,3.51809,6.104,0.106334,0.92388,-0.382683,0.621687,0.783266,96.3333,0,0,0,0,0,0,0,1075.67,24.0833,41.7136,8.02778,26.6251,4.01389,19.2499,9.85067,1.64178,15.4059,15.7053,0,0,19.7013,4.92533
18.7588,15.5738,98.8129,3.81378,9.32398,0.162017,0.896873,-0.442289,0.621687,0.783266,174,96.3333,0,0,0,0,0,0,2656,67.5833,72.9488,22.5278,52.8095,11.2639,39.0038,14.5404,2.42339,15.4419,15.6648,-0.942533,-0.942533,18.7588,4.6897
17.1313,15.7053,98.1607,3.17537,12.5294,0.21694,0.866025,-0.5,0.621687,0.783266,298,174,96.3333,0,0,0,0,0,3905,142.083,109.098,47.3611,91.9435,23.6806,69.1923,18.8232,3.1372,15.5143,15.6353,-1.62753,-1.62753,17.1313,4.28282
17.3598,15.9037,96.9157,3.54824,15.7042,0.270671,0.83147,-0.55557,0.621687,0.783266,396,298,174,0,0,0,0,0,4121,241.083,114.773,80.3611,131.555,40.1806,101.33,18.2378,3.86052,15.6475,15.6205,0.228533,0.228533,-2.34153,-0.585383
22.2037,15.9388,95.3245,2.85996,18.8388,0.322906,0.793353,-0.608761,0.621687,0.783266,764.667,396,298,96.3333,0,0,0,0,4788,408.167,220.347,144.083,227.444,72.0417,176.226,18.8634,4.78568,15.7804,15.6102,4.84387,4.84387,2.50233,0.625583
29.2492,15.9597,94.3751,2.94551,21.9247,0.373387,0.75184,-0.659346,0.621687,0.783266,787.667,764.667,396,174,0,0,0,0,5100.67,561.583,217.515,209.722,283.212,104.861,226.054,21.486,6.00439,15.8769,15.6027,7.04553,7.04553,10.4904,2.6226
26.1205,16.1836,93.4257,2.5668,24.9533,0.42188,0.707107,-0.707107,0.621687,0.783266,918.333,787.667,764.667,298,0,0,0,0,6620.33,716.667,194.192,286.25,335.457,143.125,277.039,23.7333,7.09275,15.9964,15.6128,-3.12867,-3.12867,8.98927,2.24732
19.8843,16.1231,91.7853,2.41007,27.9153,0.468166,0.659346,-0.75184,0.621687,0.783266,1622.67,918.333,787.667,396,0,0,0,0,7809.33,1023.33,350.953,421.472,486.058,210.736,403.157,24.3644,7.92126,16.0513,15.6212,-6.2362,-6.2362,2.52453,0.631133
19.8182,16.1872,91.2801,2.60919,30.7999,0.512041,0.608761,-0.793353,0.621687,0.783266,3830.67,1622.67,918.333,764.667,96.3333,0,0,0,10563.7,1789.83,1220.33,740.694,1043.12,370.347,825.352,23.7681,8.74702,16.1134,15.6346,-0.0661333,-0.0661333,-2.38547,-0.596367
44.1482,16.3687,89.7935,2.08513,33.5947,0.553314,0.55557,-0.83147,0.621687,0.783266,4131,3830.67,1622.67,787.667,174,0,0,0,11170,2625.67,1381.94,1084.94,1371.76,542.472,1111.37,27.4928,10.5865,16.2157,15.6604,24.33,24.33,14.899,3.72475
68.7079,16.562,88.8911,2.88327,36.2852,0.591805,0.5,-0.866025,0.621687,0.783266,3582.33,4131,3830.67,918.333,298,0,0,0,12164,3291.67,982.987,1383.47,1488.04,691.736,1259.22,38.1397,13.4494,16.3102,15.6942,24.5597,24.5597,42.5874,10.6468
55.6325,16.3687,89.6164,3.80482,38.8546,0.627347,0.442289,-0.896873,0.621687,0.783266,4179,3582.33,4131,1622.67,396,0,0,0,15253,3930.75,241.422,1731.72,1607.71,865.861,1429.01,47.0767,15.7674,16.3717,15.7264,-13.0755,-13.0755,35.7481,8.93703
75.9206,16.3183,89.2225,3.71865,41.2836,0.659786,0.382683,-0.92388,0.621687,0.783266,4828.67,4179,3582.33,3830.67,764.667,96.3333,0,0,16736.3,4180.25,441.694,2126.08,1733.66,1067.06,1620.09,61.1023,18.9307,16.4044,15.7596,20.2881,20.2881,56.1024,14.0256
64.7679,16.5791,88.4562,3.13599,43.5497,0.688983,0.321439,-0.94693,0.621687,0.783266,4418.33,4828.67,4179,4131,787.667,174,0,0,15978,4252.08,451.108,2479.78,1732.28,1251.15,1735.31,66.2572,21.6294,16.4571,15.8065,-11.1527,-11.1527,20.6197,5.15493
79.1727,16.6976,88.0034,3.62525,45.6278,0.714812,0.258819,-0.965926,0.621687,0.783266,6505,4418.33,4828.67,3582.33,918.333,298,0,0,15843.7,4982.75,909.061,2997.03,1920.1,1522.19,2005.68,68.8734,24.9283,16.4909,15.8596,14.4048,14.4048,10.4648,2.6162
100.139,16.6949,87.9032,3.45367,47.4902,0.737161,0.19509,-0.980785,0.621687,0.783266,7742.67,6505,4418.33,4179,1622.67,396,0,0,19115.3,5873.67,1332.46,3609.25,2150.57,1844.81,2331.18,80,29.1007,16.5725,15.9107,20.966,20.966,44.5063,11.1266
99.5349,16.8163,86.5703,3.66766,49.1071,0.755935,0.130526,-0.991445,0.621687,0.783266,8206.67,7742.67,6505,4828.67,3830.67,764.667,0,0,19940.7,6718.17,1466.28,4229.42,2308.11,2186.75,2619.55,85.9036,33.248,16.697,15.9658,-0.603867,-0.603867,23.6143,5.90357
96.0151,16.9479,86.0107,2.82351,50.4485,0.771052,0.0654031,-0.997859,0.621687,0.783266,9110.67,8206.67,7742.67,4418.33,4131,787.667,0,0,23464.7,7891.25,939.446,4923,2417.59,2566.36,2918.26,93.7154,37.2486,16.7892,16.0273,-3.51973,-3.51973,31.2472,7.8118
131.583,16.8802,85.3835,2.96721,51.4853,0.782449,1.22465e-16,-1,0.621687,0.783266,8794,9110.67,8206.67,6505,3582.33,918.333,0,0,29050,8463.5,527.641,5579.31,2307.87,2932.78,3118.25,106.818,42.7312,16.8348,16.0919,35.5675,35.5675,52.4099,13.1025
93.2654,17.1023,84.4942,3.74951,52.1925,0.790074,-0.0654031,-0.997859,0.621687,0.783266,6397,8794,9110.67,7742.67,4179,1622.67,0,0,34676,8127.08,1050.21,5977.17,1979.67,3199.32,3129.56,105.1,46.6173,16.9367,16.1664,-38.3172,-38.3172,-6.87333,-1.71833
25.3207,17.0529,83.9951,2.83189,52.5512,0.793897,-0.130526,-0.991445,0.621687,0.783266,6018,6397,8794,8206.67,4828.67,3830.67,0,0,29796.3,7579.92,1383.48,6159.44,1871.38,3450.07,3104.16,86.546,47.6723,16.9958,16.2328,-67.9447,-67.9447,-74.2141,-18.5535
73.2069,16.9973,83.9991,3.04202,52.5515,0.7939,-0.19509,-0.980785,0.621687,0.783266,5352.33,6018,6397,9110.67,4418.33,4131,0,0,36575,6640.33,1298.43,6261.22,1789.72,3673.08,3039.88,80.8439,50.7226,17.0082,16.2981,47.8861,47.8861,-22.8083,-5.70207
98.8613,17.1183,84.2603,2.26833,52.1933,0.790083,-0.258819,-0.965926,0.621687,0.783266,6078,5352.33,6018,8794,6505,3582.33,0,0,29332.7,5961.33,379.97,6469.19,1601.44,3926.33,2975.83,72.6636,54.8418,17.0677,16.3691,25.6545,25.6545,-32.7213,-8.18032
104.805,17.1204,85.0751,2.63309,51.4867,0.782463,-0.321439,-0.94693,0.621687,0.783266,6127.67,6078,5352.33,6397,7742.67,4179,0,0,31547.7,5894,315.133,6631.58,1452.89,4181.65,2889.63,75.5484,58.3878,17.0722,16.442,5.94347,5.94347,11.5394,2.88485
109.44,16.9673,85.9771,2.76993,50.4503,0.771073,-0.382683,-0.92388,0.621687,0.783266,4847.67,6127.67,6078,6018,8206.67,4828.67,96.3333,0,32742.7,5601.42,532.506,6633.17,1450.93,4379.62,2762.94,96.5781,62.1269,17.0508,16.507,4.63473,4.63473,84.1188,21.0297
78.8859,17.3427,85.1727,1.60853,49.1094,0.755961,-0.442289,-0.896873,0.621687,0.783266,4124.33,4847.67,6127.67,5352.33,9110.67,4418.33,174,0,26724.7,5294.42,848.084,6608.67,1490.08,4544.22,2621.55,97.9979,64.6322,17.1372,16.5807,-30.5537,-30.5537,5.679,1.41975
51.2759,17.5121,84.8607,1.7121,47.4928,0.737192,-0.5,-0.866025,0.621687,0.783266,3622,4124.33,4847.67,6078,8794,6505,298,0,30911,4680.42,942.335,6368.42,1704.43,4682.72,2477.4,86.1015,66.0549,17.2356,16.656,-27.61,-27.61,-47.5855,-11.8964
25.8225,17.4868,84.9369,2.02583,45.6307,0.714847,-0.55557,-0.83147,0.621687,0.783266,4896.67,3622,4124.33,6127.67,6397,7742.67,396,0,39702.7,4372.67,530.417,6131.25,1694.68,4870.25,2310.53,66.3559,66.4075,17.3272,16.7219,-25.4534,-25.4534,-78.9823,-19.7456
60.8307,17.4905,85.6488,2.34565,43.5528,0.689022,-0.608761,-0.793353,0.621687,0.783266,4628.67,4896.67,3622,4847.67,6018,8206.67,764.667,0,36307.3,4317.92,488.183,5833.08,1616.24,5031.25,2147.73,54.2037,68.017,17.458,16.7866,35.0082,35.0082,-48.6089,-12.1522
83.9067,17.3159,86.3457,2.26355,41.2868,0.659829,-0.659346,-0.75184,0.621687,0.783266,5739.67,4628.67,4896.67,4124.33,5352.33,9110.67,787.667,0,30458.3,4721.75,755.788,5552.17,1280.17,5237.58,1959.78,55.4589,70.2944,17.4513,16.8431,23.0761,23.0761,5.02087,1.25522
79.4706,17.418,86.0278,1.97999,38.858,0.627393,-0.707107,-0.707107,0.621687,0.783266,6371.33,5739.67,4628.67,3622,6078,8794,918.333,0,27213.7,5409.08,690.44,5350.28,882.164,5464.79,1750.82,62.5076,72.5173,17.4278,16.8945,-4.43613,-4.43613,28.1947,7.04868
91.4687,17.1982,86.7346,3.37728,36.2886,0.591853,-0.75184,-0.659346,0.621687,0.783266,3944.33,6371.33,5739.67,4896.67,6127.67,6397,1622.67,0,27594.3,5171,943.798,5145.89,899.922,5561.53,1592.87,78.9192,75.5,17.3556,16.9393,11.9981,11.9981,65.6463,16.4116
66.8309,16.9299,87.131,3.02773,33.5981,0.553364,-0.793353,-0.608761,0.621687,0.783266,4259.67,3944.33,6371.33,4628.67,4847.67,6018,3830.67,0,28110.3,5078.75,1008.14,4999.36,889.077,5579.4,1575.66,80.4193,77.4588,17.2155,16.9703,-24.6378,-24.6378,6.00027,1.50007
75.3504,17.0766,86.7916,1.50511,30.8033,0.512092,-0.83147,-0.55557,0.621687,0.783266,2887.33,4259.67,3944.33,5739.67,4124.33,5352.33,4131,0,19929.7,4365.67,1264.61,4793.94,1053.38,5527.58,1641.52,78.2802,78.7589,17.1557,16.9998,8.51947,8.51947,-8.55633,-2.13908
53.3484,17.0875,87.4391,2.73277,27.9186,0.468217,-0.866025,-0.5,0.621687,0.783266,3292.67,2887.33,4259.67,6371.33,3622,6078,3582.33,0,17343,3596,537.589,4561.83,1051.73,5515.51,1656.77,71.7496,78.1189,17.073,17.0217,-22.002,-22.002,-26.1222,-6.53055
59.6796,16.9167,89.0547,2.21759,24.9565,0.421931,-0.896873,-0.442289,0.621687,0.783266,3500.67,3292.67,2887.33,3944.33,4896.67,6127.67,4179,0,16580.7,3485.08,498.636,4342.92,973.519,5487.25,1684.88,63.8023,78.2876,17.0027,17.0445,6.3312,6.3312,-31.7891,-7.94728
54.5877,16.9897,89.4472,1.45078,21.9278,0.373438,-0.92388,-0.382683,0.621687,0.783266,1951.67,3500.67,3292.67,4259.67,4628.67,4847.67,4828.67,0,10197.3,2908.08,594.606,4101.58,1159.64,5367.38,1824.07,60.7415,77.3987,17.0177,17.0725,-5.09187,-5.09187,-12.2432,-3.0608
37.4448,17.2039,88.6493,1.36482,18.8418,0.322956,-0.94693,-0.321439,0.621687,0.783266,3361.67,1951.67,3500.67,2887.33,5739.67,4124.33,4418.33,0,5929.67,3026.67,625.156,4038.03,1177.42,5323.35,1858.86,51.2651,76.2602,17.0495,17.0985,-17.1429,-17.1429,-37.9056,-9.4764
23.2967,17.0211,89.1843,1.48064,15.7071,0.270719,-0.965926,-0.258819,0.621687,0.783266,1663.67,3361.67,1951.67,3292.67,6371.33,3622,6505,0,5571,2619.42,819.586,3874.83,1347.24,5121.62,1978.52,43.7522,73.9321,17.0329,17.112,-14.1481,-14.1481,-30.0517,-7.51293
0,15.3865,99.8831,2.2329,-14.0473,-0.242723,1,6.12323e-17,0.635068,0.772456,0,0,0,0,0,0,0,49.6667,0,0,0,0,0,0,0,0,0,15.285,15.6707,0,0,0,0
0,15.2954,99.904,1.41252,-10.6433,-0.184695,0.997859,-0.0654031,0.635068,0.772456,0,0,0,0,0,0,0,0,0,0,0,0,0,0,0,0,0,15.2874,15.6454,0,0,0,0
0,15.3535,99.9278,1.21131,-7.25532,-0.126291,0.991445,-0.130526,0.635068,0.772456,0,0,0,0,0,0,0,0,0,0,0,0,0,0,0,0,0,15.3256,15.6186,0,0,0,0
0,15.4081,99.9063,1.65269,-3.88543,-0.0677616,0.980785,-0.19509,0.635068,0.772456,0,0,0,0,0,0,0,0,0,0,0,0,0,0,0,0,0,15.3609,15.594,0,0,0,0
1.281,15.4396,99.9205,1.8333,0.0292237,0.00051005,0.965926,-0.258819,0.635068,0.772456,0,0,0,0,0,0,0,0,0,0,0,0,0,0,0,0.32025,0.053375,15.3742,15.5702,1.281,1.281,1.281,0.32025
19.1122,15.4552,99.9004,2.42081,3.02648,0.0527975,0.94693,-0.321439,0.635068,0.772456,71.6667,0,0,0,0,0,0,0,0,17.9167,31.0326,5.97222,19.8076,2.98611,14.3209,5.0983,0.849717,15.4141,15.541,17.8312,17.8312,19.1122,4.77805
19.392,15.4746,99.9055,3.34703,6.22712,0.10847,0.92388,-0.382683,0.635068,0.772456,217.667,71.6667,0,0,0,0,0,0,96.3333,72.3333,88.8629,24.1111,61.6027,12.0556,45.1972,9.9463,1.65772,15.4444,15.5134,0.2798,0.2798,19.392,4.848
19.7602,15.4543,99.9195,2.98967,9.45421,0.164259,0.896873,-0.442289,0.635068,0.772456,407.333,217.667,71.6667,0,0,0,0,0,174,174.167,155.804,58.0556,121.789,29.0278,90.8783,14.8863,2.48106,15.4559,15.4905,0.3682,0.3682,19.7602,4.94005
19.7307,15.4082,99.919,2.21139,12.6665,0.219276,0.866025,-0.5,0.635068,0.772456,1512,407.333,217.667,0,0,0,0,0,298,552.167,566.795,184.056,418.137,92.0278,309.658,19.4988,3.30317,15.4481,15.4671,-0.0294667,-0.0294667,18.4497,4.61243
30.5237,15.3551,99.9312,3.28135,15.8486,0.273096,0.83147,-0.55557,0.635068,0.772456,2238.67,1512,407.333,71.6667,0,0,0,0,396,1093.92,825.296,370.611,699.284,185.306,528.05,22.3517,4.57499,15.423,15.4451,10.7929,10.7929,11.4115,2.85287
51.8656,15.4613,99.9287,3.43271,18.9908,0.325417,0.793353,-0.608761,0.635068,0.772456,1892.33,2238.67,1512,217.667,0,0,0,0,764.667,1512.58,687.929,528.306,803.526,264.153,626.581,30.4701,6.73606,15.4197,15.4222,21.3419,21.3419,32.4736,8.1184
48.9503,15.5165,99.9283,3.96126,22.0849,0.375979,0.75184,-0.659346,0.635068,0.772456,812,1892.33,2238.67,407.333,0,0,0,0,787.667,1613.75,529.454,595.972,790.268,297.986,633.291,37.7676,8.77565,15.4353,15.4066,-2.91533,-2.91533,29.1901,7.29752
32.7104,15.5568,99.9375,3.10132,25.1222,0.424551,0.707107,-0.707107,0.635068,0.772456,2059.33,812,1892.33,1512,0,0,0,0,918.333,1750.58,555.559,767.583,862.512,383.792,720.597,41.0125,10.1386,15.4724,15.3979,-16.2399,-16.2399,12.9797,3.24492
34.6981,15.5717,99.9337,2.25303,28.0936,0.470913,0.659346,-0.75184,0.635068,0.772456,3252,2059.33,812,2238.67,71.6667,0,0,0,1622.67,2003.92,865.144,1038.58,1065.71,519.292,915.171,42.0561,11.5843,15.5266,15.3932,1.98773,1.98773,4.17447,1.04362
68.4171,15.6067,99.9368,3.60242,30.9882,0.514861,0.608761,-0.793353,0.635068,0.772456,2934,3252,2059.33,1892.33,217.667,0,0,0,3830.67,2264.33,945.415,1283.08,1133.78,641.542,1026.79,46.194,14.4351,15.5629,15.3924,33.7189,33.7189,16.5515,4.13787
54.7071,15.6497,99.9257,2.91834,33.7936,0.556203,0.55557,-0.83147,0.635068,0.772456,3922,2934,3252,812,407.333,0,0,0,4131,3041.83,670.037,1609.92,1273.49,804.958,1207.83,47.6332,16.7145,15.5962,15.4003,-13.71,-13.71,5.7568,1.4392
65.861,15.8141,99.9132,2.8834,36.4955,0.594759,0.5,-0.866025,0.635068,0.772456,5479.33,3922,2934,2059.33,1512,0,0,0,3582.33,3896.83,980.79,2066.53,1563.65,1033.26,1513.32,55.9208,19.4587,15.6606,15.419,11.1539,11.1539,33.1506,8.28765
78.7304,15.9097,99.9195,3.92409,39.0769,0.630362,0.442289,-0.896873,0.635068,0.772456,7053.33,5479.33,3922,3252,2238.67,71.6667,0,0,4179,4847.17,1563.89,2648.33,1961.43,1327.15,1915.55,66.9289,22.7392,15.7451,15.445,12.8694,12.8694,44.0323,11.0081
53.7664,16.0657,99.9147,2.68471,41.5183,0.662859,0.382683,-0.92388,0.635068,0.772456,7207,7053.33,5479.33,2934,1892.33,217.667,0,0,4828.67,5915.42,1334.81,3230.78,2178.86,1627.44,2224.03,63.2662,24.9794,15.8598,15.4716,-24.964,-24.964,-14.6507,-3.66267
39.8665,16.3456,99.9262,1.73135,43.7972,0.692108,0.321439,-0.94693,0.635068,0.772456,7195,7207,7053.33,3922,812,407.333,0,0,4418.33,6733.67,726.707,3796.42,2252.28,1927.24,2457.16,59.5561,26.6405,16.0338,15.5201,-13.8999,-13.8999,-14.8405,-3.71013
125.035,16.7926,99.8835,1.29235,45.8883,0.717984,0.258819,-0.965926,0.635068,0.772456,5430.33,7195,7207,5479.33,2059.33,1512,0,0,6505,6721.42,747.853,4122.94,2180.3,2153.5,2518.53,74.3495,31.8503,16.2784,15.5864,85.1683,85.1683,59.1738,14.7935
82.5632,16.8268,97.0653,1.05786,47.7635,0.740376,0.19509,-0.980785,0.635068,0.772456,8155,5430.33,7195,7053.33,3252,2238.67,0,0,7742.67,6996.83,984.722,4615.97,2359.99,2493.29,2745,75.3077,35.2904,16.5077,15.6506,-42.4716,-42.4716,3.8328,0.9582
115.996,16.8265,96.945,1.46495,49.3926,0.759187,0.130526,-0.991445,0.635068,0.772456,10346.3,8155,5430.33,7207,2934,1892.33,0,0,8206.67,7781.67,1774.11,5320.47,2681.69,2924.39,3108.02,90.8652,40.1236,16.6979,15.7184,33.4329,33.4329,62.2297,15.5574
155.771,16.8439,96.6669,1.38117,50.7449,0.774337,0.0654031,-0.997859,0.635068,0.772456,13262,10346.3,8155,7195,3922,812,0,0,9110.67,9298.42,2875.66,6357.97,3110.77,3476.97,3667.54,119.841,46.6141,16.8225,15.7841,39.7746,39.7746,115.904,28.976
166.122,17.0255,93.5794,1.04159,51.791,0.78576,1.22465e-16,-1,0.635068,0.772456,25437,13262,10346.3,5430.33,5479.33,2059.33,0,0,8794,14300.1,6680.25,8306.11,5888.62,4536.85,5649.54,130.113,53.5358,16.8807,15.8524,10.3513,10.3513,41.0872,10.2718
288.224,17.8074,89.9879,0.952619,52.505,0.793406,-0.0654031,-0.997859,0.635068,0.772456,25308.7,25437,13262,8155,7053.33,3252,0,0,6397,18588.5,6862.35,10144.2,7297.9,5591.38,6922.82,181.528,65.5451,17.1258,15.957,122.102,122.102,205.661,51.4152
313.451,19.2069,84.5295,1.11007,52.8677,0.797244,-0.130526,-0.991445,0.635068,0.772456,22215.7,25308.7,25437,10346.3,7207,2934,0,0,6018,21555.8,4959.09,11751,7647.79,6517.03,7568.44,230.892,78.6056,17.7209,16.1176,25.2267,25.2267,197.455,49.3637
248.891,20.115,77.4585,1.33797,52.8689,0.797257,-0.19509,-0.980785,0.635068,0.772456,25889.7,22215.7,25308.7,13262,7195,3922,0,0,5352.33,24712.8,1457.76,13581.6,8166.29,7595.76,8365.73,254.172,88.976,18.5387,16.3137,-64.56,-64.56,93.12,23.28
261.569,18.9336,83.8265,2.25535,52.5086,0.793444,-0.258819,-0.965926,0.635068,0.772456,27245.3,25889.7,22215.7,25437,5430.33,5479.33,0,0,6078,25164.8,1842.02,15395.4,8572.39,8730.99,9076.37,278.034,99.8214,19.0157,16.4593,12.678,12.678,95.4467,23.8617
294.327,18.8426,83.7355,2.0318,51.7968,0.785822,-0.321439,-0.94693,0.635068,0.772456,36052,27245.3,25889.7,25308.7,8155,7053.33,71.6667,0,6127.67,27850.7,5080.04,17812,9869.38,10230.2,10397.6,279.559,111.289,19.2745,16.6004,32.758,32.758,6.10267,1.52567
384.702,19.2765,82.1938,1.24735,50.7529,0.774424,-0.382683,-0.92388,0.635068,0.772456,35527,36052,27245.3,22215.7,10346.3,7207,217.667,0,4847.67,31178.5,4639.56,20172,10421.8,11701.4,11332.8,297.372,126.51,19.2919,16.7589,90.3753,90.3753,71.2513,17.8128
474.501,20.912,75.2718,1.51855,49.4024,0.759299,-0.442289,-0.896873,0.635068,0.772456,40668,35527,36052,25889.7,13262,7195,407.333,0,4124.33,34873.1,4836.87,22961.4,11036.6,13378.9,12460.5,353.775,145.457,19.4912,16.9863,89.7993,89.7993,225.611,56.4027
470.227,20.9146,74.9848,2.49827,47.775,0.740511,-0.5,-0.866025,0.635068,0.772456,23841.7,40668,35527,27245.3,25437,5430.33,1512,0,3622,34022.2,6208.75,24495.7,9690.53,14309.3,12373,405.939,164.228,19.9864,17.2157,-4.27467,-4.27467,208.658,52.1645
359.071,20.8512,74.7575,2.33751,45.9013,0.718142,-0.55557,-0.83147,0.635068,0.772456,24659,23841.7,40668,36052,25308.7,8155,2238.67,0,4896.67,31173.9,7164.02,25871,8352.58,15243.5,12272.4,422.125,177.918,20.4886,17.4447,-111.155,-111.155,64.7447,16.1862
299.802,19.8582,78.6747,1.78697,43.8114,0.692287,-0.608761,-0.793353,0.635068,0.772456,24820,24659,23841.7,35527,22215.7,10346.3,1892.33,0,4628.67,28497.2,7036.62,27077.2,6951.13,16198.8,12086.9,400.9,188.248,20.634,17.6279,-59.2693,-59.2693,-84.9,-21.225
353.564,20.388,77.1455,1.77491,41.5335,0.663058,-0.659346,-0.75184,0.635068,0.772456,26270.3,24820,24659,40668,25889.7,13262,812,0,5739.67,24897.8,874.978,28161.2,5593.96,17259.6,11803.8,370.666,200.94,20.503,17.8309,53.762,53.762,-120.937,-30.2343
352.521,20.8439,75.1447,0.991986,39.093,0.630581,-0.707107,-0.707107,0.635068,0.772456,22476.7,26270.3,24820,23841.7,27245.3,25437,2059.33,0,6371.33,24556.5,1354.89,27914.5,5771.13,18110.3,11406.7,341.24,214.266,20.4853,18.0512,-1.04267,-1.04267,-117.705,-29.4263
307.069,20.7971,75.7255,1.78299,36.5123,0.594996,-0.75184,-0.659346,0.635068,0.772456,15846.7,22476.7,26270.3,24659,36052,25308.7,3252,0,3944.33,22353.4,3993.1,27126,6652.4,18635.1,10993.3,328.239,225.615,20.4718,18.2689,-45.452,-45.452,-52.002,-13.0005
242.038,20.1712,78.7755,1.67599,33.8111,0.556456,-0.793353,-0.608761,0.635068,0.772456,13206.3,15846.7,22476.7,24820,35527,22215.7,2934,0,4259.67,19450,5187.61,26375.2,7604.46,19063.1,10565.3,313.798,232.849,20.55,18.4591,-65.0313,-65.0313,-57.764,-14.441
199.848,19.7527,80.2162,1.43951,31.0061,0.515129,-0.83147,-0.55557,0.635068,0.772456,16294.7,13206.3,15846.7,26270.3,40668,25889.7,3922,0,2887.33,16956.1,3398.74,25575.6,8101.67,19578.6,10105.8,275.369,238.896,20.3912,18.63,-42.19,-42.19,-153.716,-38.429
221.086,19.5243,81.9234,1.74762,28.1119,0.471195,-0.866025,-0.5,0.635068,0.772456,15009.7,16294.7,13206.3,22476.7,23841.7,27245.3,5479.33,0,3292.67,15089.3,1180.93,24556,8583.03,19975.7,9723.99,242.51,245.364,20.0613,18.7846,21.238,21.238,-131.435,-32.8588
229.391,19.9138,80.726,2.09575,25.1408,0.424844,-0.896873,-0.442289,0.635068,0.772456,14453.3,15009.7,16294.7,15846.7,24659,36052,7053.33,0,3500.67,14741,1109.51,22756.1,8241.41,20284.1,9421.99,223.091,251.642,19.8405,18.9515,8.30533,8.30533,-77.678,-19.4195
243.359,19.8921,79.7351,1.21777,22.1036,0.376283,-0.92388,-0.382683,0.635068,0.772456,8143,14453.3,15009.7,13206.3,24820,35527,7207,0,1951.67,13475.2,3150.12,20474.1,8180.3,20323.1,9369.57,223.421,259.541,19.7707,19.1109,13.968,13.968,1.32133,0.330333
133.352,19.6743,80.4206,0.754595,19.0098,0.325729,-0.94693,-0.321439,0.635068,0.772456,8245.67,8143,14453.3,16294.7,26270.3,40668,7195,0,3361.67,11462.9,3274.7,17772.2,6172.17,20366.8,9310.39,206.797,263.437,19.7511,19.2496,-110.007,-110.007,-66.4957,-16.6239
137.467,19.5578,81.271,1.08245,15.8676,0.273416,-0.965926,-0.258819,0.635068,0.772456,4891.33,8245.67,8143,15009.7,22476.7,23841.7,5430.33,0,1663.67,8933.33,3460.7,16193.1,6808.71,20344.4,9346.97,185.892,263.955,19.7595,19.3648,4.11433,4.11433,-83.6193,-20.9048
83.1841,19.416,81.3833,0.744182,12.6856,0.219601,-0.980785,-0.19509,0.635068,0.772456,2508,4891.33,8245.67,14453.3,15846.7,24659,8155,0,1200.67,5947,2400.39,14347.1,7251.57,20109.1,9714.7,149.341,263.981,19.635,19.4727,-54.2826,-54.2826,-146.207,-36.5518
0,18.2046,93.4566,1.31571,-13.9448,-0.240988,1,6.12323e-17,0.648262,0.761418,0,0,0,0,0,0,0,7.33333,0,0,0,0,0,0,0,0,0,18.4036,18.6254,0,0,0,0
0,17.9054,98.6142,1.15917,-10.5372,-0.182875,0.997859,-0.0654031,0.648262,0.761418,0,0,0,0,0,0,0,0,0,0,0,0,0,0,0,0,0,18.2267,18.5897,0,0,0,0
0,18.0234,99.1776,1.32019,-7.14523,-0.124385,0.991445,-0.130526,0.648262,0.761418,0,0,0,0,0,0,0,0,0,0,0,0,0,0,0,0,0,18.1276,18.5674,0,0,0,0
0,17.8696,99.4619,1.33795,-3.77098,-0.0657686,0.980785,-0.19509,0.648262,0.761418,0,0,0,0,0,0,0,0,0,0,0,0,0,0,0,0,0,18.0007,18.5526,0,0,0,0
1.36913,17.7785,99.8523,0.915601,0.128678,0.00224586,0.965926,-0.258819,0.648262,0.761418,55,0,0,0,0,0,0,0,0,13.75,23.8157,4.58333,15.2012,2.29167,10.9904,0.342283,0.0570472,17.8942,18.5261,1.36913,1.36913,1.36913,0.342283
20.8395,17.5687,99.8627,0.717109,3.1449,0.0548613,0.94693,-0.321439,0.648262,0.761418,587.667,55,0,0,0,0,0,0,71.6667,160.667,247.549,53.5556,161.751,26.7778,117.468,5.55217,0.925361,17.81,18.4906,19.4704,19.4704,20.8395,5.20988
21.2737,17.6307,99.8678,0.5316,6.35464,0.110682,0.92388,-0.382683,0.648262,0.761418,1266.67,587.667,55,0,0,0,0,0,217.667,477.333,510.253,159.111,370.7,79.5556,273.932,10.8706,1.81176,17.7119,18.4532,0.434133,0.434133,21.2737,5.31842
21.0451,17.83,99.8725,0.726963,9.58881,0.166576,0.896873,-0.442289,0.648262,0.761418,908.667,1266.67,587.667,0,0,0,0,0,407.333,704.5,445.313,234.833,419.994,117.417,319.349,16.1319,2.68864,17.702,18.4138,-0.228533,-0.228533,21.0451,5.26128
20.3237,18.0711,99.8477,0.804567,12.808,0.221685,0.866025,-0.5,0.648262,0.761418,1474.67,908.667,1266.67,55,0,0,0,0,1512,1059.42,339.359,357.722,533.663,178.861,417.6,20.8705,3.53547,17.7751,18.3881,-0.7214,-0.7214,18.9546,4.73865
20.1107,18.2291,99.8469,1.58405,15.9973,0.275592,0.83147,-0.55557,0.648262,0.761418,2276,1474.67,908.667,587.667,0,0,0,0,2238.67,1481.5,501.39,547.389,738.111,273.694,589.332,20.6883,4.37341,17.9403,18.3739,-0.213,-0.213,-0.7288,-0.1822
20.3833,18.4223,99.8402,1.80761,19.1472,0.327995,0.793353,-0.608761,0.648262,0.761418,2528,2276,1474.67,1266.67,0,0,0,0,1892.33,1796.83,643.591,758.056,895.745,379.028,738.134,20.4657,5.22272,18.1381,18.3628,0.272533,0.272533,-0.8904,-0.2226
20.6114,18.6471,99.8245,1.87508,22.2494,0.378638,0.75184,-0.659346,0.648262,0.761418,4952.33,2528,2276,908.667,0,0,0,0,812,2807.75,1297.82,1170.75,1431.84,585.375,1169.5,20.3573,6.08152,18.3424,18.3591,0.228133,0.228133,-0.433733,-0.108433
39.6323,18.7755,99.4425,2.52907,25.2955,0.427286,0.707107,-0.707107,0.648262,0.761418,2943,4952.33,2528,1474.67,55,0,0,0,2059.33,3174.83,1053.51,1416,1462.03,708,1253.01,25.1844,7.73287,18.5185,18.3641,19.0209,19.0209,19.3086,4.82715
53.4932,19.0448,97.3673,1.28379,28.2762,0.473722,0.659346,-0.75184,0.648262,0.761418,3640,2943,4952.33,2276,587.667,0,0,0,3252,3515.83,919.633,1719.33,1513.47,859.667,1372.71,33.53,9.96176,18.7224,18.3728,13.8609,13.8609,33.3825,8.34562
70.2544,18.9852,98.0433,1.20544,31.1808,0.51774,0.608761,-0.793353,0.648262,0.761418,5672,3640,2943,2528,1266.67,0,0,0,2934,4301.83,1070.63,2192,1767.15,1096,1662.11,45.9978,12.889,18.8631,18.3764,16.7612,16.7612,49.8711,12.4678
68.8977,19.3463,98.9641,1.11559,33.9969,0.559149,0.55557,-0.83147,0.648262,0.761418,5190,5672,3640,4952.33,908.667,0,0,0,3922,4361.25,1110.91,2624.5,1812.28,1312.25,1834.17,58.0694,15.7598,19.0379,18.4007,-1.35667,-1.35667,48.2863,12.0716
81.6069,19.5336,96.4249,1.22842,36.7101,0.597767,0.5,-0.866025,0.648262,0.761418,5650.67,5190,5672,2943,1474.67,55,0,0,5479.33,5038.17,829.883,3090.81,1811.04,1547.69,2005.3,68.5631,19.16,19.2275,18.4342,12.7092,12.7092,41.9746,10.4937
75.3911,19.7059,93.4429,0.889631,39.3035,0.633428,0.442289,-0.896873,0.648262,0.761418,5170.33,5650.67,5190,3640,2276,587.667,0,0,7053.33,5420.75,240.802,3472.69,1724.02,1763.12,2102.82,74.0376,22.3013,19.3927,18.4752,-6.2158,-6.2158,21.8979,5.47448
68.4499,19.9649,91.3483,0.760988,41.7574,0.665978,0.382683,-0.92388,0.648262,0.761418,6892.67,5170.33,5650.67,5672,2528,1266.67,0,0,7207,5725.92,700.508,3941.53,1822.52,2050.32,2303.51,73.5864,25.1534,19.6377,18.5176,-6.94127,-6.94127,-1.80453,-0.451133
80.3883,19.6889,92.7936,0.762478,44.0493,0.695277,0.321439,-0.94693,0.648262,0.761418,7540.33,6892.67,5170.33,5190,4952.33,908.667,0,0,7195,6313.5,946.933,4494.17,1824.54,2364.5,2507.62,76.4591,28.5029,19.7234,18.5561,11.9384,11.9384,11.4905,2.87263
104.028,19.8425,96.2016,0.571149,46.1534,0.721197,0.258819,-0.965926,0.648262,0.761418,8030.33,7540.33,6892.67,5650.67,2943,1474.67,0,0,5430.33,6908.42,1081.57,5040.47,1820.09,2699.1,2698.3,82.0643,32.8374,19.8006,18.6033,23.6396,23.6396,22.4209,5.60523
109.996,20.0066,97.4957,0.698752,48.0414,0.743628,0.19509,-0.980785,0.648262,0.761418,7933,8030.33,7540.33,5170.33,3640,2276,0,0,8155,7599.08,447.201,5511.89,1775.07,3029.64,2830.09,90.7154,37.4206,19.8757,18.6613,5.9678,5.9678,34.6045,8.65113
121.212,19.8822,98.9091,1.1805,49.6827,0.762473,0.130526,-0.991445,0.648262,0.761418,9935.33,7933,8030.33,6892.67,5672,2528,0,0,10346.3,8359.75,927.973,6129.17,1912.71,3443.61,3072.88,103.906,42.4711,19.8551,18.7222,11.2165,11.2165,52.7623,13.1906
107.696,19.8396,98.9739,0.725768,51.0461,0.777652,0.0654031,-0.997859,0.648262,0.761418,11419,9935.33,7933,7540.33,5190,4952.33,0,0,13262,9329.42,1446.64,6668.06,2363.15,3919.4,3372.3,110.733,46.9584,19.8927,18.7832,-13.5158,-13.5158,27.3081,6.82702
136.79,20.2717,95.76,1.10171,52.1013,0.789098,1.22465e-16,-1,0.648262,0.761418,13604,11419,9935.33,8030.33,5650.67,2943,0,0,25437,10722.8,2072.99,7556.47,2765.47,4486.24,3784.05,118.924,52.658,20,18.8693,29.0937,29.0937,32.7622,8.19055
165.403,20.4239,91.0909,1.3469,52.822,0.796762,-0.0654031,-0.997859,0.648262,0.761418,16962,13604,11419,7933,5170.33,3640,0,0,25308.7,12980.1,2643.5,8666.64,3536.82,5192.99,4412.04,132.775,59.5498,20.1043,18.9743,28.6127,28.6127,55.4071,13.8518
211.961,20.7741,88.9557,1.02869,53.1886,0.800612,-0.130526,-0.991445,0.648262,0.761418,19736.7,16962,13604,9935.33,6892.67,5672,0,0,22215.7,15430.4,3174.78,9838.69,4538.75,6015.35,5145.82,155.462,68.3815,20.3273,19.0889,46.5579,46.5579,90.7485,22.6871
236.44,21.5028,85.0283,1.01283,53.1904,0.800631,-0.19509,-0.980785,0.648262,0.761418,19668.7,19736.7,16962,11419,7540.33,5190,0,0,25889.7,17492.8,2508.68,11045.2,5039.44,6834.88,5662.81,187.648,78.2332,20.7431,19.2403,24.4793,24.4793,128.744,32.1859
257.953,22.1333,82.4542,0.919383,52.8274,0.796819,-0.258819,-0.965926,0.648262,0.761418,20318.7,19668.7,19736.7,13604,8030.33,5650.67,55,0,27245.3,19171.5,1300.43,12267.6,5351.92,7679.19,6083.98,217.939,88.9242,21.2085,19.4217,21.5134,21.5134,121.163,30.2908
88.6276,22.463,80.9179,0.868312,52.1101,0.789192,-0.321439,-0.94693,0.648262,0.761418,20597.3,20318.7,19668.7,16962,7933,5170.33,587.667,0,36052,20080.3,391.046,13553.2,5345.54,8512.93,6416.97,198.745,91.7487,21.7183,19.6256,-169.326,-169.326,-76.7751,-19.1938
185.111,22.3255,80.9532,1.20642,51.0581,0.777784,-0.382683,-0.92388,0.648262,0.761418,21015,20597.3,20318.7,19736.7,9935.33,6892.67,1266.67,0,35527,20399.9,489.548,14730,5304.04,9335.78,6695.16,192.033,98.5752,22.1062,19.8213,96.4831,96.4831,-26.85,-6.7125
257.857,22.3947,80.8613,0.812049,49.6977,0.762642,-0.442289,-0.896873,0.648262,0.761418,25670,21015,20597.3,19668.7,11419,7540.33,908.667,0,40668,21900.2,2190.53,16240.8,5613.94,10367.5,7205.46,197.387,108.442,22.3291,20.0114,72.7467,72.7467,21.4174,5.35435
298.922,22.6011,80.6237,1.14823,48.0589,0.743832,-0.5,-0.866025,0.648262,0.761418,24000,25670,21015,20318.7,13604,8030.33,1474.67,0,23841.7,22820.6,2104.35,17571.6,5398.57,11306.1,7448.91,207.629,120.051,22.4461,20.2002,41.0647,41.0647,40.9687,10.2422
297.866,22.3289,81.2241,1.25535,46.1731,0.721435,-0.55557,-0.83147,0.648262,0.761418,27099.3,24000,25670,20597.3,16962,7933,2276,0,24659,24446.1,2264.34,19168.8,5139.69,12340.4,7836.56,259.939,131.624,22.4126,20.371,-1.056,-1.056,209.238,52.3096
341.72,21.9839,83.3106,2.05647,44.0709,0.695548,-0.608761,-0.793353,0.648262,0.761418,22898.3,27099.3,24000,21015,19736.7,9935.33,2528,0,24820,24916.9,1600.43,20249.1,4393.6,13189.1,7830.97,299.091,145.013,22.3272,20.5194,43.8543,43.8543,156.61,39.1524
373.757,22.4213,80.6989,2.18451,41.7807,0.666281,-0.659346,-0.75184,0.648262,0.761418,22991.7,22898.3,27099.3,25670,19668.7,11419,4952.33,0,26270.3,24247.3,1702.32,21213.5,3535.95,13940.8,7869.94,328.066,159.727,22.3338,20.6767,32.0368,32.0368,115.9,28.975
340.326,22.0155,82.4811,2.31915,39.3282,0.633761,-0.707107,-0.707107,0.648262,0.761418,18888,22991.7,22898.3,24000,20318.7,13604,2943,0,22476.7,22969.3,2903.43,21653.8,2816.8,14605.1,7581.21,338.417,172.256,22.1874,20.8117,-33.4311,-33.4311,41.404,10.351
253.065,21.7559,83.5147,1.99945,36.736,0.598128,-0.75184,-0.659346,0.648262,0.761418,18330.7,18888,22991.7,27099.3,20597.3,16962,3640,0,15846.7,20777.2,2177.02,21767.9,2647.12,15217.2,7257.32,327.217,180.572,22.0442,20.9246,-87.2613,-87.2613,-44.8013,-11.2003
283.429,21.6432,84.0445,2.24715,34.0237,0.559536,-0.793353,-0.608761,0.648262,0.761418,17887.3,18330.7,18888,22898.3,21015,19736.7,5672,0,13206.3,19524.4,2032.97,21613.8,2809.72,15726.2,6993.59,312.644,189.454,21.959,21.0354,30.364,30.364,-58.2917,-14.5729
222.512,21.3327,84.7555,2.42642,31.2084,0.518152,-0.83147,-0.55557,0.648262,0.761418,13524,17887.3,18330.7,22991.7,25670,19668.7,5190,0,16294.7,17157.5,2127.55,21101.7,3573.62,16073.5,6660.81,274.833,195.854,21.6868,21.1182,-60.9169,-60.9169,-151.245,-37.8113
183.399,21.2206,84.8784,2.62619,28.3044,0.474156,-0.866025,-0.5,0.648262,0.761418,12827.3,13524,17887.3,18888,24000,20318.7,5650.67,0,15009.7,15642.3,2483.88,20477.4,4246.8,16372.5,6339.52,235.601,200.096,21.4881,21.1885,-39.1131,-39.1131,-156.927,-39.2318
145.537,20.8609,86.6463,2.20438,25.3243,0.427741,-0.896873,-0.442289,0.648262,0.761418,11347.7,12827.3,13524,18330.7,27099.3,20597.3,5170.33,0,14453.3,13896.6,2434.4,19706.6,4938.22,16629.9,5995.55,208.719,203.019,21.2644,21.2366,-37.8617,-37.8617,-107.528,-26.8819
171.415,20.5957,88.0605,2.2605,22.2786,0.37911,-0.92388,-0.382683,0.648262,0.761418,8433,11347.7,12827.3,17887.3,22898.3,21015,6892.67,0,8143,11533,1954.72,18658.1,5808.2,16694.1,5898.43,180.716,207.309,21.0025,21.2629,25.8783,25.8783,-112.013,-28.0033
144.563,20.3919,88.7127,1.79091,19.1767,0.328483,-0.94693,-0.321439,0.648262,0.761418,7020.67,8433,11347.7,13524,22991.7,25670,7540.33,0,8245.67,9907.17,2297.14,17104,6205.53,16672.4,5932.85,161.229,209.983,20.7673,21.2922,-26.8521,-26.8521,-77.9485,-19.4871
105.05,20.4516,88.9545,2.03981,16.0272,0.276093,-0.965926,-0.258819,0.648262,0.761418,5098,7020.67,8433,12827.3,18888,24000,8030.33,0,4891.33,7974.83,2278.84,15528.8,6639.02,16550.2,6136.27,141.641,210.025,20.5751,21.3175,-39.5129,-39.5129,-78.3483,-19.5871
78.2107,20.2821,89.0357,1.99536,12.8381,0.222197,-0.980785,-0.19509,0.648262,0.761418,2945,5098,7020.67,11347.7,18330.7,27099.3,7933,0,2508,5874.17,2064.25,13516,6485.72,16342.4,6498.4,124.81,208.701,20.4303,21.329,-26.8397,-26.8397,-67.3263,-16.8316
0,16.4478,99.9178,1.89002,-13.8377,-0.239172,1,6.12323e-17,0.661263,0.750154,0,0,0,0,0,0,0,43.6667,0,0,0,0,0,0,0,0,0,16.4103,16.9255,0,0,0,0
0,16.4793,99.9137,2.0896,-10.4265,-0.180975,0.997859,-0.0654031,0.661263,0.750154,0,0,0,0,0,0,0,0,0,0,0,0,0,0,0,0,0,16.4359,16.8638,0,0,0,0
0,16.4859,99.9265,2.22379,-7.0306,-0.122399,0.991445,-0.130526,0.661263,0.750154,0,0,0,0,0,0,0,0,0,0,0,0,0,0,0,0,0,16.4611,16.8105,0,0,0,0
0,16.5113,99.9027,1.68389,-3.65206,-0.0636973,0.980785,-0.19509,0.661263,0.750154,0,0,0,0,0,0,0,0,0,0,0,0,0,0,0,0,0,16.4811,16.7607,0,0,0,0
1.92873,16.5216,99.9209,1.96751,0.232373,0.00405566,0.965926,-0.258819,0.661263,0.750154,0,0,0,0,0,0,0,0,55,0,0,0,0,0,0,0.482183,0.0803639,16.4995,16.7159,1.92873,1.92873,1.92873,0.482183
14.3331,16.4658,99.9013,1.98601,3.26775,0.0570021,0.94693,-0.321439,0.661263,0.750154,106,0,0,0,0,0,0,0,587.667,26.5,45.8993,8.83333,29.2969,4.41667,21.1816,4.06547,0.677578,16.4962,16.6693,12.4044,12.4044,14.3331,3.58328
14.554,16.4613,99.907,1.53148,6.4865,0.112969,0.92388,-0.382683,0.661263,0.750154,193.333,106,0,0,0,0,0,0,1266.67,74.8333,80.9532,24.9444,58.557,12.4722,43.2437,7.70397,1.28399,16.49,16.626,0.220867,0.220867,14.554,3.6385
14.6793,16.5136,99.9221,1.88643,9.72771,0.168966,0.896873,-0.442289,0.661263,0.750154,285.333,193.333,106,0,0,0,0,0,908.667,146.167,105.558,48.7222,91.9885,24.3611,69.4579,11.3738,1.89563,16.4906,16.5917,0.125267,0.125267,14.6793,3.66982
15.0473,16.4876,99.8999,2.54408,12.9538,0.224166,0.866025,-0.5,0.661263,0.750154,528.333,285.333,193.333,0,0,0,0,0,1474.67,278.25,157.696,92.75,159.67,46.375,122.057,14.6534,2.5226,16.4821,16.5603,0.368,0.368,13.1185,3.27963
15.4303,16.4237,99.9116,1.95867,16.1502,0.278157,0.83147,-0.55557,0.661263,0.750154,1098.67,528.333,285.333,106,0,0,0,0,2276,526.417,352.328,184.306,317.36,92.1528,242.592,14.9277,3.16553,16.4715,16.5273,0.383,0.383,1.09713,0.274283
15.1284,16.4529,99.9153,1.5094,19.3077,0.330641,0.793353,-0.608761,0.661263,0.750154,1625.33,1098.67,528.333,193.333,0,0,0,0,2528,884.417,519.749,319.75,502.582,159.875,389.685,15.0713,3.79588,16.4694,16.4987,-0.301867,-0.301867,0.5744,0.1436
18.0072,16.5357,99.9063,1.18159,22.418,0.381362,0.75184,-0.659346,0.661263,0.750154,1852.67,1625.33,1098.67,285.333,0,0,0,0,4952.33,1276.25,511.134,474.139,645.021,237.069,514.031,15.9033,4.54618,16.475,16.4782,2.8788,2.8788,3.32793,0.831983
36.1243,16.5941,99.9026,1.20384,25.4729,0.430084,0.707107,-0.707107,0.661263,0.750154,2177.33,1852.67,1625.33,528.333,0,0,0,0,2943,1688.5,393.002,655.583,778.547,327.792,640.714,21.1726,6.05136,16.5016,16.4659,18.1171,18.1171,21.0771,5.26927
32.5687,16.6417,99.8953,1.05951,28.463,0.476591,0.659346,-0.75184,0.661263,0.750154,2296,2177.33,1852.67,1098.67,106,0,0,0,3640,1987.83,264.836,846.917,870.608,423.458,747.192,25.4571,7.40839,16.5561,16.4635,-3.55567,-3.55567,17.1384,4.2846
45.0469,16.6722,99.9181,1.64521,31.3776,0.520676,0.608761,-0.793353,0.661263,0.750154,3177.33,2296,2177.33,1625.33,193.333,0,0,0,5672,2375.83,490.378,1111.69,1039.54,555.847,921.57,32.9368,9.28534,16.6109,16.4687,12.4782,12.4782,29.9185,7.47962
40.6295,16.7063,99.8965,1.57176,34.2045,0.562148,0.55557,-0.83147,0.661263,0.750154,3522.67,3177.33,2296,1852.67,285.333,0,0,0,5190,2793.33,571.441,1405.25,1172.98,702.625,1087.03,38.5923,10.9782,16.6536,16.4804,-4.4174,-4.4174,22.6223,5.65557
58.4805,16.7293,99.9035,1.04859,36.9291,0.600826,0.5,-0.866025,0.661263,0.750154,3696,3522.67,3177.33,2177.33,528.333,0,0,0,5650.67,3173,539.663,1713.25,1246.5,856.625,1229.1,44.1814,13.4149,16.6874,16.4937,17.8511,17.8511,22.3562,5.58905
49.5068,16.7026,99.9022,1.64415,39.5344,0.636542,0.442289,-0.896873,0.661263,0.750154,3759,3696,3522.67,2296,1098.67,106,0,0,5170.33,3538.75,225.897,2017.67,1262.76,1013.25,1344.09,48.4159,15.4777,16.7026,16.5055,-8.97373,-8.97373,16.9381,4.23453
48.3654,16.6778,99.8898,1.83787,42.0009,0.669143,0.382683,-0.92388,0.661263,0.750154,4226,3759,3696,3177.33,1625.33,193.333,0,0,6892.67,3800.92,260.232,2353.72,1269.13,1189.33,1470.67,49.2455,17.4929,16.704,16.5171,-1.1414,-1.1414,3.31853,0.829633
40.6719,16.7479,99.8973,1.71589,44.3057,0.698487,0.321439,-0.94693,0.661263,0.750154,6905,4226,3759,3522.67,1852.67,285.333,0,0,7540.33,4646.5,1319.92,2905.36,1635.86,1477.04,1839.12,49.2561,19.1876,16.7144,16.5333,-7.69353,-7.69353,0.0424,0.0106
81.7772,16.8936,99.8785,1.66305,46.423,0.724448,0.258819,-0.965926,0.661263,0.750154,6490.33,6905,4226,3696,2177.33,528.333,0,0,8030.33,5345.08,1370.49,3402.19,1740.5,1747.47,2065.31,55.0803,22.595,16.7555,16.5561,41.1053,41.1053,23.2967,5.82417
80.1894,17.02,99.8922,1.68706,48.3239,0.746915,0.19509,-0.980785,0.661263,0.750154,5886.33,6490.33,6905,3759,2296,1098.67,0,0,7933,5876.92,1019.66,3801.17,1715.29,1992.74,2189.04,62.751,25.9362,16.8348,16.5829,-1.5878,-1.5878,30.6826,7.67065
77.5308,16.9451,99.873,2.57585,49.9774,0.765791,0.130526,-0.991445,0.661263,0.750154,7073.67,5886.33,6490.33,4226,3177.33,1625.33,0,0,9935.33,6588.83,457.775,4255.19,1798.33,2287.47,2369.65,70.0423,29.1667,16.9016,16.6062,-2.6586,-2.6586,29.1654,7.29135
38.0947,16.9328,99.8648,2.62535,51.3517,0.780995,0.0654031,-0.997859,0.661263,0.750154,6830.67,7073.67,5886.33,6905,3522.67,1852.67,0,0,11419,6570.25,445.919,4670.03,1770.21,2572.08,2485.2,69.398,30.7539,16.9479,16.6271,-39.4361,-39.4361,-2.5772,-0.6443
76.7855,17.0482,99.8713,1.70949,52.416,0.792461,1.22465e-16,-1,0.661263,0.750154,8887.67,6830.67,7073.67,6490.33,3696,2177.33,0,0,13604,7169.58,1086.58,5229.22,1945.64,2942.4,2724.95,68.1501,33.9533,16.9865,16.6521,38.6909,38.6909,-4.99167,-1.24792
96.0559,16.9927,99.8603,2.17185,53.1434,0.800139,-0.0654031,-0.997859,0.661263,0.750154,10071.7,8887.67,6830.67,5886.33,3759,2296,0,0,16962,8215.92,1334.05,5877.19,2145.41,3362.06,3001.05,72.1167,37.9557,16.9797,16.6735,19.2704,19.2704,15.8665,3.96663
103.907,17.1119,99.8647,1.7974,53.5136,0.803998,-0.130526,-0.991445,0.661263,0.750154,10147,10071.7,8887.67,7073.67,4226,3177.33,0,0,19736.7,8984.25,1339.94,6458,2275.36,3784.85,3205.42,78.7108,42.2851,17.0214,16.6996,7.85107,7.85107,26.3762,6.59405
107.383,17.1647,99.8407,2.20901,53.5157,0.80402,-0.19509,-0.980785,0.661263,0.750154,10295,10147,10071.7,6830.67,6905,3522.67,0,0,19668.7,9850.33,561.573,7022.36,2316.82,4213.81,3355.56,96.0328,46.7594,17.0794,16.7268,3.4758,3.4758,69.2881,17.322
96.7601,17.0939,99.8622,2.13202,53.1498,0.800206,-0.258819,-0.965926,0.661263,0.750154,9184.33,10295,10147,8887.67,6490.33,3696,0,0,20318.7,9924.5,434.822,7479.72,2150.8,4596.49,3376.82,101.026,50.7107,17.0908,16.7506,-10.6227,-10.6227,19.9745,4.99363
32.9775,17.3395,99.8698,1.50681,52.4264,0.792571,-0.321439,-0.94693,0.661263,0.750154,9713.33,9184.33,10295,10071.7,5886.33,3759,106,0,20597.3,9834.92,432.179,7975.92,1908.35,4996.79,3390.19,85.2568,51.4875,17.1775,16.787,-63.7826,-63.7826,-63.0785,-15.7696
60.3996,17.5117,99.8435,1.61276,51.3658,0.781148,-0.382683,-0.92388,0.661263,0.750154,9922.67,9713.33,9184.33,10147,7073.67,4226,193.333,0,21015,9778.83,401.509,8450.64,1600.14,5402.18,3373.23,74.38,53.3978,17.2774,16.8308,27.4221,27.4221,-43.5074,-10.8769
116.144,17.3321,99.8501,2.23015,49.9949,0.765987,-0.442289,-0.896873,0.661263,0.750154,8902,9922.67,9713.33,10295,6830.67,6905,285.333,0,25670,9430.58,406.858,8617.06,1533.18,5761.21,3266.38,76.5703,57.6255,17.3193,16.8649,55.7445,55.7445,8.76133,2.19033
75.8265,17.3002,99.8443,2.20969,48.3444,0.747153,-0.5,-0.866025,0.661263,0.750154,7423.67,8902,9922.67,9184.33,8887.67,6490.33,528.333,0,24000,8990.42,981.609,8694.83,1444.43,6048.51,3092.06,71.3369,60.158,17.3708,16.8988,-40.3177,-40.3177,-20.9336,-5.2334
59.0379,17.4107,99.8464,1.80181,46.4461,0.724726,-0.55557,-0.83147,0.661263,0.750154,7078.67,7423.67,8902,9713.33,10071.7,5886.33,1098.67,0,27099.3,8331.75,1145.76,8794.19,1279.4,6297.68,2919.27,77.852,61.9749,17.3887,16.9399,-16.7886,-16.7886,26.0604,6.5151
90.8319,17.3957,99.8507,2.03104,44.3311,0.698804,-0.608761,-0.793353,0.661263,0.750154,6647,7078.67,7423.67,9922.67,10147,7073.67,1625.33,0,22898.3,7512.83,847.924,8758.64,1331.58,6506.92,2752.06,85.4601,65.1292,17.3597,16.9792,31.794,31.794,30.4323,7.60807
51.8169,17.4233,99.8201,1.87719,42.0282,0.669497,-0.659346,-0.75184,0.661263,0.750154,6028,6647,7078.67,8902,10295,6830.67,1852.67,0,22991.7,6794.33,521.028,8691.75,1442.31,6680.89,2578.86,69.3783,66.538,17.3825,17.0162,-39.0149,-39.0149,-64.3272,-16.0818
34.9885,17.3919,99.8431,2.06493,39.5634,0.636931,-0.707107,-0.707107,0.661263,0.750154,6268,6028,6647,7423.67,9184.33,8887.67,2177.33,0,18888,6505.42,397.792,8473.44,1587.12,6851.33,2404.89,59.1688,66.4907,17.4054,17.0494,-16.8285,-16.8285,-40.838,-10.2095
73.128,17.4994,99.8261,1.70988,36.9594,0.601249,-0.75184,-0.659346,0.661263,0.750154,5330,6268,6028,7078.67,9713.33,10071.7,2296,0,18330.7,6068.25,479.97,8078.31,1724.35,6977.75,2235.91,62.6913,68.1806,17.4276,17.0851,38.1395,38.1395,14.0901,3.52253
61.3059,17.5033,99.8626,1.46124,34.2359,0.562602,-0.793353,-0.608761,0.661263,0.750154,4356.33,5330,6268,6647,9922.67,10147,3177.33,0,17887.3,5495.58,742.53,7595.75,1881.04,7026.88,2163.66,55.3098,68.8581,17.4545,17.1198,-11.8221,-11.8221,-29.526,-7.3815
41.143,17.5972,99.8642,1.41796,31.4101,0.521159,-0.83147,-0.55557,0.661263,0.750154,3960,4356.33,5330,6028,8902,10295,3522.67,0,13524,4978.58,895.935,7067.83,1937.53,7045.1,2135.73,52.6413,68.8795,17.4979,17.1569,-20.1629,-20.1629,-10.6739,-2.66848
57.7065,17.5457,99.8538,1.24125,28.4962,0.477101,-0.866025,-0.5,0.661263,0.750154,3644.33,3960,4356.33,6268,7423.67,9184.33,3696,0,12827.3,4322.67,633.94,6606.17,2035.75,7042.94,2139.13,58.3208,68.8472,17.5364,17.1909,16.5635,16.5635,22.718,5.6795
51.3537,17.6197,99.862,1.41616,25.5068,0.430618,-0.896873,-0.442289,0.661263,0.750154,3007.33,3644.33,3960,5330,7078.67,9713.33,3759,0,11347.7,3742,493.509,6047.33,2026.51,7011.62,2191.83,52.8773,68.9242,17.5665,17.2291,-6.3528,-6.3528,-21.7743,-5.44358
36.4833,17.5279,99.8514,1.43587,22.4525,0.381918,-0.92388,-0.382683,0.661263,0.750154,2198.33,3007.33,3644.33,4356.33,6647,9922.67,4226,0,8433,3202.5,673.696,5403.64,1917.15,6927.14,2332.17,46.6716,68.4291,17.5726,17.2645,-14.8704,-14.8704,-24.8226,-6.20565
51.4421,17.3613,99.8604,1.97359,19.3426,0.331217,-0.94693,-0.321439,0.661263,0.750154,1963.33,2198.33,3007.33,3960,6028,8902,6905,0,7020.67,2703.33,667.181,4825.42,1818.67,6721.24,2534.41,49.2464,68.8779,17.5137,17.2901,14.9588,14.9588,10.2991,2.57477
23.1438,17.3859,99.8439,1.45795,16.1856,0.278749,-0.965926,-0.258819,0.661263,0.750154,1548,1963.33,2198.33,3644.33,6268,7423.67,6490.33,0,5098,2179.25,531.785,4335.78,1844,6515.31,2737.46,40.6057,66.4348,17.4737,17.3106,-28.2983,-28.2983,-34.5627,-8.64067
26.1467,17.4337,99.8489,1.25187,12.9894,0.224771,-0.980785,-0.19509,0.661263,0.750154,1269.67,1548,1963.33,3007.33,5330,7078.67,5886.33,0,2945,1744.83,359.837,3851.69,1822.77,6322.94,2930.31,34.304,64.183,17.4272,17.3278,3.00287,3.00287,-25.207,-6.30175
0,17.4908,99.8565,0.985206,-13.726,-0.237278,1,6.12323e-17,0.674069,0.738668,0,0,0,0,0,0,0,0,0,0,0,0,0,0,0,0,0,17.4135,17.3395,0,0,0,0
0,17.5196,99.8607,1.0813,-10.3113,-0.178996,0.997859,-0.0654031,0.674069,0.738668,0,0,0,0,0,0,0,0,0,0,0,0,0,0,0,0,0,17.4673,17.3508,0,0,0,0
0,17.5877,99.8617,2.27081,-6.9115,-0.120336,0.991445,-0.130526,0.674069,0.738668,0,0,0,0,0,0,0,0,0,0,0,0,0,0,0,0,0,17.5185,17.3627,0,0,0,0
0,17.5494,99.8529,2.15502,-3.52873,-0.0615489,0.980785,-0.19509,0.674069,0.738668,0,0,0,0,0,0,0,0,0,0,0,0,0,0,0,0,0,17.5369,17.3745,0,0,0,0
2.09047,17.6936,99.8657,1.25906,0.340406,0.00594117,0.965926,-0.258819,0.674069,0.738668,0,0,0,0,0,0,0,0,0,0,0,0,0,0,0,0.522617,0.0871028,17.5876,17.3914,2.09047,2.09047,2.09047,0.522617
15.539,17.6977,99.8527,2.04082,3.39498,0.0592188,0.94693,-0.321439,0.674069,0.738668,0,0,0,0,0,0,0,0,106,0,0,0,0,0,0,4.40737,0.734561,17.6321,17.4082,13.4485,13.4485,15.539,3.88475
15.8995,17.7512,99.8767,1.28188,6.6226,0.115329,0.92388,-0.382683,0.674069,0.738668,335.333,0,0,0,0,0,0,0,193.333,83.8333,145.204,27.9444,92.6812,13.9722,67.0084,8.38225,1.39704,17.673,17.4255,0.360533,0.360533,15.8995,3.97488
16.3048,17.8343,99.8525,1.76052,9.8708,0.171427,0.896873,-0.442289,0.674069,0.738668,588.333,335.333,0,0,0,0,0,0,285.333,230.917,247.636,76.9722,179.696,38.4861,132.765,12.4585,2.07641,17.7442,17.446,0.405267,0.405267,16.3048,4.0762
16.6805,17.9535,99.8533,1.88036,13.1038,0.226715,0.866025,-0.5,0.674069,0.738668,689.667,588.333,335.333,0,0,0,0,0,528.333,403.333,266.23,134.444,244.493,67.2222,185.492,16.1059,2.77143,17.8092,17.4729,0.375667,0.375667,14.59,3.6475
16.5925,18.0215,99.8719,1.35323,16.3073,0.28079,0.83147,-0.55557,0.674069,0.738668,1475.33,689.667,588.333,0,0,0,0,0,1098.67,772.167,425.989,257.389,439.303,128.694,336.238,16.3693,3.46278,17.8901,17.5006,-0.0879333,-0.0879333,1.05353,0.263383
16.4966,18.0123,99.8618,1.20128,19.4724,0.333352,0.793353,-0.608761,0.674069,0.738668,1573.33,1475.33,689.667,335.333,0,0,0,0,1625.33,1081.67,445.464,388.5,560.879,194.25,441.617,16.5186,4.15014,17.9554,17.5251,-0.0959333,-0.0959333,0.597067,0.149267
16.6509,18.0843,99.874,0.985477,22.5908,0.384148,0.75184,-0.659346,0.674069,0.738668,2091.67,1573.33,1475.33,588.333,0,0,0,0,1852.67,1457.5,501.366,562.806,716.489,281.403,579.539,16.6051,4.84393,18.0179,17.5507,0.154333,0.154333,0.346133,0.0865333
17.8289,18.2006,99.8643,1.62421,25.6544,0.432942,0.707107,-0.707107,0.674069,0.738668,1920,2091.67,1573.33,689.667,0,0,0,0,2177.33,1765.08,250.689,722.806,784.129,361.403,661.847,16.8923,5.5868,18.0797,17.5867,1.178,1.178,1.14847,0.287117
27.0153,18.2049,99.8591,1.17484,28.6539,0.479517,0.659346,-0.75184,0.674069,0.738668,2932.67,1920,2091.67,1475.33,0,0,0,0,2296,2129.42,499.93,967.194,958.412,483.597,832.552,19.4979,6.71244,18.1255,17.6235,9.18633,9.18633,10.4227,2.60568
40.4197,18.0801,99.8815,1.72749,31.5785,0.523667,0.608761,-0.793353,0.674069,0.738668,3642.33,2932.67,1920,1573.33,335.333,0,0,0,3177.33,2646.67,690.872,1270.72,1159.67,635.361,1037.35,25.4787,8.39659,18.1425,17.6536,13.4045,13.4045,23.9231,5.98078
35.9665,17.9837,99.8701,1.70808,34.4161,0.565199,0.55557,-0.83147,0.674069,0.738668,3221.33,3642.33,2932.67,2091.67,588.333,0,0,0,3522.67,2929.08,634.901,1539.17,1206.35,769.583,1148.87,30.3076,9.8952,18.1173,17.6815,-4.4532,-4.4532,19.3156,4.8289
50.4767,18.1666,99.8798,2.1561,37.1521,0.603933,0.5,-0.866025,0.674069,0.738668,5353.33,3221.33,3642.33,1920,689.667,0,0,0,3696,3787.42,938.642,1985.28,1507.04,992.639,1456.34,38.4696,11.9984,18.1088,17.718,14.5102,14.5102,32.6478,8.16195
48.8861,18.1687,99.8725,2.79888,39.7696,0.639701,0.442289,-0.896873,0.674069,0.738668,5437.33,5353.33,3221.33,2932.67,1475.33,0,0,0,3759,4413.58,993.414,2438.39,1652.41,1219.19,1688.69,43.9373,14.0353,18.0998,17.7532,-1.5906,-1.5906,21.8709,5.46772
48.7531,18.0412,99.8524,2.73875,42.2487,0.672349,0.382683,-0.92388,0.674069,0.738668,4787,5437.33,5353.33,3642.33,1573.33,335.333,0,0,4226,4699.75,889.456,2809.36,1638.28,1418.65,1811.17,46.0206,16.0667,18.09,17.7831,-0.133067,-0.133067,8.33333,2.08333
60.3236,18.2129,99.8763,2.19744,44.5665,0.701736,0.321439,-0.94693,0.674069,0.738668,4911.67,4787,5437.33,3221.33,2091.67,588.333,0,0,6905,5122.33,278.125,3169.64,1584.73,1623.31,1913.89,52.1099,18.5802,18.1474,17.8221,11.5705,11.5705,24.3571,6.08927
53.9869,18.2973,99.8642,1.93149,46.6969,0.727736,0.258819,-0.965926,0.674069,0.738668,5896.33,4911.67,4787,5353.33,1920,689.667,0,0,6490.33,5258.08,441.989,3603.53,1558.9,1868.99,2062.43,52.9874,20.8296,18.18,17.8631,-6.33667,-6.33667,3.5102,0.87755
44.5949,18.3397,99.8737,1.82031,48.6107,0.750235,0.19509,-0.980785,0.674069,0.738668,6874.33,5896.33,4911.67,5437.33,2932.67,1475.33,0,0,5886.33,5617.33,843.402,4053.44,1655.84,2155.42,2251.65,51.9146,22.6878,18.2228,17.9063,-9.39207,-9.39207,-4.29127,-1.07282
73.4231,18.3546,99.8597,1.22931,50.2766,0.769138,0.130526,-0.991445,0.674069,0.738668,8684.67,6874.33,5896.33,4787,3642.33,1573.33,0,0,7073.67,6591.75,1393.42,4646.06,1914.52,2517.28,2553.76,58.0821,25.7471,18.3011,17.9468,28.8283,28.8283,24.6701,6.16752
65.3393,18.6382,99.8643,1.14409,51.6619,0.784364,0.0654031,-0.997859,0.674069,0.738668,7830.33,8684.67,6874.33,4911.67,3221.33,2091.67,0,0,6830.67,7321.42,1042.62,5124.28,1933.37,2843.54,2706.92,59.336,28.4695,18.4074,17.9952,-8.08387,-8.08387,5.01567,1.25392
34.5169,18.7129,99.8664,1.00814,52.7352,0.795846,1.22465e-16,-1,0.674069,0.738668,10111,7830.33,8684.67,5896.33,5353.33,1920,0,0,8887.67,8375.08,1189.35,5806.86,2118.65,3264.83,3002.28,54.4686,29.9077,18.5114,18.0461,-30.8223,-30.8223,-19.47,-4.8675
17.7039,18.8007,99.8619,0.94471,53.4691,0.803536,-0.0654031,-0.997859,0.674069,0.738668,9445.33,10111,7830.33,6874.33,5437.33,2932.67,0,0,10071.7,9017.83,851.311,6349.58,2146.84,3658.39,3163.27,47.7458,30.6454,18.6266,18.0995,-16.8131,-16.8131,-26.891,-6.72275
93.0081,18.7469,99.8724,0.84262,53.8427,0.8074,-0.130526,-0.991445,0.674069,0.738668,9012.67,9445.33,10111,8684.67,4787,3642.33,0,0,10147,9099.83,830.821,6797.11,2094.96,4033.92,3240.69,52.642,34.5207,18.7247,18.1478,75.3042,75.3042,19.5849,4.89623
86.7749,18.8881,99.8926,1.13036,53.8448,0.807422,-0.19509,-0.980785,0.674069,0.738668,9350,9012.67,9445.33,7830.33,4911.67,3221.33,0,0,10295,9479.75,398.329,7307.83,1898.85,4423.5,3293.91,58.0009,38.1363,18.7872,18.2036,-6.23313,-6.23313,21.4357,5.35892
83.5182,18.8547,99.9158,1.97613,53.4755,0.803602,-0.258819,-0.965926,0.674069,0.738668,9762.67,9350,9012.67,10111,5896.33,5353.33,0,0,9184.33,9392.67,267.345,7675.28,1911.66,4830.28,3325.18,70.2513,41.5292,18.8226,18.2519,-3.25673,-3.25673,49.0013,12.2503
107.409,18.8881,99.9008,1.9885,52.7456,0.795956,-0.321439,-0.94693,0.674069,0.738668,7083.33,9762.67,9350,9445.33,6874.33,5437.33,0,0,9713.33,8802.17,1027.3,7812.44,1802.08,5125.42,3195.17,92.6775,45.3571,18.8445,18.3015,23.8905,23.8905,89.7049,22.4262
79.035,18.7217,99.9127,1.54944,51.676,0.784517,-0.382683,-0.92388,0.674069,0.738668,6580.33,7083.33,9762.67,9012.67,8684.67,4787,335.333,0,9922.67,8194.08,1381.53,7961.89,1609,5385.62,3045.25,89.1842,47.9877,18.8382,18.342,-28.3737,-28.3737,-13.9731,-3.49327
65.6011,18.7285,99.9134,1.49437,50.2941,0.769334,-0.442289,-0.896873,0.674069,0.738668,7374,6580.33,7083.33,9350,7830.33,4911.67,588.333,0,8902,7700.08,1224.21,8167.08,1341.73,5668.36,2898.18,83.8908,50.0417,18.7983,18.3792,-13.4339,-13.4339,-21.1738,-5.29345
17.797,18.6763,99.8933,1.99821,48.6313,0.750472,-0.5,-0.866025,0.674069,0.738668,7565.33,7374,6580.33,9762.67,10111,5896.33,689.667,0,7423.67,7150.75,371.362,8306.17,1175.32,5954.85,2726.62,67.4605,50.0883,18.7537,18.4094,-47.8041,-47.8041,-65.7212,-16.4303
36.4322,18.7419,99.8947,1.26871,46.72,0.728013,-0.55557,-0.83147,0.674069,0.738668,8487,7565.33,7374,7083.33,9445.33,6874.33,1475.33,0,7078.67,7501.67,678.249,8440.56,1093.26,6247,2603.88,49.7163,50.9149,18.7171,18.4394,18.6352,18.6352,-70.9765,-17.7441
102.999,18.6665,99.8828,1.68046,44.5919,0.702052,-0.608761,-0.793353,0.674069,0.738668,6979.67,8487,7565.33,6580.33,9012.67,8684.67,1573.33,0,6647,7601.5,553.139,8298.47,1160.99,6472.26,2416.96,55.7073,54.5192,18.7033,18.4666,66.5665,66.5665,23.9637,5.99093
42.0346,18.7873,99.918,1.76211,42.276,0.672702,-0.659346,-0.75184,0.674069,0.738668,7336,6979.67,8487,7374,9350,7830.33,2091.67,0,6028,7592,557.276,8257.28,1185.39,6690.78,2241.75,49.8156,55.5768,18.718,18.4959,-60.9641,-60.9641,-23.5665,-5.89163
83.3037,18.9306,99.9016,1.99776,39.7985,0.64009,-0.707107,-0.707107,0.674069,0.738668,7657.33,7336,6979.67,7565.33,9762.67,10111,1920,0,6268,7615,557.599,8052.81,1052.13,6929.83,2014.67,66.1923,58.3049,18.7816,18.5263,41.2691,41.2691,65.5067,16.3767
52.9863,18.9337,99.9097,1.87375,37.1825,0.604355,-0.75184,-0.659346,0.674069,0.738668,6409.67,7657.33,7336,8487,7083.33,9445.33,2932.67,0,5330,7095.67,462.948,7799.83,1051.84,7074.71,1839.42,70.3308,59.3871,18.8295,18.5567,-30.3174,-30.3174,16.5541,4.13853
54.3247,18.9547,99.9091,1.40332,34.4476,0.565653,-0.793353,-0.608761,0.674069,0.738668,4844,6409.67,7657.33,6979.67,6580.33,9012.67,3642.33,0,4356.33,6561.75,1092.42,7452.44,1261.42,7124.78,1759.94,58.1623,59.9664,18.9016,18.5932,1.33833,1.33833,-48.6741,-12.1685
49.7171,18.7181,99.9009,1.69063,31.611,0.52415,-0.83147,-0.55557,0.674069,0.738668,3736.33,4844,6409.67,7336,7374,9350,3221.33,0,3960,5661.83,1493.12,6984.64,1491,7146.24,1714.78,60.083,60.5394,18.8843,18.6238,-4.60753,-4.60753,7.68253,1.92063
28.4323,18.5824,99.9067,1.77896,28.6871,0.480027,-0.866025,-0.5,0.674069,0.738668,3155,3736.33,4844,7657.33,7565.33,9762.67,5353.33,0,3644.33,4536.25,1240.17,6434,1580.8,7054.64,1860.62,46.3651,59.6209,18.7972,18.6411,-21.2848,-21.2848,-54.8714,-13.7178
22.4857,18.7851,99.87,1.6957,25.6884,0.433477,-0.896873,-0.442289,0.674069,0.738668,3179,3155,3736.33,6409.67,8487,7083.33,5437.33,0,3007.33,3728.58,684.7,6108.64,1800.24,6960.54,1992.46,38.74,58.5208,18.7601,18.6668,-5.9466,-5.9466,-30.5006,-7.62515
23.9803,18.5075,99.8905,1.75913,22.6254,0.384705,-0.92388,-0.382683,0.674069,0.738668,2197.67,3179,3155,4844,6979.67,6580.33,4787,0,2198.33,3067,553.181,5743.42,2088.92,6852.65,2169.48,31.1539,57.4886,18.6483,18.6862,1.49453,1.49453,-30.3444,-7.5861
34.608,18.3851,99.9263,1.85135,19.5074,0.333929,-0.94693,-0.321439,0.674069,0.738668,2139.33,2197.67,3179,3736.33,7336,7374,4911.67,0,1963.33,2667.75,499.748,5307.19,2243.69,6737.14,2337.08,27.3766,56.4172,18.5651,18.6934,10.6277,10.6277,-15.1091,-3.77728
27.6822,18.6492,99.8671,1.88493,16.3428,0.281383,-0.965926,-0.258819,0.674069,0.738668,1100,2139.33,2197.67,3155,7657.33,7565.33,5896.33,0,1548,2154,735.47,4768.42,2407.07,6537.29,2591.64,27.1891,55.3211,18.5818,18.708,-6.9258,-6.9258,-0.750133,-0.187533
17.4223,18.5993,99.8873,1.64778,13.1395,0.227323,-0.980785,-0.19509,0.674069,0.738668,574.333,1100,2139.33,3179,6409.67,8487,6874.33,0,1269.67,1502.83,691.432,4109.03,2381.75,6274.79,2850.35,25.9232,54.1889,18.5353,18.7188,-10.2599,-10.2599,-5.0634,-1.26585
0,19.0889,99.8776,1.61973,-13.6097,-0.235306,1,6.12323e-17,0.686676,0.726964,0,0,0,0,0,0,0,0,0,0,0,0,0,0,0,0,0,19.1368,19.2491,0,0,0,0
0,19.1254,99.888,0.784121,-10.1916,-0.17694,0.997859,-0.0654031,0.686676,0.726964,0,0,0,0,0,0,0,0,0,0,0,0,0,0,0,0,0,19.1295,19.2397,0,0,0,0
0,19.1478,99.8822,0.545631,-6.788,-0.118196,0.991445,-0.130526,0.686676,0.726964,0,0,0,0,0,0,0,0,0,0,0,0,0,0,0,0,0,19.1306,19.2397,0,0,0,0
0,19.2756,99.8761,0.847701,-3.40106,-0.0593248,0.980785,-0.19509,0.686676,0.726964,0,0,0,0,0,0,0,0,0,0,0,0,0,0,0,0,0,19.1594,19.2478,0,0,0,0
3.3122,19.3456,99.8887,0.798299,0.452858,0.00790378,0.965926,-0.258819,0.686676,0.726964,99,0,0,0,0,0,0,0,0,24.75,42.8683,8.25,27.3622,4.125,19.7828,0.82805,0.138008,19.2236,19.2584,3.3122,3.3122,3.3122,0.82805
16.3917,19.4283,99.8703,0.813227,3.5265,0.0615102,0.94693,-0.321439,0.686676,0.726964,167,99,0,0,0,0,0,0,0,66.5,70.7124,22.1667,51.473,11.0833,38.047,4.92597,0.820994,19.2993,19.2732,13.0795,13.0795,16.3917,4.09792
16.7819,19.4664,99.8902,1.44691,6.76289,0.117761,0.92388,-0.382683,0.686676,0.726964,410.667,167,99,0,0,0,0,0,335.333,169.167,151.548,56.3889,118.385,28.1944,88.3315,9.12145,1.52024,19.379,19.2887,0.390267,0.390267,16.7819,4.19548
17.1132,19.4537,99.8731,1.48198,10.018,0.173958,0.896873,-0.442289,0.686676,0.726964,836.667,410.667,167,0,0,0,0,0,588.333,378.333,288.879,126.111,244.182,63.0556,183.817,13.3997,2.23329,19.4235,19.3012,0.331267,0.331267,17.1132,4.2783
17.0469,19.5485,99.8717,2.0218,13.2578,0.229333,0.866025,-0.5,0.686676,0.726964,1716,836.667,410.667,99,0,0,0,0,689.667,782.583,589.8,269.111,498.494,134.556,377.297,16.8334,2.94358,19.4742,19.3169,-0.0662667,-0.0662667,13.7347,3.43368
17.5991,19.6166,99.8895,2.28147,16.4685,0.283487,0.83147,-0.55557,0.686676,0.726964,2380,1716,836.667,167,0,0,0,0,1475.33,1335.83,764.838,467.444,757.922,233.722,584.679,17.1353,3.67688,19.5213,19.3304,0.552133,0.552133,1.2074,0.30185
17.6505,19.744,99.8804,1.42661,19.6411,0.336127,0.793353,-0.608761,0.686676,0.726964,2832,2380,1716,410.667,0,0,0,0,1573.33,1941.17,751.129,703.444,983.091,351.722,779.065,17.3524,4.41231,19.5907,19.3464,0.0514,0.0514,0.868533,0.217133
17.9297,19.8977,99.8851,1.1735,22.7676,0.386995,0.75184,-0.659346,0.686676,0.726964,3402.33,2832,2380,836.667,0,0,0,0,2091.67,2582.58,617.698,986.972,1204.92,493.486,984.607,17.5565,5.15938,19.7017,19.3675,0.2792,0.2792,0.816467,0.204117
17.988,20.005,99.8791,1.64525,25.8399,0.435858,0.707107,-0.707107,0.686676,0.726964,4598.33,3402.33,2832,1716,99,0,0,0,1920,3303.17,830.892,1370.17,1520.08,685.083,1274.62,17.7918,5.90888,19.8158,19.3927,0.0583333,0.0583333,0.941067,0.235267
18.0471,20.0835,99.885,1.26945,28.8487,0.482498,0.659346,-0.75184,0.686676,0.726964,5659,4598.33,3402.33,2380,167,0,0,0,2932.67,4122.92,1092.16,1841.75,1861.36,920.875,1606.34,17.9038,6.66084,19.9326,19.4219,0.0590667,0.0590667,0.448,0.112
18.3418,20.1874,99.9187,1.46377,31.7834,0.52671,0.608761,-0.793353,0.686676,0.726964,6624.33,5659,4598.33,2832,410.667,0,0,0,3642.33,5071,1200.67,2393.78,2187.09,1196.89,1955.56,18.0766,7.42508,20.0434,19.4556,0.294733,0.294733,0.691333,0.172833
17.7451,20.2351,99.9217,1.9812,34.6318,0.5683,0.55557,-0.83147,0.686676,0.726964,6306.67,6624.33,5659,3402.33,836.667,0,0,0,3221.33,5797.08,774.611,2919.33,2303.37,1459.67,2187.1,18.0305,8.16446,20.1278,19.4925,-0.596667,-0.596667,-0.184533,-0.0461333
17.9586,20.3143,99.9359,1.26245,37.3792,0.607087,0.5,-0.866025,0.686676,0.726964,9474,6306.67,6624.33,4598.33,1716,99,0,0,5353.33,7016,1461.14,3700.58,2759.1,1854.42,2686.08,18.0231,8.91274,20.2051,19.5313,0.213467,0.213467,-0.0294,-0.00735
18.2455,20.3358,99.9246,0.676219,40.0087,0.642904,0.442289,-0.896873,0.686676,0.726964,9741.67,9474,6306.67,5659,2380,167,0,0,5437.33,8036.67,1578.02,4498.47,2996.11,2260.32,3082.04,18.0728,9.67297,20.2682,19.5725,0.286933,0.286933,0.198467,0.0496167
18.3335,20.5947,99.9181,0.877253,42.5005,0.675597,0.382683,-0.92388,0.686676,0.726964,9555.67,9741.67,9474,6624.33,2832,410.667,0,0,4787,8769.5,1425.22,5260.56,3022.36,2658.47,3368.26,18.0707,10.4369,20.37,19.6224,0.088,0.088,-0.00826667,-0.00206667
18.5754,21.0381,99.9088,1.29886,44.8314,0.705023,0.321439,-0.94693,0.686676,0.726964,10053,9555.67,9741.67,6306.67,3402.33,836.667,0,0,4911.67,9706.08,222.545,6028.58,2971.17,3077.35,3626.78,18.2783,11.2108,20.5707,19.6908,0.241867,0.241867,0.830267,0.207567
95.4453,21.12,99.8864,1.26723,46.975,0.731056,0.258819,-0.965926,0.686676,0.726964,9144.33,10053,9555.67,9474,4598.33,1716,0,0,5896.33,9623.67,328.875,6647.61,2775.57,3458.36,3761.31,37.6499,15.1877,20.7722,19.7713,76.8699,76.8699,77.4867,19.3717
57.4383,21.2334,99.9027,0.955714,48.9019,0.753585,0.19509,-0.980785,0.686676,0.726964,9373.33,9144.33,10053,9741.67,5659,2380,0,0,6874.33,9531.58,334.463,7230.39,2542.75,3848.92,3867.09,47.4482,17.581,20.9965,19.8579,-38.007,-38.007,39.1928,9.7982
18.9201,21.0104,99.8922,1.21462,50.58,0.772512,0.130526,-0.991445,0.686676,0.726964,11985.7,9373.33,9144.33,9555.67,6624.33,2832,0,0,8684.67,10139.1,1117.27,7993.19,2481.12,4348.32,4104.43,47.5948,18.3693,21.1005,19.9357,-38.5182,-38.5182,0.5866,0.14665
23.9829,21.2559,99.8875,0.84273,51.9763,0.787757,0.0654031,-0.997859,0.686676,0.726964,15540.7,11985.7,9373.33,10053,6306.67,3402.33,0,0,7830.33,11511,2580.42,9004.72,2850.17,4995.85,4567.14,48.9467,19.3686,21.1549,20.023,5.0628,5.0628,5.40753,1.35188
176.645,21.3171,99.8961,0.863763,53.0587,0.799252,1.22465e-16,-1,0.686676,0.726964,18467.7,15540.7,11985.7,9144.33,9474,4598.33,0,0,10111,13841.8,3453.16,10160.5,3554.14,5765.33,5175.79,69.2467,26.7288,21.2042,20.1158,152.662,152.662,81.2,20.3
166.363,21.3003,99.8915,1.19279,53.799,0.80695,-0.0654031,-0.997859,0.686676,0.726964,22182.3,18467.7,15540.7,9373.33,9741.67,5659,0,0,9445.33,17044.1,3750.87,11537.4,4592.49,6689.6,5981.59,96.478,33.6607,21.2209,20.2065,-10.2819,-10.2819,108.925,27.2313
202.393,21.5677,99.8772,1.76427,54.1757,0.810816,-0.130526,-0.991445,0.686676,0.726964,35893,22182.3,18467.7,11985.7,9555.67,6624.33,0,0,9012.67,23020.9,7795.51,13976.5,7909.69,8185.14,8198.36,142.346,42.0937,21.3603,20.3073,36.0297,36.0297,183.473,45.8683
231.149,21.8956,99.8507,1.44401,54.1776,0.810835,-0.19509,-0.980785,0.686676,0.726964,38538.7,35893,22182.3,15540.7,10053,6306.67,0,0,9350,28770.4,8597.96,16662.5,10036,9790.92,10011.6,194.138,51.7249,21.5202,20.4165,28.7561,28.7561,207.166,51.7916
326.275,22.6361,99.9086,1.58127,53.8044,0.807006,-0.258819,-0.965926,0.686676,0.726964,41824.3,38538.7,35893,18467.7,9144.33,9474,99,0,9762.67,34609.6,7476.2,19358.4,11912.5,11529.5,11664.1,231.545,65.1817,21.8499,20.5536,95.1257,95.1257,149.63,37.4074
287.412,23.1736,96.8878,1.42978,53.0677,0.799346,-0.321439,-0.94693,0.686676,0.726964,38728.7,41824.3,38538.7,22182.3,9373.33,9741.67,167,0,7083.33,38746.2,2101.13,21773.9,12634.6,13136.2,12606.2,261.807,76.4742,22.3183,20.7096,-38.8625,-38.8625,121.049,30.2622
406.706,23.7634,88.5361,1.46173,51.9885,0.787887,-0.382683,-0.92388,0.686676,0.726964,38034.7,38728.7,41824.3,35893,11985.7,9555.67,410.667,0,6580.33,39281.6,1489.8,24147.2,12790.4,14703.9,13249.2,312.886,92.7211,22.8672,20.8887,119.294,119.294,204.313,51.0782
294.182,23.5802,86.5881,1.74243,50.5951,0.772679,-0.442289,-0.896873,0.686676,0.726964,29403,38034.7,38728.7,38538.7,15540.7,10053,836.667,0,7374,36997.7,4611.06,25759.7,12113.7,15894.1,13233.1,328.644,104.266,23.2883,21.0606,-112.524,-112.524,63.0327,15.7582
375.889,23.8733,83.3163,1.80727,48.9195,0.753787,-0.5,-0.866025,0.686676,0.726964,34949.7,29403,38034.7,41824.3,18467.7,9144.33,1716,0,7565.33,35279,3678.65,27910.1,11231.7,17278.9,13414.6,341.047,119.217,23.5976,21.2408,81.7074,81.7074,49.6144,12.4036
231.067,23.5809,84.6493,1.57989,46.9949,0.731292,-0.55557,-0.83147,0.686676,0.726964,33331,34949.7,29403,38728.7,22182.3,9373.33,2380,0,8487,33929.6,3112.1,29906.6,9796.86,18568.5,13408,326.961,128.112,23.6994,21.406,-144.822,-144.822,-56.3455,-14.0864
44.0895,23.809,81.625,1.67956,44.8531,0.705292,-0.608761,-0.793353,0.686676,0.726964,31737,33331,34949.7,38034.7,35893,11985.7,2832,0,6979.67,32355.2,2048.24,31552.6,8172.22,19772.9,13237.5,236.307,129.213,23.7108,21.5754,-186.977,-186.977,-362.617,-90.6541
71.1399,23.8359,81.9897,1.82427,42.5239,0.675897,-0.659346,-0.75184,0.686676,0.726964,29341,31737,33331,29403,38538.7,15540.7,3402.33,0,7336,32339.7,2070.63,32702.6,6671.22,20853.7,12911.7,180.546,131.431,23.7748,21.7394,27.0505,27.0505,-223.042,-55.7605
425.036,23.8224,80.9791,1.87887,40.0335,0.643235,-0.707107,-0.707107,0.686676,0.726964,28237.3,29341,31737,34949.7,41824.3,18467.7,4598.33,0,7657.33,30661.6,1993.94,33516.7,5349.56,21838.6,12530.1,192.833,148.391,23.7621,21.8985,353.896,353.896,49.1467,12.2867
124.233,23.5225,80.8207,1.77101,37.4051,0.607447,-0.75184,-0.659346,0.686676,0.726964,24275.7,28237.3,29341,33331,38728.7,22182.3,5659,0,6409.67,28397.8,2695.26,33691.2,4999.81,22614.3,12072.3,166.125,152.815,23.7474,22.0418,-300.803,-300.803,-106.834,-26.7084
234.705,23.5614,80.5084,1.58989,34.6587,0.568686,-0.793353,-0.608761,0.686676,0.726964,21536,24275.7,28237.3,31737,38034.7,35893,6624.33,0,4844,25847.5,3121.52,32494.8,5956.09,23235.6,11608.2,213.779,161.83,23.6856,22.1824,110.472,110.472,190.616,47.6539
108.021,23.4577,81.246,1.69134,31.8112,0.527121,-0.83147,-0.55557,0.686676,0.726964,19141,21536,24275.7,29341,29403,38538.7,6306.67,0,3736.33,23297.5,3381.5,30878.3,6684.18,23770.4,11100.5,222.999,165.592,23.591,22.3167,-126.684,-126.684,36.8812,9.2203
178.971,23.1525,82.8789,1.71253,28.8771,0.482933,-0.866025,-0.5,0.686676,0.726964,15726,19141,21536,28237.3,34949.7,41824.3,9474,0,3155,20169.7,3143.66,28703.4,7006.86,24030.9,10832.1,161.483,172.301,23.4235,22.4349,70.9501,70.9501,-246.065,-61.5162
133.061,22.6542,84.9898,1.6145,25.8689,0.436314,-0.896873,-0.442289,0.686676,0.726964,13279.3,15726,19141,24275.7,33331,38728.7,9741.67,0,3179,17420.6,3159.04,26582.6,7486.53,24178.3,10659.3,163.69,177.085,23.2064,22.5315,-45.9099,-45.9099,8.82807,2.20702
129.834,22.5484,86.1468,0.922724,22.7972,0.38747,-0.92388,-0.382683,0.686676,0.726964,11021,13279.3,15726,21536,31737,38034.7,9555.67,0,2197.67,14791.8,3012.26,24331.5,7760.92,24239.3,10579.3,137.472,181.731,22.9532,22.6129,-3.2274,-3.2274,-104.871,-26.2178
25.9365,22.5595,86.0806,0.679275,19.671,0.336619,-0.94693,-0.321439,0.686676,0.726964,8334.33,11021,13279.3,19141,29341,29403,10053,0,2139.33,12090.2,2733.26,22575.8,8736.8,24167.7,10680.4,116.951,182.037,22.7286,22.6763,-103.898,-103.898,-82.0847,-20.5212
23.6801,22.1012,87.7497,0.820729,16.4987,0.283994,-0.965926,-0.258819,0.686676,0.726964,6219.67,8334.33,11021,15726,28237.3,34949.7,9144.33,0,1100,9713.58,2670.85,20181.6,8951.75,24045.9,10866.2,78.128,179.047,22.4658,22.7172,-2.2564,-2.2564,-155.291,-38.8228
22.4756,21.9351,88.1621,0.571465,13.2884,0.229852,-0.980785,-0.19509,0.686676,0.726964,3940.33,6219.67,8334.33,13279.3,24275.7,33331,9373.33,0,574.333,7378.83,2614.64,17732.4,9039.24,23819.5,11220.3,50.4815,177.59,22.2861,22.7464,-1.20447,-1.20447,-110.586,-27.6465
0,15.2341,73.0679,6.37789,-13.4889,-0.233256,1,6.12323e-17,0.699079,0.715044,0,0,0,0,0,0,0,137.333,0,0,0,0,0,0,0,0,0,15.2944,17.2732,0,0,0,0
0,15.2059,71.7514,6.23714,-10.0675,-0.174808,0.997859,-0.0654031,0.699079,0.715044,0,0,0,0,0,0,0,0,0,0,0,0,0,0,0,0,0,15.259,17.022,0,0,0,0
0,15.0596,71.5357,5.17928,-6.66017,-0.11598,0.991445,-0.130526,0.699079,0.715044,0,0,0,0,0,0,0,0,0,0,0,0,0,0,0,0,0,15.1976,16.7771,0,0,0,0
0,14.7781,70.6856,4.84045,-3.26913,-0.0570261,0.980785,-0.19509,0.699079,0.715044,0,0,0,0,0,0,0,0,0,0,0,0,0,0,0,0,0,15.0694,16.528,0,0,0,0
5.51447,14.6543,70.2178,5.25809,0.569786,0.00994449,0.965926,-0.258819,0.699079,0.715044,139.333,0,0,0,0,0,0,0,99,34.8333,60.3331,11.6111,38.5097,5.80556,27.8425,1.37862,0.229769,14.9244,16.2838,5.51447,5.51447,5.51447,1.37862
20.9831,14.5879,70.4894,4.88792,3.66226,0.063875,0.94693,-0.321439,0.699079,0.715044,452,139.333,0,0,0,0,0,0,167,147.833,184.593,49.2778,127.338,24.6389,93.3515,6.62438,1.10406,14.7699,16.0455,15.4686,15.4686,20.9831,5.24577
21.109,14.4238,71.3984,4.52339,6.90727,0.120263,0.92388,-0.382683,0.699079,0.715044,1280.67,452,139.333,0,0,0,0,0,410.667,468,496.923,156,361.915,78,267.536,11.9016,1.98361,14.611,15.8464,0.125933,0.125933,21.109,5.27725
21.1016,14.3504,70.95,5.45573,10.1693,0.176557,0.896873,-0.442289,0.699079,0.715044,2900.67,1280.67,452,0,0,0,0,0,836.667,1193.17,1070.41,397.722,835.638,198.861,623.451,17.177,2.86284,14.5041,15.6791,-0.0074,-0.0074,21.1016,5.2754
21.212,14.2833,69.7065,6.57733,13.4158,0.232016,0.866025,-0.5,0.699079,0.715044,2362.33,2900.67,1280.67,139.333,0,0,0,0,1716,1748.92,949.218,594.583,983.868,297.292,756.558,21.1014,3.74667,14.4113,15.5318,0.1104,0.1104,15.6975,3.92438
21.2047,14.2639,69.9908,7.46114,16.6335,0.286249,0.83147,-0.55557,0.699079,0.715044,4357,2362.33,2900.67,452,0,0,0,0,2380,2725.17,1108.14,957.667,1409.38,478.833,1105.65,21.1568,4.6302,14.3303,15.405,-0.00726667,-0.00726667,0.221667,0.0554167
21.3671,14.2035,69.0183,8.26046,19.8137,0.338962,0.793353,-0.608761,0.699079,0.715044,4362.67,4357,2362.33,1280.67,0,0,0,0,2832,3495.67,884.88,1321.22,1656.48,660.611,1344.76,21.2213,5.5205,14.2753,15.2902,0.162333,0.162333,0.258067,0.0645167
21.3748,14.2727,69.2055,6.44314,22.9483,0.389901,0.75184,-0.659346,0.699079,0.715044,6632,4362.67,4357,2900.67,0,0,0,0,3402.33,4428.5,1511.12,1873.89,2154.85,936.944,1788.73,21.2896,6.41111,14.2559,15.187,0.00773333,0.00773333,0.2732,0.0683
22.0079,14.3175,68.284,6.38895,26.0293,0.438831,0.707107,-0.707107,0.699079,0.715044,7669.67,6632,4362.67,2362.33,139.333,0,0,0,4598.33,5755.33,1442.92,2513.03,2596.44,1256.51,2224.77,21.4886,7.32811,14.2644,15.094,0.633067,0.633067,0.795867,0.198967
22.4794,14.4962,67.8951,6.90661,29.0474,0.485534,0.659346,-0.75184,0.699079,0.715044,8390.33,7669.67,6632,4357,452,0,0,0,5659,6763.67,1520.61,3212.22,2933.41,1606.11,2623.37,21.8073,8.26475,14.3225,15.0189,0.471533,0.471533,1.27467,0.318667
22.9207,14.5043,67.5062,7.85448,31.9922,0.529804,0.608761,-0.793353,0.699079,0.715044,7139,8390.33,7669.67,4362.67,1280.67,0,0,0,6624.33,7457.75,651.553,3807.14,2945.52,1903.57,2821.64,22.1957,9.21978,14.3977,14.9464,0.441267,0.441267,1.5536,0.3884
23.0898,14.3497,67.0286,8.80439,34.8513,0.571448,0.55557,-0.83147,0.699079,0.715044,8498.33,7139,8390.33,6632,2900.67,0,0,0,6306.67,7924.33,554.129,4515.33,2966.59,2257.67,3081.78,22.6244,10.1819,14.4169,14.8739,0.169133,0.169133,1.715,0.42875
23.0295,14.2811,66.9824,7.50667,37.6102,0.610286,0.5,-0.866025,0.699079,0.715044,8464.33,8498.33,7139,7669.67,2362.33,139.333,0,0,9474,8123,569.453,5209.08,2832.51,2610.35,3281.12,22.8799,11.1414,14.4078,14.8064,-0.0602667,-0.0602667,1.02167,0.255417
23.1545,14.2879,66.0801,6.92257,40.2519,0.646149,0.442289,-0.896873,0.699079,0.715044,10109.3,8464.33,8498.33,8390.33,4357,452,0,0,9741.67,8552.75,1052.67,6013.86,2736.91,3031.57,3556.33,23.0486,12.1062,14.3558,14.7426,0.124933,0.124933,0.675067,0.168767
23.6844,14.6006,65.3636,6.28043,42.7563,0.678882,0.382683,-0.92388,0.699079,0.715044,18502,10109.3,8464.33,7139,4362.67,1280.67,0,0,9555.67,11393.5,4157.58,7448.97,4069.44,3802.49,4652.15,23.2395,13.093,14.3798,14.7027,0.529933,0.529933,0.763733,0.190933
24.8696,14.9619,64.1103,5.6356,45.1003,0.708344,0.321439,-0.94693,0.699079,0.715044,19860,18502,10109.3,8498.33,6632,2900.67,0,0,10053,14233.9,5004.24,8862.25,5067.07,4629.99,5576.63,23.6845,14.1293,14.5329,14.6858,1.1852,1.1852,1.7798,0.44495
27.498,15.8627,62.1296,4.16157,47.2573,0.734409,0.258819,-0.965926,0.699079,0.715044,16439.3,19860,18502,8464.33,7669.67,2362.33,0,0,9144.33,16227.7,3736.48,10035.3,5055.95,5314.96,5962.15,24.8016,15.275,14.9283,14.7051,2.6284,2.6284,4.46847,1.11712
30.0741,16.3321,59.8324,4.63655,49.1972,0.756963,0.19509,-0.980785,0.699079,0.715044,20133.7,16439.3,19860,10109.3,8390.33,4357,0,0,9373.33,18733.8,1461.7,11350.1,5444.75,6153.86,6543.41,26.5315,16.5281,15.4393,14.7461,2.57613,2.57613,6.91967,1.72992
30.795,16.3571,59.8058,4.28081,50.8877,0.775911,0.130526,-0.991445,0.699079,0.715044,21230.7,20133.7,16439.3,18502,7139,4362.67,0,0,11985.7,19415.9,1793.44,12755.7,5633.49,7038.47,7065.91,28.3092,17.8112,15.8784,14.79,0.720867,0.720867,7.1106,1.77765
31.7738,16.6299,58.6136,4.09984,52.295,0.791171,0.0654031,-0.997859,0.699079,0.715044,24778.3,21230.7,20133.7,19860,8498.33,6632,0,0,15540.7,20645.5,2973.91,14267.9,6194.34,8070.9,7740.13,30.0352,19.1351,16.2955,14.8458,0.9788,0.9788,6.9042,1.72605
34.2826,17.3682,56.8945,3.25751,53.3864,0.802676,1.22465e-16,-1,0.699079,0.715044,28830.3,24778.3,21230.7,16439.3,8464.33,7669.67,0,0,18467.7,23743.2,3401.91,16031.3,7021.69,9272.17,8585.38,31.7314,20.5636,16.6718,14.9347,2.5088,2.5088,6.7846,1.69615
295.258,18.3443,53.5945,3.63739,54.1329,0.810378,-0.0654031,-0.997859,0.699079,0.715044,25962.3,28830.3,24778.3,20133.7,10109.3,8390.33,0,0,22182.3,25200.4,2724.61,17495.6,7107.27,10353.9,8975.7,98.0273,32.866,17.1749,15.0655,260.975,260.975,265.184,66.2959
692.359,18.7996,52.897,2.8883,54.5127,0.814244,-0.130526,-0.991445,0.699079,0.715044,22513,25962.3,28830.3,21230.7,18502,7139,0,0,35893,25521,2277.39,18776.8,6483.16,11292,9020.89,263.418,61.7143,17.7855,15.2213,397.101,397.101,661.564,165.391
628.821,19.5263,52.1125,2.87262,54.5139,0.814256,-0.19509,-0.980785,0.699079,0.715044,19650.7,22513,25962.3,24778.3,19860,8498.33,0,0,38538.7,24239.1,3467.06,19706.2,5694.51,12110.8,8848.98,412.68,87.9151,18.5096,15.4191,-63.5379,-63.5379,597.047,149.262
565.936,19.3515,52.6139,3.07201,54.1365,0.810415,-0.258819,-0.965926,0.699079,0.715044,15673,19650.7,22513,28830.3,16439.3,8464.33,139.333,0,41824.3,20949.8,3778.28,20306.9,4784.4,12758,8511.33,545.593,111.266,19.0054,15.6149,-62.8847,-62.8847,531.653,132.913
482.512,19.4075,52.6662,2.43431,53.3923,0.802738,-0.321439,-0.94693,0.699079,0.715044,15545.7,15673,19650.7,25962.3,20133.7,10109.3,452,0,38728.7,18345.6,2917.74,20759.9,3988.55,13386.9,8127.8,592.407,130.496,19.2712,15.8157,-83.424,-83.424,187.254,46.8135
414.001,19.3074,53.8974,1.50197,52.3031,0.791257,-0.382683,-0.92388,0.699079,0.715044,23522.7,15545.7,15673,22513,21230.7,18502,1280.67,0,38034.7,18598,3287.58,21178.3,3993.08,14313.6,7960.92,522.818,146.867,19.3982,16.0191,-68.5107,-68.5107,-278.357,-69.5893
594.957,19.2517,53.4869,1.71712,50.8977,0.776021,-0.442289,-0.896873,0.699079,0.715044,26103,23522.7,15545.7,19650.7,24778.3,19860,2900.67,0,29403,20211.1,4691.52,21698.6,4189.31,15280.4,7924.99,514.352,170.778,19.3295,16.2234,180.955,180.955,-33.864,-8.466
669.388,19.9438,52.1456,1.64798,49.2089,0.757096,-0.5,-0.866025,0.699079,0.715044,34449.7,26103,23522.7,15673,28830.3,16439.3,2362.33,0,34949.7,24905.2,6746.18,23199.4,5151.89,16617.4,8329.2,540.214,197.785,19.4776,16.4592,74.4313,74.4313,103.452,25.863
916.072,21.4743,48.4787,1.95161,47.2704,0.734564,-0.55557,-0.83147,0.699079,0.715044,25495,34449.7,26103,15545.7,25962.3,20133.7,4357,0,33331,27392.6,4184.57,23646.2,5098.85,17498.1,8100.65,648.604,235.071,19.9943,16.7597,246.684,246.684,433.56,108.39
696.207,22.5683,45.2845,1.91187,45.1147,0.708521,-0.608761,-0.793353,0.699079,0.715044,19975,25495,34449.7,23522.7,22513,21230.7,4362.67,0,31737,26505.7,5170.6,23541.6,5159.87,18148.6,7633.07,719.156,263.189,20.8095,17.1082,-219.865,-219.865,282.205,70.5513
560.259,21.949,47.6572,1.87646,42.7717,0.679079,-0.659346,-0.75184,0.699079,0.715044,18731.7,19975,25495,26103,19650.7,24778.3,6632,0,29341,24662.8,6197.36,23037.7,5307.62,18652.8,7245.51,710.481,285.643,21.4839,17.428,-135.948,-135.948,-34.698,-8.6745
501.677,21.1757,48.8781,2.74919,40.2682,0.646366,-0.707107,-0.707107,0.699079,0.715044,17989.7,18731.7,19975,34449.7,15673,28830.3,7669.67,0,28237.3,20547.8,2943.01,22134.3,5165.46,19082.8,6877.84,668.554,305.629,21.7918,17.7138,-58.5813,-58.5813,-167.711,-41.9277
486.518,20.5667,50.2162,2.3281,37.6272,0.610522,-0.75184,-0.659346,0.699079,0.715044,16446,17989.7,18731.7,25495,15545.7,25962.3,8390.33,0,24275.7,18285.6,1277.18,21341.2,5246.74,19418.4,6535.9,561.165,324.964,21.5649,17.9667,-15.1593,-15.1593,-429.554,-107.388
444.187,20.1593,50.3483,2.62519,34.869,0.571702,-0.793353,-0.608761,0.699079,0.715044,14404.7,16446,17989.7,19975,23522.7,22513,7139,0,21536,16893,1656.43,20665.6,5564.8,19721.2,6114.82,498.16,342.517,20.9627,18.2024,-42.3307,-42.3307,-252.019,-63.0048
389.638,19.496,51.5733,2.36449,32.0104,0.530074,-0.83147,-0.55557,0.699079,0.715044,12264.3,14404.7,16446,18731.7,26103,19650.7,8498.33,0,19141,15276.2,2154.2,20050,6031.91,19878.1,5868.16,455.505,357.79,20.3494,18.4168,-54.5493,-54.5493,-170.621,-42.6552
334.868,19.1023,52.2375,2.43691,29.0661,0.485819,-0.866025,-0.5,0.699079,0.715044,9635,12264.3,14404.7,17989.7,34449.7,15673,8464.33,0,15726,13187.5,2528.43,19546.9,6601.04,19926.9,5777.24,413.803,370.783,19.8311,18.6177,-54.77,-54.77,-166.809,-41.7023
269.838,18.7919,53.614,2.53453,26.0484,0.43913,-0.896873,-0.442289,0.699079,0.715044,7394,9635,12264.3,16446,25495,15545.7,10109.3,0,13279.3,10924.5,2647.35,18867.6,7354.3,19813.7,5991.03,359.633,381.061,19.3874,18.8053,-65.03,-65.03,-216.68,-54.17
218.454,18.4964,54.6858,3.40105,22.9677,0.390212,-0.92388,-0.382683,0.699079,0.715044,5741.33,7394,9635,14404.7,19975,23522.7,18502,0,11021,8758.67,2450.73,17385.8,8027.6,19282,6617.35,303.199,389.177,18.9716,18.9677,-51.384,-51.384,-225.733,-56.4333
176.271,17.8967,56.7647,3.96055,19.8333,0.339285,-0.94693,-0.321439,0.699079,0.715044,3716.33,5741.33,7394,12264.3,18731.7,26103,19860,0,8334.33,6621.67,2173.28,15520.2,8378.59,18609.4,7308.79,249.858,395.485,18.5718,19.0899,-42.1833,-42.1833,-213.367,-53.3418
128.955,17.3994,57.3621,3.78713,16.6534,0.286582,-0.965926,-0.258819,0.699079,0.715044,2408.67,3716.33,5741.33,9635,17989.7,34449.7,16439.3,0,6219.67,4815.08,1904.39,12850.1,6894.72,18024.8,7988.52,198.379,399.712,18.1461,19.154,-47.316,-47.316,-205.913,-51.4783
95.1256,17.0275,58.4088,3.18155,13.4359,0.232358,-0.980785,-0.19509,0.699079,0.715044,1448,2408.67,3716.33,7394,16446,25495,20133.7,0,3940.33,3328.58,1608.92,10846.2,6405.56,17246.2,8629.86,154.701,402.423,17.705,19.1829,-33.8291,-33.8291,-174.712,-43.6781
0,10.9696,67.3424,6.34695,-13.3636,-0.231131,1,6.12323e-17,0.711276,0.702913,0,0,0,0,0,0,0,54.3333,0,0,0,0,0,0,0,0,0,11.2904,12.7095,0,0,0,0
0,10.8196,67.9783,6.23025,-9.939,-0.1726,0.997859,-0.0654031,0.711276,0.702913,0,0,0,0,0,0,0,0,0,0,0,0,0,0,0,0,0,11.0836,12.5745,0,0,0,0
0,10.6097,68.9263,5.5001,-6.52807,-0.11369,0.991445,-0.130526,0.711276,0.702913,0,0,0,0,0,0,0,0,0,0,0,0,0,0,0,0,0,10.8981,12.4372,0,0,0,0
0,10.5081,68.4775,6.13149,-3.13301,-0.0546541,0.980785,-0.19509,0.711276,0.702913,60.6667,0,0,0,0,0,0,0,0,15.1667,26.2694,5.05556,16.7674,2.52778,12.1228,0,0,10.7268,12.3008,0,0,0,0
7.03287,10.4359,68.1955,5.5363,0.691229,0.0120639,0.965926,-0.258819,0.711276,0.702913,505.667,60.6667,0,0,0,0,0,0,139.333,141.583,211.658,47.1944,139.239,23.5972,101.245,1.75822,0.293036,10.5933,12.1663,7.03287,7.03287,7.03287,1.75822
37.8012,10.3122,68.5522,4.75738,3.80219,0.066312,0.94693,-0.321439,0.711276,0.702913,1764.67,505.667,60.6667,0,0,0,0,0,452,582.75,709.76,194.25,493.342,97.125,362.114,11.2085,1.86809,10.4665,12.0313,30.7683,30.7683,37.8012,9.4503
68.068,10.4057,69.3655,5.02646,7.05566,0.122834,0.92388,-0.382683,0.711276,0.702913,3373.33,1764.67,505.667,0,0,0,0,0,1280.67,1426.08,1286.27,475.361,1001.71,237.681,747.133,28.2255,4.70425,10.4155,11.9018,30.2668,30.2668,68.068,17.017
112.892,10.6597,68.5045,5.39676,10.3245,0.179222,0.896873,-0.442289,0.711276,0.702913,5560.33,3373.33,1764.67,60.6667,0,0,0,0,2900.67,2801,1889.71,938.722,1710.16,469.361,1297.16,56.4486,9.4081,10.4534,11.7876,44.8244,44.8244,112.892,28.2231
165.947,11.1038,66.5897,4.97539,13.5777,0.234764,0.866025,-0.5,0.711276,0.702913,7945,5560.33,3373.33,505.667,0,0,0,0,2362.33,4660.83,2325.96,1600.81,2550.2,800.403,1972.92,96.1772,16.3226,10.6203,11.7023,53.0549,53.0549,158.914,39.7286
226.961,11.4006,65.0956,4.80741,16.8025,0.289073,0.83147,-0.55557,0.711276,0.702913,10652.7,7945,5560.33,1764.67,0,0,0,0,4357,6882.83,2711.34,2488.53,3511.4,1244.26,2777.26,143.467,25.7793,10.8924,11.6384,61.014,61.014,189.16,47.29
294.329,11.9259,63.2101,4.71849,19.9901,0.341858,0.793353,-0.608761,0.711276,0.702913,13407.7,10652.7,7945,3373.33,0,0,0,0,4362.67,9391.42,2936.42,3605.83,4527.82,1802.92,3674.38,200.032,38.043,11.2725,11.5975,67.3673,67.3673,226.261,56.5652
359.795,12.4157,61.5747,4.77327,23.1328,0.392864,0.75184,-0.659346,0.711276,0.702913,16536.3,13407.7,10652.7,5560.33,60.6667,0,0,0,6632,12135.4,3191.58,4983.86,5608.19,2491.93,4683.55,261.758,53.0345,11.7115,11.5777,65.4667,65.4667,246.903,61.7257
435.861,12.9506,60.3305,4.54235,26.2225,0.441858,0.707107,-0.707107,0.711276,0.702913,19655,16536.3,13407.7,7945,505.667,0,0,0,7669.67,15062.9,3370.77,6621.78,6681.02,3310.89,5768.88,329.237,71.1954,12.1732,11.5803,76.066,76.066,269.914,67.4785
508.843,13.689,57.8529,3.64514,29.2499,0.48862,0.659346,-0.75184,0.711276,0.702913,22954.3,19655,16536.3,10652.7,1764.67,0,0,0,8390.33,18138.3,3551.05,8534.64,7717.02,4267.32,6927.21,399.707,92.3972,12.7453,11.6169,72.982,72.982,281.882,70.4705
585.263,14.3134,56.1456,4.14339,32.2047,0.532946,0.608761,-0.793353,0.711276,0.702913,25924.7,22954.3,19655,13407.7,3373.33,0,0,0,7139,21267.6,3518.48,10695,8603.26,5347.51,8099.63,472.441,116.783,13.3422,11.6883,76.42,76.42,290.935,72.7337
657.854,14.7553,54.2517,3.79973,35.0746,0.574642,0.55557,-0.83147,0.711276,0.702913,29227.3,25924.7,22954.3,16536.3,5560.33,60.6667,0,0,8498.33,24440.3,3543.52,13125.6,9343.71,6565.32,9310.73,546.956,144.194,13.9271,11.7804,72.5907,72.5907,298.059,74.5147
729.388,15.3362,52.4623,3.63968,37.845,0.613527,0.5,-0.866025,0.711276,0.702913,31795.3,29227.3,25924.7,19655,7945,505.667,0,0,8464.33,27475.4,3338.26,15733.1,9812.28,7890.12,10471.9,620.337,174.585,14.5235,11.8995,71.534,71.534,293.527,73.3817
792.197,15.9195,50.8413,3.83622,40.4988,0.649432,0.442289,-0.896873,0.711276,0.702913,32170,31795.3,29227.3,22954.3,10652.7,1764.67,0,0,10109.3,29779.3,2497.13,18266.8,9803.85,9230.54,11394.5,691.175,207.593,15.0811,12.0448,62.8087,62.8087,283.353,70.8383
846.419,16.4252,49.8801,4.00107,43.016,0.682203,0.382683,-0.92388,0.711276,0.702913,30268.3,32170,31795.3,25924.7,13407.7,3373.33,0,0,18502,30865.2,1183.9,20508.1,9198.4,10491.7,11963.9,756.464,242.861,15.609,12.2132,54.2227,54.2227,261.156,65.289
859.945,16.8951,48.8098,4.05269,45.3732,0.711698,0.321439,-0.94693,0.711276,0.702913,33235.3,30268.3,32170,29227.3,16536.3,5560.33,0,0,19860,31867.2,1063.6,22814.3,8612.25,11876.5,12577.1,806.987,278.692,16.144,12.4139,13.5253,13.5253,202.091,50.5227
787.688,17.2085,48.2673,3.95314,47.5435,0.73779,0.258819,-0.965926,0.711276,0.702913,39973.3,33235.3,30268.3,31795.3,19655,7945,0,0,16439.3,33911.8,3657.47,25483.4,8553.26,13542.1,13506.5,821.562,311.512,16.612,12.6355,-72.2567,-72.2567,58.3,14.575
991.387,17.8331,46.6791,3.69639,49.4966,0.760368,0.19509,-0.980785,0.711276,0.702913,41568,39973.3,33235.3,32170,22954.3,10652.7,0,0,20133.7,36261.2,4664.02,28059.6,8351.74,15274.1,14300.7,871.36,352.82,17.0905,12.8932,203.699,203.699,199.19,49.7975
1052.83,18.8445,44.309,3.45837,51.1995,0.779333,0.130526,-0.991445,0.711276,0.702913,42289.7,41568,39973.3,30268.3,25924.7,13407.7,0,0,21230.7,39266.6,3581.59,30466.5,7933.67,17036.2,14902.9,922.963,396.688,17.6953,13.2054,61.4473,61.4473,206.415,51.6037
1086.11,19.6643,42.9259,3.37973,52.6179,0.794604,0.0654031,-0.997859,0.711276,0.702913,41943.3,42289.7,41568,33235.3,29227.3,16536.3,0,0,24778.3,41443.6,886.387,32583.7,7298.37,18783.8,15257.7,979.504,441.942,18.3876,13.5584,33.2727,33.2727,226.162,56.5405
1107.07,20.3508,41.7023,3.29416,53.7182,0.806116,1.22465e-16,-1,0.711276,0.702913,42198.7,41943.3,42289.7,39973.3,31795.3,19655,0,0,28830.3,41999.9,279.827,34462.4,6596.33,20542.1,15422.3,1059.35,488.07,19.1732,13.9493,20.96,20.96,319.379,79.8447
1126.58,20.5166,41.276,3.11265,54.4708,0.813819,-0.0654031,-0.997859,0.711276,0.702913,42760.7,42198.7,41943.3,41568,32170,22954.3,0,0,25962.3,42298.1,295.714,36112.9,5957.31,22323.8,15416.3,1093.15,535.011,19.844,14.3533,19.5133,19.5133,135.193,33.7983
1138.97,20.8721,41.356,2.61885,54.8533,0.817681,-0.130526,-0.991445,0.711276,0.702913,43158.7,42760.7,42198.7,42289.7,30268.3,25924.7,0,0,22513,42515.3,474.745,37549.1,5377.17,24122,15223.3,1114.68,582.468,20.351,14.7809,12.3933,12.3933,86.1393,21.5348
1145.07,21.6328,39.8558,2.69302,54.8536,0.817684,-0.19509,-0.980785,0.711276,0.702913,43418.7,43158.7,42760.7,41943.3,33235.3,29227.3,60.6667,0,19650.7,42884.2,459.946,38731.7,4961.4,25928.6,14828.3,1129.42,630.179,20.8431,15.2444,6.09333,6.09333,58.96,14.74
1149.51,21.8188,40.3053,2.3585,54.4716,0.813828,-0.258819,-0.965926,0.711276,0.702913,42431.3,43418.7,43158.7,42198.7,39973.3,31795.3,505.667,0,15673,42942.3,376.769,39618,4578.33,27675.5,14186,1140.03,677.783,21.2101,15.7187,4.44667,4.44667,42.4467,10.6117
1141.35,21.8384,40.5757,2.47643,53.7196,0.80613,-0.321439,-0.94693,0.711276,0.702913,41345.7,42431.3,43418.7,42760.7,41568,32170,1764.67,0,15545.7,42588.6,803.68,40382.6,4000.31,29324.7,13354.3,1143.73,723.764,21.5405,16.199,-8.16,-8.16,14.7733,3.69333
1125.59,22.0744,40.2092,2.02837,52.6197,0.794624,-0.382683,-0.92388,0.711276,0.702913,40691.7,41345.7,42431.3,43158.7,42289.7,30268.3,3373.33,0,23522.7,41971.8,1041.08,41251.2,2594.42,30879.7,12379,1140.38,767.827,21.8411,16.6852,-15.7667,-15.7667,-13.3867,-3.34667
1099.95,20.9963,44.147,1.84396,51.2018,0.779358,-0.442289,-0.896873,0.711276,0.702913,39698.7,40691.7,41345.7,43418.7,41943.3,33235.3,5560.33,0,26103,41041.8,993.696,41789.9,1134.55,32302.1,11302.5,1129.1,808.955,21.682,17.1159,-25.6333,-25.6333,-45.1133,-11.2783
1069.04,20.6843,44.3653,1.75997,49.4993,0.760398,-0.5,-0.866025,0.711276,0.702913,38976.3,39698.7,40691.7,42431.3,42198.7,39973.3,7945,0,34449.7,40178.1,908.442,41706.8,1290.34,33595.1,10159.3,1108.98,846.584,21.3983,17.5151,-30.9133,-30.9133,-80.4733,-20.1183
1038.44,20.344,44.7988,1.73163,47.5465,0.737825,-0.55557,-0.83147,0.711276,0.702913,37527.3,38976.3,39698.7,41345.7,42760.7,41568,10652.7,0,25495,39223.5,1153.19,41370.1,1733.68,34714.8,8981.67,1083.26,880.395,21.0247,17.8877,-30.6,-30.6,-102.913,-25.7283
993.588,19.223,48.0891,2.18515,45.3765,0.711738,-0.608761,-0.793353,0.711276,0.702913,35357,37527.3,38976.3,40691.7,43158.7,42289.7,13407.7,0,19975,37889.8,1658.24,40792.3,2369.49,35629.4,7806.07,1050.26,909.531,20.3119,18.1917,-44.852,-44.852,-131.999,-32.9997
951.163,20.5617,44.1305,1.62423,43.0195,0.682247,-0.659346,-0.75184,0.711276,0.702913,33950.3,35357,37527.3,39698.7,43418.7,41943.3,16536.3,0,18731.7,36452.8,1935.58,40126.2,2993.58,36355,6733.22,1013.06,934.171,20.2033,18.5312,-42.4247,-42.4247,-148.79,-37.1975
917.217,19.2179,51.686,3.50586,40.5024,0.64948,-0.707107,-0.707107,0.711276,0.702913,29889.7,33950.3,35357,38976.3,42431.3,42198.7,19655,0,17989.7,34181.1,2786.11,39100.5,4035.31,36781.4,5939.34,975.102,954.228,19.8367,18.7923,-33.946,-33.946,-151.823,-37.9557
841.042,18.1701,55.3002,3.61269,37.8487,0.613579,-0.75184,-0.659346,0.711276,0.702913,28641.3,29889.7,33950.3,37527.3,41345.7,42760.7,22954.3,0,16446,31959.6,2774.93,37923.9,4785.3,37018.4,5478.53,925.753,968.069,19.2932,18.979,-76.1753,-76.1753,-197.398,-49.3495
760.533,17.7748,56.6185,3.67507,35.0784,0.574697,-0.793353,-0.608761,0.711276,0.702913,25612,28641.3,29889.7,35357,40691.7,43158.7,25924.7,0,14404.7,29523.3,2992.03,36461.7,5577.57,37005.4,5505.2,867.489,975.372,18.9312,19.1232,-80.5093,-80.5093,-233.055,-58.2638
709.853,17.5763,56.5699,3.61402,32.2087,0.533005,-0.83147,-0.55557,0.711276,0.702913,22250.3,25612,28641.3,33950.3,39698.7,43418.7,29227.3,0,12264.3,26598.3,2953.16,34697.6,6387.05,36714.7,6064.1,807.161,977.539,18.1848,19.2408,-50.6793,-50.6793,-241.31,-60.3275
627.471,17.2366,57.2888,3.34119,29.254,0.488682,-0.866025,-0.5,0.711276,0.702913,19120,22250.3,25612,29889.7,38976.3,42431.3,31795.3,0,9635,23905.9,3570.04,32755,7228.99,36186.5,6955.92,734.725,973.292,17.6895,19.32,-82.3827,-82.3827,-289.747,-72.4367
552.728,16.7035,59.144,3.28316,26.2266,0.441922,-0.896873,-0.442289,0.711276,0.702913,15866,19120,22250.3,28641.3,37527.3,41345.7,32170,0,7394,20712.1,3619.21,30631.7,8085.17,35507.2,8028.47,662.646,963.315,17.3228,19.3526,-74.7427,-74.7427,-288.314,-72.0785
472.299,15.8906,63.6886,3.50839,23.137,0.392931,-0.92388,-0.382683,0.711276,0.702913,13377.3,15866,19120,25612,35357,40691.7,30268.3,0,5741.33,17653.4,3345.23,28355.5,8750.13,34803.4,9122.66,590.588,947.726,16.8518,19.3304,-80.4287,-80.4287,-288.233,-72.0583
386.314,15.3087,66.9253,3.60725,19.9944,0.341928,-0.94693,-0.321439,0.711276,0.702913,10481.3,13377.3,15866,22250.3,33950.3,39698.7,33235.3,0,3716.33,14711.2,3179.7,25920.8,9302.6,33855.3,10337.8,509.703,927.992,16.2848,19.2643,-85.9853,-85.9853,-323.539,-80.8848
107.504,14.9573,67.6746,3.34873,16.8068,0.289145,-0.965926,-0.258819,0.711276,0.702913,7711,10481.3,13377.3,19120,29889.7,38976.3,39973.3,0,2408.67,11858.9,3060.44,23315.3,9652.92,32511,11488.4,379.711,899.651,15.715,19.1705,-278.81,-278.81,-519.966,-129.992
93.0474,14.7515,69.5091,3.27571,13.5821,0.234839,-0.980785,-0.19509,0.711276,0.702913,5491,7711,10481.3,15866,28641.3,37527.3,41568,0,1448,9265.17,2960.1,20645.6,9782.4,31007.8,12519,264.791,862.22,15.227,19.0421,-14.4571,-14.4571,-459.681,-114.92
0,12.2445,66.6305,4.95331,-13.2341,-0.22893,1,6.12323e-17,0.723262,0.690574,0,0,0,0,0,0,0,267,0,0,0,0,0,0,0,0,0,12.3981,13.4627,0,0,0,0
0,12.2487,66.7265,4.17709,-9.80626,-0.170317,0.997859,-0.0654031,0.723262,0.690574,0,0,0,0,0,0,0,39.6667,0,0,0,0,0,0,0,0,0,12.3347,13.3673,0,0,0,0
0,12.2583,67.3351,4.48523,-6.39179,-0.111326,0.991445,-0.130526,0.723262,0.690574,0,0,0,0,0,0,0,0,0,0,0,0,0,0,0,0,0,12.2774,13.2779,0,0,0,0
0,12.2035,66.8869,4.32818,-2.99278,-0.0522101,0.980785,-0.19509,0.723262,0.690574,0,0,0,0,0,0,0,0,60.6667,0,0,0,0,0,0,0,0,12.2388,13.1941,0,0,0,0
5.5082,12.1833,66.4449,4.99462,0.817203,0.0142624,0.965926,-0.258819,0.723262,0.690574,101.667,0,0,0,0,0,0,0,505.667,25.4167,44.023,8.47222,28.0992,4.23611,20.3157,1.37705,0.229508,12.2234,13.1076,5.5082,5.5082,5.5082,1.37705
21.0609,12.2003,65.4594,4.74864,3.9462,0.0688197,0.94693,-0.321439,0.723262,0.690574,566.333,101.667,0,0,0,0,0,0,1764.67,167,234.261,55.6667,156.494,27.8333,114.105,6.64227,1.10704,12.2113,13.0193,15.5527,15.5527,21.0609,5.26522
34.3532,12.1757,65.3605,4.82936,7.20799,0.125472,0.92388,-0.382683,0.723262,0.690574,1783.67,566.333,101.667,0,0,0,0,0,3373.33,612.917,708.849,204.306,500.97,102.153,368.674,15.2306,2.53843,12.1907,12.9312,13.2923,13.2923,34.3532,8.5883
60.0447,12.1319,64.7861,4.46907,10.4835,0.181953,0.896873,-0.442289,0.723262,0.690574,2953.67,1783.67,566.333,0,0,0,0,0,5560.33,1351.33,1110.44,450.444,903.783,225.222,677.596,30.2418,5.04029,12.1728,12.8428,25.6915,25.6915,60.0447,15.0112
85.0385,12.2117,63.8856,3.45101,13.7434,0.237574,0.866025,-0.5,0.723262,0.690574,4435.33,2953.67,1783.67,101.667,0,0,0,0,7945,2434.75,1430.6,820.056,1409.46,410.028,1077.69,50.1243,8.58356,12.1799,12.7611,24.9937,24.9937,79.5303,19.8826
118.196,12.4005,63.6087,3.80452,16.9752,0.291957,0.83147,-0.55557,0.723262,0.690574,6746.67,4435.33,2953.67,566.333,0,0,0,0,10652.7,3979.83,1853.31,1382.28,2131.08,691.139,1657.84,74.4081,13.5084,12.2299,12.6929,33.1575,33.1575,97.1351,24.2838
164.767,12.489,62.6525,4.53355,20.1703,0.344811,0.793353,-0.608761,0.723262,0.690574,8711.67,6746.67,4435.33,1783.67,0,0,0,0,13407.7,5711.83,2196.98,2108.25,2886.5,1054.12,2297.2,107.011,20.3737,12.3083,12.6303,46.5707,46.5707,130.413,32.6034
215.887,12.5977,60.6663,6.05768,23.321,0.395882,0.75184,-0.659346,0.723262,0.690574,13792.3,8711.67,6746.67,2953.67,0,0,0,0,16536.3,8421.5,3450.53,3257.61,4244.64,1628.81,3414.89,145.972,29.3689,12.4247,12.5772,51.12,51.12,155.842,38.9605
295.223,12.8117,60.4455,5.59979,26.4193,0.444937,0.707107,-0.707107,0.723262,0.690574,18049.3,13792.3,8711.67,4435.33,101.667,0,0,0,19655,11825,4418.57,4761.72,5753.54,2380.86,4713.82,198.518,41.6699,12.5747,12.5378,79.336,79.336,210.184,52.5461
464.277,13.5464,58.3716,6.27422,29.4561,0.491756,0.659346,-0.75184,0.723262,0.690574,25042,18049.3,13792.3,6746.67,566.333,0,0,0,22954.3,16398.8,5985.71,6848.56,7818.76,3424.28,6503.24,285.038,61.0148,12.8612,12.5332,169.054,169.054,346.081,86.5202
632.209,14.8091,54.553,5.9219,32.4209,0.536135,0.608761,-0.793353,0.723262,0.690574,23715.3,25042,18049.3,8711.67,1783.67,0,0,0,25924.7,20149.8,4513.2,8824.83,8776.45,4412.42,7614.62,401.899,87.3568,13.4412,12.5978,167.933,167.933,467.443,116.861
630.172,16.1366,51.5175,4.74805,35.3015,0.577879,0.55557,-0.83147,0.723262,0.690574,30220.3,23715.3,25042,13792.3,2953.67,0,0,0,29227.3,24256.8,4330.3,11343.2,10116.4,5671.6,9128.95,505.47,113.614,14.3259,12.726,-2.03733,-2.03733,414.285,103.571
692.824,16.6203,49.8925,3.64087,38.0834,0.616808,0.5,-0.866025,0.723262,0.690574,31501.3,30220.3,23715.3,18049.3,4435.33,101.667,0,0,31795.3,27619.8,3306.02,13959.8,10900.7,6984.15,10395.8,604.87,142.482,15.2781,12.8818,62.652,62.652,397.601,99.4003
813.651,17.6195,45.7812,3.51839,40.7494,0.652752,0.442289,-0.896873,0.723262,0.690574,38969,31501.3,30220.3,25042,6746.67,566.333,0,0,32170,31101.5,5417.32,17160.1,12073,8607.86,12084.3,692.214,176.384,16.2964,13.083,120.827,120.827,349.375,87.3437
956.617,18.8498,43.7315,2.94442,43.2795,0.685557,0.382683,-0.92388,0.723262,0.690574,38092.3,38969,31501.3,23715.3,8711.67,1783.67,0,0,30268.3,34695.8,3873.99,20185.8,12386,10195,13290.9,773.316,216.243,17.3065,13.3409,142.966,142.966,324.408,81.102
966.807,19.6267,42.1313,3.8023,45.6499,0.715082,0.321439,-0.94693,0.723262,0.690574,40360.3,38092.3,38969,30220.3,13792.3,2953.67,0,0,33235.3,37230.8,3405.3,23303,12364,11876.7,14401.5,857.475,256.526,18.1791,13.635,10.19,10.19,336.635,84.1588
1058.72,19.7265,41.5624,3.59567,47.8336,0.741199,0.258819,-0.965926,0.723262,0.690574,34426,40360.3,38092.3,31501.3,18049.3,4435.33,0,0,39973.3,37961.9,2195.81,25802.2,11281.2,13311.1,14854.4,948.949,300.64,18.9557,13.935,91.914,91.914,365.897,91.4743
940.208,20.6225,39.3819,3.20417,49.7999,0.763795,0.19509,-0.980785,0.723262,0.690574,42487,34426,40360.3,38969,25042,6746.67,0,0,41568,38841.4,2985.57,28780.6,10551.5,15081.4,15671.8,980.589,339.815,19.7064,14.2733,-118.513,-118.513,126.557,31.6392
1057.58,20.5731,39.7343,2.84004,51.5153,0.782774,0.130526,-0.991445,0.723262,0.690574,28553,42487,34426,38092.3,23715.3,8711.67,0,0,42289.7,36456.6,5435.88,30434,8662.67,16271.1,15565.2,1005.83,383.881,20.1372,14.6102,117.372,117.372,100.963,25.2407
896.333,20.6695,39.9685,2.999,52.9447,0.798054,0.0654031,-0.997859,0.723262,0.690574,49739,28553,42487,40360.3,30220.3,13792.3,0,0,41943.3,38801.2,8021.67,33429.6,8605.02,18343.6,16541.4,988.211,421.228,20.3979,14.9565,-161.247,-161.247,-70.4747,-17.6187
987.479,20.6287,39.8126,2.18464,54.0539,0.80957,1.22465e-16,-1,0.723262,0.690574,37356,49739,28553,34426,31501.3,18049.3,0,0,42198.7,39533.8,7716.67,35038.5,7282.17,19900.1,16499.6,970.4,462.373,20.6235,15.3059,91.146,91.146,-71.2427,-17.8107
971.641,21.5582,38.6791,1.71071,54.8125,0.817271,-0.0654031,-0.997859,0.723262,0.690574,43984.7,37356,49739,42487,38969,25042,0,0,42760.7,39908.2,7885.37,36617,6991.44,21732.8,16629.7,978.258,502.858,20.8574,15.6938,-15.8373,-15.8373,31.4333,7.85833
1159.84,22.0476,37.0363,2.07311,55.1976,0.821125,-0.130526,-0.991445,0.723262,0.690574,42713.7,43984.7,37356,28553,38092.3,23715.3,0,0,43158.7,43448.3,4402.17,38200.2,5966.57,23512.5,16493.7,1003.82,551.185,21.226,16.1017,188.199,188.199,102.26,25.565
1125.75,23.1503,34.8831,1.99011,55.1966,0.821115,-0.19509,-0.980785,0.723262,0.690574,30841.3,42713.7,43984.7,49739,40360.3,30220.3,0,0,43418.7,38723.9,5186.52,38252,5899.45,24797.6,15798.5,1061.18,598.091,21.8462,16.5578,-34.0927,-34.0927,229.415,57.3537
952.501,23.2312,35.1327,1.6387,54.8096,0.817242,-0.258819,-0.965926,0.723262,0.690574,28464,30841.3,42713.7,37356,34426,31501.3,101.667,0,42431.3,36500.9,6914.26,37998.9,6239.03,25979.3,14944.7,1052.43,637.549,22.4968,17.0181,-173.247,-173.247,-34.978,-8.7445
768.921,19.6089,44.1247,2.37419,54.0491,0.809521,-0.321439,-0.94693,0.723262,0.690574,25448.7,28464,30841.3,43984.7,42487,38969,566.333,0,41345.7,31866.9,6547.47,36872.2,7120.62,27016.1,13977.6,1001.75,668.71,22.0095,17.3268,-183.579,-183.579,-202.72,-50.68
643.795,18.0549,51.6659,2.97211,52.9382,0.797986,-0.382683,-0.92388,0.723262,0.690574,26833.7,25448.7,28464,42713.7,28553,38092.3,1783.67,0,40691.7,27896.9,2007.21,35933.9,7622.11,28059.9,12952.1,872.741,694.103,21.0113,17.5718,-125.127,-125.127,-516.045,-129.011
676.549,17.802,52.8615,3.23639,51.5073,0.782687,-0.442289,-0.896873,0.723262,0.690574,29445.3,26833.7,25448.7,30841.3,49739,40360.3,2953.67,0,39698.7,27547.9,1529.41,35024.4,7690.58,29163.7,11847.1,760.441,719.791,19.6743,17.808,32.754,32.754,-449.199,-112.3
706.483,17.8067,53.0781,3.51953,49.7905,0.763689,-0.5,-0.866025,0.723262,0.690574,38554,29445.3,26833.7,28464,37356,34426,4435.33,0,38976.3,30070.4,5103.9,35368.4,7748.23,30585.3,10794.8,698.937,745.685,18.3181,18.0411,29.9347,29.9347,-246.017,-61.5043
951.838,17.9066,52.9429,3.76633,47.823,0.741075,-0.55557,-0.83147,0.723262,0.690574,30193.3,38554,29445.3,25448.7,43984.7,42487,6746.67,0,37527.3,31256.6,4393.91,34343.9,7549.46,31562.2,9586.56,744.666,780.42,17.8925,18.2706,245.355,245.355,182.917,45.7292
760.347,17.9959,53.2917,3.73333,45.6383,0.71494,-0.608761,-0.793353,0.723262,0.690574,38178,30193.3,38554,26833.7,42713.7,28553,8711.67,0,35357,34092.7,4283.57,35146,7401.45,32790,8394.18,773.804,805.235,17.8778,18.5,-191.491,-191.491,116.553,29.1382
897.259,17.8922,53.7534,3.54551,43.2669,0.685398,-0.659346,-0.75184,0.723262,0.690574,32619.7,38178,30193.3,29445.3,30841.3,49739,13792.3,0,33950.3,34886.2,3586.39,33719.4,5960.85,33574.5,7403.38,828.982,833.626,17.9003,18.7206,136.912,136.912,220.711,55.1777
846.395,17.7282,54.0089,3.30826,40.7361,0.652576,-0.707107,-0.707107,0.723262,0.690574,24397.7,32619.7,38178,38554,28464,37356,18049.3,0,29889.7,31347.2,4947.38,32639.5,6364.33,33839,6943.06,863.96,856.591,17.8807,18.9255,-50.864,-50.864,139.912,34.978
788.283,17.6804,54.8565,3.26081,38.0694,0.616616,-0.75184,-0.659346,0.723262,0.690574,21440.7,24397.7,32619.7,30193.3,25448.7,43984.7,25042,0,28641.3,29159,6624.98,30760.8,6058.09,33688.9,7166.87,823.071,870.092,17.8242,19.0977,-58.112,-58.112,-163.555,-40.8887
583.429,17.4981,55.8649,2.72925,35.287,0.577672,-0.793353,-0.608761,0.723262,0.690574,18753.7,21440.7,24397.7,38178,26833.7,42713.7,23715.3,0,25612,24302.9,5200.1,28764.2,5729.07,33482.2,7514.71,778.842,868.059,17.6997,19.2098,-204.854,-204.854,-176.918,-44.2295
438.259,16.6438,56.9444,1.7463,32.4059,0.535914,-0.83147,-0.55557,0.723262,0.690574,9036,18753.7,21440.7,32619.7,29445.3,30841.3,30220.3,0,22250.3,18407,5766.87,26947.1,7848.19,32599.5,8952.6,664.092,860.063,17.3876,19.2309,-145.171,-145.171,-459.001,-114.75
246.982,16.4864,59.229,2.33278,29.4407,0.491522,-0.866025,-0.5,0.723262,0.690574,8448,9036,18753.7,24397.7,38554,28464,31501.3,0,19120,14419.6,5760.27,25279.1,9334.78,31639,10172.5,514.238,841.486,17.0772,19.2253,-191.277,-191.277,-599.413,-149.853
219.086,16.1817,61.0808,2.40673,26.4035,0.44469,-0.896873,-0.442289,0.723262,0.690574,8259.67,8448,9036,21440.7,30193.3,25448.7,38969,0,15866,11124.3,4414.09,23846.6,10450.9,30359.4,11062.5,371.939,816.713,16.7025,19.1654,-27.896,-27.896,-569.197,-142.299
209.465,15.9871,61.9743,2.55017,23.305,0.395625,-0.92388,-0.382683,0.723262,0.690574,7539,8259.67,8448,18753.7,38178,26833.7,38092.3,0,13377.3,8320.67,534.472,22238.8,11316.1,29086.3,11830.7,278.448,785.581,16.3248,19.0461,-9.62067,-9.62067,-373.964,-93.491
209.145,15.9832,62.9856,2.76334,20.154,0.344545,-0.94693,-0.321439,0.723262,0.690574,5909,7539,8259.67,9036,32619.7,29445.3,40360.3,0,10481.3,7538.92,1000.32,20277.4,11920.6,27650.9,12449.6,221.17,754.012,16.1596,18.8943,-0.32,-0.32,-229.113,-57.2783
162.28,15.783,63.5063,2.60695,16.9588,0.291684,-0.965926,-0.258819,0.723262,0.690574,4265.67,5909,7539,8448,24397.7,38554,34426,0,7711,6493.33,1542.51,17420,11290.1,26394.2,13201.7,199.994,716.66,15.9838,18.73,-46.8653,-46.8653,-84.702,-21.1755
129.973,15.6337,64.3435,2.21285,13.7269,0.237295,-0.980785,-0.19509,0.723262,0.690574,2261.67,4265.67,5909,8259.67,21440.7,30193.3,42487,0,5491,4993.83,1956.42,15092.4,11296,24718.1,13599.7,177.716,682.9,15.8467,18.5221,-32.3073,-32.3073,-89.1133,-22.2783
0,13.4549,81.4456,2.24171,-13.1002,-0.226654,1,6.12323e-17,0.735034,0.678031,0,0,0,0,0,0,0,93.6667,0,0,0,0,0,0,0,0,0,13.6354,14.7708,0,0,0,0
0,13.4438,81.1202,2.43919,-9.66931,-0.167961,0.997859,-0.0654031,0.735034,0.678031,0,0,0,0,0,0,0,44.3333,0,0,0,0,0,0,0,0,0,13.5234,14.6839,0,0,0,0
0,13.3653,82.5301,2.01035,-6.25138,-0.108891,0.991445,-0.130526,0.735034,0.678031,0,0,0,0,0,0,0,0,0,0,0,0,0,0,0,0,0,13.4385,14.5923,0,0,0,0
0,13.165,83.3143,2.06508,-2.84851,-0.0496954,0.980785,-0.19509,0.735034,0.678031,64,0,0,0,0,0,0,0,0,16,27.7128,5.33333,17.6887,2.66667,12.7889,0,0,13.3573,14.4916,0,0,0,0
9.54287,13.1124,83.617,2.04281,0.947703,0.0165398,0.965926,-0.258819,0.735034,0.678031,746,64,0,0,0,0,0,0,101.667,202.5,314.876,67.5,205.332,33.75,149.063,2.38572,0.397619,13.2716,14.3899,9.54287,9.54287,9.54287,2.38572
45.0346,13.2355,84.0253,2.01121,4.09422,0.0713968,0.94693,-0.321439,0.735034,0.678031,2202,746,64,0,0,0,0,0,566.333,753,886.197,251,622.723,125.5,457.867,13.6444,2.27406,13.2196,14.2959,35.4917,35.4917,45.0346,11.2586
87.7295,13.696,82.5951,2.18904,7.36417,0.128175,0.92388,-0.382683,0.735034,0.678031,3973,2202,746,0,0,0,0,0,1783.67,1746.25,1499.72,582.083,1194.72,291.042,893.523,35.5767,5.92946,13.3022,14.2268,42.6949,42.6949,87.7295,21.9324
147.453,14.6146,78.5936,2.07639,10.6464,0.184747,0.896873,-0.442289,0.735034,0.678031,6584.67,3973,2202,64,0,0,0,0,2953.67,3376.42,2176.41,1130.81,2025,565.403,1539.48,72.4401,12.0733,13.6646,14.1976,59.7239,59.7239,147.453,36.8633
204.891,15.8186,74.3301,1.88317,13.9129,0.240446,0.866025,-0.5,0.735034,0.678031,9247.33,6584.67,3973,746,0,0,0,0,4435.33,5501.75,2665.87,1901.42,2981.62,950.708,2312.76,121.277,20.6105,14.3412,14.2195,57.438,57.438,195.348,48.8371
282.469,16.8361,70.3538,1.95272,17.1515,0.2949,0.83147,-0.55557,0.735034,0.678031,12114.7,9247.33,6584.67,2202,0,0,0,0,6746.67,7979.92,3029.22,2910.97,4032.63,1455.49,3201.48,180.636,32.38,15.2413,14.2925,77.5773,77.5773,237.434,59.3585
338.536,17.8171,67.6479,2.24377,20.354,0.34782,0.793353,-0.608761,0.735034,0.678031,15784.7,12114.7,9247.33,3973,0,0,0,0,8711.67,10932.8,3416.3,4226.36,5257.06,2113.18,4275.97,243.337,46.4857,16.2716,14.4073,56.0673,56.0673,250.807,62.7016
440.807,18.3656,65.0485,1.8699,23.5128,0.398953,0.75184,-0.659346,0.735034,0.678031,18720.3,15784.7,12114.7,6584.67,64,0,0,0,13792.3,13966.8,3591.81,5786.39,6420.34,2893.19,5383.4,316.676,64.8527,17.2094,14.5444,102.271,102.271,293.354,73.3385
515.813,19.0238,63.0631,1.91306,26.6197,0.448066,0.707107,-0.707107,0.735034,0.678031,21773.3,18720.3,15784.7,9247.33,746,0,0,0,18049.3,17098.2,3572.44,7600.83,7512.45,3800.42,6531.59,394.406,86.3449,18.0107,14.7128,75.006,75.006,310.922,77.7305
604.886,19.1537,62.4213,2.14463,29.6658,0.494939,0.659346,-0.75184,0.735034,0.678031,24362.7,21773.3,18720.3,12114.7,2202,0,0,0,25042,20160.2,3220.3,9631.06,8421.04,4815.53,7658.09,475.011,111.548,18.59,14.8918,89.0727,89.0727,322.417,80.6043
672.02,19.1977,62.748,2.47249,32.6406,0.539368,0.608761,-0.793353,0.735034,0.678031,27703.7,24362.7,21773.3,15784.7,3973,0,0,0,23715.3,23140,3306.18,11939.7,9223.48,5969.85,8841.69,558.382,139.549,18.9352,15.0748,67.134,67.134,333.484,83.371
738.144,18.584,64.2353,2.68309,35.532,0.581157,0.55557,-0.83147,0.735034,0.678031,30964,27703.7,24362.7,18720.3,6584.67,64,0,0,30220.3,26200.9,3461.5,14514.7,9841.22,7260.01,10052.6,632.716,170.305,18.9898,15.236,66.124,66.124,297.337,74.3342
804.469,18.7899,63.3137,2.44589,38.3254,0.620127,0.5,-0.866025,0.735034,0.678031,33612.7,30964,27703.7,21773.3,9247.33,746,0,0,31501.3,29160.8,3471.89,17253.6,10195.3,8660.54,11217.6,704.88,203.825,18.9313,15.4104,66.3253,66.3253,288.656,72.164
864.757,18.8839,62.7426,2.89455,41.0036,0.656107,0.442289,-0.896873,0.735034,0.678031,35654.3,33612.7,30964,24362.7,12114.7,2202,0,0,38969,31983.7,2978.49,20041.3,10271.8,10146.1,12282.6,769.848,239.856,18.8638,15.5903,60.288,60.288,259.871,64.9678
918.461,18.6046,63.6652,3.0115,43.5465,0.688943,0.382683,-0.92388,0.735034,0.678031,37644,35654.3,33612.7,27703.7,15784.7,3973,0,0,38092.3,34468.8,2475.07,22847.2,10096.6,11714.6,13252.1,831.458,278.126,18.7156,15.7665,53.7033,53.7033,246.441,61.6102
961.693,19.0096,64.4254,3.51466,45.9303,0.718494,0.321439,-0.94693,0.735034,0.678031,39583.7,37644,35654.3,30964,18720.3,6584.67,0,0,40360.3,36623.7,2225.33,25597.1,9781.79,13364,14125.9,887.345,318.196,18.822,15.9695,43.232,43.232,223.549,55.8872
1003.28,19.4983,62.652,2.87975,48.1275,0.744632,0.258819,-0.965926,0.735034,0.678031,41761,39583.7,37644,33612.7,21773.3,9247.33,0,0,34426,38660.8,2265.81,28306.6,9372.22,15104,14922.2,937.048,359.999,18.9991,16.1982,41.5873,41.5873,198.811,49.7027
1043.85,19.1125,63.5338,3.43961,50.107,0.767244,0.19509,-0.980785,0.735034,0.678031,42859.7,41761,39583.7,35654.3,24362.7,12114.7,0,0,42487,40462.1,2009.28,30868.7,8779.26,16889.8,15558.8,981.822,403.493,19.0562,16.4157,40.5733,40.5733,179.096,44.774
1077.87,19.6976,60.6637,3.47094,51.8349,0.786234,0.130526,-0.991445,0.735034,0.678031,43222,42859.7,41761,37644,27703.7,15784.7,0,0,28553,41856.6,1418.26,33155.1,8099.63,18690.7,15995,1021.67,448.405,19.3295,16.6654,34.02,34.02,159.413,39.8532
1104.83,20.0168,60.6464,3.71759,53.2754,0.801519,0.0654031,-0.997859,0.735034,0.678031,43270.7,43222,42859.7,39583.7,30964,18720.3,0,0,49739,42778.3,608.444,35201,7251.34,20493.7,16223.6,1057.46,494.439,19.5813,16.9374,26.96,26.96,143.141,35.7852
1133.4,20.3594,60.0279,3.49303,54.3935,0.813035,1.22465e-16,-1,0.735034,0.678031,41815.7,43270.7,43222,41761,33612.7,21773.3,0,0,37356,42792,585.625,36871.2,6197.86,22236,16174.5,1089.99,541.664,19.7966,17.2251,28.5667,28.5667,130.12,32.53
1147.57,19.7653,59.5437,2.43942,55.158,0.820731,-0.0654031,-0.997859,0.735034,0.678031,43411.3,41815.7,43270.7,42859.7,35654.3,24362.7,0,0,43984.7,42929.9,647.058,38458.6,5140,24044.8,16013.2,1115.92,589.48,19.9598,17.4885,14.1667,14.1667,103.713,25.9283
1165.83,20.6089,55.8901,1.03074,55.5453,0.824574,-0.130526,-0.991445,0.735034,0.678031,41910.3,43411.3,41815.7,43222,37644,27703.7,0,0,42713.7,42602,741.427,39642.4,4046.22,25791.1,15575.1,1137.91,638.056,20.1876,17.7903,18.2667,18.2667,87.96,21.99
1157.37,21.3576,54.0951,1.14783,55.5428,0.824549,-0.19509,-0.980785,0.735034,0.678031,43522.7,41910.3,43411.3,43270.7,39583.7,30964,64,0,30841.3,42665,803.663,40689,3202.34,27601.8,14994.2,1151.04,686.28,20.5228,18.1316,-8.46,-8.46,52.54,13.135
1178.94,22.8542,51.1123,1.19166,55.1503,0.820654,-0.258819,-0.965926,0.735034,0.678031,42398.7,43522.7,41910.3,41815.7,41761,33612.7,746,0,28464,42810.8,679.722,41421.2,2406.17,29337.4,14173.4,1162.43,735.005,21.1465,18.5375,21.5667,21.5667,45.54,11.385
1171.04,25.4993,43.9079,1.81705,54.381,0.812908,-0.321439,-0.94693,0.735034,0.678031,41463.7,42398.7,43522.7,43411.3,42859.7,35654.3,2202,0,25448.7,42323.8,767.084,41905.3,1668.55,30973.3,13177.8,1168.3,781.922,22.58,19.0485,-7.9,-7.9,23.4733,5.86833
1157.94,26.9213,39.9843,1.88443,53.2585,0.801342,-0.382683,-0.92388,0.735034,0.678031,40474,41463.7,42398.7,41910.3,43222,37644,3973,0,26833.7,41964.8,1127.92,42141.1,1177.26,32494.2,12030.3,1166.32,826.514,24.1581,19.5996,-13.1,-13.1,-7.89333,-1.97333
1134.86,26.3551,43.5869,1.81517,51.8139,0.786007,-0.442289,-0.896873,0.735034,0.678031,39217.3,40474,41463.7,43522.7,43270.7,39583.7,6584.67,0,29445.3,40888.4,1180.68,42110.6,1245.93,33853.8,10807,1160.69,867.656,25.4075,20.0888,-23.08,-23.08,-22.5133,-5.62833
1095.83,21.7509,57.7065,1.93959,50.0825,0.766969,-0.5,-0.866025,0.735034,0.678031,38205.7,39217.3,40474,42398.7,41815.7,41761,9247.33,0,38554,39840.2,1234.61,41814.3,1650.78,35060.4,9533.96,1139.92,904.778,25.1317,20.336,-39.0267,-39.0267,-83.1067,-20.7767
980.859,21.0378,60.1405,1.95048,48.0998,0.74431,-0.55557,-0.83147,0.735034,0.678031,36986.3,38205.7,39217.3,41463.7,43411.3,42859.7,12114.7,0,30193.3,38720.8,1283.94,41324.9,2082.52,36096.8,8248.58,1092.37,933.878,24.0163,20.511,-114.975,-114.975,-190.181,-47.5453
992.877,20.9789,60.2844,2.14262,45.9,0.718126,-0.608761,-0.793353,0.735034,0.678031,34880.7,36986.3,38205.7,40474,41910.3,43222,15784.7,0,38178,37322.5,1616.01,40629.8,2648.48,36892.4,7090.61,1051.11,961.142,22.5307,20.6428,12.018,12.018,-165.063,-41.2658
942.442,20.7022,61.3407,2.80205,43.514,0.688531,-0.659346,-0.75184,0.735034,0.678031,32407.7,34880.7,36986.3,39217.3,43522.7,43270.7,18720.3,0,32619.7,35620.1,2203.31,39724.5,3353.7,37462.7,6085.24,1003,982.044,21.1175,20.7401,-50.4347,-50.4347,-192.418,-48.1045
883.893,20.2411,63.2101,2.85441,40.9691,0.655653,-0.707107,-0.707107,0.735034,0.678031,30306.3,32407.7,34880.7,38205.7,42398.7,41815.7,21773.3,0,24397.7,33645.2,2518.39,38765.4,4165.91,37818.3,5364.81,950.018,997.38,20.74,20.7908,-58.5487,-58.5487,-211.94,-52.985
823.163,20.2345,63.0787,3.29317,38.2892,0.619632,-0.75184,-0.659346,0.735034,0.678031,27933,30306.3,32407.7,36986.3,41463.7,43411.3,24362.7,0,21440.7,31381.9,2566.39,37475.5,4865.26,37967,5028.59,910.594,1006.48,20.5392,20.8359,-60.73,-60.73,-157.695,-39.4238
759.075,19.9777,64.5817,2.6733,35.4944,0.580624,-0.793353,-0.608761,0.735034,0.678031,25219.7,27933,30306.3,34880.7,40474,41910.3,27703.7,0,18753.7,28966.7,2680.66,36084.6,5710.9,37863.5,5259.05,852.143,1010.1,20.2889,20.8684,-64.088,-64.088,-233.801,-58.4503
694.07,19.8795,64.2567,2.23413,32.6019,0.538799,-0.83147,-0.55557,0.735034,0.678031,21709,25219.7,27933,32407.7,39217.3,43522.7,30964,0,9036,26292,3200.06,34266.8,6474.66,37477.9,6033.17,790.05,1008.27,20.0832,20.9224,-65.0053,-65.0053,-248.372,-62.093
622.834,19.9096,63.7588,1.7991,29.626,0.494337,-0.866025,-0.5,0.735034,0.678031,18746.7,21709,25219.7,30306.3,38205.7,42398.7,33612.7,0,8448,23402.1,3477.51,32295.8,7252.5,36858.5,7071.93,724.786,1000.7,20.0003,20.969,-71.236,-71.236,-261.059,-65.2648
549.629,19.3569,65.8237,2.14989,26.5791,0.447433,-0.896873,-0.442289,0.735034,0.678031,15649.7,18746.7,21709,27933,36986.3,41463.7,35654.3,0,8259.67,20331.2,3543.41,30144.7,8003.65,36025,8246.16,656.402,987.568,19.7809,20.9887,-73.2053,-73.2053,-273.535,-68.3837
476.972,18.4149,69.1816,2.36791,23.4715,0.398293,-0.92388,-0.382683,0.735034,0.678031,12884,15649.7,18746.7,25219.7,34880.7,40474,37644,0,7539,17247.3,3307.03,27845.5,8643.41,34993.3,9441.31,585.876,969.172,19.3902,20.9808,-72.6567,-72.6567,-282.103,-70.5258
396.065,17.6929,73.4361,2.23493,20.3122,0.347136,-0.94693,-0.321439,0.735034,0.678031,10154.7,12884,15649.7,21709,32407.7,39217.3,39583.7,0,5909,14358.8,3192.55,25423.6,9173.16,33767.1,10604.9,511.375,945.604,18.8436,20.926,-80.9067,-80.9067,-298.005,-74.5012
125.724,17.4574,75.0782,2.04217,17.1093,0.294195,-0.965926,-0.258819,0.735034,0.678031,7505,10154.7,12884,18746.7,30306.3,38205.7,41761,0,4265.67,11548.3,3037.1,22865.2,9525.9,32339.8,11683.4,387.098,909.04,18.2305,20.8409,-270.341,-270.341,-497.11,-124.277
84.6268,17.2041,76.3099,1.72589,13.8703,0.239725,-0.980785,-0.19509,0.735034,0.678031,5323,7505,10154.7,15649.7,27933,36986.3,42859.7,0,2261.67,8966.67,2835.91,20226.6,9633.67,30775.7,12643.4,270.847,869.072,17.6923,20.7614,-41.0976,-41.0976,-465.002,-116.25
0,16.5903,76.2996,2.14886,-12.9621,-0.224306,1,6.12323e-17,0.746588,0.665287,0,0,0,0,0,0,0,276.667,0,0,0,0,0,0,0,0,0,16.5651,16.8441,0,0,0,0
0,16.7307,75.6481,2.64457,-9.52823,-0.165534,0.997859,-0.0654031,0.746588,0.665287,0,0,0,0,0,0,0,35.6667,0,0,0,0,0,0,0,0,0,16.6252,16.8262,0,0,0,0
0,16.6963,75.5316,1.97436,-6.10693,-0.106384,0.991445,-0.130526,0.746588,0.665287,0,0,0,0,0,0,0,0,0,0,0,0,0,0,0,0,0,16.653,16.8051,0,0,0,0
0,16.6119,75.5346,2.02884,-2.70028,-0.0471113,0.980785,-0.19509,0.746588,0.665287,45.6667,0,0,0,0,0,0,0,64,11.4167,19.7742,3.80556,12.6216,1.90278,9.1254,0,0,16.6573,16.7725,0,0,0,0
7.7448,16.5605,74.9756,2.13468,1.08271,0.0188957,0.965926,-0.258819,0.746588,0.665287,512,45.6667,0,0,0,0,0,0,746,139.417,215.917,46.4722,140.924,23.2361,102.321,1.9362,0.3227,16.6499,16.7329,7.7448,7.7448,7.7448,1.9362
32.2011,16.7717,70.3215,2.1799,4.24618,0.074042,0.94693,-0.321439,0.746588,0.665287,1299,512,45.6667,0,0,0,0,0,2202,464.167,521.974,154.722,372.42,77.3611,274.469,9.98647,1.66441,16.6601,16.7009,24.4563,24.4563,32.2011,8.05027
51.8873,17.0838,66.8331,2.46187,7.52412,0.130944,0.92388,-0.382683,0.746588,0.665287,1781.67,1299,512,0,0,0,0,0,3973,909.583,673.906,303.194,578.997,151.597,436.578,22.9583,3.82638,16.757,16.6915,19.6862,19.6862,51.8873,12.9718
57.9543,17.3352,64.3955,1.89525,10.8129,0.187602,0.896873,-0.442289,0.746588,0.665287,4466,1781.67,1299,45.6667,0,0,0,0,6584.67,2014.67,1486.06,675.361,1277.95,337.681,964.677,37.4468,6.24114,16.9378,16.685,6.067,6.067,57.9543,14.4886
115.805,17.733,65.7613,1.78465,14.0859,0.243377,0.866025,-0.5,0.746588,0.665287,6239.33,4466,1781.67,512,0,0,0,0,9247.33,3446.5,2013.87,1195.31,1976.01,597.653,1519.7,64.4618,11.0663,17.2309,16.6899,57.8503,57.8503,108.06,27.0149
177.557,18.3436,66.6496,1.92718,17.3315,0.297899,0.83147,-0.55557,0.746588,0.665287,7420.33,6239.33,4466,1299,0,0,0,0,12114.7,4976.83,2123.36,1813.67,2575.35,906.833,2034.34,100.801,18.4645,17.6239,16.7338,61.7521,61.7521,145.356,36.3389
204.629,18.5956,72.6792,1.25256,20.5413,0.350883,0.793353,-0.608761,0.746588,0.665287,9796,7420.33,6239.33,1781.67,0,0,0,0,15784.7,6980.42,1936.01,2630,3316.88,1315,2688.88,138.986,26.9907,18.0019,16.829,27.0727,27.0727,152.742,38.1855
273.343,18.7358,69.6843,1.38996,23.708,0.402076,0.75184,-0.659346,0.746588,0.665287,17948.7,9796,7420.33,4466,45.6667,0,0,0,18720.3,10351.1,4569.66,4125.72,5267.19,2062.86,4257.58,192.833,38.3801,18.352,16.9215,68.714,68.714,215.389,53.8473
410.169,19.81,65.1851,0.911745,26.8235,0.451244,0.707107,-0.707107,0.746588,0.665287,18461.7,17948.7,9796,6239.33,512,0,0,0,21773.3,13406.7,4874.83,5664.19,6409.72,2832.1,5344.44,266.424,55.4704,18.8713,17.0577,136.825,136.825,294.364,73.591
430.369,19.8437,65.3605,1.252,29.8789,0.498168,0.659346,-0.75184,0.746588,0.665287,13495.3,18461.7,17948.7,7420.33,1299,0,0,0,24362.7,14925.4,3535.57,6788.81,6500.52,3394.4,5714.05,329.628,73.4025,19.2463,17.1881,20.2007,20.2007,252.813,63.2032
352.353,19.1979,69.8673,0.915905,32.8637,0.542643,0.608761,-0.793353,0.746588,0.665287,15238.7,13495.3,18461.7,9796,1781.67,0,0,0,27703.7,16286.1,2023.78,8058.69,6538.61,4029.35,6132.89,366.559,88.0839,19.3969,17.3009,-78.016,-78.016,147.724,36.931
394.385,19.5045,70.594,0.752183,35.7659,0.584475,0.55557,-0.83147,0.746588,0.665287,14501.3,15238.7,13495.3,17948.7,4466,45.6667,0,0,30964,15424.2,1859.63,9263.33,6277.78,4633.57,6414.05,396.819,104.517,19.589,17.4236,42.032,42.032,121.042,30.2605
369.711,19.0367,73.6647,1.05111,38.5708,0.623481,0.5,-0.866025,0.746588,0.665287,22362,14501.3,15238.7,18461.7,6239.33,512,0,0,33612.7,16399.3,3497.72,11084.2,6634.07,5565.32,7243.83,386.705,119.921,19.3957,17.5141,-24.6747,-24.6747,-40.458,-10.1145
596.452,20.6253,63.7221,1.41287,41.2613,0.659494,0.442289,-0.896873,0.746588,0.665287,22576.3,22362,14501.3,13495.3,7420.33,1299,0,0,35654.3,18669.6,3809.27,12857.3,6625.23,6506,7896.51,428.225,144.773,19.5911,17.68,226.741,226.741,166.083,41.5207
572.678,22.4673,58.9603,1.42521,43.8171,0.692358,0.382683,-0.92388,0.746588,0.665287,19578,22576.3,22362,15238.7,9796,1781.67,0,0,37644,19754.4,3255.33,14340.3,5935.98,7321.75,8188.14,483.306,168.635,20.4084,17.9363,-23.774,-23.774,220.325,55.0812
514.254,22.779,58.2261,1.66479,46.2142,0.721932,0.321439,-0.94693,0.746588,0.665287,17000.7,19578,22576.3,14501.3,17948.7,4466,0,0,39583.7,20379.2,2281.19,15384.9,5158.43,8030.11,8259.15,513.274,190.062,21.2271,18.2092,-58.424,-58.424,119.869,29.9672
339.627,23.0181,57.7291,1.49265,48.4249,0.748087,0.258819,-0.965926,0.746588,0.665287,16177.3,17000.7,19578,22362,18461.7,6239.33,0,0,41761,18833.1,2498.88,16213,4359.57,8704.17,8236.4,505.753,204.213,22.2224,18.4892,-174.627,-174.627,-30.084,-7.521
420.279,22.1652,60.5931,1.54813,50.4178,0.770712,0.19509,-0.980785,0.746588,0.665287,18008,16177.3,17000.7,22576.3,13495.3,7420.33,0,0,42859.7,17691,1267.77,17095.3,3471.78,9454.5,8229.53,461.709,221.725,22.6074,18.7257,80.652,80.652,-176.173,-44.0433
483.76,21.9449,61.4031,1.36759,52.1583,0.789709,0.130526,-0.991445,0.746588,0.665287,26523.3,18008,16177.3,19578,15238.7,9796,0,0,43222,19427.3,4147.86,18489.3,3616.27,10559.6,8655.56,439.48,241.882,22.4768,18.949,63.4813,63.4813,-88.918,-22.2295
578.363,22.6057,59.3938,1.68169,53.6099,0.804996,0.0654031,-0.997859,0.746588,0.665287,38923.3,26523.3,18008,17000.7,14501.3,17948.7,0,0,43270.7,24908,8984.34,20237.2,6692.82,12181.4,10058,455.507,265.98,22.4335,19.1994,94.6027,94.6027,64.1087,16.0272
971.489,24.9535,48.5874,2.00147,54.7368,0.816508,1.22465e-16,-1,0.746588,0.665287,47872,38923.3,26523.3,16177.3,22362,18461.7,0,0,41815.7,32831.7,11433,22688,10107.7,14176.1,12003.2,613.472,306.459,22.9173,19.5479,393.126,393.126,631.862,157.965
1113.89,27.3632,42.8894,2.12045,55.5071,0.824196,-0.0654031,-0.997859,0.746588,0.665287,39537.7,47872,38923.3,18008,22576.3,13495.3,0,0,43411.3,38214.1,7619.12,24858.2,10680.5,15823.5,12640.8,786.876,352.871,24.2168,19.9909,142.404,142.404,693.614,173.404
1039.67,28.5945,41.4173,2.54697,55.8965,0.828026,-0.130526,-0.991445,0.746588,0.665287,27846.3,39537.7,47872,26523.3,19578,15238.7,0,0,41910.3,38544.8,7116.58,25908.9,10295.7,16983.8,12411.1,925.854,396.191,25.8792,20.4867,-74.2193,-74.2193,555.913,138.978
872.324,28.8858,41.0521,1.93501,55.892,0.827982,-0.19509,-0.980785,0.746588,0.665287,26379.7,27846.3,39537.7,38923.3,17000.7,14501.3,45.6667,0,43522.7,35408.9,8818.94,26898.7,9705.43,18081,12023.1,999.345,432.537,27.4492,20.9981,-167.349,-167.349,293.961,73.4903
777.036,28.2195,42.7067,2.18845,55.4937,0.824064,-0.258819,-0.965926,0.746588,0.665287,31331.7,26379.7,27846.3,47872,16177.3,22362,512,0,42398.7,31273.8,5098.9,27646.2,9672.59,19365.2,11720.1,950.732,464.591,28.2658,21.4839,-95.288,-95.288,-194.453,-48.6132
874.732,27.9624,44.2087,2.07596,54.7149,0.816288,-0.321439,-0.94693,0.746588,0.665287,17033.3,31331.7,26379.7,39537.7,18008,22576.3,1299,0,41463.7,25647.8,5288.77,27184.3,10029.4,20020.8,11115.6,890.941,499.697,28.4156,21.9502,97.696,97.696,-239.161,-59.7902
565.599,25.7439,51.9091,0.960175,53.5803,0.804689,-0.382683,-0.92388,0.746588,0.665287,16811.7,17033.3,31331.7,27846.3,26523.3,19578,1781.67,0,40474,22889.1,6218.64,26953.8,10231.4,20647,10475.4,772.423,521.101,27.7029,22.311,-309.133,-309.133,-474.075,-118.519
413.383,22.7557,60.0955,1.50336,52.1217,0.789316,-0.442289,-0.896873,0.746588,0.665287,28801.7,16811.7,17033.3,26379.7,38923.3,17000.7,4466,0,39217.3,23494.6,6633.14,27937.2,9784.85,21661,10028.3,657.687,535.911,26.1704,22.5369,-152.216,-152.216,-458.941,-114.735
644.485,21.6987,63.9827,0.982101,50.3751,0.770236,-0.5,-0.866025,0.746588,0.665287,32722.3,28801.7,16811.7,31331.7,47872,16177.3,6239.33,0,38205.7,23842.2,7057.66,29315.9,9177.48,22764.5,9723.03,624.549,557.939,24.5402,22.7021,231.102,231.102,-132.551,-33.1378
778.402,22.4312,59.0327,1.26438,48.3768,0.747529,-0.55557,-0.83147,0.746588,0.665287,20847.7,32722.3,28801.7,17033.3,39537.7,18008,7420.33,0,36986.3,24795.8,6289.1,29552.6,8915.73,23323.9,9196.05,600.467,582.974,23.1574,22.8724,133.917,133.917,-96.33,-24.0825
562.307,24.0053,56.5847,1.18279,46.1615,0.721295,-0.608761,-0.793353,0.746588,0.665287,22813,20847.7,32722.3,16811.7,27846.3,26523.3,9796,0,34880.7,26296.2,4727.36,29243.4,9078.28,23866.3,8755.5,599.644,597.878,22.7227,23.0978,-216.095,-216.095,-3.29133,-0.822833
550.985,24.4063,54.8057,1.29559,43.7604,0.691645,-0.659346,-0.75184,0.746588,0.665287,12977.3,22813,20847.7,28801.7,26379.7,38923.3,17948.7,0,32407.7,22340.1,7033.9,27081.2,9590.64,23659.2,8949.71,634.045,609.446,23.1354,23.3341,-11.3227,-11.3227,137.602,34.4005
418.559,23.6845,55.7324,1.16641,41.2014,0.658707,-0.707107,-0.707107,0.746588,0.665287,18929.7,12977.3,22813,32722.3,31331.7,47872,18461.7,0,30306.3,18891.9,3680.47,24669.3,7461.84,23678.7,8938.86,577.563,609.796,23.6318,23.4955,-132.425,-132.425,-225.925,-56.4813
455.665,22.5943,59.4583,1.30861,38.508,0.622624,-0.75184,-0.659346,0.746588,0.665287,35123.3,18929.7,12977.3,20847.7,17033.3,39537.7,13495.3,0,27933,22460.8,8106.61,24301.5,6799.16,24579.8,8957,496.879,610.85,23.6726,23.6101,37.106,37.106,-322.737,-80.6842
806.591,22.8785,56.8574,2.22875,35.7007,0.583552,-0.793353,-0.608761,0.746588,0.665287,16506.3,35123.3,18929.7,22813,16811.7,27846.3,15238.7,0,25219.7,20884.2,8489.07,23356.5,7025.11,24632.7,8905.35,557.95,629.776,23.3909,23.7635,350.925,350.925,244.283,61.0708
527.929,23.1691,57.0293,1.28882,32.7966,0.541658,-0.83147,-0.55557,0.746588,0.665287,19214,16506.3,35123.3,12977.3,28801.7,26379.7,14501.3,0,21709,22443.3,7396.03,22759.3,7047.26,24829,8730.02,552.186,635.341,23.0816,23.9162,-278.662,-278.662,-23.056,-5.764
528.771,23.188,56.4955,1.3006,29.81,0.497126,-0.866025,-0.5,0.746588,0.665287,10245.7,19214,16506.3,18929.7,32722.3,31331.7,22362,0,18746.7,20272.3,9170.46,21002.2,7314.5,24324.2,9195.99,579.739,641.968,22.9575,24.0892,0.842,0.842,110.211,27.5528
364.823,23.4877,55.5495,1.19153,26.7532,0.450149,-0.896873,-0.442289,0.746588,0.665287,10550.3,10245.7,19214,35123.3,20847.7,17033.3,22576.3,0,15649.7,14129.1,3853.44,20461.9,7810.3,23823.1,9596.5,557.028,632.317,23.1808,24.2084,-163.947,-163.947,-90.842,-22.7105
305.805,23.3073,54.8184,1.30209,23.6366,0.400934,-0.92388,-0.382683,0.746588,0.665287,9137.67,10550.3,10245.7,16506.3,22813,16811.7,19578,0,12884,12286.9,4033.75,19822.4,8376.63,23388.1,10006.9,431.832,621.197,23.288,24.2434,-59.0187,-59.0187,-500.786,-125.197
73.3879,22.745,57.3952,1.18377,20.4689,0.349699,-0.94693,-0.321439,0.746588,0.665287,8061.33,9137.67,10550.3,19214,12977.3,28801.7,17000.7,0,10154.7,9498.75,982.377,18094.1,8484.62,23015.6,10396.5,318.197,602.828,23.182,24.242,-232.417,-232.417,-454.541,-113.635
133.035,22.0957,58.5883,1.97659,17.2583,0.29668,-0.965926,-0.258819,0.746588,0.665287,5435.67,8061.33,9137.67,10245.7,18929.7,32722.3,16177.3,0,7505,8296.25,1872.63,15820.2,7895.5,22568,10900.3,219.263,594.22,22.909,24.2036,59.6473,59.6473,-395.735,-98.9339
156.995,21.5253,61.0715,1.77895,14.0122,0.242128,-0.980785,-0.19509,0.746588,0.665287,3488.67,5435.67,8061.33,10550.3,35123.3,20847.7,18008,0,5323,6530.83,2213.15,14373.6,8414.99,21963.1,11521.8,167.306,583.25,22.4183,24.1769,23.9595,23.9595,-207.829,-51.9572
0,20.638,68.4777,2.57175,-12.8198,-0.221885,1,6.12323e-17,0.757922,0.652346,0,0,0,0,0,0,0,353.333,0,0,0,0,0,0,0,0,0,20.6375,20.234,0,0,0,0
0,20.644,69.0089,2.51906,-9.38308,-0.163035,0.997859,-0.0654031,0.757922,0.652346,0,0,0,0,0,0,0,29,0,0,0,0,0,0,0,0,0,20.6451,20.2664,0,0,0,0
0,20.5082,69.4134,2.6104,-5.9585,-0.103808,0.991445,-0.130526,0.757922,0.652346,0,0,0,0,0,0,0,0,0,0,0,0,0,0,0,0,0,20.6015,20.2958,0,0,0,0
0,20.5225,70.6581,3.01649,-2.54815,-0.044459,0.980785,-0.19509,0.757922,0.652346,13.6667,0,0,0,0,0,0,0,45.6667,3.41667,5.91784,1.13889,3.77727,0.569444,2.73096,0,0,20.5782,20.3307,0,0,0,0
13.3516,20.4627,71.7536,2.56863,1.22219,0.0213296,0.965926,-0.258819,0.757922,0.652346,373,13.6667,0,0,0,0,0,0,512,96.6667,159.639,32.2222,102.817,16.1111,74.4665,3.3379,0.556317,20.5343,20.3636,13.3516,13.3516,13.3516,3.3379
38.1405,20.6039,72.5825,2.39013,4.402,0.0767539,0.94693,-0.321439,0.757922,0.652346,1041.33,373,13.6667,0,0,0,0,0,1299,357,422.462,119,296.333,59.5,217.823,12.873,2.1455,20.5243,20.399,24.7889,24.7889,38.1405,9.53512
57.1445,20.7567,72.4693,2.45608,7.68776,0.133775,0.92388,-0.382683,0.757922,0.652346,1298,1041.33,373,0,0,0,0,0,1781.67,681.5,512.525,227.167,436.772,113.583,329.069,27.1591,4.52653,20.5864,20.4378,19.0041,19.0041,57.1445,14.2861
66.8901,20.8887,71.893,2.65129,10.983,0.190518,0.896873,-0.442289,0.757922,0.652346,2483.67,1298,1041.33,13.6667,0,0,0,0,4466,1299,762.775,434.139,753.623,217.069,575.407,43.8817,7.31361,20.678,20.4768,9.7456,9.7456,66.8901,16.7225
81.5437,21.1342,72.1029,3.29423,14.2625,0.246365,0.866025,-0.5,0.757922,0.652346,3261.33,2483.67,1298,373,0,0,0,0,6239.33,2021.08,899.3,705.917,1069.8,352.958,834.752,60.9297,10.7113,20.8458,20.5263,14.6536,14.6536,68.1921,17.048
109.777,21.1402,73.8475,3.21318,17.5149,0.300953,0.83147,-0.55557,0.757922,0.652346,2716,3261.33,2483.67,1041.33,0,0,0,0,7420.33,2439.75,717.083,932.25,1178.31,466.125,954.714,78.8388,15.2853,20.9799,20.5754,28.2329,28.2329,71.6362,17.909
100.207,21.0238,75.9585,3.82525,20.7321,0.353998,0.793353,-0.608761,0.757922,0.652346,3371.33,2716,3261.33,1298,0,0,0,0,9796,2958.08,369.598,1213.19,1316.37,606.597,1111.02,89.6044,19.4606,21.0467,20.6145,-9.56973,-9.56973,43.0624,10.7656
107.647,20.5984,80.6155,5.21021,23.9066,0.405247,0.75184,-0.659346,0.757922,0.652346,5833,3371.33,2716,2483.67,13.6667,0,0,0,17948.7,3795.42,1202.29,1699.28,1775.51,849.639,1515.95,99.7935,23.9459,20.9741,20.6323,7.43973,7.43973,40.7565,10.1891
160.055,20.3657,80.7201,3.94149,27.0307,0.454467,0.707107,-0.707107,0.757922,0.652346,6048.33,5833,3371.33,3261.33,373,0,0,0,18461.7,4492.17,1468.89,2203.31,2057.66,1101.65,1825,119.421,30.6148,20.782,20.6405,52.4087,52.4087,78.5116,19.6279
174.151,21.0275,71.9207,1.63585,30.0953,0.50144,0.659346,-0.75184,0.757922,0.652346,9197.33,6048.33,5833,2716,1041.33,0,0,0,13495.3,6112.5,2068.36,2969.75,2705.24,1484.88,2421.57,135.515,37.8711,20.7539,20.6766,14.0953,14.0953,64.374,16.0935
241.193,21.9387,66.8271,1.71404,33.0902,0.545958,0.608761,-0.793353,0.757922,0.652346,10589.7,9197.33,6048.33,3371.33,1298,0,0,0,15238.7,7917.08,2038.22,3852.22,3262.4,1926.11,3005.25,170.761,47.9208,20.9826,20.7451,67.042,67.042,140.986,35.2464
283.231,22.6012,68.4755,2.14312,36.0031,0.587829,0.55557,-0.83147,0.757922,0.652346,7475.33,10589.7,9197.33,5833,2483.67,13.6667,0,0,14501.3,8327.67,1717.18,4474.03,3181.61,2237.58,3172.22,214.657,59.7221,21.4833,20.8341,42.038,42.038,175.584,43.896
226.078,22.9393,65.6928,2.1964,38.8195,0.626869,0.5,-0.866025,0.757922,0.652346,11945.7,7475.33,10589.7,6048.33,3261.33,373,0,0,22362,9802,1657.91,5438.42,3527.49,2735.32,3678.8,231.163,69.142,22.1267,20.9331,-57.1527,-57.1527,66.0227,16.5057
290.38,22.79,67.1455,2.30725,41.5223,0.662912,0.442289,-0.896873,0.757922,0.652346,18072.3,11945.7,7475.33,9197.33,2716,1041.33,0,0,22576.3,12020.8,3851.5,6857.67,4703.09,3488.33,4738.76,260.22,81.2412,22.5673,21.0235,64.302,64.302,116.229,29.0573
455.655,23.1671,68.8349,2.40277,44.091,0.6958,0.382683,-0.92388,0.757922,0.652346,28412.7,18072.3,11945.7,10589.7,3371.33,1298,0,0,19578,16476.5,7851.25,9117.22,7290.8,4672.19,6814.07,313.836,100.227,22.8744,21.1301,165.275,165.275,214.462,53.6155
755.187,24.2429,63.8855,3.36889,46.5015,0.725393,0.321439,-0.94693,0.757922,0.652346,36707.3,28412.7,18072.3,7475.33,5833,2483.67,0,0,17000.7,23784.5,9502.71,11969.2,10236.7,6201.67,9270.55,431.825,131.693,23.2848,21.2775,299.533,299.533,471.957,117.989
995.933,26.3226,56.7419,2.76609,48.7259,0.751562,0.258819,-0.965926,0.757922,0.652346,40744,36707.3,28412.7,11945.7,6048.33,3261.33,0,0,16177.3,30984.1,8679.53,15092.8,12558.4,7899.33,11453.1,624.289,173.19,24.1307,21.5095,240.746,240.746,769.855,192.464
1084.85,27.6396,52.2442,2.14485,50.7322,0.774196,0.19509,-0.980785,0.757922,0.652346,41542,40744,36707.3,18072.3,9197.33,2716,0,0,18008,36851.5,5205.46,18328.2,13884.4,9630.25,13143,822.907,218.392,25.3431,21.8023,88.92,88.92,794.473,198.618
1102.07,28.5472,49.4719,2.05146,52.4853,0.793197,0.130526,-0.991445,0.757922,0.652346,42190.7,41542,40744,28412.7,10589.7,3371.33,0,0,26523.3,40296,2134.33,21563.2,14530,11388.2,14489.9,984.51,264.312,26.6881,22.13,17.2133,17.2133,646.412,161.603
1141.33,28.9878,48.1125,2.2515,53.948,0.808483,0.0654031,-0.997859,0.757922,0.652346,41859.3,42190.7,41542,36707.3,7475.33,5833,0,0,38923.3,41584,536.474,24565.4,14690.6,13132.3,15498.3,1081.05,311.867,27.8743,22.4788,39.26,39.26,386.139,96.5348
1168.44,29.5079,45.443,2.56427,55.0837,0.819989,1.22465e-16,-1,0.757922,0.652346,41679.7,41859.3,42190.7,40744,11945.7,6048.33,0,0,47872,41817.9,242.848,27534.7,14241.9,14869,16246.6,1124.17,360.552,28.6706,22.8484,27.1133,27.1133,172.507,43.1267
1183.8,29.9916,44.1345,2.46564,55.8596,0.827665,-0.0654031,-0.997859,0.757922,0.652346,42207.7,41679.7,41859.3,41542,18072.3,9197.33,0,0,39537.7,41984.3,224.109,30285.5,13608.3,16627.6,16816.4,1148.91,409.877,29.2586,23.2379,15.36,15.36,98.9467,24.7367
1189.39,30.4392,43.2772,2.07066,56.2509,0.831478,-0.130526,-0.991445,0.757922,0.652346,42645.3,42207.7,41679.7,42190.7,28412.7,10589.7,0,0,27846.3,42098,368.634,32956.8,12587.8,18404.5,17213.9,1170.74,459.435,29.7316,23.6516,5.58667,5.58667,87.32,21.83
1194.3,30.9679,42.0514,1.92458,56.2441,0.831412,-0.19509,-0.980785,0.757922,0.652346,42857.3,42645.3,42207.7,41859.3,36707.3,7475.33,13.6667,0,26379.7,42347.5,451.161,35905.3,10189.1,20189.7,17434.2,1183.98,509.197,30.2267,24.0869,4.91333,4.91333,52.9733,13.2433
1192.65,31.5192,39.9549,1.84727,55.8395,0.827467,-0.258819,-0.965926,0.757922,0.652346,42100.7,42857.3,42645.3,41679.7,40744,11945.7,373,0,31331.7,42452.8,310.162,38418.2,7270.74,21928.3,17452,1190.03,558.335,30.7295,24.5476,-1.65333,-1.65333,24.2067,6.05167
1184.57,31.9313,38.1155,2.10994,55.0508,0.819661,-0.321439,-0.94693,0.757922,0.652346,41312,42100.7,42857.3,42207.7,41542,18072.3,1041.33,0,17033.3,42228.8,596.97,40354.9,3913.39,23606.3,17298.3,1190.22,606.102,31.2144,25.0195,-8.08,-8.08,0.766667,0.191667
1164.03,32.0203,36.4147,2.37424,53.9035,0.808026,-0.382683,-0.92388,0.757922,0.652346,40068.3,41312,42100.7,42645.3,42190.7,28412.7,1298,0,16811.7,41584.6,1031.93,41326.2,1579.02,25221.7,16946.4,1183.89,652.223,31.6097,25.4889,-20.54,-20.54,-25.36,-6.34
1122.44,31.9599,35.3205,2.52161,52.4303,0.792612,-0.442289,-0.896873,0.757922,0.652346,38345,40068.3,41312,42857.3,41859.3,36707.3,2483.67,0,28801.7,40456.5,1418.12,41462.7,1198.95,26715.9,16449.3,1165.92,696.204,31.8577,25.9502,-41.5867,-41.5867,-71.86,-17.965
1083.46,32.0791,35.7573,2.31471,50.668,0.773486,-0.5,-0.866025,0.757922,0.652346,37159,38345,40068.3,42100.7,41679.7,40744,3261.33,0,32722.3,39221.1,1589.77,41163.9,1687.79,28128.3,15817.9,1138.62,737.95,31.9977,26.4062,-38.98,-38.98,-109.187,-27.2967
1039.74,32.0367,36.3464,1.66868,48.6537,0.750731,-0.55557,-0.83147,0.757922,0.652346,37605.3,37159,38345,41312,42207.7,41542,2716,0,20847.7,38294.4,1108.3,40835.9,1945.36,29582.1,14997.6,1102.42,776.699,32.024,26.8602,-43.72,-43.72,-144.827,-36.2067
1039.81,32.0371,36.6566,1.56618,46.4225,0.724443,-0.608761,-0.793353,0.757922,0.652346,35222.3,37605.3,37159,40068.3,42645.3,42190.7,3371.33,0,22813,37082.9,1154.7,40255.2,2433.15,30909.2,13995.3,1071.36,815.849,32.0282,27.3191,0.0733333,0.0733333,-124.213,-31.0533
984.424,29.1161,44.012,2.25528,44.0062,0.694737,-0.659346,-0.75184,0.757922,0.652346,32283.3,35222.3,37605.3,38345,42857.3,41859.3,5833,0,12977.3,35567.5,2097.05,39457.2,3219.44,32011.3,12982,1036.86,852.381,31.3172,27.674,-55.3893,-55.3893,-138.016,-34.504
901.052,28.0643,46.3336,2.83534,41.4326,0.661739,-0.707107,-0.707107,0.757922,0.652346,23795.3,32283.3,35222.3,37159,42100.7,41679.7,6048.33,0,18929.7,32226.6,5220.02,37966.8,5307.83,32750.7,11946.1,991.257,883.256,30.3136,27.9948,-83.372,-83.372,-182.408,-45.602
764.365,27.8435,46.5971,2.66015,38.7257,0.625593,-0.75184,-0.659346,0.757922,0.652346,21135,23795.3,32283.3,37605.3,41312,42207.7,9197.33,0,35123.3,28109,5815.26,36210.8,6870.21,33248.1,11179,922.414,907.849,29.2653,28.2788,-136.687,-136.687,-275.375,-68.8438
524.069,27.1714,48.0905,2.40807,35.9057,0.586453,-0.793353,-0.608761,0.757922,0.652346,24846.7,21135,23795.3,35222.3,40068.3,42645.3,10589.7,0,16506.3,25515.1,4135.17,34727.5,7232.66,33842.2,10303.7,793.477,919.635,28.0488,28.4968,-240.295,-240.295,-515.744,-128.936
686.996,27.2962,47.6843,2.19881,32.9899,0.544491,-0.83147,-0.55557,0.757922,0.652346,20149.7,24846.7,21135,32283.3,38345,42857.3,7475.33,0,19214,22481.7,1908.58,32835.2,7805.91,34370.3,9204.99,719.12,936.459,27.5939,28.6924,162.927,162.927,-297.428,-74.357
578.391,27.2295,48.0961,2.03282,29.9925,0.499887,-0.866025,-0.5,0.757922,0.652346,12590.7,20149.7,24846.7,23795.3,37159,42100.7,11945.7,0,10245.7,19680.5,4452.27,30376.1,9048.99,34397.2,9140.2,638.455,951.138,27.3852,28.8712,-108.605,-108.605,-322.661,-80.6653
328.969,25.9331,52.2181,2.22601,26.9258,0.452837,-0.896873,-0.442289,0.757922,0.652346,11012.3,12590.7,20149.7,21135,37605.3,41312,18072.3,0,10550.3,17149.8,5627.95,27851.1,9838.12,34103,9753.87,529.606,952.746,26.9076,29.0022,-249.422,-249.422,-435.396,-108.849
343.467,25.1413,54.4465,2.07031,23.8,0.403546,-0.92388,-0.382683,0.757922,0.652346,6367.33,11012.3,12590.7,24846.7,35222.3,40068.3,28412.7,0,9137.67,12530,4958.45,25042.7,10720.3,33184.4,11180.2,484.456,948.072,26.4,29.0844,14.498,14.498,-180.603,-45.1507
163.403,24.9627,56.4535,2.53487,20.624,0.352234,-0.94693,-0.321439,0.757922,0.652346,5730,6367.33,11012.3,20149.7,32283.3,38345,36707.3,0,8061.33,8925.08,2938.7,22324.8,11129.9,31893.7,12418.6,353.557,923.414,25.8167,29.1144,-180.064,-180.064,-523.593,-130.898
140.359,24.8441,56.7119,1.71577,17.4057,0.299136,-0.965926,-0.258819,0.757922,0.652346,4720,5730,6367.33,12590.7,23795.3,37159,40744,0,5435.67,6957.42,2413.67,19621.5,11138,30392.7,13396.7,244.049,887.765,25.2203,29.0528,-23.044,-23.044,-438.032,-109.508
109.574,24.7393,57.5284,1.29868,14.1525,0.244503,-0.980785,-0.19509,0.757922,0.652346,3883.33,4720,5730,11012.3,21135,37605.3,41542,0,3488.67,5175.17,949.357,16811.3,10480.8,28823.6,14181.4,189.201,847.128,24.9218,28.9319,-30.7844,-30.7844,-219.394,-54.8486
0,16.2649,63.9355,4.44891,-12.6734,-0.219393,1,6.12323e-17,0.769031,0.639212,0,0,0,0,0,0,0,37.3333,0,0,0,0,0,0,0,0,0,16.4021,17.1147,0,0,0,0
0,16.1424,63.0231,4.20337,-9.23392,-0.160466,0.997859,-0.0654031,0.769031,0.639212,0,0,0,0,0,0,0,0,0,0,0,0,0,0,0,0,0,16.2797,17.0569,0,0,0,0
0,16.1522,62.4005,3.70452,-5.80616,-0.101163,0.991445,-0.130526,0.769031,0.639212,0,0,0,0,0,0,0,0,0,0,0,0,0,0,0,0,0,16.2091,16.9971,0,0,0,0
0,16.1058,61.4251,4.02157,-2.39221,-0.0417398,0.980785,-0.19509,0.769031,0.639212,126,0,0,0,0,0,0,0,13.6667,31.5,54.5596,10.5,34.8246,5.25,25.1781,0,0,16.1663,16.9369,0,0,0,0
8.74607,16.0893,61.2631,4.5661,1.36608,0.0238403,0.965926,-0.258819,0.769031,0.639212,259.667,126,0,0,0,0,0,0,373,96.4167,107.376,32.1389,76.87,16.0694,56.6809,2.18652,0.364419,16.1224,16.8751,8.74607,8.74607,8.74607,2.18652
24.575,16.1417,60.4579,4.20741,4.56161,0.079531,0.94693,-0.321439,0.769031,0.639212,672.667,259.667,126,0,0,0,0,0,1041.33,264.583,252.867,88.1945,192.017,44.0972,142.758,8.33027,1.38838,16.1222,16.8089,15.8289,15.8289,24.575,6.14375
34.6834,16.1829,59.9085,3.93171,7.85501,0.136667,0.92388,-0.382683,0.769031,0.639212,3620,672.667,259.667,0,0,0,0,0,1298,1169.58,1429.03,389.861,992.316,194.931,728.247,17.0011,2.83352,16.1299,16.7532,10.1084,10.1084,34.6834,8.67085
91.703,16.2776,60.3803,3.74244,11.1566,0.193492,0.896873,-0.442289,0.769031,0.639212,6069.67,3620,672.667,126,0,0,0,0,2483.67,2655.5,2358.94,895.667,1845.14,447.833,1379.43,39.9269,6.65448,16.1729,16.7052,57.0196,57.0196,91.703,22.9258
158.547,16.4695,58.5062,4.46579,14.4425,0.249409,0.866025,-0.5,0.769031,0.639212,5589.33,6069.67,3620,259.667,0,0,0,0,3261.33,3987.92,2122.76,1361.44,2226.34,680.722,1715.13,77.377,13.2606,16.2679,16.6671,66.8437,66.8437,149.801,37.4501
155.211,16.6823,57.415,4.81835,17.7017,0.304061,0.83147,-0.55557,0.769031,0.639212,8247.33,5589.33,6069.67,672.667,0,0,0,0,2716,5881.58,1645.62,2048.72,2877.69,1024.36,2278.13,110.036,19.7277,16.403,16.6378,-3.336,-3.336,130.636,32.6589
182.643,16.6395,57.4524,5.06361,20.9261,0.357164,0.793353,-0.608761,0.769031,0.639212,10934.3,8247.33,5589.33,3620,0,0,0,0,3371.33,7710.17,2113.82,2959.92,3698.72,1479.96,3005.09,147.026,27.3378,16.5172,16.6122,27.4327,27.4327,147.96,36.99
238.717,16.7449,57.2859,4.94239,24.1085,0.408467,0.75184,-0.659346,0.769031,0.639212,13609.3,10934.3,8247.33,6069.67,126,0,0,0,5833,9595.08,2990.41,4094.03,4595.12,2047.01,3840.29,183.779,37.2844,16.634,16.5934,56.0733,56.0733,147.014,36.7534
317.766,17.1135,56.0581,5.46676,27.2411,0.457736,0.707107,-0.707107,0.769031,0.639212,22697.7,13609.3,10934.3,5589.33,259.667,0,0,0,6048.33,13872.2,5436.64,5985.5,6706.86,2992.75,5607.81,223.584,50.5246,16.795,16.591,79.0493,79.0493,159.219,39.8048
543.497,17.9525,53.5892,8.79289,30.3149,0.504753,0.659346,-0.75184,0.769031,0.639212,19256.3,22697.7,13609.3,8247.33,672.667,0,0,0,9197.33,16624.4,4617.33,7590.19,7355.11,3795.1,6438.29,320.656,73.1703,17.1126,16.6254,225.731,225.731,388.287,97.0717
533.259,18.9799,50.6294,4.00767,33.3198,0.549311,0.608761,-0.793353,0.769031,0.639212,33309,19256.3,22697.7,10934.3,3620,0,0,0,10589.7,22218.1,7178.46,10365.9,9834.29,5182.97,8672.94,408.31,95.3895,17.6977,16.7016,-10.2387,-10.2387,350.615,87.6538
699.981,19.7177,49.0201,3.94246,36.2434,0.591217,0.55557,-0.83147,0.769031,0.639212,18493,33309,19256.3,13609.3,6069.67,126,0,0,7475.33,23439,5914.48,11896.5,9546.55,5953.51,8993.8,523.626,124.555,18.4409,16.807,166.722,166.722,461.264,115.316
626.052,20.6876,46.7451,3.8859,39.0714,0.630289,0.5,-0.866025,0.769031,0.639212,31360.7,18493,33309,22697.7,5589.33,259.667,0,0,11945.7,25604.8,6770.62,14488.3,10232.6,7260.21,10227.5,600.697,150.641,19.3344,16.9599,-73.9287,-73.9287,308.286,77.0715
764.696,21.0614,45.9437,3.17515,41.7865,0.666357,0.442289,-0.896873,0.769031,0.639212,16123,31360.7,18493,19256.3,8247.33,672.667,0,0,18072.3,24821.4,7591.31,15775.8,9346.92,7932,10258,655.997,182.503,20.1117,17.1322,138.644,138.644,221.199,55.2997
540.479,21.4635,44.9513,2.93453,44.3682,0.699266,0.382683,-0.92388,0.769031,0.639212,12472.3,16123,31360.7,33309,10934.3,3620,0,0,28412.7,19612.2,7113.92,16513.5,8684.27,8451.68,10158.4,657.802,205.023,20.7325,17.3257,-224.217,-224.217,7.22,1.805
340.366,20.4947,48.1687,2.77053,46.7922,0.728875,0.321439,-0.94693,0.769031,0.639212,9802.67,12472.3,16123,18493,13609.3,6069.67,0,0,36707.3,17439.7,8344.55,16824.6,8365.6,8860.12,10006.3,567.898,219.205,20.9268,17.4756,-200.113,-200.113,-359.615,-89.9037
269.749,19.7993,50.8468,3.32792,49.0302,0.755055,0.258819,-0.965926,0.769031,0.639212,28500,9802.67,12472.3,31360.7,22697.7,5589.33,0,0,40744,16724.5,7159.21,18733.8,8196.25,10047.6,10560.2,478.823,230.445,20.7047,17.6044,-70.6167,-70.6167,-356.303,-89.0757
863.71,20.3021,49.3109,3.38897,51.05,0.777695,0.19509,-0.980785,0.769031,0.639212,42265.3,28500,9802.67,16123,19256.3,8247.33,0,0,41542,23260.1,13097.1,21568.6,9804.22,11808.7,12143.3,503.576,266.432,20.5149,17.7573,593.961,593.961,99.014,24.7535
975.31,22.3287,43.1901,2.83298,52.8158,0.796696,0.130526,-0.991445,0.769031,0.639212,41016.7,42265.3,28500,12472.3,33309,10934.3,0,0,42190.7,30396.2,13051.4,24075.5,10579.8,13517.7,13201.3,612.284,307.07,20.7312,18.0029,111.6,111.6,434.831,108.708
1040.92,23.841,40.1527,2.08389,54.2896,0.811978,0.0654031,-0.997859,0.769031,0.639212,41307.7,41016.7,42265.3,9802.67,18493,13609.3,0,0,41859.3,38272.4,5660.99,26383.7,11055.4,15238.9,13995.6,787.422,350.442,21.5678,18.3181,65.61,65.61,700.554,175.139
1092.73,24.8373,39.2351,1.6438,55.4341,0.823474,1.22465e-16,-1,0.769031,0.639212,38814.3,41307.7,41016.7,28500,31360.7,22697.7,0,0,41679.7,40851,1263.36,27726.8,11496.2,16856.1,14378.6,993.167,395.972,22.8273,18.6753,51.8067,51.8067,822.977,205.744
1079.65,24.9641,39.1257,1.68234,56.2155,0.831135,-0.0654031,-0.997859,0.769031,0.639212,34997.7,38814.3,41307.7,42265.3,16123,19256.3,0,0,42207.7,39034.1,2521.94,29038.5,11352.1,18314.4,14369.8,1047.15,440.958,23.9928,19.0429,-13.072,-13.072,215.945,53.9862
992.158,25.4301,37.6998,1.86157,56.6084,0.834929,-0.130526,-0.991445,0.769031,0.639212,42499,34997.7,38814.3,41016.7,12472.3,33309,0,0,42645.3,39404.7,2870.82,29804.4,11910.6,20085.2,14620.2,1051.36,482.298,24.7681,19.4294,-87.4967,-87.4967,16.848,4.212
1035.71,25.7711,37.923,1.96843,56.599,0.834838,-0.19509,-0.980785,0.769031,0.639212,37897.3,42499,34997.7,41307.7,9802.67,18493,126,0,42857.3,38552.1,2679.06,31421.4,11577.7,21659,14418.6,1050.06,525.453,25.2506,19.8322,43.5547,43.5547,-5.20733,-1.30183
918.682,23.6791,44.8872,2.25888,56.1876,0.830864,-0.258819,-0.965926,0.769031,0.639212,37511.7,37897.3,42499,38814.3,28500,31360.7,259.667,0,42100.7,38226.4,2706.43,31934,11699.2,23211.1,14031.3,1006.55,563.367,24.9611,20.1484,-117.031,-117.031,-174.045,-43.5112
992.235,21.3796,52.1463,2.49307,55.3885,0.823023,-0.321439,-0.94693,0.769031,0.639212,39867,37511.7,37897.3,34997.7,42265.3,16123,672.667,0,41312,39443.8,1977.25,33912.6,10833.6,24844.2,13586.8,984.697,603.686,24.065,20.3666,73.5533,73.5533,-87.4193,-21.8548
1001.41,21.1962,53.5377,2.54113,54.2279,0.811349,-0.382683,-0.92388,0.769031,0.639212,39049,39867,37511.7,42499,41016.7,12472.3,3620,0,40068.3,38581.2,933.233,36127.4,8738.07,26320.4,13117.2,987.01,643.966,23.0065,20.5755,9.17667,9.17667,9.254,2.3135
1004.13,21.2378,54.1906,2.54953,52.7396,0.795892,-0.442289,-0.896873,0.769031,0.639212,38734.3,39049,39867,37897.3,41307.7,9802.67,6069.67,0,38345,38790.5,846.203,38538.3,3654.89,27681.5,12631,979.114,681.984,21.8732,20.7822,2.71533,2.71533,-31.5853,-7.89633
912.08,21.3985,53.2191,3.07499,50.9612,0.77672,-0.5,-0.866025,0.769031,0.639212,35253,38734.3,39049,37511.7,38814.3,28500,5589.33,0,37159,38225.8,1765.46,39101.1,2354.5,28917.4,11835,977.464,713.381,21.303,20.9876,-92.0473,-92.0473,-6.602,-1.6505
897.979,21.1183,54.7788,2.75997,48.9305,0.753913,-0.55557,-0.83147,0.769031,0.639212,25203.3,35253,38734.3,39867,34997.7,42265.3,8247.33,0,37605.3,34559.9,5603.65,37679.2,4333.97,29623.9,11060.8,953.899,744.33,21.2377,21.1724,-14.1013,-14.1013,-94.2567,-23.5642
630.583,20.9909,57.3259,2.66935,46.6831,0.72757,-0.608761,-0.793353,0.769031,0.639212,26297.7,25203.3,35253,39049,42499,41016.7,10934.3,0,35222.3,31372.1,5767.74,36452.7,5210.15,30264.1,10384.5,861.192,762.994,21.1863,21.3537,-267.396,-267.396,-370.829,-92.7073
641.349,20.5493,59.5839,3.36359,44.2512,0.697805,-0.659346,-0.75184,0.769031,0.639212,29361,26297.7,25203.3,38734.3,37897.3,41307.7,13609.3,0,32283.3,29028.8,3903.34,35457.1,5327.4,30920.4,9792.02,770.497,779.77,21.0142,21.5123,10.766,10.766,-362.779,-90.6947
719.201,20.5089,60.1106,2.83488,41.6628,0.664746,-0.707107,-0.707107,0.769031,0.639212,27461.3,29361,26297.7,35253,37511.7,38814.3,22697.7,0,23795.3,27080.8,1539.67,34511,5645.76,31118.9,9670.86,722.278,796.497,20.7918,21.6537,77.8527,77.8527,-192.879,-48.2197
710.997,20.6424,59.1309,3.07305,38.9421,0.628535,-0.75184,-0.659346,0.769031,0.639212,22890.3,27461.3,29361,25203.3,39867,34997.7,19256.3,0,21135,26502.6,2354.79,33502.1,6487.7,31270.3,9511.07,675.532,803.476,20.6729,21.7658,-8.20467,-8.20467,-186.982,-46.7455
660.625,20.4961,59.0463,2.92567,36.1093,0.589328,-0.793353,-0.608761,0.769031,0.639212,21561,22890.3,27461.3,26297.7,39049,42499,33309,0,24846.7,25318.4,3199.54,31757.2,6647.02,30780.8,9694.11,683.043,808.783,20.5492,21.829,-50.3713,-50.3713,30.0427,7.51067
559.607,20.0853,60.5068,2.87139,33.1817,0.547296,-0.83147,-0.55557,0.769031,0.639212,22086.7,21561,22890.3,29361,38734.3,37897.3,18493,0,20149.7,23499.8,2335.65,30439.7,6862.84,30930.5,9529.51,662.608,802.934,20.4332,21.8443,-101.018,-101.018,-81.7413,-20.4353
539.373,19.8339,62.3191,2.78499,30.1735,0.50262,-0.866025,-0.5,0.769031,0.639212,15949.3,22086.7,21561,27461.3,35253,37511.7,31360.7,0,12590.7,20621.8,2738.89,28642.8,7563.05,30288.4,9987.14,617.651,799.322,20.2644,21.8087,-20.234,-20.234,-179.828,-44.957
414.143,19.3729,63.7442,2.68471,27.0968,0.455495,-0.896873,-0.442289,0.769031,0.639212,11678.3,15949.3,22086.7,22890.3,25203.3,39867,16123,0,11012.3,17818.8,4284.24,26293.8,8072.55,30103.2,10284.9,543.437,784.716,19.9471,21.7384,-125.23,-125.23,-296.853,-74.2133
362.793,19.1133,65.7825,2.29509,23.9619,0.406129,-0.92388,-0.382683,0.769031,0.639212,13752,11678.3,15949.3,21561,26297.7,39049,12472.3,0,6367.33,15866.6,3895.8,24185.7,7763.51,30156.5,10196.3,468.979,777.312,19.6014,21.6405,-51.3507,-51.3507,-297.833,-74.4582
342.325,18.74,67.5679,2.29468,20.7775,0.35474,-0.94693,-0.321439,0.769031,0.639212,10828,13752,11678.3,22086.7,29361,38734.3,9802.67,0,5730,13051.9,1982.28,21860.2,7217.64,30199.2,10112.7,414.659,777.394,19.2651,21.5673,-20.468,-20.468,-217.283,-54.3207
215.025,18.5354,68.4261,2.07349,17.5515,0.301563,-0.965926,-0.258819,0.769031,0.639212,7697.33,10828,13752,15949.3,27461.3,35253,28500,0,4720,10988.9,2177.75,19563.9,6970.62,29332.5,11067.6,333.571,775.114,18.9404,21.5147,-127.3,-127.3,-324.349,-81.0872
137.605,18.3767,69.3799,2.39792,14.2912,0.24685,-0.980785,-0.19509,0.769031,0.639212,5031,7697.33,10828,11678.3,22890.3,25203.3,42265.3,0,3883.33,9327.08,3276.62,17882.8,7791.9,27781,11735.5,264.437,744.859,18.6914,21.4345,-77.42,-77.42,-276.539,-69.1347
0,15.3371,76.7573,2.46023,-12.5229,-0.21683,1,6.12323e-17,0.779913,0.625889,0,0,0,0,0,0,0,493.333,0,0,0,0,0,0,0,0,0,15.2303,15.3727,0,0,0,0
0,15.3669,75.5779,2.41441,-9.08083,-0.157828,0.997859,-0.0654031,0.779913,0.625889,0,0,0,0,0,0,0,6.33333,0,0,0,0,0,0,0,0,0,15.3024,15.3477,0,0,0,0
0,15.3729,70.6939,2.57801,-5.64999,-0.0984512,0.991445,-0.130526,0.779913,0.625889,0,0,0,0,0,0,0,0,0,0,0,0,0,0,0,0,0,15.3442,15.3258,0,0,0,0
0,15.3559,66.7942,2.78444,-2.23253,-0.0389551,0.980785,-0.19509,0.779913,0.625889,0,0,0,0,0,0,0,0,126,0,0,0,0,0,0,0,0,15.3582,15.3063,0,0,0,0
5.99323,15.2723,64.1066,2.4047,1.51433,0.0264269,0.965926,-0.258819,0.779913,0.625889,448.333,0,0,0,0,0,0,0,259.667,112.083,194.134,37.3611,123.913,18.6806,89.5888,1.49831,0.249718,15.342,15.2903,5.99323,5.99323,5.99323,1.49831
24.7825,15.1799,64.7105,2.55516,4.72491,0.0823719,0.94693,-0.321439,0.779913,0.625889,1127.67,448.333,0,0,0,0,0,0,672.667,394,461.435,131.333,324.763,65.6667,238.847,7.69394,1.28232,15.2952,15.2724,18.7893,18.7893,24.7825,6.19563
49.2618,15.073,65.8464,2.31827,8.02578,0.139619,0.92388,-0.382683,0.779913,0.625889,1747.67,1127.67,448.333,0,0,0,0,0,3620,830.917,664.32,276.972,548.21,138.486,411.638,20.0094,3.3349,15.2203,15.2504,24.4793,24.4793,49.2618,12.3154
55.7875,15.0359,67.3674,1.95317,11.3337,0.196523,0.896873,-0.442289,0.779913,0.625889,2377.33,1747.67,1127.67,0,0,0,0,0,6069.67,1425.25,716.474,475.083,788.999,237.542,606.371,33.9563,5.65938,15.1403,15.2306,6.52567,6.52567,55.7875,13.9469
66.6051,15.0336,69.4721,2.34113,14.6259,0.252507,0.866025,-0.5,0.779913,0.625889,5514,2377.33,1747.67,448.333,0,0,0,0,5589.33,2691.67,1688.31,934.583,1583.81,467.292,1213.5,49.1092,8.43459,15.0806,15.2097,10.8177,10.8177,60.6119,15.153
149.019,15.3767,67.116,2.7819,17.8917,0.30722,0.83147,-0.55557,0.779913,0.625889,7536,5514,2377.33,1127.67,0,0,0,0,8247.33,4293.75,2353.53,1562.58,2381.77,781.292,1856.57,80.1684,14.6437,15.1298,15.2017,82.4142,82.4142,124.237,31.0592
196.486,15.9493,63.9199,2.42081,21.1234,0.360378,0.793353,-0.608761,0.779913,0.625889,7247.33,7536,5514,1747.67,0,0,0,0,10934.3,5668.67,2051.58,2166.53,2792.43,1083.26,2252.17,116.974,22.8306,15.3489,15.2196,47.4667,47.4667,147.224,36.806
42.4817,16.2007,60.1683,2.50934,24.3136,0.411731,0.75184,-0.659346,0.779913,0.625889,6450.33,7247.33,7536,2377.33,0,0,0,0,13609.3,6686.92,785.289,2704.06,2940.55,1352.03,2480.2,113.648,24.6007,15.6401,15.2529,-154.004,-154.004,-13.3058,-3.32645
97.5927,16.1611,60.0549,3.05968,27.4547,0.461047,0.707107,-0.707107,0.779913,0.625889,10323,6450.33,7247.33,5514,448.333,0,0,0,22697.7,7889.17,1460.35,3564.31,3483.51,1782.15,3040.31,121.395,28.6671,15.922,15.2847,55.111,55.111,30.9875,7.74688
254.386,16.124,61.8384,2.75294,30.5377,0.508105,0.659346,-0.75184,0.779913,0.625889,23957,10323,6450.33,7536,1127.67,0,0,0,19256.3,11994.4,7056.36,5560.72,6461.08,2780.36,5348.2,147.737,39.2665,16.1088,15.3181,156.793,156.793,105.367,26.3417
526.663,16.8307,59.6959,3.55541,33.5525,0.5527,0.608761,-0.793353,0.779913,0.625889,24601.3,23957,10323,7247.33,1747.67,0,0,0,33309,16332.9,8066.57,7610.83,8073.29,3805.42,6860.77,230.281,61.2108,16.3291,15.3814,272.277,272.277,330.177,82.5443
578.967,17.5546,60.2233,3.79805,36.4869,0.594639,0.55557,-0.83147,0.779913,0.625889,27519.3,24601.3,23957,6450.33,2377.33,0,0,0,18493,21600.2,6647.79,9904.11,9387.27,4952.06,8281.5,364.402,85.3344,16.6676,15.4819,52.304,52.304,536.486,134.121
693.193,17.8505,54.2563,3.95898,39.3264,0.633738,0.5,-0.866025,0.779913,0.625889,33275.7,27519.3,24601.3,10323,5514,448.333,0,0,31360.7,27338.3,3681.35,12639.7,10895.2,6338.54,9953.15,513.302,114.217,17.0899,15.5984,114.225,114.225,595.6,148.9
785.705,18.1443,49.9736,4.83336,42.0538,0.669828,0.442289,-0.896873,0.779913,0.625889,30702.3,33275.7,27519.3,23957,7536,1127.67,0,0,16123,29024.7,3267.93,15104.3,11347.9,7617.81,10976.7,646.132,146.955,17.595,15.7303,92.512,92.512,531.319,132.83
801.579,18.2215,47.3209,4.20225,44.6485,0.702755,0.382683,-0.92388,0.779913,0.625889,33532.3,30702.3,33275.7,24601.3,7247.33,1747.67,0,0,12472.3,31257.4,2425.38,17753,11627.2,9014.99,12004.1,714.861,180.354,17.9427,15.8666,15.8747,15.8747,274.916,68.729
754.613,18.3964,44.2469,3.5587,47.086,0.732376,0.321439,-0.94693,0.779913,0.625889,36100.7,33532.3,30702.3,27519.3,6450.33,2377.33,0,0,9802.67,33402.8,1910.76,20563.3,11646.8,10519.2,13000.7,758.772,211.796,18.1532,16.0131,-46.9667,-46.9667,175.645,43.9113
873,18.5032,44.5206,3.88717,49.3378,0.758564,0.258819,-0.965926,0.779913,0.625889,39031.7,36100.7,33532.3,33275.7,10323,5514,0,0,28500,34841.8,3081.79,23356.4,11721.6,12145.5,13987,803.724,248.171,18.3163,16.1635,118.387,118.387,179.807,44.9518
888.614,18.4412,46.8392,3.73939,51.3711,0.781206,0.19509,-0.980785,0.779913,0.625889,40083.7,39031.7,36100.7,30702.3,23957,7536,0,0,42265.3,37187.1,2565.65,26068.7,11510.8,13815.7,14806.2,829.451,285.197,18.3906,16.3036,15.614,15.614,102.909,25.7273
1001.01,18.7497,47.2817,4.12244,53.1496,0.800205,0.130526,-0.991445,0.779913,0.625889,39800,40083.7,39031.7,33532.3,24601.3,7247.33,0,0,41016.7,38754,1579.51,28781.4,10551.4,15474,15383.5,879.309,326.906,18.5226,16.4513,112.395,112.395,199.429,49.8573
1006.15,18.774,47.1499,4.33751,54.6347,0.815478,0.0654031,-0.997859,0.779913,0.625889,44815.3,39800,40083.7,36100.7,27519.3,6450.33,0,0,41307.7,40932.7,2274.46,31978.5,8998.75,17341.3,16095.4,942.193,368.829,18.617,16.596,5.13933,5.13933,251.535,62.8838
1100.72,18.8395,47.0001,4.80028,55.7879,0.826961,1.22465e-16,-1,0.779913,0.625889,44416,44815.3,39800,39031.7,33275.7,10323,0,0,38814.3,42278.8,2343.32,34819.6,6834.95,19192,16542.3,999.123,414.692,18.7011,16.742,94.572,94.572,227.72,56.93
1121.39,18.9761,45.5653,4.24303,56.5747,0.834605,-0.0654031,-0.997859,0.779913,0.625889,43747,44416,44815.3,40083.7,30702.3,23957,0,0,34997.7,43194.6,1996.69,36468.8,6387.9,21014.8,16736.3,1057.32,461.417,18.8348,16.8924,20.6733,20.6733,232.779,58.1948
1093.66,18.7883,45.0175,4.91136,56.969,0.838375,-0.130526,-0.991445,0.779913,0.625889,44123.7,43747,44416,39800,33532.3,24601.3,0,0,42499,44275.5,391.639,38095.6,5595.12,22853.2,16750.3,1080.48,506.986,18.8445,17.0347,-27.7333,-27.7333,92.6513,23.1628
1096.35,18.7193,43.6473,5.02459,56.9565,0.838257,-0.19509,-0.980785,0.779913,0.625889,45135.3,44123.7,43747,44815.3,36100.7,27519.3,0,0,37897.3,44355.5,508.875,39563.6,4894.75,24733.9,16612.1,1103.03,552.667,18.8308,17.1748,2.68667,2.68667,90.1987,22.5497
1115.85,18.5945,44.7927,5.64973,56.5379,0.83425,-0.258819,-0.965926,0.779913,0.625889,44616,45135.3,44123.7,44416,39031.7,33275.7,448.333,0,37511.7,44405.5,522.019,40508.7,4679.51,26574.2,16262.6,1106.81,598.911,18.7696,17.3132,19.5067,19.5067,15.1333,3.78333
1102.83,18.4639,47.612,5.62675,55.7279,0.826373,-0.321439,-0.94693,0.779913,0.625889,43072.7,44616,45135.3,43747,40083.7,30702.3,1127.67,0,39867,44236.9,761.439,41539.5,3656.41,28321.9,15677.3,1102.17,643.83,18.6415,17.4501,-13.0267,-13.0267,-18.5667,-4.64167
1088.91,18.2844,50.7868,5.65564,54.5535,0.814658,-0.382683,-0.92388,0.779913,0.625889,42103.3,43072.7,44616,44123.7,39800,33532.3,1747.67,0,39049,43731.8,1208.11,42253.8,2746.4,30003.4,14880.9,1100.98,687.148,18.5155,17.5839,-13.92,-13.92,-4.75333,-1.18833
1062.89,18.2235,51.6823,5.60269,53.0495,0.799156,-0.442289,-0.896873,0.779913,0.625889,40547.7,42103.3,43072.7,45135.3,44815.3,36100.7,2377.33,0,38734.3,42584.9,1478.64,42624.4,2119.65,31593.8,13847.1,1092.62,729.111,18.3916,17.7167,-26.0133,-26.0133,-33.4533,-8.36333
1031.35,17.8648,53.115,5.63672,51.2545,0.779933,-0.5,-0.866025,0.779913,0.625889,39512.7,40547.7,42103.3,44616,44416,39031.7,5514,0,35253,41309.1,1373.67,42664.4,2054.89,33010.4,12806.6,1071.49,769.309,18.2092,17.8347,-31.54,-31.54,-84.5,-21.125
990.571,17.57,52.5181,5.92533,49.2068,0.757073,-0.55557,-0.83147,0.779913,0.625889,37910.7,39512.7,40547.7,43072.7,43747,40083.7,7536,0,25203.3,40018.6,1526.87,42483.4,2349.03,34276,11677.7,1043.43,804.373,17.9857,17.9261,-40.782,-40.782,-112.255,-28.0638
948.53,17.5902,53.1887,4.81273,46.9429,0.730674,-0.608761,-0.793353,0.779913,0.625889,35998,37910.7,39512.7,42103.3,44123.7,39800,7247.33,0,26297.7,38492.2,1719.41,42166.5,2884.88,35474,10228.3,1008.34,835.709,17.8121,17.9944,-42.0413,-42.0413,-140.377,-35.0942
899.531,17.6699,53.2448,4.86481,44.4951,0.700849,-0.659346,-0.75184,0.779913,0.625889,33441,35998,37910.7,40547.7,45135.3,44815.3,6450.33,0,29361,36715.6,2263.28,41218.7,3630.97,36598.6,8271.99,967.497,871.419,17.6737,18.0556,-48.9987,-48.9987,-163.362,-40.8405
852.993,17.5319,54.4571,4.29263,41.8918,0.667726,-0.707107,-0.707107,0.779913,0.625889,30850.7,33441,35998,39512.7,44616,44416,10323,0,27461.3,34550.1,2660.16,40088.2,4473.49,37453.9,6348.53,922.906,902.894,17.5905,18.1128,-46.5387,-46.5387,-178.361,-44.5902
790.597,17.6718,54.4991,4.37115,39.1571,0.631449,-0.75184,-0.659346,0.779913,0.625889,27556,30850.7,33441,37910.7,43072.7,43747,23957,0,22890.3,31961.4,3127.48,38739,5492.19,37603.9,6064.09,872.913,925.236,17.616,18.1773,-62.3953,-62.3953,-199.974,-49.9935
726.383,17.4573,56.2709,4.39746,36.3114,0.592174,-0.793353,-0.608761,0.779913,0.625889,24454,27556,30850.7,35998,42103.3,44123.7,24601.3,0,21561,29075.4,3386.59,37099.8,6485.84,37597.7,6077.31,817.376,933.558,17.5827,18.2034,-64.214,-64.214,-222.147,-55.5367
647.583,17.1137,58.9564,4.44609,33.3719,0.550071,-0.83147,-0.55557,0.779913,0.625889,19628,24454,27556,33441,40547.7,45135.3,27519.3,0,22086.7,25622.2,4134.35,34974.2,7589.85,37268.9,6785.86,754.389,936.417,17.4437,18.185,-78.8,-78.8,-251.948,-62.987
563.819,16.7024,59.7689,4.87599,30.3527,0.505322,-0.866025,-0.5,0.779913,0.625889,19903.3,19628,24454,30850.7,39512.7,44616,33275.7,0,15949.3,22885.3,3308.26,32914.8,8034.02,36711.8,7591.98,682.096,931.026,17.2363,18.1372,-83.764,-83.764,-289.173,-72.2933
501.539,16.3735,62.0642,4.5992,27.2661,0.458123,-0.896873,-0.442289,0.779913,0.625889,17173,19903.3,19628,27556,37910.7,43072.7,30702.3,0,11678.3,20289.6,2628.8,30756.5,8481.7,36148,8468.91,609.831,919.186,16.9117,18.0634,-62.2807,-62.2807,-289.059,-72.2647
429.075,16.2141,63.6371,4.56684,24.122,0.408681,-0.92388,-0.382683,0.779913,0.625889,14207,17173,19903.3,24454,35998,42103.3,33532.3,0,13752,17727.8,2293.88,28431.8,8867.34,35342.8,9531.41,535.504,903.665,16.6009,17.9797,-72.464,-72.464,-297.309,-74.3272
346.732,15.8717,65.4439,4.61598,20.9293,0.357215,-0.94693,-0.321439,0.779913,0.625889,7809.67,14207,17173,19628,33441,40547.7,36100.7,0,10828,14773.2,4496.91,25703.7,9715.63,34164,11000.9,460.291,886.67,16.2904,17.8745,-82.3427,-82.3427,-300.851,-75.2128
208.041,15.7985,66.3319,3.67285,17.6956,0.30396,-0.965926,-0.258819,0.779913,0.625889,6458.33,7809.67,14207,19903.3,30850.7,39512.7,39031.7,0,7697.33,11412,4430.48,22949.1,10088.6,32806.8,12254.6,371.346,858.963,16.0644,17.7618,-138.691,-138.691,-355.779,-88.9447
142.546,15.6989,66.9601,3.84975,14.4282,0.249167,-0.980785,-0.19509,0.779913,0.625889,4166.67,6458.33,7809.67,17173,27556,37910.7,40083.7,0,5031,8160.42,3725.97,20137.1,10228.3,31310.2,13412.9,281.598,827.877,15.8958,17.6476,-65.4947,-65.4947,-358.993,-89.7482
0,12.8808,64.7355,3.32023,-12.3685,-0.214199,1,6.12323e-17,0.790563,0.61238,0,0,0,0,0,0,0,299.667,0,0,0,0,0,0,0,0,0,12.8757,13.472,0,0,0,0
0,12.7134,63.9498,3.24059,-8.92388,-0.155122,0.997859,-0.0654031,0.790563,0.61238,0,0,0,0,0,0,0,0,0,0,0,0,0,0,0,0,0,12.8333,13.4094,0,0,0,0
0,12.6815,65.6255,2.87351,-5.49006,-0.095673,0.991445,-0.130526,0.790563,0.61238,0,0,0,0,0,0,0,0,0,0,0,0,0,0,0,0,0,12.794,13.3477,0,0,0,0
0,12.6145,64.8793,2.97401,-2.06918,-0.0361062,0.980785,-0.19509,0.790563,0.61238,164.667,0,0,0,0,0,0,0,0,41.1667,71.3028,13.7222,45.5115,6.86111,32.9047,0,0,12.7226,13.2841,0,0,0,0
9.91987,12.4989,64.4605,3.0218,1.66685,0.0290878,0.965926,-0.258819,0.790563,0.61238,985.667,164.667,0,0,0,0,0,0,448.333,287.583,408.607,95.8611,272.088,47.9306,198.276,2.47997,0.413328,12.6271,13.2204,9.91987,9.91987,9.91987,2.47997
39.5236,12.6593,63.0377,3.12347,4.89184,0.0852751,0.94693,-0.321439,0.790563,0.61238,2537,985.667,164.667,0,0,0,0,0,1127.67,921.833,1004.48,307.278,724.683,153.639,534.965,12.3609,2.06014,12.6136,13.1692,29.6037,29.6037,39.5236,9.8809
83.2949,13.1711,61.7595,2.82802,8.2,0.142629,0.92388,-0.382683,0.790563,0.61238,4539.33,2537,985.667,0,0,0,0,0,1747.67,2056.67,1667.41,685.556,1366.28,342.778,1025.11,33.1846,5.53076,12.736,13.1427,43.7713,43.7713,83.2949,20.8237
151.263,14.0343,59.8285,2.89117,11.5141,0.199609,0.896873,-0.442289,0.790563,0.61238,7442,4539.33,2537,164.667,0,0,0,0,2377.33,3876,2413.68,1305.72,2290.65,652.861,1746.36,71.0004,11.8334,13.0909,13.1538,67.9685,67.9685,151.263,37.8158
218.754,14.9338,57.5672,2.82385,14.8126,0.255658,0.866025,-0.5,0.790563,0.61238,10465.3,7442,4539.33,985.667,0,0,0,0,5514,6245.92,2995.94,2177.83,3366.89,1088.92,2617.96,123.209,20.9482,13.6996,13.2034,67.4907,67.4907,208.834,52.2085
290.373,15.6036,54.3332,2.63227,18.085,0.310428,0.83147,-0.55557,0.790563,0.61238,13572,10465.3,7442,2537,0,0,0,0,7536,9004.67,3368.06,3308.83,4525.54,1654.42,3602.41,185.921,33.047,14.4357,13.2809,71.6193,71.6193,250.85,62.7124
363.835,16.0545,52.8616,3.27975,21.3238,0.363639,0.793353,-0.608761,0.790563,0.61238,16767.7,13572,10465.3,4539.33,0,0,0,0,7247.33,12061.8,3475.53,4706.14,5719.32,2353.07,4678.92,256.056,48.2068,15.1566,13.3812,73.462,73.462,280.54,70.1351
440.103,16.1643,54.0455,3.39793,24.5218,0.415039,0.75184,-0.659346,0.790563,0.61238,19976,16767.7,13572,7442,164.667,0,0,0,6450.33,15195.2,3547.36,6370.81,6893.81,3185.4,5823.15,328.266,66.5445,15.6891,13.4869,76.2673,76.2673,288.839,72.2098
516.722,16.2633,52.1451,3.85067,27.6712,0.464398,0.707107,-0.707107,0.790563,0.61238,23159.3,19976,16767.7,10465.3,985.667,0,0,0,10323,18368.8,3574.4,8300.75,7994.1,4150.38,7012.73,402.758,88.0745,16.0215,13.6008,76.6193,76.6193,297.968,74.492
586.815,16.658,51.5776,4.03061,30.7634,0.511494,0.659346,-0.75184,0.790563,0.61238,26523.3,23159.3,19976,13572,2537,0,0,0,23957,21606.6,3628.34,10511,8997.24,5255.51,8252,476.869,112.525,16.285,13.7354,70.0933,70.0933,296.442,74.1105
660.439,16.5808,51.6595,4.50555,33.7881,0.556123,0.608761,-0.793353,0.790563,0.61238,29677,26523.3,23159.3,16767.7,4539.33,0,0,0,24601.3,24833.9,3630.19,12984.1,9810.12,6492.06,9500.84,551.02,140.043,16.4166,13.867,73.6233,73.6233,296.603,74.1508
729.373,16.9654,50.1501,3.836,36.7333,0.59809,0.55557,-0.83147,0.790563,0.61238,32835,29677,26523.3,19976,7442,164.667,0,0,27519.3,28048.7,3598.36,15706.6,10390.8,7860.18,10749.5,623.337,170.434,16.6169,14.0203,68.934,68.934,289.27,72.3175
791.925,17.0578,49.8194,4.7192,39.5843,0.637213,0.5,-0.866025,0.790563,0.61238,35049,32835,29677,23159.3,10465.3,985.667,0,0,33275.7,31021.1,3222.99,18545.2,10631.6,9320.56,11901.6,692.138,203.431,16.8155,14.1796,62.5527,62.5527,275.203,68.8008
851.189,16.6517,50.6641,5.38527,42.3241,0.673323,0.442289,-0.896873,0.790563,0.61238,37373.3,35049,32835,26523.3,13572,2537,0,0,30702.3,33733.6,2839.08,21448.3,10620.2,10877.8,12976.6,758.231,238.897,16.8139,14.3243,59.2633,59.2633,264.373,66.0933
903.738,17.2607,48.0756,4.14387,44.9318,0.706264,0.382683,-0.92388,0.790563,0.61238,39223,37373.3,35049,29677,16767.7,4539.33,0,0,33532.3,36120.1,2405.08,24338.6,10341,12512.1,13938,819.056,276.553,16.9839,14.4973,52.5493,52.5493,243.299,60.8248
954.125,17.3054,49.5358,4.74279,47.3828,0.735894,0.321439,-0.94693,0.790563,0.61238,41641.3,39223,37373.3,32835,19976,7442,0,0,36100.7,38321.7,2420.86,27188.5,9998.63,14247.1,14835.4,875.244,316.308,17.0689,14.6786,50.3867,50.3867,224.752,56.188
999.243,17.6552,48.5179,3.77443,49.6484,0.762086,0.258819,-0.965926,0.790563,0.61238,43141.7,41641.3,39223,35049,23159.3,10465.3,0,0,39031.7,40344.8,2213.12,29911.6,9511.09,16044.7,15594.5,927.074,357.943,17.2183,14.8763,45.1187,45.1187,207.318,51.8295
1039.91,17.9942,47.5985,3.97319,51.6954,0.784727,0.19509,-0.980785,0.790563,0.61238,44160.3,43141.7,41641.3,37373.3,26523.3,13572,0,0,40083.7,42041.6,1857.68,32460.6,8867.57,17884.7,16186.8,974.253,401.273,17.5539,15.0892,40.6633,40.6633,188.718,47.1795
1071.21,17.8927,47.3691,4.28793,53.4868,0.803719,0.130526,-0.991445,0.790563,0.61238,45300,44160.3,43141.7,39223,29677,16767.7,0,0,39800,43560.8,1345.76,34838.3,8136.07,19772.2,16626.5,1016.12,445.906,17.7119,15.2998,31.3,31.3,167.469,41.8672
1097.87,18.0269,46.3611,4.21591,54.983,0.818982,0.0654031,-0.997859,0.790563,0.61238,45176.7,45300,44160.3,41641.3,32835,19976,0,0,44815.3,44444.7,872.65,36938.3,7230.84,21654.6,16837.4,1052.06,491.651,17.8923,15.5134,26.6667,26.6667,143.749,35.9372
1122,18.1866,47.3023,3.79549,56.1449,0.830449,1.22465e-16,-1,0.790563,0.61238,44906.3,45176.7,45300,43141.7,35049,23159.3,0,0,44416,44885.8,442.406,38750.6,6202.4,23525.7,16822.2,1082.75,538.401,18.0251,15.7345,24.1267,24.1267,122.757,30.6892
1132.42,18.2282,48.1384,4.52743,56.937,0.838071,-0.0654031,-0.997859,0.790563,0.61238,45092.7,44906.3,45176.7,44160.3,37373.3,26523.3,0,0,43747,45118.9,143.185,40298,5193.1,25404.5,16606.5,1105.88,585.585,18.0836,15.9643,10.42,10.42,92.5133,23.1283
1139.72,18.5011,47.9713,4.37505,57.3324,0.841816,-0.130526,-0.991445,0.790563,0.61238,45354.3,45092.7,44906.3,45300,39223,29677,0,0,44123.7,45132.5,161.167,41604.5,4241.63,27294.3,16183.2,1123,633.073,18.2357,16.2068,7.3,7.3,68.5133,17.1283
1138.5,18.7833,47.9929,5.33396,57.3166,0.841667,-0.19509,-0.980785,0.790563,0.61238,45465,45354.3,45092.7,45176.7,41641.3,32835,164.667,0,45135.3,45204.6,218.929,42657,3423.01,29181.8,15537.8,1133.16,680.511,18.4248,16.4638,-1.22,-1.22,40.6267,10.1567
1134.83,18.3141,49.8389,5.23034,56.8902,0.837625,-0.258819,-0.965926,0.790563,0.61238,45219,45465,45354.3,44906.3,43141.7,35049,985.667,0,44616,45282.8,140.12,43504.5,2592.75,31024.9,14683.9,1136.37,727.382,18.4567,16.7061,-3.66667,-3.66667,12.8333,3.20833
1126.39,18.384,50.1357,4.63329,56.0688,0.829708,-0.321439,-0.94693,0.790563,0.61238,44200,45219,45465,45092.7,44160.3,37373.3,2537,0,43072.7,45059.6,503.869,44073.4,1818.36,32760.8,13639,1134.86,772.668,18.4956,16.9446,-8.44667,-8.44667,-6.03333,-1.50833
1109.51,18.0099,50.6809,4.83389,54.88,0.817949,-0.382683,-0.92388,0.790563,0.61238,42497,44200,45219,45354.3,45300,39223,4539.33,0,42103.3,44345.2,1167.73,44346.2,1215.97,34342.4,12421.1,1127.31,815.427,18.3728,17.1462,-16.8733,-16.8733,-30.2067,-7.55167
1088.12,17.9864,50.7333,4.40457,53.3599,0.8024,-0.442289,-0.896873,0.790563,0.61238,40980,42497,44200,45465,45176.7,41641.3,7442,0,40547.7,43224,1619.93,44291.1,1345.41,35739.8,11136.2,1114.71,854.463,18.1736,17.3109,-21.3933,-21.3933,-50.38,-12.595
1058.93,18.3155,51.1594,4.18286,51.5476,0.783126,-0.5,-0.866025,0.790563,0.61238,39987.3,40980,42497,45219,44906.3,43141.7,10465.3,0,39512.7,41916.1,1592.96,44028.2,1781.7,36969.9,9830.45,1095.74,889.47,18.1739,17.4518,-29.1933,-29.1933,-75.9067,-18.9767
1022.86,18.5712,50.9811,4.32356,49.4827,0.76021,-0.55557,-0.83147,0.790563,0.61238,38393.7,39987.3,40980,44200,45092.7,44160.3,13572,0,37910.7,40464.5,1492.72,43547.7,2363.84,38004.1,8534.73,1069.85,919.991,18.2207,17.5755,-36.0667,-36.0667,-103.527,-25.8817
981.057,18.4466,51.5323,3.88993,47.2019,0.733752,-0.608761,-0.793353,0.790563,0.61238,36379.7,38393.7,39987.3,42497,45354.3,45300,16767.7,0,35998,38935.2,1740.13,42804.3,3010.14,38821.3,7313.87,1037.74,945.708,18.3299,17.6751,-41.8027,-41.8027,-128.456,-32.114
930.908,18.2572,52.7762,4.19892,44.738,0.703865,-0.659346,-0.75184,0.790563,0.61238,33755.3,36379.7,38393.7,40980,45465,45176.7,19976,0,33441,37129,2329.84,41852.5,3809.16,39395.4,6279.71,998.438,966.158,18.3976,17.7623,-50.1493,-50.1493,-157.212,-39.303
879.619,18.1841,52.8621,3.85357,42.1194,0.670678,-0.707107,-0.707107,0.790563,0.61238,31214.7,33755.3,36379.7,39987.3,45219,44906.3,23159.3,0,30850.7,34935.8,2705.64,40711.6,4675.59,39731.1,5579.14,953.611,981.279,18.3648,17.8424,-51.2887,-51.2887,-179.307,-44.8268
822.6,17.96,53.6512,3.26025,39.3706,0.634334,-0.75184,-0.659346,0.790563,0.61238,28797,31214.7,33755.3,38393.7,44200,45092.7,26523.3,0,27556,32536.7,2827.83,39353.6,5499.75,39825.8,5369.42,903.546,991.103,18.212,17.8966,-57.0193,-57.0193,-200.26,-50.065
762.555,17.7003,54.157,3.15938,36.5119,0.59499,-0.793353,-0.608761,0.790563,0.61238,26140.7,28797,31214.7,36379.7,42497,45354.3,29677,0,24454,29976.9,2824.78,37752.4,6263.49,39678.5,5685.15,848.921,995.358,18.0254,17.9433,-60.0447,-60.0447,-218.502,-54.6255
696.341,17.3795,55.0121,3.09595,33.5604,0.552815,-0.83147,-0.55557,0.790563,0.61238,22934.7,26140.7,28797,33755.3,40980,45465,32835,0,19628,27271.8,3080.69,35874.9,7003.31,39265.9,6471.54,790.279,993.982,17.806,17.9605,-66.214,-66.214,-234.567,-58.6417
625.322,17.1749,55.8716,2.89065,30.5303,0.507993,-0.866025,-0.5,0.790563,0.61238,19640.3,22934.7,26140.7,31214.7,39987.3,45219,35049,0,19903.3,24378.2,3433.78,33743.4,7693.53,38623.9,7535,726.705,987.04,17.5537,17.9654,-71.0193,-71.0193,-254.297,-63.5743
555.261,16.8803,57.3405,3.24608,27.4336,0.46072,-0.896873,-0.442289,0.790563,0.61238,16153.3,19640.3,22934.7,28797,38393.7,44200,37373.3,0,17173,21217.2,3718.85,31406.1,8390.47,37739.8,8773.13,659.87,974.71,17.2837,17.9749,-70.0613,-70.0613,-267.339,-66.8348
477.985,16.3087,59.4153,3.27219,24.2803,0.411201,-0.92388,-0.382683,0.790563,0.61238,13444.7,16153.3,19640.3,26140.7,36379.7,42497,39223,0,14207,18043.2,3577.55,28985.1,9009.58,36665.7,10015.8,588.727,956.97,16.9358,17.9353,-77.276,-77.276,-284.571,-71.1427
400.69,15.5049,63.1884,2.9867,21.0792,0.359659,-0.94693,-0.321439,0.790563,0.61238,10779.7,13444.7,16153.3,22934.7,33755.3,40980,41641.3,0,7809.67,15004.5,3282.27,26468.4,9511.52,35379.8,11205,514.814,933.91,16.4672,17.8602,-77.2947,-77.2947,-295.651,-73.9128
216.739,15.2072,64.0734,2.86396,17.8379,0.306325,-0.965926,-0.258819,0.790563,0.61238,8032,10779.7,13444.7,19640.3,31214.7,39987.3,43141.7,0,6458.33,12102.4,3021.98,23805.5,9822.05,33916.8,12331.4,412.669,901.306,15.9753,17.7582,-183.951,-183.951,-408.583,-102.146
88.0917,15.0831,64.9769,2.13085,14.5636,0.251454,-0.980785,-0.19509,0.790563,0.61238,5610.67,8032,10779.7,16153.3,28797,38393.7,44160.3,0,4166.67,9466.75,2935.79,21073.6,9942.95,32310.6,13360.3,295.876,861.647,15.526,17.6369,-128.648,-128.648,-467.169,-116.792
0,13.3731,83.5553,2.167,-12.2103,-0.2115,1,6.12323e-17,0.80098,0.598691,0,0,0,0,0,0,0,461,0,0,0,0,0,0,0,0,0,13.5571,13.8904,0,0,0,0
0,13.3845,82.9879,1.66423,-8.76315,-0.15235,0.997859,-0.0654031,0.80098,0.598691,0,0,0,0,0,0,0,10.3333,0,0,0,0,0,0,0,0,0,13.4555,13.8407,0,0,0,0
0,13.4105,83.9269,1.99969,-5.32645,-0.0928302,0.991445,-0.130526,0.80098,0.598691,0,0,0,0,0,0,0,0,0,0,0,0,0,0,0,0,0,13.4002,13.7945,0,0,0,0
0,13.3073,84.6339,1.79725,-1.90226,-0.0331945,0.980785,-0.19509,0.80098,0.598691,117.667,0,0,0,0,0,0,0,164.667,29.4167,50.9512,9.80556,32.5213,4.90278,23.5129,0,0,13.3688,13.7515,0,0,0,0
10.0439,13.4003,83.9145,1.81442,1.82355,0.0318215,0.965926,-0.258819,0.80098,0.598691,863,117.667,0,0,0,0,0,0,985.667,245.167,359.926,81.7222,237.78,40.8611,173.03,2.51097,0.418494,13.3756,13.7243,10.0439,10.0439,10.0439,2.51097
34.2707,13.5195,83.727,2.8429,5.0623,0.0882389,0.94693,-0.321439,0.80098,0.598691,2462.33,863,117.667,0,0,0,0,0,2537,860.75,982.107,286.917,697.247,143.458,513.476,11.0786,1.84644,13.4094,13.7061,24.2268,24.2268,34.2707,8.56767
74.3665,13.98,81.8961,1.80127,8.37756,0.145696,0.92388,-0.382683,0.80098,0.598691,4842.33,2462.33,863,0,0,0,0,0,4539.33,2071.33,1810.26,690.444,1430.31,345.222,1068.68,29.6702,4.94504,13.5518,13.7089,40.0958,40.0958,74.3665,18.5916
130.594,14.4595,80.8053,1.65827,11.6978,0.202749,0.896873,-0.442289,0.80098,0.598691,7649.33,4842.33,2462.33,117.667,0,0,0,0,7442,3954.25,2560.47,1327.89,2373.86,663.944,1805.11,62.3188,10.3865,13.8398,13.7354,56.2277,56.2277,130.594,32.6485
174.312,15.3041,76.8213,1.51926,15.0024,0.258859,0.866025,-0.5,0.80098,0.598691,10997.3,7649.33,4842.33,863,0,0,0,0,10465.3,6487.83,3185.79,2244.33,3527.03,1122.17,2734.82,103.386,17.6495,14.3158,13.7983,43.7178,43.7178,164.268,41.067
283.037,16.4427,71.7099,1.46507,18.2814,0.313684,0.83147,-0.55557,0.80098,0.598691,12371,10997.3,7649.33,2462.33,0,0,0,0,13572,8965,2935.07,3275.25,4416.24,1637.62,3526.1,165.577,29.4427,15.0466,13.9056,108.725,108.725,248.766,62.1915
319.732,17.592,67.2198,1.72509,21.5273,0.366944,0.793353,-0.608761,0.80098,0.598691,16475.3,12371,10997.3,4842.33,0,0,0,0,16767.7,11873.2,3163.69,4648.19,5589.67,2324.1,4585.16,226.919,42.7648,15.9496,14.057,36.6957,36.6957,245.366,61.3415
432.451,17.665,65.6127,2.12867,24.7329,0.418389,0.75184,-0.659346,0.80098,0.598691,18597.3,16475.3,12371,7649.33,117.667,0,0,0,19976,14610.2,3059.53,6197.97,6577.01,3098.99,5588.58,302.383,60.7836,16.7509,14.2103,112.719,112.719,301.857,75.4643
498.694,17.8939,64.1386,2.64985,27.8907,0.467787,0.707107,-0.707107,0.80098,0.598691,21607,18597.3,16475.3,10997.3,863,0,0,0,23159.3,17262.7,3361.65,7998.56,7523.31,3999.28,6655.4,383.479,81.5626,17.3984,14.3773,66.2427,66.2427,324.382,81.0955
567.83,17.5964,65.1952,3.32938,30.992,0.514919,0.659346,-0.75184,0.80098,0.598691,24478.7,21607,18597.3,12371,2462.33,0,0,0,26523.3,20289.6,3028.87,10038.4,8351.08,5019.22,7750.02,454.677,105.222,17.6868,14.5308,69.136,69.136,284.793,71.1983
635.332,18.3259,63.2681,2.72041,34.0266,0.559578,0.608761,-0.793353,0.80098,0.598691,28111.3,24478.7,21607,16475.3,4842.33,0,0,0,29677,23198.6,3517.04,12381.1,9114.51,6190.53,8936.43,533.577,131.694,17.8703,14.7142,67.502,67.502,315.6,78.8999
704.484,19.0769,60.8865,1.81719,36.9825,0.601571,0.55557,-0.83147,0.80098,0.598691,31172.3,28111.3,24478.7,18597.3,7649.33,117.667,0,0,32835,26342.3,3617.83,14968.9,9657.67,7489.38,10128.2,601.585,161.048,18.2233,14.9301,69.152,69.152,272.033,68.0082
774.969,19.8712,58.1044,1.81752,39.8451,0.640714,0.5,-0.866025,0.80098,0.598691,33518.7,31172.3,28111.3,21607,10997.3,863,0,0,35049,29320.2,3389.67,17690.2,9897.37,8885.99,11248.2,670.654,193.338,18.7176,15.1827,70.4847,70.4847,276.275,69.0687
833.312,19.146,59.8263,2.61471,42.5972,0.67684,0.442289,-0.896873,0.80098,0.598691,35662,33518.7,31172.3,24478.7,12371,2462.33,0,0,37373.3,32116.1,2804.88,20456.9,9894.18,10371.9,12284,737.024,228.06,19.105,15.4058,58.3433,58.3433,265.482,66.3705
880.979,19.2791,59.0969,3.00558,45.2179,0.709791,0.382683,-0.92388,0.80098,0.598691,37762,35662,33518.7,28111.3,16475.3,4842.33,0,0,39223,34528.8,2450.71,23200.2,9747.14,11945.3,13236.3,798.436,264.767,19.3433,15.6359,47.6673,47.6673,245.647,61.4118
929.767,19.3337,58.4801,3.03735,47.6826,0.739427,0.321439,-0.94693,0.80098,0.598691,40135.7,37762,35662,31172.3,18597.3,7649.33,0,0,41641.3,36769.6,2455.13,25907.4,9561.71,13617.6,14126.9,854.757,303.507,19.4075,15.8721,48.7873,48.7873,225.283,56.3207
978.03,19.5991,57.1116,3.51125,49.9621,0.765619,0.258819,-0.965926,0.80098,0.598691,41631.3,40135.7,37762,33518.7,21607,10997.3,0,0,43141.7,38797.8,2276.23,28460.2,9326.68,15352.3,14883.9,905.522,344.259,19.3395,16.1173,48.2633,48.2633,203.061,50.7653
1017.16,20.0287,56.6124,3.30756,52.0228,0.788256,0.19509,-0.980785,0.80098,0.598691,42548.7,41631.3,40135.7,35662,24478.7,12371,0,0,44160.3,40519.4,1810.03,30975,8696.62,17125.1,15472.1,951.484,386.64,19.5601,16.3772,39.13,39.13,183.848,45.962
1048.35,20.2615,55.3604,3.14177,53.827,0.807239,0.130526,-0.991445,0.80098,0.598691,43141,42548.7,41631.3,37762,28111.3,16475.3,0,0,45300,41864.2,1133.66,33197.2,8093.67,18922.7,15878.8,993.328,430.322,19.8057,16.6535,31.1933,31.1933,167.374,41.8435
1071.14,20.4629,55.1485,3.34053,55.3345,0.822487,0.0654031,-0.997859,0.80098,0.598691,43147.7,43141,42548.7,40135.7,31172.3,18597.3,0,0,45176.7,42617.2,618.95,35243,7197.92,20720.5,16076,1028.67,474.952,20.088,16.9464,22.7867,22.7867,141.373,35.3433
1090.42,20.8845,54.5285,3.83936,56.505,0.833934,1.22465e-16,-1,0.80098,0.598691,42948.7,43147.7,43141,41631.3,33518.7,21607,0,0,44906.3,42946.5,243.194,37021.5,6172.52,22510,16060.3,1056.77,520.387,20.4094,17.2594,19.28,19.28,112.39,28.0975
1108.51,21.188,53.9047,4.13631,57.3023,0.841533,-0.0654031,-0.997859,0.80098,0.598691,43333.7,42948.7,43147.7,42548.7,35662,24478.7,0,0,45092.7,43142.8,136.148,38592.8,5083.43,24315.6,15862.8,1079.6,566.574,20.6992,17.5845,18.0867,18.0867,91.3467,22.8367
1116.59,21.0055,54.4887,3.67318,57.6986,0.845248,-0.130526,-0.991445,0.80098,0.598691,44068.3,43333.7,42948.7,43141,37762,28111.3,0,0,45354.3,43374.6,423.041,39922.5,4173.31,26151.8,15488,1096.66,613.099,20.8852,17.901,8.08,8.08,68.2333,17.0583
1118.85,20.9903,54.5924,3.70241,57.679,0.845066,-0.19509,-0.980785,0.80098,0.598691,43928.3,44068.3,43333.7,43147.7,40135.7,31172.3,117.667,0,45465,43569.8,452.394,40985.5,3353.11,27977.2,14881.9,1108.59,659.718,21.0171,18.2211,2.26667,2.26667,47.7133,11.9283
1114.8,20.7805,55.2247,4.06865,57.2445,0.840987,-0.258819,-0.965926,0.80098,0.598691,43358,43928.3,44068.3,42948.7,41631.3,33518.7,863,0,45219,43672.1,330.095,41805.4,2528.63,29747.8,14055.7,1114.69,705.749,20.9911,18.5286,-4.05333,-4.05333,24.38,6.095
1102.95,20.1713,56.586,4.04741,56.411,0.833027,-0.321439,-0.94693,0.80098,0.598691,42440.7,43358,43928.3,43333.7,42548.7,35662,2462.33,0,44200,43448.8,639.989,42370.3,1721.43,31413.6,13056.8,1113.3,750.277,20.7369,18.8058,-11.8533,-11.8533,-5.56,-1.39
1085.51,20.6835,55.2463,4.55762,55.2073,0.821222,-0.382683,-0.92388,0.80098,0.598691,41066,42440.7,43358,44068.3,43141,37762,4842.33,0,42497,42698.2,1081.55,42645.7,1122.31,32922.9,11944.2,1105.53,792.408,20.6564,19.0851,-17.44,-17.44,-31.08,-7.77
1062.33,20.3581,56.7292,3.93971,53.6704,0.805623,-0.442289,-0.896873,0.80098,0.598691,40011,41066,42440.7,43928.3,43147.7,40135.7,7649.33,0,40980,41718.9,1279.73,42635.3,1145.82,34271.3,10785.4,1091.4,831.231,20.4983,19.3309,-23.1733,-23.1733,-56.52,-14.13
1038.11,20.0551,57.8618,3.84915,51.8406,0.786295,-0.5,-0.866025,0.80098,0.598691,39227,40011,41066,43358,42948.7,41631.3,10997.3,0,39987.3,40686.2,1204.94,42434.9,1468.61,35447.6,9664.11,1072.22,867.222,20.317,19.5288,-24.2267,-24.2267,-76.6933,-19.1733
1006.24,20.0412,58.3878,4.06511,49.758,0.763323,-0.55557,-0.83147,0.80098,0.598691,37578,39227,40011,42440.7,43333.7,42548.7,12371,0,38393.7,39470.5,1272.66,42020.7,1987.45,36497.9,8384.05,1048.05,897.355,20.2845,19.6788,-31.8713,-31.8713,-96.7113,-24.1778
966.997,20.2345,57.7029,3.71343,47.4599,0.736804,-0.608761,-0.793353,0.80098,0.598691,35710.7,37578,39227,41066,44068.3,43141,16475.3,0,36379.7,38131.7,1650.71,41401.5,2603.84,37299.3,7278.15,1018.42,924.325,20.1722,19.7889,-39.2387,-39.2387,-118.51,-29.6275
921.992,20.2559,56.8903,4.23417,44.9795,0.706854,-0.659346,-0.75184,0.80098,0.598691,33233.7,35710.7,37578,40011,43928.3,43147.7,18597.3,0,33755.3,36437.3,2229.06,40575.3,3376.8,37909.2,6222.12,983.333,944.722,20.1467,19.8968,-45.0047,-45.0047,-140.341,-35.0853
870.129,19.9409,59.0053,3.87513,42.3456,0.673601,-0.707107,-0.707107,0.80098,0.598691,30565,33233.7,35710.7,39227,43358,42948.7,21607,0,31214.7,34271.8,2637.2,39543.4,4268.37,38282.4,5454.31,941.338,960.199,20.1181,19.9821,-51.8627,-51.8627,-167.977,-41.9943
814.403,19.7026,60.2135,3.55588,39.5825,0.637189,-0.75184,-0.659346,0.80098,0.598691,28238.7,30565,33233.7,37578,42440.7,43333.7,24478.7,0,28797,31937,2805.44,38285.4,5107.75,38439.1,5097.92,893.38,970.473,20.0335,20.0699,-55.726,-55.726,-191.832,-47.958
755.583,19.5291,60.6407,3.35357,36.7106,0.597774,-0.793353,-0.608761,0.80098,0.598691,25520.3,28238.7,30565,35710.7,41066,44068.3,28111.3,0,26140.7,29389.4,2848.43,36739.8,5873.01,38331.1,5337.3,840.527,975.483,19.8571,20.12,-58.8207,-58.8207,-211.414,-52.8535
687.556,19.6599,60.1381,3.40631,33.747,0.555527,-0.83147,-0.55557,0.80098,0.598691,22451.3,25520.3,28238.7,33233.7,40011,43928.3,31172.3,0,22934.7,26693.8,3031.02,34950,6632.95,37967.8,6060.23,781.918,974.778,19.7081,20.1443,-68.0267,-68.0267,-234.436,-58.609
616.497,19.3623,61.3123,3.38788,30.7059,0.510632,-0.866025,-0.5,0.80098,0.598691,19031.3,22451.3,25520.3,30565,39227,43358,33518.7,0,19640.3,23810.4,3435.84,32922.8,7423.77,37364.1,7104.82,718.51,968.175,19.5635,20.1231,-71.0587,-71.0587,-253.632,-63.408
546.087,18.7585,62.9303,2.70262,27.5992,0.463283,-0.896873,-0.442289,0.80098,0.598691,15738.7,19031.3,22451.3,28238.7,37578,42440.7,35662,0,16153.3,20685.4,3664.06,30697.6,8198.76,36534,8315.92,651.431,956.207,19.3274,20.1069,-70.41,-70.41,-268.316,-67.079
472.534,18.3092,64.7319,2.55604,24.4368,0.413689,-0.92388,-0.382683,0.80098,0.598691,13076.3,15738.7,19031.3,25520.3,35710.7,41066,37762,0,13444.7,17574.4,3518.16,28365.2,8871.11,35505.4,9537.36,580.669,939.188,19.0225,20.0665,-73.5533,-73.5533,-283.049,-70.7622
397.558,17.4857,68.8991,2.30092,21.2274,0.36207,-0.94693,-0.321439,0.80098,0.598691,10480,13076.3,15738.7,22451.3,33233.7,40011,40135.7,0,10779.7,14581.6,3171.27,25904.2,9380.56,34269.8,10706.8,508.169,917.013,18.4789,19.9895,-74.976,-74.976,-289.998,-72.4995
225.821,16.9994,71.3816,1.88044,17.9785,0.308659,-0.965926,-0.258819,0.80098,0.598691,7807.33,10480,13076.3,19031.3,30565,39227,41631.3,0,8032,11775.6,2950.57,23285.9,9676.76,32860.4,11813.9,410.5,885.671,17.8882,19.8812,-171.737,-171.737,-390.676,-97.6691
54.4166,16.7061,72.4885,1.70017,14.6971,0.25371,-0.980785,-0.19509,0.80098,0.598691,5385.67,7807.33,10480,15738.7,28238.7,37578,42548.7,0,5610.67,9187.33,2878.91,20603.2,9804.21,31312,12834.1,287.582,845.557,17.3751,19.7428,-171.404,-171.404,-491.671,-122.918
0,14.7021,86.3738,1.58,-12.0482,-0.208734,1,6.12323e-17,0.81116,0.584824,0,0,0,0,0,0,0,418.667,0,0,0,0,0,0,0,0,0,14.8075,15.5613,0,0,0,0
0,14.6259,85.9288,1.35579,-8.59872,-0.149513,0.997859,-0.0654031,0.81116,0.584824,0,0,0,0,0,0,0,56.6667,0,0,0,0,0,0,0,0,0,14.7413,15.5132,0,0,0,0
0,14.5431,86.5453,1.03366,-5.15925,-0.0899242,0.991445,-0.130526,0.81116,0.584824,0,0,0,0,0,0,0,0,0,0,0,0,0,0,0,0,0,14.676,15.4574,0,0,0,0
0,14.4745,87.3917,1.43013,-1.73184,-0.0302217,0.980785,-0.19509,0.81116,0.584824,185,0,0,0,0,0,0,0,117.667,46.25,80.1074,15.4167,51.1313,7.70833,36.9679,0,0,14.5864,15.4012,0,0,0,0
10.4039,14.4978,87.1835,1.25266,1.98433,0.0346262,0.965926,-0.258819,0.81116,0.584824,1051.67,185,0,0,0,0,0,0,863,309.167,435.285,103.056,290.514,51.5278,211.789,2.60098,0.433497,14.5353,15.3442,10.4039,10.4039,10.4039,2.60098
38.3331,14.5879,86.7313,1.38057,5.2362,0.0912617,0.94693,-0.321439,0.81116,0.584824,2671.33,1051.67,185,0,0,0,0,0,2462.33,977,1055.71,325.667,763.956,162.833,564.207,12.1842,2.03071,14.5258,15.2836,27.9291,27.9291,38.3331,9.58327
82.3944,15.1814,84.6071,1.44805,8.55837,0.148817,0.92388,-0.382683,0.81116,0.584824,4598.33,2671.33,1051.67,0,0,0,0,0,4842.33,2126.58,1683.11,708.861,1396.16,354.431,1048.93,32.7828,5.46381,14.6854,15.2448,44.0613,44.0613,82.3944,20.5986
137.529,16.2559,79.7074,1.64627,11.8846,0.20594,0.896873,-0.442289,0.81116,0.584824,7072.33,4598.33,2671.33,185,0,0,0,0,7649.33,3848.42,2245.18,1298.22,2221.38,649.111,1699.59,67.165,11.1942,15.1307,15.2517,55.1343,55.1343,137.529,34.3822
197.581,17.5307,74.1523,1.68643,15.1953,0.262109,0.866025,-0.5,0.81116,0.584824,9522,7072.33,4598.33,1051.67,0,0,0,0,10997.3,5966,2578.49,2091.72,3130.54,1045.86,2448.26,113.959,19.4267,15.889,15.3202,60.052,60.052,187.177,46.7942
257.451,18.7121,68.7893,1.65343,18.4807,0.316986,0.83147,-0.55557,0.81116,0.584824,12199,9522,7072.33,2671.33,0,0,0,0,12371,8347.92,2823.82,3108.31,4112.83,1554.15,3297.43,168.739,30.1538,16.92,15.4433,59.8707,59.8707,219.118,54.7796
324.389,19.3635,64.6721,1.93533,21.7336,0.370292,0.793353,-0.608761,0.81116,0.584824,14985,12199,9522,4598.33,0,0,0,0,16475.3,10944.6,2954.51,4357.06,5128.89,2178.53,4230.69,229.237,43.67,17.9655,15.5927,66.9373,66.9373,241.994,60.4986
393.97,20.2076,62.1434,1.46219,24.9469,0.421778,0.75184,-0.659346,0.81116,0.584824,17884.7,14985,12199,7072.33,185,0,0,0,18597.3,13647.7,3116.9,5847.44,6144.26,2923.72,5236.8,293.348,60.0854,18.9535,15.7748,69.5813,69.5813,256.441,64.1103
424.66,20.9234,60.0651,1.25009,28.1131,0.471213,0.707107,-0.707107,0.81116,0.584824,20711.7,17884.7,14985,9522,1051.67,0,0,0,21607,16445.1,3179.51,7573.42,7094.76,3786.71,6285.46,350.117,77.7796,19.8016,15.9906,30.69,30.69,227.079,56.7698
535.179,21.1587,58.7506,1.07694,31.2234,0.518376,0.659346,-0.75184,0.81116,0.584824,23471.7,20711.7,17884.7,12199,2671.33,0,0,0,24478.7,19263.2,3162.78,9529.39,7924.2,4764.69,7355.19,419.549,100.079,20.4133,16.2194,110.519,110.519,277.728,69.432
601.347,21.3297,58.3099,0.985089,34.2679,0.563063,0.608761,-0.793353,0.81116,0.584824,26254,23471.7,20711.7,14985,4598.33,0,0,0,28111.3,22080.5,3115.77,11717.2,8587.68,5858.61,8437.86,488.789,125.135,20.9048,16.456,66.168,66.168,276.959,69.2397
664.122,20.4804,60.6647,1.47076,37.2344,0.605077,0.55557,-0.83147,0.81116,0.584824,28889,26254,23471.7,17884.7,7072.33,185,0,0,31172.3,24831.6,3054.05,14109.2,9028.65,7062.32,9508.86,556.327,152.807,20.973,16.6569,62.7747,62.7747,270.152,67.538
726.735,20.8004,60.4257,1.39908,40.1085,0.644238,0.5,-0.866025,0.81116,0.584824,31012.7,28889,26254,20711.7,9522,1051.67,0,0,33518.7,27406.8,2829.02,16606,9213.3,8354.51,10515.3,631.846,183.087,20.9423,16.8693,62.6133,62.6133,302.075,75.5188
780.923,20.9407,59.4806,1.51158,42.873,0.680375,0.442289,-0.896873,0.81116,0.584824,33259.3,31012.7,28889,23471.7,12199,2671.33,0,0,35662,29853.8,2589.89,19155,9236.75,9740.32,11471.1,693.282,215.626,20.8878,17.092,54.188,54.188,245.744,61.436
836.847,21.2262,59.0679,1.79777,45.5068,0.713334,0.382683,-0.92388,0.81116,0.584824,35055,33259.3,31012.7,26254,14985,4598.33,0,0,37762,32054,2321.66,21693,9071.13,11200.9,12337,752.157,250.494,20.8619,17.3369,55.9233,55.9233,235.499,58.8748
886.783,20.9403,61.0604,2.44928,47.9852,0.742972,0.321439,-0.94693,0.81116,0.584824,37260.7,35055,33259.3,28889,17884.7,7072.33,0,0,40135.7,34146.9,2298.44,24208.7,8850.93,12753.5,13147.6,807.822,287.444,20.9769,17.5813,49.9367,49.9367,222.661,55.6653
926.607,20.6651,60.9754,1.80583,50.2786,0.769161,0.258819,-0.965926,0.81116,0.584824,38722.3,37260.7,35055,31012.7,20711.7,9522,0,0,41631.3,36074.3,2084.62,26642.1,8485.07,14366.9,13841.2,857.79,326.052,20.9431,17.8198,39.8233,39.8233,199.871,49.9678
963.651,21.1092,60.7182,2.25312,52.3531,0.79179,0.19509,-0.980785,0.81116,0.584824,40046.3,38722.3,37260.7,33259.3,23471.7,12199,0,0,42548.7,37771.1,1851.98,28962.7,8012.52,16035.5,14410.8,903.472,366.204,20.9852,18.0789,37.044,37.044,182.727,45.6818
999.163,21.2015,61.6752,2.78725,54.1703,0.81076,0.130526,-0.991445,0.81116,0.584824,41252,40046.3,38722.3,35055,26254,14985,0,0,43141,39320.3,1488.14,31151.6,7464.14,17754.3,14849.1,944.051,407.836,20.979,18.3455,35.5127,35.5127,162.317,40.5792
1025.78,20.8559,61.9489,2.66326,55.689,0.82599,0.0654031,-0.997859,0.81116,0.584824,41385,41252,40046.3,37260.7,28889,17884.7,0,0,43147.7,40351.4,1075.45,33110,6777.71,19478.7,15088.3,978.8,450.577,20.958,18.5964,26.6167,26.6167,138.997,34.7492
1047.59,21.5961,59.6772,2.24385,56.8682,0.837416,1.22465e-16,-1,0.81116,0.584824,40714,41385,41252,38722.3,31012.7,20711.7,0,0,42948.7,40849.3,527.306,34776.8,5930.23,21175.1,15091.7,1009.05,494.226,21.1907,18.8837,21.8067,21.8067,120.98,30.245
1056.87,21.8371,58.874,1.90678,57.6705,0.844987,-0.0654031,-0.997859,0.81116,0.584824,40979.7,40714,41385,40046.3,33259.3,23471.7,0,0,43333.7,41082.7,258.168,36235.8,5059.11,22882.6,14916.5,1032.35,538.263,21.3727,19.1841,9.28667,9.28667,93.2227,23.3057
1067.97,22.1418,59.0729,1.84307,58.0674,0.848671,-0.130526,-0.991445,0.81116,0.584824,41400,40979.7,40714,41252,35055,26254,0,0,44068.3,41119.7,288.597,37498,4233.3,24607.6,14560.1,1049.55,582.762,21.6077,19.5007,11.1,11.1,68.81,17.2025
1070.7,22.381,58.5407,1.78634,58.0437,0.848452,-0.19509,-0.980785,0.81116,0.584824,40901,41400,40979.7,41385,37260.7,28889,185,0,43928.3,40998.7,251,38499,3421.64,26304.1,13976,1060.78,627.374,21.989,19.8302,2.72667,2.72667,44.92,11.23
1062.27,22.9943,56.2213,0.996194,57.6005,0.844332,-0.258819,-0.965926,0.81116,0.584824,40742.3,40901,41400,40714,38722.3,31012.7,1051.67,0,43358,41005.8,243.143,39309.8,2607.52,27957.9,13217.7,1064.45,671.202,22.3385,20.1842,-8.42667,-8.42667,14.6867,3.67167
1054.17,23.9166,53.1711,1.292,56.7544,0.836328,-0.321439,-0.94693,0.81116,0.584824,39514.3,40742.3,40901,40979.7,40046.3,33259.3,2671.33,0,42440.7,40639.4,693.419,39831.1,1865.54,29493,12299.3,1063.78,713.529,22.8584,20.5729,-8.1,-8.1,-2.7,-0.675
1033.12,23.1591,56.3322,1.74042,55.5353,0.824475,-0.382683,-0.92388,0.81116,0.584824,38021.7,39514.3,40742.3,41400,41252,35055,4598.33,0,41066,39794.8,1155.87,40078.3,1338.31,30885.7,11249.1,1055.07,753.142,23.1127,20.9053,-21.0533,-21.0533,-34.8533,-8.71333
1004.25,22.9795,57.0166,1.52053,53.9811,0.808823,-0.442289,-0.896873,0.81116,0.584824,36719,38021.7,39514.3,40901,41385,37260.7,7072.33,0,40011,38749.3,1517.32,40033.1,1438,32120.9,10139.4,1038.46,789.256,23.2624,21.1854,-28.8653,-28.8653,-66.4453,-16.6113
967.987,22.5446,57.8355,1.45369,52.1332,0.78944,-0.5,-0.866025,0.81116,0.584824,35511.7,36719,38021.7,40742.3,40714,38722.3,9522,0,39227,37441.7,1489.92,39765.6,1885.93,33203.8,8990.73,1014.88,821.356,23.15,21.3944,-36.2673,-36.2673,-94.286,-23.5715
932.446,23.0563,55.8065,1.09398,50.0324,0.766408,-0.55557,-0.83147,0.81116,0.584824,33497.3,35511.7,36719,39514.3,40979.7,40046.3,12199,0,37578,35937.4,1665.1,39219.8,2554.71,34091.3,7852.75,984.452,849.481,22.9349,21.5754,-35.5413,-35.5413,-121.727,-30.4318
883.171,23.2629,54.7385,0.914215,47.7168,0.739828,-0.608761,-0.793353,0.81116,0.584824,32382,33497.3,35511.7,38021.7,41400,41252,14985,0,35710.7,34527.5,1690.83,38480.7,3087.45,34816.1,6786.14,946.965,872.764,22.9608,21.7378,-49.2747,-49.2747,-149.949,-37.4872
840.025,25.3852,44.9837,1.36029,45.2197,0.709813,-0.659346,-0.75184,0.81116,0.584824,29704.3,32382,33497.3,36719,40901,41385,17884.7,0,33233.7,32773.8,2097.29,37507.3,3781.62,35308.6,5912.11,905.907,891.349,23.5623,21.9536,-43.146,-43.146,-164.229,-41.0573
786.823,27.0045,43.2891,1.64196,42.5702,0.676493,-0.707107,-0.707107,0.81116,0.584824,27518.7,29704.3,32382,35511.7,40742.3,40714,20711.7,0,30565,30775.6,2331.5,36407.7,4533.09,35592.2,5340.71,860.616,906.439,24.6772,22.207,-53.2027,-53.2027,-181.165,-45.2912
732.813,26.3699,43.8596,1.16979,39.7927,0.640012,-0.75184,-0.659346,0.81116,0.584824,25150.7,27518.7,29704.3,33497.3,39514.3,40979.7,23471.7,0,28238.7,28688.9,2672.01,35088.6,5256.14,35662.2,5190.36,810.708,914.674,25.5056,22.4241,-54.0093,-54.0093,-199.633,-49.9082
675.402,25.9073,43.9163,1.15112,36.9076,0.600526,-0.793353,-0.608761,0.81116,0.584824,22752.3,25150.7,27518.7,32382,38021.7,41400,26254,0,25520.3,26281.5,2597.12,33534.6,5880.02,35516.3,5493.16,758.766,917.76,26.1667,22.6148,-57.4113,-57.4113,-207.769,-51.9423
613.423,23.6247,53.5658,1.14173,33.9319,0.558207,-0.83147,-0.55557,0.81116,0.584824,19787.3,22752.3,25150.7,29704.3,36719,40901,28889,0,22451.3,23802.2,2865.83,31775.1,6534.97,35137.1,6205.59,702.115,915.647,25.7266,22.7458,-61.9787,-61.9787,-226.602,-56.6505
536.848,22.9137,56.3123,1.28854,30.8797,0.513237,-0.866025,-0.5,0.81116,0.584824,16858.7,19787.3,22752.3,27518.7,35511.7,40742.3,31012.7,0,19031.3,21137.2,3116.27,29784.8,7112.34,34547.3,7167.54,639.622,907.735,24.7039,22.8339,-76.5753,-76.5753,-249.975,-62.4937
461.243,22.6176,58.1629,1.27212,27.7629,0.465814,-0.896873,-0.442289,0.81116,0.584824,13998,16858.7,19787.3,25150.7,33497.3,39514.3,33259.3,0,15738.7,18349.1,3263.83,27658.5,7677.51,33744.8,8261.67,571.729,894.415,23.7658,22.9038,-75.6047,-75.6047,-271.57,-67.8925
401.225,22.0523,59.5161,1.76713,24.5914,0.416144,-0.92388,-0.382683,0.81116,0.584824,11315.3,13998,16858.7,22752.3,32382,38021.7,35055,0,13076.3,15489.8,3162.05,25432.9,8203.64,32755.6,9389.72,503.185,876.264,22.8021,22.9382,-60.018,-60.018,-274.177,-68.5442
326.596,21.4983,62.7829,1.13412,21.3737,0.364449,-0.94693,-0.321439,0.81116,0.584824,9027,11315.3,13998,19787.3,29704.3,36719,37260.7,0,10480,12799.8,2930.35,23125.3,8590.07,31579.2,10459.3,431.478,852.923,22.2705,22.9614,-74.6293,-74.6293,-286.827,-71.7068
200.035,21.1381,63.9339,0.99585,18.1172,0.310961,-0.965926,-0.258819,0.81116,0.584824,6703,9027,11315.3,16858.7,27518.7,35511.7,38722.3,0,7807.33,10260.8,2704.58,20724.6,8815.61,30245.1,11457.6,347.275,822.649,21.8266,22.9811,-126.561,-126.561,-336.813,-84.2033
119.763,21.0357,63.3356,0.861373,14.8289,0.255934,-0.980785,-0.19509,0.81116,0.584824,4688,6703,9027,13998,25150.7,33497.3,40046.3,0,5385.67,7933.33,2483.95,18323.8,8932.34,28771.8,12341.7,261.905,787.487,21.4311,22.9781,-80.272,-80.272,-341.481,-85.3702
0,12.8908,63.2279,4.52763,-11.8823,-0.205903,1,6.12323e-17,0.8211,0.570784,0,0,0,0,0,0,0,372.333,0,0,0,0,0,0,0,0,0,13.0321,14.355,0,0,0,0
0,12.5999,64.1537,4.63433,-8.43069,-0.146613,0.997859,-0.0654031,0.8211,0.570784,0,0,0,0,0,0,0,2,0,0,0,0,0,0,0,0,0,12.9319,14.1952,0,0,0,0
0,12.4185,64.1378,5.19519,-4.98855,-0.0869567,0.991445,-0.130526,0.8211,0.570784,0,0,0,0,0,0,0,0,0,0,0,0,0,0,0,0,0,12.7593,14.0363,0,0,0,0
0,12.2617,64.7008,5.17272,-1.55803,-0.0271894,0.980785,-0.19509,0.8211,0.570784,161,0,0,0,0,0,0,0,185,40.25,69.715,13.4167,44.4981,6.70833,32.172,0,0,12.5427,13.879,0,0,0,0
9.09454,12.1473,65.4225,4.77632,2.14908,0.0374997,0.965926,-0.258819,0.8211,0.570784,996,161,0,0,0,0,0,0,1051.67,289.25,413.302,96.4167,274.831,48.2083,200.225,2.27363,0.378939,12.3569,13.7274,9.09454,9.09454,9.09454,2.27363
33.3442,12.1235,64.6805,5.96601,5.41343,0.0943416,0.94693,-0.321439,0.8211,0.570784,2487.67,996,161,0,0,0,0,0,2671.33,911.167,985.587,303.722,712.943,151.861,526.503,10.6097,1.76828,12.2378,13.5835,24.2497,24.2497,33.3442,8.33605
70.2897,12.2889,63.4457,6.29744,8.74234,0.151991,0.92388,-0.382683,0.8211,0.570784,4237.67,2487.67,996,0,0,0,0,0,4598.33,1970.58,1551.73,656.861,1290.56,328.431,969.868,28.1821,4.69702,12.2054,13.4552,36.9455,36.9455,70.2897,17.5724
117.663,12.6875,62.1543,4.85103,12.0744,0.209182,0.896873,-0.442289,0.8211,0.570784,6707,4237.67,2487.67,161,0,0,0,0,7072.33,3607.08,2125.91,1215.78,2089.87,607.889,1597.91,57.5978,9.59964,12.3118,13.352,47.3731,47.3731,117.663,29.4157
180.125,13.2065,60.604,5.16291,15.3911,0.265406,0.866025,-0.5,0.8211,0.570784,9486.33,6707,4237.67,996,0,0,0,0,9522,5729.67,2636.49,2006.31,3052.81,1003.15,2380.36,100.355,17.1048,12.5766,13.2762,62.4618,62.4618,171.03,42.7575
248.417,13.8217,58.2816,5.47108,18.683,0.320331,0.83147,-0.55557,0.8211,0.570784,12384.7,9486.33,6707,2487.67,0,0,0,0,12199,8203.92,3045.29,3038.36,4110.34,1519.18,3279.54,154.123,27.4555,13.0012,13.2338,68.292,68.292,215.072,53.7681
319.204,14.5033,55.8206,5.00249,21.9428,0.373681,0.793353,-0.608761,0.8211,0.570784,15481.3,12384.7,9486.33,4237.67,0,0,0,0,14985,11014.8,3268.02,4328.47,5231.01,2164.24,4285.52,216.352,40.7557,13.5548,13.2259,70.7873,70.7873,248.914,62.2286
393.127,15.0411,54.4223,4.30495,25.1636,0.425205,0.75184,-0.659346,0.8211,0.570784,18370.7,15481.3,12384.7,6707,161,0,0,0,17884.7,13930.8,3326.42,5859.36,6315.89,2929.68,5341.19,285.218,57.136,14.1432,13.2506,73.9233,73.9233,275.464,68.8661
466.239,15.5495,53.8023,3.44601,28.338,0.474673,0.707107,-0.707107,0.8211,0.570784,21497,18370.7,15481.3,9486.33,996,0,0,0,20711.7,16933.4,3379.78,7650.78,7361.95,3825.39,6460.09,356.747,76.5626,14.7289,13.3067,73.1113,73.1113,286.114,71.5285
535.591,15.7671,52.246,3.43225,31.4574,0.521865,0.659346,-0.75184,0.8211,0.570784,24176,21497,18370.7,12384.7,2487.67,0,0,0,23471.7,19881.2,3267.13,9665.44,8247.33,4832.72,7573.93,428.54,98.8789,15.2153,13.3781,69.3527,69.3527,287.175,71.7937
597.637,16.1927,50.9277,3.41771,34.5117,0.566574,0.608761,-0.793353,0.8211,0.570784,27256,24176,21497,15481.3,4237.67,0,0,0,26254,22824.9,3281.14,11936.8,8992.22,5968.39,8720.76,498.148,123.78,15.6376,13.4724,62.0453,62.0453,278.433,69.6082
667.475,16.5121,49.2937,4.25253,37.4889,0.608607,0.55557,-0.83147,0.8211,0.570784,30236,27256,24176,18370.7,6707,161,0,0,28889,25791.2,3276.85,14443,9535.63,7228.22,9875.15,566.735,151.592,16.0054,13.5884,69.8387,69.8387,274.348,68.587
730.11,16.8263,48.5767,4.33078,40.3745,0.647781,0.5,-0.866025,0.8211,0.570784,32782,30236,27256,21497,9486.33,996,0,0,31012.7,28612.5,3222.7,17091.9,9842.25,8594.14,10985.6,632.703,182.013,16.3246,13.7208,62.6347,62.6347,263.871,65.9678
788.889,17.0205,47.9355,3.53901,43.1513,0.683928,0.442289,-0.896873,0.8211,0.570784,35115.7,32782,30236,24176,12384.7,2487.67,0,0,33259.3,31347.4,2925.44,19810.9,9938.55,10057.3,12032.2,696.028,214.884,16.6379,13.8683,58.7793,58.7793,253.298,63.3245
849.682,17.71,46.4085,3.41707,45.7983,0.71689,0.382683,-0.92388,0.8211,0.570784,37192.3,35115.7,32782,27256,15481.3,4237.67,0,0,35055,33831.5,2596.79,22557.1,9808.11,11607,12993.7,759.039,250.287,17.0173,14.0508,60.7927,60.7927,252.045,63.0113
904.021,18.0535,45.3859,3.62891,48.2904,0.746527,0.321439,-0.94693,0.8211,0.570784,39595.3,37192.3,35115.7,30236,18370.7,6707,0,0,37260.7,36171.3,2518.34,25297.8,9588.74,13256.8,13897.5,818.176,287.955,17.4026,14.2492,54.3393,54.3393,236.546,59.1365
946.249,18.3541,44.7137,4.05412,50.5979,0.77271,0.258819,-0.965926,0.8211,0.570784,41169,39595.3,37192.3,32782,21497,9486.33,0,0,38722.3,38268.1,2306.07,27938,9226.65,14972.2,14674.4,872.21,327.382,17.7845,14.4673,42.2273,42.2273,216.139,54.0347
989.155,18.7758,43.6393,3.86089,52.6862,0.795327,0.19509,-0.980785,0.8211,0.570784,42329,41169,39595.3,35115.7,24176,12384.7,0,0,40046.3,40071.4,1924.65,30433.4,8718.01,16735.9,15299.4,922.277,368.596,18.2233,14.7079,42.906,42.906,200.265,50.0663
1018.95,19.0911,42.8443,3.93635,54.5164,0.814282,0.130526,-0.991445,0.8211,0.570784,43206,42329,41169,37192.3,27256,15481.3,0,0,41252,41574.8,1352.09,32743.8,8101.27,18536.1,15759.3,964.593,411.052,18.5686,14.9572,29.792,29.792,169.265,42.3162
1045.89,19.535,41.7307,3.86613,56.0465,0.829491,0.0654031,-0.997859,0.8211,0.570784,43646,43206,42329,39595.3,30236,18370.7,0,0,41385,42587.5,946.299,34850,7340.55,20354.7,16031.3,1000.06,454.631,18.939,15.2241,26.9467,26.9467,141.872,35.468
1067.09,19.9179,40.5687,3.88743,57.2343,0.840891,1.22465e-16,-1,0.8211,0.570784,43468.7,43646,43206,41169,32782,21497,0,0,40714,43162.4,505.995,36681,6470.14,22165.9,16084.7,1030.27,499.094,19.3299,15.5169,21.2,21.2,120.845,30.2112
1085.99,20.3981,39.5859,3.72537,58.0415,0.848431,-0.0654031,-0.997859,0.8211,0.570784,43639.7,43468.7,43646,42329,35115.7,24176,0,0,40979.7,43490.1,178.779,38303,5498.72,23984.2,15942.2,1054.48,544.343,19.7355,15.8418,18.9,18.9,96.8387,24.2097
1090.51,20.8644,38.8846,3.7194,58.4387,0.852081,-0.130526,-0.991445,0.8211,0.570784,44292.7,43639.7,43468.7,43206,37192.3,27256,0,0,41400,43761.8,314.672,39722.7,4586.98,25829.7,15619.4,1072.37,589.781,20.1788,16.1937,4.51333,4.51333,71.56,17.89
1097.95,21.0637,38.2827,3.6939,58.4106,0.851824,-0.19509,-0.980785,0.8211,0.570784,43883.7,44292.7,43639.7,43646,39595.3,30236,161,0,40901,43821.2,309.603,40860,3699.99,27651.5,15059,1085.39,635.529,20.561,16.5605,7.44667,7.44667,52.06,13.015
1099.22,21.5397,38.2293,3.13497,57.9581,0.84766,-0.258819,-0.965926,0.8211,0.570784,43485,43883.7,44292.7,43468.7,41169,32782,996,0,40742.3,43825.2,305.001,41751.9,2833.86,29421.9,14299.6,1093.42,680.951,20.9665,16.9518,1.26667,1.26667,32.1267,8.03167
1077.09,21.6194,38.3923,3.21939,57.0989,0.839609,-0.321439,-0.94693,0.8211,0.570784,40367,43485,43883.7,43639.7,42329,35115.7,2487.67,0,39514.3,43007.1,1550.77,42189.5,2080.66,31000.2,13294.9,1091.19,724.441,21.2718,17.3475,-22.1267,-22.1267,-8.9,-2.225
1003.5,21.6768,37.905,3.54455,55.8637,0.827705,-0.382683,-0.92388,0.8211,0.570784,41084.7,40367,43485,44292.7,43206,37192.3,4237.67,0,38021.7,42205.1,1507.46,42513.9,1498.21,32535.5,12198,1069.44,763.324,21.4749,17.7387,-73.5927,-73.5927,-87.006,-21.7515
985.963,21.3711,38.7015,3.35095,54.2917,0.811999,-0.442289,-0.896873,0.8211,0.570784,39588,41084.7,40367,43883.7,43646,39595.3,6707,0,36719,41131.2,1458.42,42513.3,1499.41,33905.5,11008.6,1041.44,799.503,21.5518,18.1005,-17.538,-17.538,-111.991,-27.9977
1014.86,21.6981,37.9133,2.93126,52.4252,0.792558,-0.5,-0.866025,0.8211,0.570784,38644,39588,41084.7,43485,43468.7,41169,9486.33,0,35511.7,39920.9,907.56,42302.9,1816.85,35120.4,9787.92,1020.36,834.284,21.5914,18.4543,28.902,28.902,-84.3553,-21.0888
973.623,21.7444,37.8423,3.52478,50.306,0.769466,-0.55557,-0.83147,0.8211,0.570784,37078.3,38644,39588,40367,43639.7,42329,12384.7,0,33497.3,39098.8,1455.35,41865.3,2320.36,36149.3,8565.41,994.488,864.501,21.6226,18.7844,-41.242,-41.242,-103.471,-25.8677
940.617,21.5194,38.3555,3.56798,47.9724,0.742822,-0.608761,-0.793353,0.8211,0.570784,35249.3,37078.3,38644,41084.7,44292.7,43206,15481.3,0,32382,37639.9,1645.71,41202.2,2905.56,36973,7411.01,978.767,890.393,21.5833,19.0767,-33.006,-33.006,-62.884,-15.721
892.845,21.3711,38.7991,3.09814,45.4584,0.712742,-0.659346,-0.75184,0.8211,0.570784,32938.7,35249.3,37078.3,39588,43883.7,43646,18370.7,0,29704.3,35977.6,2126.43,40310,3583.16,37580,6388.59,955.487,911.215,21.5833,19.3405,-47.772,-47.772,-93.118,-23.2795
836.049,21.2086,39.0281,3.15676,42.7931,0.679354,-0.707107,-0.707107,0.8211,0.570784,30353.7,32938.7,35249.3,38644,43485,43468.7,21497,0,27518.7,33905,2521.06,39217.1,4367.35,37949,5663.58,910.783,926.624,21.4609,19.5763,-56.7953,-56.7953,-178.815,-44.7038
776.552,20.8313,40.2089,3.36983,40.0011,0.642802,-0.75184,-0.659346,0.8211,0.570784,27694.7,30353.7,32938.7,37078.3,40367,43639.7,24176,0,25150.7,31559.1,2824.36,37888.3,5171.27,38095.6,5341.53,861.516,936.664,21.2326,19.7873,-59.4973,-59.4973,-197.071,-49.2677
714.684,20.7359,40.2744,3.30243,37.1026,0.603244,-0.793353,-0.608761,0.8211,0.570784,24984.3,27694.7,30353.7,35249.3,41084.7,44292.7,27256,0,22752.3,28992.8,2965.42,36279.3,5883.12,38001,5548.87,805.032,941.541,21.0367,19.9766,-61.868,-61.868,-225.933,-56.4832
648.793,20.4808,40.8955,3.77548,34.1147,0.560852,-0.83147,-0.55557,0.8211,0.570784,22290,24984.3,27694.7,32938.7,39588,43883.7,30236,0,19787.3,26330.7,3007.68,34479.8,6546.94,37669.9,6201.04,744.02,940.762,20.8141,20.142,-65.8907,-65.8907,-244.051,-61.0128
570.019,19.7985,42.503,3.51979,31.0515,0.515808,-0.866025,-0.5,0.8211,0.570784,18830.3,22290,24984.3,30353.7,38644,43485,32782,0,16858.7,23449.8,3280.94,32425.2,7231.34,37088.6,7204.73,677.512,934.092,20.4616,20.2658,-78.774,-78.774,-266.03,-66.5075
508.862,19.3365,43.7586,3.77733,27.9246,0.46831,-0.896873,-0.442289,0.8211,0.570784,15696.7,18830.3,22290,27694.7,37078.3,40367,35115.7,0,13998,20450.3,3505.83,30369.4,8132.05,36279.5,8376.07,610.59,922.424,20.0879,20.3623,-61.1573,-61.1573,-267.69,-66.9225
434.834,18.6397,45.6608,3.68023,24.744,0.418565,-0.92388,-0.382683,0.8211,0.570784,12982,15696.7,18830.3,24984.3,35249.3,41084.7,37192.3,0,11315.3,17449.8,3477.36,28027.5,8733.33,35270.7,9577.15,540.627,905.139,19.5639,20.401,-74.028,-74.028,-279.85,-69.9625
362.741,17.5006,48.5775,4.19353,21.518,0.366793,-0.94693,-0.321439,0.8211,0.570784,10489.7,12982,15696.7,22290,32938.7,39588,39595.3,0,9027,14499.7,3105.27,25602.6,9213.32,34058,10726.6,469.114,882.585,18.8188,20.378,-72.0933,-72.0933,-286.053,-71.5132
265.949,16.6255,50.9493,3.9061,18.254,0.31323,-0.965926,-0.258819,0.8211,0.570784,7845.33,10489.7,12982,18830.3,30353.7,38644,41169,0,6703,11753.4,2912.42,23036.1,9507.99,32669.5,11817.5,393.096,854.24,18.0256,20.306,-96.792,-96.792,-304.071,-76.0177
122.643,16.2266,52.3815,3.75887,14.9589,0.258127,-0.980785,-0.19509,0.8211,0.570784,5523,7845.33,10489.7,15696.7,27694.7,37078.3,42329,0,4688,9210,2798.29,20406.5,9623.62,31135.9,12810.9,296.542,818.135,17.2481,20.1998,-143.305,-143.305,-386.219,-96.5547
0,12.6388,64.5272,4.20307,-11.7129,-0.203008,1,6.12323e-17,0.830797,0.556576,0,0,0,0,0,0,0,512.667,0,0,0,0,0,0,0,0,0,12.5518,12.6048,0,0,0,0
0,12.5943,64.4647,4.42175,-8.25915,-0.143651,0.997859,-0.0654031,0.830797,0.556576,0,0,0,0,0,0,0,51.6667,0,0,0,0,0,0,0,0,0,12.6011,12.5885,0,0,0,0
0,12.5675,64.7141,4.55312,-4.81446,-0.0839292,0.991445,-0.130526,0.830797,0.556576,0,0,0,0,0,0,0,0,0,0,0,0,0,0,0,0,0,12.6112,12.5737,0,0,0,0
0,12.5703,64.1237,5.53685,-1.38093,-0.0240994,0.980785,-0.19509,0.830797,0.556576,130.667,0,0,0,0,0,0,0,161,32.6667,56.5803,10.8889,36.1144,5.44444,26.1106,0,0,12.5927,12.5615,0,0,0,0
8.81442,12.6143,63.2176,5.18965,2.31766,0.0404398,0.965926,-0.258819,0.830797,0.556576,1563.67,130.667,0,0,0,0,0,0,996,423.583,660.385,141.194,430.397,70.5972,312.417,2.2036,0.367267,12.5866,12.5517,8.81442,8.81442,8.81442,2.2036
48.5425,12.6797,62.5766,5.11811,5.59389,0.0974767,0.94693,-0.321439,0.830797,0.556576,3014.33,1563.67,130.667,0,0,0,0,0,2487.67,1177.17,1225.3,392.389,899.106,196.194,665.348,14.3392,2.38987,12.608,12.5477,39.7281,39.7281,48.5425,12.1356
92.4002,12.9385,62.6831,4.22863,8.92934,0.155216,0.92388,-0.382683,0.830797,0.556576,5011,3014.33,1563.67,0,0,0,0,0,4237.67,2429.92,1805.58,809.972,1548.81,404.986,1167.66,37.4393,6.23988,12.7007,12.557,43.8577,43.8577,92.4002,23.1
151.061,13.3398,59.8755,5.41831,12.2672,0.21247,0.896873,-0.442289,0.830797,0.556576,7719.33,5011,3014.33,130.667,0,0,0,0,6707,4327.08,2309.49,1453.25,2430.76,726.625,1866.09,75.2045,12.5341,12.8931,12.5847,58.6605,58.6605,151.061,37.7652
215.971,13.8335,57.9794,4.58454,15.5898,0.268748,0.866025,-0.5,0.830797,0.556576,10759.3,7719.33,5011,1563.67,0,0,0,0,9486.33,6626,2912.57,2349.86,3485.06,1174.93,2730.07,126.994,21.5329,13.1979,12.6329,64.9107,64.9107,207.157,51.7892
289.623,14.6435,56.2361,3.98338,18.8879,0.323718,0.83147,-0.55557,0.830797,0.556576,13755.3,10759.3,7719.33,3014.33,0,0,0,0,12384.7,9311.25,3273.88,3496.14,4605.64,1748.07,3696.18,187.264,33.6005,13.6888,12.7149,73.652,73.652,241.081,60.2702
366.271,15.1656,54.0789,3.84604,22.1546,0.377107,0.793353,-0.608761,0.830797,0.556576,16958,13755.3,10759.3,5011,0,0,0,0,15481.3,12298,3434.06,4909.31,5770.45,2454.65,4761.76,255.732,48.8618,14.2456,12.8211,76.648,76.648,273.871,68.4678
437.413,15.3691,52.7713,7.25636,25.383,0.428667,0.75184,-0.659346,0.830797,0.556576,19847.3,16958,13755.3,7719.33,130.667,0,0,0,18370.7,15330,3406.88,6563.25,6866.55,3281.62,5860.36,327.32,67.0874,14.7529,12.937,71.1413,71.1413,286.352,71.588
506.303,15.854,50.6455,3.97647,28.5656,0.478164,0.707107,-0.707107,0.830797,0.556576,23020.3,19847.3,16958,10759.3,1563.67,0,0,0,21497,18395.2,3431.27,8481.61,7902.49,4240.81,7014.92,399.903,88.1833,15.258,13.0769,68.8907,68.8907,290.332,72.583
576.613,16.3778,48.7829,3.65139,31.6939,0.525381,0.659346,-0.75184,0.830797,0.556576,25747.7,23020.3,19847.3,13755.3,3014.33,0,0,0,24176,21393.3,3304.15,10627.2,8757.5,5313.62,8159.75,471.65,112.209,15.6916,13.2377,70.31,70.31,286.99,71.7475
641.143,16.8694,47.4995,3.61223,34.758,0.570111,0.608761,-0.793353,0.830797,0.556576,28815.7,25747.7,23020.3,16958,5011,0,0,0,27256,24357.8,3314.27,13028.6,9438.45,6514.28,9326.2,540.368,138.923,16.1176,13.4206,64.53,64.53,274.872,68.718
709.862,17.5596,45.6821,3.38067,37.7458,0.612159,0.55557,-0.83147,0.830797,0.556576,31574,28815.7,25747.7,19847.3,7719.33,130.667,0,0,30236,27289.4,3212.83,15648.8,9849.7,7829.86,10471.2,608.481,168.501,16.6652,13.6347,68.7187,68.7187,272.449,68.1123
772.517,18.1577,43.9797,3.84808,40.643,0.651343,0.5,-0.866025,0.830797,0.556576,33910,31574,28815.7,23020.3,10759.3,1563.67,0,0,32782,30011.8,3051.64,18344.4,10050.2,9242.78,11551.4,675.034,200.689,17.2411,13.8748,62.6547,62.6547,266.213,66.5533
830.531,18.8271,42.3627,3.52553,43.4321,0.687495,0.442289,-0.896873,0.830797,0.556576,36012.3,33910,31574,25747.7,13755.3,3014.33,0,0,35115.7,32578,2680.11,21094.2,9993.73,10743.3,12549.2,738.513,235.294,17.8535,14.1408,58.0147,58.0147,253.918,63.4795
881.797,19.1817,41.2195,3.41962,46.0923,0.720458,0.382683,-0.92388,0.830797,0.556576,37898.7,36012.3,33910,28815.7,16958,5011,0,0,37192.3,34848.8,2359.09,23834.8,9712.89,12322.4,13450.1,798.677,272.036,18.4315,14.4206,51.2653,51.2653,240.653,60.1633
926.695,19.8103,40.4601,2.87998,48.5981,0.75009,0.321439,-0.94693,0.830797,0.556576,40200.7,37898.7,36012.3,31574,19847.3,7719.33,0,0,39595.3,37005.4,2322.46,26541.6,9364.36,13997.4,14288.3,852.885,310.648,18.9942,14.7294,44.898,44.898,216.833,54.2082
969.499,20.4814,39.5392,2.77027,50.9197,0.776263,0.258819,-0.965926,0.830797,0.556576,41800.7,40200.7,37898.7,33910,23020.3,10759.3,0,0,41169,38978.1,2203.55,29128.4,8924.48,15739.1,15005.6,902.13,351.044,19.5751,15.0684,42.8047,42.8047,196.983,49.2457
1016.12,20.6995,39.8427,2.03713,53.0219,0.798866,0.19509,-0.980785,0.830797,0.556576,42665.7,41800.7,40200.7,36012.3,25747.7,13755.3,0,0,42329,40641.4,1813.72,31537.6,8331.83,17516.9,15553,948.527,393.382,20.0432,15.4144,46.6173,46.6173,185.585,46.3963
1051.3,20.2669,41.6462,2.55024,54.8652,0.817801,0.130526,-0.991445,0.830797,0.556576,43325.3,42665.7,41800.7,37898.7,28815.7,16958,0,0,43206,41998.1,1170.14,33734.9,7645.71,19322.1,15925,990.903,437.186,20.3145,15.7369,35.1833,35.1833,169.503,42.3758
1073.41,20.3623,41.17,1.65955,56.4067,0.832986,0.0654031,-0.997859,0.830797,0.556576,44077.3,43325.3,42665.7,40200.7,31574,19847.3,0,0,43646,42967.2,838.506,35754,6871.81,21158.6,16131.1,1027.58,481.912,20.4525,16.0584,22.1067,22.1067,146.712,36.678
1092.27,21.3817,37.7475,2.37805,57.6031,0.844357,1.22465e-16,-1,0.830797,0.556576,43565.7,44077.3,43325.3,41800.7,33910,23020.3,0,0,43468.7,43408.5,507.63,37466.1,5988.6,22973.9,16099.1,1058.27,527.423,20.6776,16.4227,18.8667,18.8667,122.774,30.6935
1093.82,22.1476,35.6172,2.29689,58.4151,0.851865,-0.0654031,-0.997859,0.830797,0.556576,44166.3,43565.7,44077.3,42665.7,36012.3,25747.7,0,0,43639.7,43783.7,350.095,39001,5079.86,24814.1,15890.8,1077.7,572.999,21.0396,16.8208,1.55,1.55,77.7067,19.4267
945.525,22.3204,35.3977,1.90583,58.8125,0.855477,-0.130526,-0.991445,0.830797,0.556576,44369.7,44166.3,43565.7,43325.3,37898.7,28815.7,0,0,44292.7,44044.8,296.199,40297.2,4228.67,26662.9,15471.8,1051.26,612.396,21.553,17.2272,-148.298,-148.298,-105.775,-26.4437
1121.98,21.5855,37.1745,2.1096,58.7794,0.855178,-0.19509,-0.980785,0.830797,0.556576,43982.7,44369.7,44166.3,44077.3,40200.7,31574,130.667,0,43883.7,44021.1,296.432,41331.2,3406.33,28490,14805.6,1063.4,659.145,21.8588,17.6028,176.455,176.455,48.5733,12.1433
1108.87,22.4082,34.7543,1.81937,58.3172,0.850969,-0.258819,-0.965926,0.830797,0.556576,43731.3,43982.7,44369.7,43565.7,41800.7,33910,1563.67,0,43485,44062.5,235.148,42149.7,2612.22,30247,13985.3,1067.55,704.981,22.1154,18.0109,-13.1133,-13.1133,16.5933,4.14833
1101.53,22.2063,34.2313,2.4164,57.4443,0.842869,-0.321439,-0.94693,0.830797,0.556576,42780.3,43731.3,43982.7,44166.3,42665.7,36012.3,3014.33,0,40367,43716,586.111,42713.7,1843.86,31903.9,12980.3,1069.47,748.855,22.1301,18.4078,-7.34,-7.34,7.70333,1.92583
1077.95,21.9755,35.2577,1.62063,56.1925,0.830911,-0.382683,-0.92388,0.830797,0.556576,41096.3,42780.3,43731.3,44369.7,43325.3,37898.7,5011,0,41084.7,42897.7,1132.56,42980.2,1270.73,33407.5,11815.8,1102.58,789.92,22.0438,18.7843,-23.5733,-23.5733,132.428,33.1071
1055.91,20.3271,44.0117,2.48067,54.6021,0.815149,-0.442289,-0.896873,0.830797,0.556576,40067.7,41096.3,42780.3,43982.7,44077.3,40200.7,7719.33,0,39588,41918.9,1425.71,42969.1,1295.27,34755.3,10590.1,1086.06,827.622,21.7293,19.0755,-22.04,-22.04,-66.0667,-16.5167
1030.97,19.2141,48.4195,3.19439,52.7165,0.795648,-0.5,-0.866025,0.830797,0.556576,38707.3,40067.7,41096.3,43731.3,43565.7,41800.7,10759.3,0,38644,40662.9,1487.44,42711.3,1735.24,35919.8,9351.61,1066.59,861.58,20.9307,19.2997,-24.94,-24.94,-77.8933,-19.4733
990.65,18.7073,51.1388,3.33795,50.5784,0.772494,-0.55557,-0.83147,0.830797,0.556576,37649.7,38707.3,40067.7,42780.3,44166.3,42665.7,13755.3,0,37078.3,39380.2,1310.08,42293.3,2229.61,36915.4,8131.21,1038.87,890.79,20.056,19.469,-40.3233,-40.3233,-110.877,-27.7192
957.111,18.6843,51.6641,3.28787,48.2266,0.745785,-0.608761,-0.793353,0.830797,0.556576,35855.7,37649.7,38707.3,41096.3,44369.7,43325.3,16958,0,35249.3,38070.1,1539.22,41670.8,2819.32,37702.8,6996.26,1008.66,915.408,19.2332,19.6156,-33.5393,-33.5393,-120.843,-30.2107
911.275,18.6463,52.1644,3.64203,45.6955,0.715638,-0.659346,-0.75184,0.830797,0.556576,33565.7,35855.7,37649.7,40067.7,43982.7,44077.3,19847.3,0,32938.7,36444.6,1949.82,40794.9,3489,38274.4,6004.16,972.502,935.152,18.813,19.7522,-45.836,-45.836,-144.639,-36.1597
858.134,18.4831,53.1545,4.25468,43.0143,0.68218,-0.707107,-0.707107,0.830797,0.556576,30805.3,33565.7,35855.7,38707.3,43731.3,43565.7,23020.3,0,30353.7,34469.1,2563.1,39731.5,4326.48,38598.8,5345.45,929.292,949.812,18.6302,19.8617,-53.1407,-53.1407,-172.839,-43.2098
801.882,18.5555,52.4833,4.68513,40.2075,0.645558,-0.75184,-0.659346,0.830797,0.556576,27993.7,30805.3,33565.7,37649.7,42780.3,44166.3,25747.7,0,27694.7,32055.1,2948.87,38383.8,5171.51,38692.4,5135.17,882.1,959.198,18.5923,19.9524,-56.252,-56.252,-188.768,-47.192
736.101,18.2553,53.9647,4.64448,37.2956,0.605928,-0.793353,-0.608761,0.830797,0.556576,25504.3,27993.7,30805.3,35855.7,41096.3,44369.7,28815.7,0,24984.3,29467.2,3019.26,36811.7,5925.4,38554.4,5434.45,826.848,963.155,18.4851,20.0102,-65.7807,-65.7807,-221.009,-55.2523
672.085,17.7358,55.2669,4.83419,34.2955,0.563462,-0.83147,-0.55557,0.830797,0.556576,22733.7,25504.3,27993.7,33565.7,40067.7,43982.7,31574,0,22290,26759.2,2986.42,35040.9,6648.72,38186.1,6147.87,767.05,961.581,18.2574,20.0175,-64.0167,-64.0167,-239.19,-59.7975
596.566,17.2279,57.0599,4.49426,31.2212,0.518344,-0.866025,-0.5,0.830797,0.556576,19109,22733.7,25504.3,30805.3,38707.3,43731.3,33910,0,18830.3,23835.2,3302.62,32989.1,7406.34,37569.4,7198.48,701.659,954.249,17.9436,19.9788,-75.5187,-75.5187,-261.568,-65.392
337.049,16.8608,58.0485,3.80555,28.0843,0.470771,-0.896873,-0.442289,0.830797,0.556576,15849.3,19109,22733.7,27993.7,37649.7,42780.3,36012.3,0,15696.7,20799.1,3648.23,30744.8,8143.03,36729.2,8406.42,585.45,933.688,17.52,19.8969,-259.517,-259.517,-464.833,-116.208
446.506,16.5391,59.4335,3.41717,24.8946,0.420951,-0.92388,-0.382683,0.830797,0.556576,13236,15849.3,19109,25504.3,35855.7,41096.3,37898.7,0,12982,17732,3559.19,28423.1,8805.44,35701.6,9620.41,513.051,915.55,17.0909,19.7868,109.457,109.457,-289.595,-72.3988
374.935,15.9801,60.3449,3.27633,21.6604,0.369104,-0.94693,-0.321439,0.830797,0.556576,10687.7,13236,15849.3,22733.7,33565.7,40067.7,40200.7,0,10489.7,14720.5,3122.53,25974.8,9298.06,34471.9,10782.7,438.764,892.56,16.652,19.6272,-71.5707,-71.5707,-297.149,-74.2873
285.819,15.6259,62.1399,3.32282,18.3889,0.315466,-0.965926,-0.258819,0.830797,0.556576,7955.67,10687.7,13236,19109,30805.3,38707.3,41800.7,0,7845.33,11932.2,2932.81,23412.1,9666.14,33061.7,11888.5,361.077,864.074,16.2515,19.4248,-89.1167,-89.1167,-310.747,-77.6868
125.205,15.3671,63.535,2.4411,15.0871,0.260287,-0.980785,-0.19509,0.830797,0.556576,5476.67,7955.67,10687.7,15849.3,27993.7,37649.7,42665.7,0,5523,9339,2908.47,20731.1,9806.15,31512.2,12915.1,308.116,826.952,15.878,19.2027,-160.614,-160.614,-211.844,-52.9611
0,12.328,55.1983,2.86139,-11.5399,-0.200051,1,6.12323e-17,0.840248,0.542202,0,0,0,0,0,0,0,528.667,0,0,0,0,0,0,0,0,0,12.243,12.8489,0,0,0,0
0,12.3266,55.4984,2.88447,-8.0842,-0.140628,0.997859,-0.0654031,0.840248,0.542202,0,0,0,0,0,0,0,24,0,0,0,0,0,0,0,0,0,12.2621,12.7854,0,0,0,0
0,12.2313,56.8849,2.42579,-4.63707,-0.0808438,0.991445,-0.130526,0.840248,0.542202,0,0,0,0,0,0,0,0,0,0,0,0,0,0,0,0,0,12.279,12.7235,0,0,0,0
0,12.1239,60.3009,2.51419,-1.20064,-0.0209536,0.980785,-0.19509,0.840248,0.542202,307,0,0,0,0,0,0,0,130.667,76.75,132.935,25.5833,84.8503,12.7917,61.3467,0,0,12.2525,12.6591,0,0,0,0
12.3794,12.0758,65.2669,2.54712,2.48996,0.0434443,0.965926,-0.258819,0.840248,0.542202,1217,307,0,0,0,0,0,0,1563.67,381,498.672,127,339.336,63.5,248.207,3.09485,0.515808,12.1894,12.5955,12.3794,12.3794,12.3794,3.09485
38.9055,12.0918,66.5961,2.5966,5.77746,0.100665,0.94693,-0.321439,0.840248,0.542202,2834.33,1217,307,0,0,0,0,0,3014.33,1089.58,1102.27,363.194,817.815,181.597,606.126,12.8212,2.13687,12.1307,12.5369,26.5261,26.5261,38.9055,9.72638
82.6871,12.3834,64.8401,2.44459,9.11928,0.15849,0.92388,-0.382683,0.840248,0.542202,4819.33,2834.33,1217,0,0,0,0,0,5011,2294.42,1715.91,764.806,1466.73,382.403,1105.39,33.493,5.58217,12.1687,12.4964,43.7815,43.7815,82.6871,20.6718
138.619,13.0177,62.8541,2.54145,12.4628,0.215805,0.896873,-0.442289,0.840248,0.542202,7462.67,4819.33,2834.33,307,0,0,0,0,7719.33,4083.33,2331.17,1386.69,2335.44,693.347,1791.05,68.1477,11.3579,12.3922,12.4886,55.9316,55.9316,138.619,34.6547
204.135,13.9787,60.664,1.9039,15.7911,0.272132,0.866025,-0.5,0.840248,0.542202,10452,7462.67,4819.33,1217,0,0,0,0,10759.3,6392.08,2861.83,2257.69,3373.97,1128.85,2639.34,116.086,19.8636,12.8679,12.5229,65.516,65.516,191.755,47.9388
276.798,15.1133,57.6621,2.12329,19.0956,0.327145,0.83147,-0.55557,0.840248,0.542202,13437.3,10452,7462.67,2834.33,0,0,0,0,13755.3,9042.83,3226.15,3377.47,4485.57,1688.74,3593.33,175.56,31.3968,13.6233,12.6067,72.6633,72.6633,237.892,59.4731
350.685,15.8591,55.4605,2.40235,22.369,0.38057,0.793353,-0.608761,0.840248,0.542202,16704,13437.3,10452,4819.33,0,0,0,0,16958,12014,3434.26,4769.47,5659.66,2384.74,4658.63,242.559,46.0087,14.4922,12.7275,73.8867,73.8867,267.998,66.9994
429.775,16.3294,52.0865,2.57399,25.6048,0.432161,0.75184,-0.659346,0.840248,0.542202,19876,16704,13437.3,7462.67,307,0,0,0,19847.3,15117.3,3526.69,6425.81,6812.49,3212.9,5790.31,315.348,63.916,15.3201,12.8729,79.0907,79.0907,291.157,72.7892
506.765,16.3831,50.8896,3.419,28.7955,0.481685,0.707107,-0.707107,0.840248,0.542202,23237.7,19876,16704,10452,1217,0,0,0,23020.3,18313.8,3641.99,8362.28,7922.9,4181.14,6990.57,391.006,85.0312,15.9212,13.0239,76.9893,76.9893,302.63,75.6575
582.81,16.2815,49.4264,3.55901,31.9328,0.528924,0.659346,-0.75184,0.840248,0.542202,26132,23237.7,19876,13437.3,2834.33,0,0,0,25747.7,21487.4,3539.54,10539.9,8860.95,5269.97,8187.23,467.509,109.315,16.2133,13.175,76.0453,76.0453,306.012,76.503
653.92,16.0789,49.0106,4.57734,35.0066,0.57367,0.608761,-0.793353,0.840248,0.542202,29387.7,26132,23237.7,16704,4819.33,0,0,0,28815.7,24658.3,3515.23,12988.9,9636.62,6494.46,9413.3,543.318,136.562,16.2682,13.3201,71.11,71.11,303.235,75.8088
721.068,16.1185,47.8228,4.74921,38.005,0.61573,0.55557,-0.83147,0.840248,0.542202,32407.7,29387.7,26132,19876,7462.67,307,0,0,31574,27791.2,3440.5,15664,10184.8,7844.78,10630.5,616.141,166.606,16.2155,13.471,67.148,67.148,291.293,72.8232
789.739,16.4616,46.6548,4.17253,40.9137,0.654921,0.5,-0.866025,0.840248,0.542202,35210.7,32407.7,29387.7,23237.7,10452,1217,0,0,33910,30784.5,3384.62,18496.8,10495.3,9311.89,11810.8,686.884,199.512,16.2351,13.6402,68.6713,68.6713,282.975,70.7437
852.048,16.9068,45.3027,4.39177,43.7152,0.691074,0.442289,-0.896873,0.840248,0.542202,37528.3,35210.7,32407.7,26132,13437.3,2834.33,0,0,36012.3,33633.6,3049.06,21387.9,10560.9,10875.6,12907.8,754.194,235.014,16.3915,13.8274,62.3087,62.3087,269.238,67.3095
911.873,16.5861,46.0361,4.42819,46.3885,0.724034,0.382683,-0.92388,0.840248,0.542202,39431.7,37528.3,35210.7,29387.7,16704,4819.33,0,0,37898.7,36144.6,2624.71,24272.3,10366.7,12518.6,13891,818.682,273.009,16.5182,14.0013,59.8247,59.8247,257.953,64.4882
961.124,16.5651,46.7265,4.51721,48.9082,0.753658,0.321439,-0.94693,0.840248,0.542202,41946,39431.7,37528.3,32407.7,19876,7462.67,0,0,40200.7,38529.2,2475.04,27145.9,10084.3,14266.3,14814.1,878.696,313.055,16.6299,14.1752,49.2513,49.2513,240.056,60.014
1006.47,16.835,45.6705,4.5328,51.2439,0.779818,0.258819,-0.965926,0.840248,0.542202,43302.7,41946,39431.7,35210.7,23237.7,10452,0,0,41800.7,40552.2,2230.87,29883.5,9629.6,16070.6,15583.7,932.878,354.991,16.7232,14.3633,45.342,45.342,216.727,54.1817
1044.59,16.8969,44.677,4.83723,53.3602,0.802403,0.19509,-0.980785,0.840248,0.542202,44634,43302.7,41946,37528.3,26132,13437.3,0,0,42665.7,42328.6,1923.69,32483.2,9031.2,17930.3,16205.8,981.014,398.516,16.7208,14.5569,38.1273,38.1273,192.545,48.1363
1081.19,16.8096,44.4478,5.21458,55.2167,0.821316,0.130526,-0.991445,0.840248,0.542202,45596.7,44634,43302.7,39431.7,29387.7,16704,0,0,43325.3,43869.8,1377.38,34890.9,8327.5,19830.2,16658.8,1023.34,443.566,16.7766,14.7505,36.5933,36.5933,169.314,42.3285
1109.19,16.9432,43.7835,4.42707,56.7696,0.836474,0.0654031,-0.997859,0.840248,0.542202,46228.3,45596.7,44634,41946,32407.7,19876,0,0,44077.3,44940.4,1102.89,37086.9,7513.24,21756.4,16925,1060.36,489.782,16.8712,14.9469,28.0067,28.0067,148.069,37.0173
1132.25,17.0539,44.2469,4.29091,57.9746,0.847813,1.22465e-16,-1,0.840248,0.542202,45827.7,46228.3,45596.7,43302.7,35210.7,23237.7,0,0,43565.7,45571.7,586.641,38969.4,6579.37,23665.9,16947.9,1091.81,536.959,16.9259,15.1438,23.0533,23.0533,125.781,31.4452
1146.19,17.3665,44.8197,4.19485,58.7912,0.855285,-0.0654031,-0.997859,0.840248,0.542202,45785.7,45827.7,46228.3,44634,37528.3,26132,0,0,44166.3,45859.6,229.99,40607.2,5544.73,25573.6,16752.3,1117.2,584.717,17.0433,15.3538,13.9467,13.9467,101.6,25.4
1154.61,17.3665,45.37,4.22869,59.1885,0.858857,-0.130526,-0.991445,0.840248,0.542202,46287,45785.7,45827.7,45596.7,39431.7,29387.7,0,0,44369.7,46032.2,226.937,42015.5,4578.12,27502.2,16356.9,1135.56,632.826,17.1825,15.5678,8.42,8.42,73.4267,18.3567
1156.69,17.3156,44.8735,3.85577,59.1501,0.858513,-0.19509,-0.980785,0.840248,0.542202,45941.3,46287,45785.7,46228.3,41946,32407.7,307,0,43982.7,45960.4,196.965,43143.3,3644.04,29403.7,15725.2,1147.44,681.021,17.2756,15.7841,2.08,2.08,47.5,11.875
1152.53,17.3373,46.1943,4.25627,58.6777,0.854256,-0.258819,-0.965926,0.840248,0.542202,45247.7,45941.3,46287,45827.7,43302.7,35210.7,1217,0,43731.3,45815.4,374.656,43979.8,2775.7,31238.3,14875.3,1152.51,728.528,17.3465,16.0033,-4.16,-4.16,20.2867,5.07167
1143.25,17.5179,45.2764,3.93993,57.7904,0.846104,-0.321439,-0.94693,0.840248,0.542202,44818,45247.7,45941.3,45785.7,44634,37528.3,2834.33,0,42780.3,45573.5,574.745,44587.2,1981.32,32987.6,13866.5,1151.77,774.542,17.3843,16.2294,-9.28,-9.28,-2.94,-0.735
1125.99,17.6485,46.2725,4.08645,56.5214,0.834092,-0.382683,-0.92388,0.840248,0.542202,42548.7,44818,45247.7,46287,45596.7,39431.7,4819.33,0,41096.3,44638.9,1271.62,44847,1410.49,34559.6,12671.2,1144.62,818.013,17.4548,16.4488,-17.26,-17.26,-28.62,-7.155
1099.02,17.7529,45.3316,4.38281,54.9121,0.818271,-0.442289,-0.896873,0.840248,0.542202,41125.3,42548.7,44818,45941.3,46228.3,41946,7462.67,0,40067.7,43434.9,1682.16,44778.6,1561.32,35962.2,11392.7,1130.2,858.03,17.5641,16.6461,-26.9733,-26.9733,-57.6733,-14.4183
1065.54,18.1125,44.9333,4.36759,53.007,0.798709,-0.5,-0.866025,0.840248,0.542202,40176.3,41125.3,42548.7,45247.7,45827.7,43302.7,10452,0,38707.3,42167.1,1747.95,44518.1,1988.31,37200.8,10093.8,1108.45,893.922,17.7579,16.8183,-33.48,-33.48,-86.9933,-21.7483
1031.53,17.9191,45.1623,3.91764,50.8496,0.775491,-0.55557,-0.83147,0.840248,0.542202,38579,40176.3,41125.3,44818,45785.7,44634,13437.3,0,37649.7,40607.3,1443.69,44013.5,2576.24,38248.3,8794.13,1080.52,925.369,17.8582,16.9352,-34.0067,-34.0067,-111.72,-27.93
992.676,17.7774,45.5236,3.40471,48.4793,0.748716,-0.608761,-0.793353,0.840248,0.542202,37009.3,38579,40176.3,42548.7,46287,45596.7,16704,0,35855.7,39222.5,1568.66,43297.9,3162.94,39094.4,7572.64,1047.19,952.119,17.8905,17.0152,-38.8573,-38.8573,-133.317,-33.3293
945.265,17.4892,46.8343,3.6903,45.9308,0.7185,-0.659346,-0.75184,0.840248,0.542202,34668.3,37009.3,38579,41125.3,45941.3,46228.3,19876,0,33565.7,37608.2,2033.42,42334.5,3816.58,39710.7,6510.9,1008.75,973.598,17.8246,17.0635,-47.4107,-47.4107,-153.755,-38.4387
892.529,17.6203,47.261,3.87443,43.2335,0.684973,-0.707107,-0.707107,0.840248,0.542202,31932,34668.3,37009.3,40176.3,45247.7,45827.7,23237.7,0,30805.3,35547.2,2508.57,41176.6,4607.2,40073,5785.76,965.501,989.671,17.7015,17.115,-52.7367,-52.7367,-173.011,-43.2528
836.163,17.4883,47.5489,3.60436,40.4119,0.648278,-0.75184,-0.659346,0.840248,0.542202,29129.3,31932,34668.3,38579,44818,45785.7,26132,0,27993.7,33184.8,2951.45,39788.5,5442.79,40197.9,5509.23,916.658,1000.23,17.5938,17.1653,-56.3653,-56.3653,-195.37,-48.8425
770.794,17.389,48.8331,3.4614,37.4866,0.608576,-0.793353,-0.608761,0.840248,0.542202,26652.7,29129.3,31932,37009.3,42548.7,46287,29387.7,0,25504.3,30595.6,3002.91,38152.3,6148.73,40083.9,5754.49,861.188,1005.1,17.4967,17.2199,-65.3693,-65.3693,-221.882,-55.4705
706.331,16.9458,51.1204,3.09775,34.4743,0.566036,-0.83147,-0.55557,0.840248,0.542202,24023.3,26652.7,29129.3,34668.3,41125.3,45941.3,32407.7,0,22733.7,27934.3,2930.36,36325.8,6786.07,39734.6,6425.3,801.454,1004.48,17.3608,17.2544,-64.4633,-64.4633,-238.935,-59.7337
639.974,16.5296,52.356,3.385,31.3889,0.520844,-0.866025,-0.5,0.840248,0.542202,19992,24023.3,26652.7,31932,40176.3,45247.7,35210.7,0,19109,24949.3,3384.02,34221.2,7564.45,39100.5,7501.34,738.315,998.243,17.0882,17.2572,-66.3567,-66.3567,-252.555,-63.1387
564.835,16.1633,53.4549,3.22907,28.242,0.473196,-0.896873,-0.442289,0.840248,0.542202,16666,19992,24023.3,29129.3,38579,44818,37528.3,0,15849.3,21833.5,3811.62,31875.2,8248.73,38231.2,8739.71,670.483,986.276,16.7569,17.2262,-75.1393,-75.1393,-271.329,-67.8322
489.253,15.8067,55.394,3.02554,25.0432,0.423301,-0.92388,-0.382683,0.840248,0.542202,13684.3,16666,19992,26652.7,37009.3,42548.7,39431.7,0,13236,18591.4,3848.83,29469.8,8963.14,37158.4,10013.9,600.098,968.667,16.3613,17.1937,-75.5813,-75.5813,-281.541,-70.3852
381.801,15.4341,57.6001,2.56633,21.8008,0.37138,-0.94693,-0.321439,0.840248,0.542202,11115.3,13684.3,16666,24023.3,34668.3,41125.3,41946,0,10687.7,15364.4,3316.1,26969,9530.83,35873.8,11222,518.966,944.528,15.9834,17.1466,-107.453,-107.453,-324.53,-81.1325
324.178,14.8364,58.2979,2.33143,18.5219,0.317668,-0.965926,-0.258819,0.840248,0.542202,8470.33,11115.3,13684.3,19992,31932,40176.3,43302.7,0,7955.67,12484,3037.79,24326.8,9891.22,34422.4,12361.9,440.017,916.1,15.5601,17.0634,-57.6227,-57.6227,-315.796,-78.949
98.3299,14.6497,61.2969,2.2729,15.2134,0.262415,-0.980785,-0.19509,0.840248,0.542202,5959.67,8470.33,11115.3,16666,29129.3,38579,44634,0,5476.67,9807.42,2886.78,21608.6,10081.3,32811,13402.6,323.39,876.672,15.1817,16.9697,-225.848,-225.848,-466.505,-116.626
0,13.3377,80.9964,3.24597,-11.3636,-0.197034,1,6.12323e-17,0.84945,0.527668,0,0,0,0,0,0,0,624.333,0,0,0,0,0,0,0,0,0,13.3222,13.5639,0,0,0,0
0,13.4101,79.9238,2.84251,-7.90596,-0.137548,0.997859,-0.0654031,0.84945,0.527668,0,0,0,0,0,0,0,69.6667,0,0,0,0,0,0,0,0,0,13.3605,13.5485,0,0,0,0
0,13.4347,80.0513,2.96266,-4.4565,-0.0777021,0.991445,-0.130526,0.84945,0.527668,0,0,0,0,0,0,0,0,0,0,0,0,0,0,0,0,0,13.3893,13.5343,0,0,0,0
0,13.4826,79.8709,2.28245,-1.01728,-0.0177539,0.980785,-0.19509,0.84945,0.527668,18,0,0,0,0,0,0,0,307,4.5,7.79423,1.5,4.97494,0.75,3.59687,0,0,13.4163,13.5175,0,0,0,0
4.43258,13.5356,79.5663,2.70309,2.66583,0.0465107,0.965926,-0.258819,0.84945,0.527668,223.667,18,0,0,0,0,0,0,1217,60.4167,94.5385,20.1389,61.5656,10.0694,44.6828,1.10814,0.184691,13.4657,13.5012,4.43258,4.43258,4.43258,1.10814
12.2009,13.5752,78.9365,2.4871,5.96403,0.103904,0.94693,-0.321439,0.84945,0.527668,551.333,223.667,18,0,0,0,0,0,2834.33,198.25,221.984,66.0833,158.618,33.0417,116.925,4.15837,0.693062,13.507,13.4849,7.76833,7.76833,12.2009,3.05023
23.2671,13.5997,78.8162,3.00372,9.31202,0.161811,0.92388,-0.382683,0.84945,0.527668,1317.33,551.333,223.667,0,0,0,0,0,4819.33,527.583,494.042,175.861,378.435,87.9306,281.671,9.97514,1.66252,13.5483,13.4702,11.0662,11.0662,23.2671,5.81677
38.7884,13.6983,78.8976,2.43441,12.661,0.219183,0.896873,-0.442289,0.84945,0.527668,2133.67,1317.33,551.333,18,0,0,0,0,7462.67,1056.5,737.755,353.667,654.552,176.833,495.469,19.6722,3.27871,13.6022,13.4645,15.5213,15.5213,38.7884,9.6971
36.542,13.8662,77.487,2.22573,15.9951,0.275556,0.866025,-0.5,0.84945,0.527668,3597.33,2133.67,1317.33,223.667,0,0,0,0,10452,1899.92,1128.49,653.444,1097.69,326.722,842.147,27.6996,4.80129,13.6848,13.4701,-2.24639,-2.24639,32.1094,8.02736
81.2714,13.9834,77.3339,2.47515,19.3057,0.330608,0.83147,-0.55557,0.84945,0.527668,8137.33,3597.33,2133.67,551.333,0,0,0,0,13437.3,3796.42,2635.99,1331.56,2318.81,665.778,1769.66,44.9672,8.1876,13.7869,13.4844,44.7294,44.7294,69.0705,17.2676
176.282,14.1565,76.8115,2.93893,22.5858,0.384067,0.793353,-0.608761,0.84945,0.527668,11689.7,8137.33,3597.33,1317.33,0,0,0,0,16704,6389.5,3776.74,2305.69,3636.08,1152.85,2817.73,83.221,15.5327,13.9261,13.5066,95.0106,95.0106,153.015,38.2537
279.697,14.6453,74.6762,2.88429,25.829,0.435686,0.75184,-0.659346,0.84945,0.527668,18395.3,11689.7,8137.33,2133.67,18,0,0,0,19876,10454.9,5407.69,3838.64,5656.96,1919.32,4436.71,143.448,27.1867,14.1629,13.5481,103.415,103.415,240.908,60.2271
433.095,15.4461,71.2491,2.68533,29.0278,0.485234,0.707107,-0.707107,0.84945,0.527668,21570.7,18395.3,11689.7,3597.33,223.667,0,0,0,23237.7,14948.2,5309.09,5636.19,7331.04,2818.1,5900.32,242.586,45.2323,14.5578,13.6251,153.398,153.398,396.553,99.1382
594.171,16.5225,66.7293,3.29375,32.1739,0.53249,0.659346,-0.75184,0.84945,0.527668,26930,21570.7,18395.3,8137.33,551.333,0,0,0,26132,19646.4,5514.26,7880.36,9156.75,3940.18,7579.45,370.811,69.9895,15.1926,13.7538,161.077,161.077,512.9,128.225
675.273,17.7455,62.4913,2.66449,35.2573,0.57725,0.608761,-0.793353,0.84945,0.527668,29842.7,26930,21570.7,11689.7,1317.33,0,0,0,29387.7,24184.7,4469.32,10367.2,10615.2,5183.62,9122,495.559,98.1258,16.0899,13.934,81.1013,81.1013,498.991,124.748
736.568,18.7791,58.2792,2.35654,38.2663,0.619318,0.55557,-0.83147,0.84945,0.527668,32370.7,29842.7,26930,18395.3,2133.67,18,0,0,32407.7,27678.5,4017.65,13063.3,11697.6,6532.4,10538.9,609.777,128.816,17.1233,14.1575,61.2953,61.2953,456.871,114.218
796.373,19.6332,56.4498,2.1766,41.1865,0.658512,0.5,-0.866025,0.84945,0.527668,34702.3,32370.7,29842.7,21570.7,3597.33,223.667,0,0,35210.7,30961.4,2893.28,15936.5,12404.1,7978.33,11843.4,700.596,161.998,18.1701,14.4242,59.8047,59.8047,363.278,90.8195
852.135,20.1627,55.1103,2.50156,44.0004,0.694664,0.442289,-0.896873,0.84945,0.527668,37529,34702.3,32370.7,26930,8137.33,551.333,0,0,37528.3,33611.2,2840.8,19018,12786.4,9542.04,13097.8,765.087,197.504,19.0801,14.7115,55.762,55.762,257.963,64.4908
919.556,20.0087,55.0247,2.63437,46.687,0.727617,0.382683,-0.92388,0.84945,0.527668,39019.3,37529,34702.3,29842.7,11689.7,1317.33,0,0,39431.7,35905.3,2562.93,22159.8,12682.7,11167.8,14188.7,826.158,235.819,19.6459,14.986,67.4213,67.4213,244.283,61.0708
961.295,19.4287,57.133,2.59567,49.2205,0.757229,0.321439,-0.94693,0.84945,0.527668,41097.3,39019.3,37529,32370.7,18395.3,2133.67,0,0,41946,38087,2329.09,25406.8,12115,12880.2,15182.7,882.339,275.873,19.8083,15.2389,41.7387,41.7387,224.727,56.1817
1003.73,19.7704,55.5072,1.93145,51.5705,0.783374,0.258819,-0.965926,0.84945,0.527668,42314.3,41097.3,39019.3,34702.3,21570.7,3597.33,0,0,43302.7,39990,1845.77,28633.2,10979.4,14643.3,16018.5,934.178,317.695,19.8426,15.5072,42.4307,42.4307,207.353,51.8382
1044.89,21.4186,50.6713,1.91018,53.7009,0.805937,0.19509,-0.980785,0.84945,0.527668,43499.7,42314.3,41097.3,37529,26930,8137.33,0,0,44634,41482.7,1656.54,31580.1,9760.81,16455.8,16705.3,982.366,361.232,20.1566,15.8473,41.1613,41.1613,192.752,48.188
1078.85,21.2453,51.6794,2.33785,55.5707,0.824824,0.130526,-0.991445,0.84945,0.527668,44937.3,43499.7,42314.3,39019.3,29842.7,11689.7,0,0,45596.7,42962.2,1421.93,34350.7,8336.42,18328.2,17265,1022.19,406.184,20.4657,16.1775,33.9667,33.9667,159.297,39.8243
1107.08,20.4354,54.2676,2.46042,57.1351,0.839952,0.0654031,-0.997859,0.84945,0.527668,45344.7,44937.3,43499.7,41097.3,32370.7,18395.3,0,0,46228.3,44024,1201.69,36596.5,7301.38,20217.6,17633.1,1058.64,452.312,20.7174,16.4717,28.2267,28.2267,145.785,36.4463
1123.63,19.7021,56.0919,3.87605,58.3486,0.851257,1.22465e-16,-1,0.84945,0.527668,45165.3,45344.7,44937.3,42314.3,34702.3,21570.7,0,0,45827.7,44736.8,728.672,38562.7,6062.03,22099.5,17784.4,1088.61,499.13,20.7004,16.7369,16.5533,16.5533,119.908,29.977
1136.5,19.6324,58.0987,4.67899,59.1698,0.85869,-0.0654031,-0.997859,0.84945,0.527668,45450,45165.3,45344.7,43499.7,37529,26930,0,0,45785.7,45224.3,194.459,40106.1,5200.24,23993.2,17750.2,1111.52,546.484,20.2538,16.9962,12.8667,12.8667,91.6133,22.9033
1148.13,19.7488,57.5639,4.62618,59.5666,0.862218,-0.130526,-0.991445,0.84945,0.527668,45396,45450,45165.3,44937.3,39019.3,29842.7,0,0,46287,45339,106.961,41402.2,4349.3,25884.7,17509.7,1128.84,594.323,19.8797,17.2593,11.6333,11.6333,69.28,17.32
1149.39,19.462,58.6752,3.72678,59.5225,0.861828,-0.19509,-0.980785,0.84945,0.527668,44852.3,45396,45450,45344.7,41097.3,32370.7,18,0,45941.3,45215.9,235.573,42442.3,3468.31,27752.8,17035.6,1139.41,642.214,19.6363,17.5084,1.25333,1.25333,42.3067,10.5767
1145.22,19.6931,58.6724,3.92941,59.0393,0.857521,-0.258819,-0.965926,0.84945,0.527668,44251.7,44852.3,45396,45165.3,42314.3,34702.3,223.667,0,45247.7,44987.5,484.896,43238.1,2583.89,29587.3,16328.3,1144.81,689.747,19.6341,17.765,-4.16667,-4.16667,21.5867,5.39667
1133.89,20.1523,56.5049,4.70559,58.1372,0.849315,-0.321439,-0.94693,0.84945,0.527668,44141,44251.7,44852.3,45450,43499.7,37529,551.333,0,44818,44660.2,503.682,43789.1,1929.94,31403.5,15395.1,1144.16,736.484,19.764,18.039,-11.3267,-11.3267,-2.60667,-0.651667
1121.12,19.9709,57.7305,4.51383,56.8503,0.837245,-0.382683,-0.92388,0.84945,0.527668,42332.3,44141,44251.7,45396,44937.3,39019.3,1317.33,0,42548.7,43894.3,941.56,44065.2,1389.04,33112.5,14189.8,1137.41,782.228,19.8196,18.3045,-12.7733,-12.7733,-27.0133,-6.75333
1094.08,19.7212,59.2207,4.83555,55.2215,0.821364,-0.442289,-0.896873,0.84945,0.527668,40742,42332.3,44141,44852.3,45344.7,41097.3,2133.67,0,41125.3,42866.8,1444.12,44035.6,1454.25,34721.2,12696.5,1123.58,826.199,19.8844,18.5554,-27.04,-27.04,-55.3067,-13.8267
1064.55,19.6443,59.3055,3.72904,53.2965,0.801739,-0.5,-0.866025,0.84945,0.527668,39810.7,40742,42332.3,44251.7,45165.3,42314.3,3597.33,0,40176.3,41756.5,1645.67,43826.9,1819.86,36230.1,10938.1,1103.41,869.032,19.8722,18.7962,-29.5333,-29.5333,-80.6733,-20.1683
1034.21,19.4106,60.1245,3.3823,51.1194,0.778456,-0.55557,-0.83147,0.84945,0.527668,38055.3,39810.7,40742,44141,45450,43499.7,8137.33,0,38579,40235.1,1548.13,43373.2,2423.44,37476.7,9238.11,1078.49,908.738,19.6868,19.0223,-30.3333,-30.3333,-99.68,-24.92
994.524,19.6811,59.2141,3.72111,48.7303,0.751613,-0.608761,-0.793353,0.84945,0.527668,36458.7,38055.3,39810.7,42332.3,45396,44937.3,11689.7,0,37009.3,38766.7,1645.05,42666.7,3025.6,38508.7,7524.21,1046.84,942.832,19.6143,19.2525,-39.6893,-39.6893,-126.596,-31.649
950.493,19.3961,60.6793,3.88166,46.1642,0.721328,-0.659346,-0.75184,0.84945,0.527668,34302.7,36458.7,38055.3,40742,44852.3,45344.7,18395.3,0,34668.3,37156.8,2030.01,41746.5,3679.62,39171.5,6328.94,1010.94,970.781,19.533,19.4505,-44.0307,-44.0307,-143.587,-35.8967
898.348,19.2979,61.1706,3.89332,43.4507,0.68773,-0.707107,-0.707107,0.84945,0.527668,31639.3,34302.7,36458.7,39810.7,44251.7,45165.3,21570.7,0,31932,35114,2407.86,40619.3,4450.61,39591,5416.22,969.395,990.167,19.4464,19.611,-52.1453,-52.1453,-166.199,-41.5497
841.439,19.2203,61.7039,4.08195,40.6143,0.650963,-0.75184,-0.659346,0.84945,0.527668,29036.7,31639.3,34302.7,38055.3,44141,45450,26930,0,29129.3,32859.3,2790.14,39251.6,5212.71,39678.8,5223.98,921.201,1000.47,19.3988,19.7234,-56.9087,-56.9087,-192.774,-48.1935
781.169,18.8447,63.7782,3.78409,37.6754,0.611187,-0.793353,-0.608761,0.84945,0.527668,26507.7,29036.7,31639.3,36458.7,42332.3,45396,29842.7,0,26652.7,30371.6,2905.7,37677.5,5923.05,39539.8,5519.76,867.862,1004.88,19.1898,19.7692,-60.2707,-60.2707,-213.355,-53.3388
713.176,18.7381,64.2035,3.70993,34.6508,0.568574,-0.83147,-0.55557,0.84945,0.527668,23722.7,26507.7,29036.7,34302.7,40742,44852.3,32370.7,0,24023.3,27726.6,2938.67,35916.7,6627.25,39179.5,6214.55,808.533,1003.91,19.0252,19.7675,-67.9927,-67.9927,-237.317,-59.3293
642.568,18.3391,65.589,3.587,31.5544,0.523308,-0.866025,-0.5,0.84945,0.527668,19847.7,23722.7,26507.7,31639.3,39810.7,44251.7,34702.3,0,19992,24778.7,3411.37,33883.1,7450.72,38560.6,7278.32,744.588,997.499,18.7855,19.7135,-70.608,-70.608,-255.78,-63.945
570.735,18.2761,65.1616,3.11451,28.3975,0.475585,-0.896873,-0.442289,0.84945,0.527668,16612.7,19847.7,23722.7,29036.7,38055.3,44141,37529,0,16666,21672.7,3758.79,31589,8144.78,37689.1,8499.49,676.912,985.774,18.5495,19.6349,-71.8327,-71.8327,-270.704,-67.676
495.179,17.8047,67.6806,3.30618,25.1897,0.425616,-0.92388,-0.382683,0.84945,0.527668,13713.3,16612.7,19847.7,26507.7,36458.7,42332.3,39019.3,0,13684.3,18474.1,3727.06,29204.1,8812.48,36634.6,9747.17,605.415,968.092,18.2895,19.5431,-75.556,-75.556,-285.989,-71.4973
416.37,17.3089,69.1219,3.36097,21.9392,0.373622,-0.94693,-0.321439,0.84945,0.527668,11063.3,13713.3,16612.7,23722.7,34302.7,40742,41097.3,0,11115.3,15309.2,3273.79,26730.9,9374.08,35383.2,10947.9,531.213,945.386,17.9322,19.4548,-78.8093,-78.8093,-296.806,-74.2015
336.819,16.8619,71.4265,2.76773,18.653,0.319836,-0.965926,-0.258819,0.84945,0.527668,8374,11063.3,13713.3,19847.7,31639.3,39810.7,42314.3,0,8470.33,12440.8,3060.23,24111.2,9738.32,33969,12093.4,454.776,917.599,17.5629,19.3336,-79.5507,-79.5507,-305.749,-76.4372
97.847,16.6091,72.6093,1.65913,15.3379,0.264511,-0.980785,-0.19509,0.84945,0.527668,5877.33,8374,11063.3,16612.7,29036.7,38055.3,43499.7,0,5959.67,9757,2929.32,21429.7,9957.27,32401.4,13148.8,336.554,878.139,17.1462,19.1332,-238.972,-238.972,-472.888,-118.222
0,14.5341,81.3948,1.72955,-11.1839,-0.193959,1,6.12323e-17,0.858402,0.512978,0,0,0,0,0,0,0,652,0,0,0,0,0,0,0,0,0,14.5179,14.8218,0,0,0,0
0,14.4005,82.1704,1.58148,-7.72454,-0.134411,0.997859,-0.0654031,0.858402,0.512978,0,0,0,0,0,0,0,66.3333,0,0,0,0,0,0,0,0,0,14.5162,14.7705,0,0,0,0
0,14.2811,82.5867,1.81988,-4.27286,-0.0745063,0.991445,-0.130526,0.858402,0.512978,0,0,0,0,0,0,0,0,0,0,0,0,0,0,0,0,0,14.445,14.7206,0,0,0,0
0,14.305,82.5718,1.77555,-0.215484,-0.00376089,0.980785,-0.19509,0.858402,0.512978,359.333,0,0,0,0,0,0,0,18,89.8333,155.596,29.9444,99.3145,14.9722,71.8043,0,0,14.3802,14.677,0,0,0,0
16.2498,14.3916,82.3503,1.7418,2.84512,0.0496363,0.965926,-0.258819,0.858402,0.512978,1450.33,359.333,0,0,0,0,0,0,223.667,452.417,594.53,150.806,404.112,75.4028,295.532,4.06245,0.677074,14.3446,14.6404,16.2498,16.2498,16.2498,4.06245
41.5637,14.688,81.5851,1.65075,6.15347,0.107192,0.94693,-0.321439,0.858402,0.512978,3371.67,1450.33,359.333,0,0,0,0,0,551.333,1295.33,1312.36,431.778,973.12,215.889,721.172,14.4534,2.40889,14.4164,14.6226,25.3139,25.3139,41.5637,10.3909
111.855,15.7044,77.3631,1.38445,9.50746,0.165176,0.92388,-0.382683,0.858402,0.512978,5552.67,3371.67,1450.33,0,0,0,0,0,1317.33,2683.5,1976.62,894.5,1703.7,447.25,1285.04,42.417,7.06951,14.7723,14.6579,70.2911,70.2911,111.855,27.9637
177.823,17.1695,71.1693,1.44193,12.8619,0.222602,0.896873,-0.442289,0.858402,0.512978,8773,5552.67,3371.67,359.333,0,0,0,0,2133.67,4786.92,2720.8,1625.58,2733.86,812.792,2097.05,86.8727,14.4788,15.4884,14.754,65.9679,65.9679,177.823,44.4557
248.637,18.6277,64.9322,1.48745,16.2016,0.279018,0.866025,-0.5,0.858402,0.512978,11963.7,8773,5552.67,1450.33,0,0,0,0,3597.33,7415.25,3253.9,2622.56,3894.38,1311.28,3050.01,144.969,24.8386,16.5474,14.9023,70.814,70.814,232.387,58.0967
320.647,19.6345,61.2525,1.89472,19.5182,0.334106,0.83147,-0.55557,0.858402,0.512978,14998,11963.7,8773,3371.67,0,0,0,0,8137.33,10321.8,3525.12,3872.39,5078.74,1936.19,4079.91,214.74,38.199,17.784,15.0956,72.0107,72.0107,279.084,69.7709
396,20.4339,58.3967,1.54115,22.805,0.387596,0.793353,-0.608761,0.858402,0.512978,17807.3,14998,11963.7,5552.67,0,0,0,0,11689.7,13385.5,3370.81,5356.33,6206.75,2678.17,5141.45,285.777,54.699,18.9664,15.3215,75.3527,75.3527,284.145,71.0363
468.915,21.3043,55.8831,1.45289,26.0554,0.43924,0.75184,-0.659346,0.858402,0.512978,20372.3,17807.3,14998,8773,359.333,0,0,0,18395.3,16285.3,3136.64,7054.03,7213.93,3527.01,6201.63,358.55,74.2371,20.0001,15.5914,72.9153,72.9153,291.093,72.7732
541.237,22.0931,54.8708,0.994667,29.2622,0.488807,0.707107,-0.707107,0.858402,0.512978,23582,20372.3,17807.3,11963.7,1450.33,0,0,0,21570.7,19189.9,3169.08,9019.19,8172.93,4509.6,7330.41,431.7,96.7886,20.8664,15.8993,72.322,72.322,292.601,73.1502
613.825,21.6125,57.3385,1.22917,32.417,0.536078,0.659346,-0.75184,0.858402,0.512978,26381.3,23582,20372.3,14998,3371.67,0,0,0,26930,22035.8,3237.34,11217.6,8961.31,5608.82,8462.35,504.994,122.365,21.3609,16.1867,72.5873,72.5873,293.177,73.2943
681.993,20.3851,59.8961,1.72305,35.5102,0.580847,0.608761,-0.793353,0.858402,0.512978,29585.3,26381.3,23582,17807.3,5552.67,0,0,0,29842.7,24980.2,3404.33,13683.1,9584.09,6841.54,9629.85,576.493,150.781,21.3487,16.4236,68.1687,68.1687,285.993,71.4983
748.742,20.4493,60.6348,1.9191,38.5297,0.62292,0.55557,-0.83147,0.858402,0.512978,31955,29585.3,26381.3,20372.3,8773,359.333,0,0,32370.7,27875.9,3171.46,16316.1,9897,8173,10737.3,646.449,181.979,21.135,16.6651,66.7487,66.7487,279.827,69.9567
813.874,20.8386,59.0689,1.88112,41.4613,0.662115,0.5,-0.866025,0.858402,0.512978,34268.7,31955,29585.3,23582,11963.7,1450.33,0,0,34702.3,30547.6,2920.22,19050.9,9945.52,9600.86,11783.1,714.609,215.89,20.8214,16.926,65.132,65.132,272.637,68.1592
870.445,21.0125,58.0604,1.49192,44.2877,0.698261,0.442289,-0.896873,0.858402,0.512978,36313.3,34268.7,31955,26381.3,14998,3371.67,0,0,37529,33030.6,2516.74,21796.1,9783.84,11113.9,12745.3,778.763,252.159,20.6714,17.1957,56.5707,56.5707,256.62,64.155
923.685,22.6721,51.6634,0.836999,46.9874,0.731204,0.382683,-0.92388,0.858402,0.512978,38208.7,36313.3,34268.7,29585.3,17807.3,5552.67,0,0,39019.3,35186.4,2328.53,24517.4,9422.23,12705.9,13614.4,839.187,290.645,21.2431,17.5365,53.2407,53.2407,241.692,60.423
973.471,23.7257,47.4626,0.857573,49.5349,0.760802,0.321439,-0.94693,0.858402,0.512978,40269,38208.7,36313.3,31955,20372.3,8773,0,0,41097.3,37264.9,2224.76,27142.1,9050.33,14383.8,14403.6,895.369,331.207,22.0622,17.9224,49.7853,49.7853,224.729,56.1822
1011.72,23.1974,50.3713,1.24888,51.8992,0.786926,0.258819,-0.965926,0.858402,0.512978,41540,40269,38208.7,34268.7,23582,11963.7,0,0,42314.3,39082.8,1992.42,29606.8,8597.11,16114.7,15052.4,944.83,373.362,22.6519,18.2916,38.25,38.25,197.847,49.4617
1052.94,23.2825,50.5286,1.00419,54.0438,0.809466,0.19509,-0.980785,0.858402,0.512978,42729.7,41540,40269,36313.3,26381.3,14998,0,0,43499.7,40686.8,1674.59,31917.7,8070.68,17895.1,15559.6,990.454,417.234,23.2194,18.6614,41.2193,41.2193,182.495,45.6238
1086.54,23.8981,49.3131,1.34207,55.9269,0.828324,0.130526,-0.991445,0.858402,0.512978,43725.3,42729.7,41540,38208.7,29585.3,17807.3,0,0,44937.3,42066,1294.19,34077.6,7449.66,19716.9,15913.4,1031.17,462.507,23.5259,19.0502,33.6,33.6,162.855,40.7137
1113.23,22.8291,53.9743,1.67894,57.5029,0.843419,0.0654031,-0.997859,0.858402,0.512978,44430,43725.3,42729.7,40269,31955,20372.3,0,0,45344.7,43106.2,1087.49,36082.4,6690.03,21568.2,16095.3,1066.11,508.891,23.3018,19.3946,26.6867,26.6867,139.756,34.939
1131.09,21.7919,59.4297,2.39282,58.725,0.854686,1.22465e-16,-1,0.858402,0.512978,43946.7,44430,43725.3,41540,34268.7,23582,0,0,45165.3,43707.9,619.613,37779.4,5831.71,23399.3,16037.2,1095.95,556.02,22.9504,19.697,17.8667,17.8667,119.373,29.8432
1139.23,22.2681,58.3392,2.18213,59.5506,0.862077,-0.0654031,-0.997859,0.858402,0.512978,43251,43946.7,44430,42729.7,36313.3,26381.3,0,0,45450,43838.2,424.127,39185.2,4868.37,25201.4,15733.7,1117.52,603.488,22.6968,20.0248,8.13333,8.13333,86.2867,21.5717
1139.23,22.2078,58.2887,2.30894,59.9467,0.86556,-0.130526,-0.991445,0.858402,0.512978,43505.3,43251,43946.7,43725.3,38208.7,29585.3,0,0,45396,43783.2,448.754,40345.2,4028.76,27014.2,15223.7,1130.69,650.956,22.2742,20.3551,0.00666667,0.00666667,52.6933,13.1733
1140.01,22.4347,57.674,2.59227,59.8965,0.865121,-0.19509,-0.980785,0.858402,0.512978,43021,43505.3,43251,44430,40269,31955,359.333,0,44852.3,43431,343.489,41267.4,3179.76,28791.7,14480.1,1137.39,698.456,22.1756,20.6938,0.78,0.78,26.7867,6.69667
1135.61,22.7773,56.6001,2.19918,59.4021,0.86076,-0.258819,-0.965926,0.858402,0.512978,42941.3,43021,43505.3,43946.7,41540,34268.7,1450.33,0,44251.7,43179.7,219.73,41990.1,2395.87,30520.5,13560.2,1138.52,745.097,22.422,21.0432,-4.4,-4.4,4.52,1.13
1121.73,22.9721,56.5674,2.65926,58.4844,0.852498,-0.321439,-0.94693,0.858402,0.512978,42077.7,42941.3,43021,43251,42729.7,36313.3,3371.67,0,44141,42886.3,514.359,42470.5,1680.66,32133.3,12495.3,1134.15,790.103,22.5979,21.3884,-13.8867,-13.8867,-17.5,-4.375
1101.21,22.7512,56.7017,2.16353,57.1791,0.840369,-0.382683,-0.92388,0.858402,0.512978,40414,42077.7,42941.3,43505.3,43725.3,38208.7,5552.67,0,42332.3,42113.5,1048.62,42654.2,1276.59,33585.8,11289,1124.64,831.327,22.7338,21.682,-20.5133,-20.5133,-38.02,-9.505
1082.57,22.7227,57.7065,1.85858,55.5303,0.824426,-0.442289,-0.896873,0.858402,0.512978,39181.7,40414,42077.7,43021,44430,40269,8773,0,40742,41153.7,1456.49,42563.6,1467.05,34852.8,10074.1,1110.28,869.024,22.8058,21.9134,-18.6467,-18.6467,-57.4467,-14.3617
1054.43,22.94,57.2628,2.03595,53.5849,0.804737,-0.5,-0.866025,0.858402,0.512978,38049,39181.7,40414,42941.3,43946.7,41540,11963.7,0,39810.7,39930.6,1495.4,42272.7,1918.02,35939.7,8882.64,1089.98,902.599,22.8465,22.0931,-28.1333,-28.1333,-81.18,-20.295
1017.32,22.7662,57.7192,2.35239,51.3877,0.781387,-0.55557,-0.83147,0.858402,0.512978,36459.7,38049,39181.7,42077.7,43251,42729.7,14998,0,38055.3,38526.1,1457.03,41750.2,2490.85,36834,7735.61,1063.88,931.627,22.795,22.2236,-37.1173,-37.1173,-104.411,-26.1027
968.979,22.2112,59.8869,2.52306,48.9796,0.754476,-0.608761,-0.793353,0.858402,0.512978,34738,36459.7,38049,40414,43505.3,43725.3,17807.3,0,36458.7,37107.1,1675.02,41001.3,3068.54,37539.4,6666.42,1030.82,955.501,22.66,22.2976,-48.3373,-48.3373,-132.235,-33.0587
922.712,21.6473,61.6398,2.33091,46.3957,0.72412,-0.659346,-0.75184,0.858402,0.512978,32249.3,34738,36459.7,39181.7,43021,44430,20372.3,0,34302.7,35374,2150.72,39986.2,3713.35,38034.3,5751.76,990.86,974.409,22.3912,22.3119,-46.2667,-46.2667,-159.855,-39.9637
862.329,22.1612,59.6406,1.83738,43.6658,0.69045,-0.707107,-0.707107,0.858402,0.512978,29766.3,32249.3,34738,38049,42941.3,43946.7,23582,0,31639.3,33303.3,2531.9,38804.5,4448.52,38292,5211.7,942.834,987.788,22.1965,22.3148,-60.3827,-60.3827,-192.104,-48.026
802.873,22.5826,58.0495,1.86111,40.8144,0.653611,-0.75184,-0.659346,0.858402,0.512978,27186.3,29766.3,32249.3,36459.7,42077.7,43251,26381.3,0,29036.7,30985,2810.63,37465.8,5253.39,38325.5,5136.99,889.223,995.665,22.1506,22.3552,-59.4567,-59.4567,-214.443,-53.6108
739.849,22.6267,57.0314,1.51083,37.862,0.613762,-0.793353,-0.608761,0.858402,0.512978,24789,27186.3,29766.3,34738,40414,43505.3,29585.3,0,26507.7,28497.8,2790.98,35906.1,5959.66,38125.7,5549.84,831.941,998.076,22.2544,22.4486,-63.024,-63.024,-229.13,-57.2825
674.788,23.0816,55.2949,1.14307,34.8252,0.571074,-0.83147,-0.55557,0.858402,0.512978,21693,24789,27186.3,32249.3,39181.7,43021,31955,0,23722.7,25858.7,2980.33,34128.8,6706.31,37698.1,6346.86,769.96,994.994,22.613,22.5583,-65.0607,-65.0607,-247.924,-61.981
596.785,22.9325,56.7398,1.30703,31.7177,0.525734,-0.866025,-0.5,0.858402,0.512978,18094.3,21693,24789,29766.3,38049,42941.3,34268.7,0,19847.7,22940.7,3409.02,32058.2,7459.27,37024.2,7439.84,703.574,985.949,22.8058,22.6455,-78.0027,-78.0027,-265.544,-66.386
517.964,22.4491,58.4755,1.44295,28.5508,0.477938,-0.896873,-0.442289,0.858402,0.512978,15126.3,18094.3,21693,27186.3,36459.7,42077.7,36313.3,0,16612.7,19925.7,3645.64,29812.2,8131.5,36141.4,8633.11,632.346,971.262,22.7725,22.7054,-78.8213,-78.8213,-284.909,-71.2272
448.431,21.9226,59.631,1.71983,25.3341,0.427896,-0.92388,-0.382683,0.858402,0.512978,12492,15126.3,18094.3,24789,34738,40414,38208.7,0,13713.3,16851.4,3426.59,27485.4,8737.28,35069.8,9823.86,559.492,951.46,22.5964,22.6741,-69.5327,-69.5327,-291.417,-72.8543
373.173,21.5718,60.8135,1.60406,22.0755,0.375828,-0.94693,-0.321439,0.858402,0.512978,10067.3,12492,15126.3,21693,32249.3,39181.7,40269,0,11063.3,13945,2989.98,25059.2,9183.46,33811.4,10947.4,484.089,926.448,22.219,22.5844,-75.258,-75.258,-301.615,-75.4037
300.406,21.1335,62.2836,1.33971,18.7821,0.32197,-0.965926,-0.258819,0.858402,0.512978,7609.33,10067.3,12492,18094.3,29766.3,38049,41540,0,8374,11323.8,2792.84,22522.6,9445.37,32397.7,11998.5,409.994,896.81,21.7693,22.4984,-72.7673,-72.7673,-296.379,-74.0948
97.0075,20.7649,63.3237,1.33678,15.4605,0.266573,-0.980785,-0.19509,0.858402,0.512978,5357.33,7609.33,10067.3,15126.3,27186.3,36459.7,42729.7,0,5877.33,8881.5,2668.34,19930.7,9532.27,30840.5,12944.4,304.755,856.979,21.3482,22.3935,-203.398,-203.398,-420.956,-105.239
0,16.8676,88.8927,2.32532,-11.001,-0.190827,1,6.12323e-17,0.867099,0.498137,0,0,0,0,0,0,0,617,0,0,0,0,0,0,0,0,0,16.9252,17.6856,0,0,0,0
0,16.7503,87.5738,2.55397,-7.54005,-0.131219,0.997859,-0.0654031,0.867099,0.498137,0,0,0,0,0,0,0,66.6667,0,0,0,0,0,0,0,0,0,16.85,17.6469,0,0,0,0
0,16.6121,86.2011,2.97809,-4.08627,-0.0712584,0.991445,-0.130526,0.867099,0.498137,0,0,0,0,0,0,0,0,0,0,0,0,0,0,0,0,0,16.7708,17.6062,0,0,0,0
0,16.452,86.9281,2.06317,-0.0586278,-0.00102325,0.980785,-0.19509,0.867099,0.498137,166,0,0,0,0,0,0,0,359.333,41.5,71.8801,13.8333,45.88,6.91667,33.1712,0,0,16.6705,17.5579,0,0,0,0
9.78379,16.4087,87.1005,2.42095,3.02769,0.0528186,0.965926,-0.258819,0.867099,0.498137,1257.67,166,0,0,0,0,0,0,1450.33,355.917,525.018,118.639,346.456,59.3194,252.061,2.44595,0.407658,16.5558,17.4907,9.78379,9.78379,9.78379,2.44595
39.4076,16.3011,87.0034,1.83934,6.34567,0.110527,0.94693,-0.321439,0.867099,0.498137,2613.33,1257.67,166,0,0,0,0,0,3371.67,1009.25,1044.56,336.417,768.151,168.208,568.614,12.2978,2.04964,16.4435,17.4101,29.6238,29.6238,39.4076,9.8519
79.9119,16.3154,86.4759,1.97344,9.70546,0.168583,0.92388,-0.382683,0.867099,0.498137,3371.33,2613.33,1257.67,0,0,0,0,0,5552.67,1852.08,1233.27,617.361,1126.61,308.681,854.349,32.2758,5.3793,16.3693,17.3283,40.5043,40.5043,79.9119,19.978
102.947,16.4725,85.5583,1.81448,13.0652,0.226059,0.896873,-0.442289,0.867099,0.498137,5067,3371.33,2613.33,166,0,0,0,0,8773,3077.33,1375.84,1039.61,1645.95,519.806,1274.66,58.0126,9.66877,16.3744,17.263,23.0352,23.0352,102.947,25.7368
142.507,16.8777,84.1285,1.52262,16.4104,0.282515,0.866025,-0.5,0.867099,0.498137,9277,5067,3371.33,1257.67,0,0,0,0,11963.7,5082.17,2579.68,1812.69,2770.55,906.347,2158.58,91.1935,15.6066,16.4916,17.2142,39.5602,39.5602,132.724,33.1809
243.477,17.5087,82.3011,1.56202,19.7329,0.337636,0.83147,-0.55557,0.867099,0.498137,12333.7,9277,5067,2613.33,0,0,0,0,14998,7512.25,3517.34,2840.5,3945.88,1420.25,3130.83,142.211,25.7515,16.7936,17.184,100.97,100.97,204.07,51.0174
303.607,18.1561,80.1009,1.63253,23.0263,0.391153,0.793353,-0.608761,0.867099,0.498137,18521,12333.7,9277,3371.33,0,0,0,0,17807.3,11299.7,4902.91,4383.92,5745.03,2191.96,4615.99,198.135,38.4018,17.2537,17.1694,60.13,60.13,223.695,55.9239
448.848,18.875,76.9719,2.03738,26.2838,0.442818,0.75184,-0.659346,0.867099,0.498137,18045.3,18521,12333.7,5067,166,0,0,0,20372.3,14544.2,3895.6,5887.69,6685.45,2943.85,5569.01,284.61,57.1038,17.8544,17.187,145.241,145.241,345.901,86.4752
453.174,19.6156,73.9265,2.06599,29.4986,0.492402,0.707107,-0.707107,0.867099,0.498137,11585.7,18045.3,18521,9277,1257.67,0,0,0,23582,15121.4,3177.24,6853.17,6601.51,3426.58,5790.64,362.277,75.986,18.5389,17.2398,4.326,4.326,310.667,77.6667
406.638,19.7801,72.697,2.04163,32.6622,0.539685,0.659346,-0.75184,0.867099,0.498137,27684,11585.7,18045.3,12333.7,2613.33,0,0,0,26381.3,18959,5734.07,9160.17,8396.68,4580.08,7498.62,403.067,92.9293,19.1067,17.3073,-46.536,-46.536,163.161,40.7902
682.179,19.8211,72.6245,2.87215,35.7649,0.58446,0.608761,-0.793353,0.867099,0.498137,25662.3,27684,11585.7,18521,3371.33,0,0,0,29585.3,20744.3,6393.58,11298.7,9035.04,5649.35,8528.25,497.71,121.353,19.5229,17.3853,275.541,275.541,378.571,94.6428
614.476,19.4105,71.4721,3.72287,38.7949,0.626535,0.55557,-0.83147,0.867099,0.498137,27840.7,25662.3,27684,18045.3,5067,166,0,0,31955,23193.2,6756.44,13604.9,9422.75,6809.38,9517.07,539.117,146.957,19.6568,17.4686,-67.7027,-67.7027,165.628,41.407
694.586,19.5133,68.2611,4.21622,41.738,0.665725,0.5,-0.866025,0.867099,0.498137,32097,27840.7,25662.3,11585.7,9277,1257.67,0,0,34268.7,28321,2343.24,16174.9,9898.26,8146.75,10653.6,599.47,175.898,19.6313,17.5719,80.11,80.11,241.412,60.353
751.067,19.6659,65.2827,3.82408,44.5767,0.701864,0.442289,-0.896873,0.867099,0.498137,33996.7,32097,27840.7,27684,12333.7,2613.33,0,0,36313.3,29899.2,3309.39,18790.1,10113.2,9563.28,11686.3,685.577,207.192,19.6027,17.676,56.4813,56.4813,344.429,86.1073
857.93,20.1539,64.3579,3.67945,47.2897,0.734793,0.382683,-0.92388,0.867099,0.498137,35719.7,33996.7,32097,25662.3,18521,3371.33,0,0,38208.7,32413.5,2934.63,21485.8,9954.06,11051.6,12611.5,729.515,242.939,19.6859,17.7934,106.863,106.863,175.751,43.9378
892.419,19.9923,66.3772,4.41983,49.8512,0.764373,0.321439,-0.94693,0.867099,0.498137,37545.3,35719.7,33996.7,27840.7,18045.3,5067,0,0,40269,34839.7,2020.39,24192.4,9528.14,12616,13444.7,799.001,280.123,19.8313,17.9014,34.4893,34.4893,277.943,69.4858
921.445,20.0846,65.6221,4.51338,52.2299,0.790474,0.258819,-0.965926,0.867099,0.498137,39131.7,37545.3,35719.7,32097,11585.7,9277,0,0,41540,36598.3,1927.13,26680.2,9200.84,14246.5,14169.1,855.715,318.517,19.9741,18.0195,29.0253,29.0253,226.859,56.7147
966.3,20.1421,63.8988,4.32446,54.3888,0.812987,0.19509,-0.980785,0.867099,0.498137,40549.7,39131.7,37545.3,33996.7,27684,12333.7,0,0,42729.7,38236.6,1800.29,29031.6,8832.03,15936,14774.3,909.523,358.779,20.0932,18.1483,44.8553,44.8553,215.233,53.8082
1002.09,20.2801,62.9011,4.12945,56.2854,0.831813,0.130526,-0.991445,0.867099,0.498137,41751.3,40549.7,39131.7,35719.7,25662.3,18521,0,0,43725.3,39744.5,1572.23,30967.4,8861.93,17675.7,15246,945.564,400.533,20.1248,18.2879,35.7913,35.7913,144.161,36.0403
1030.88,20.436,61.9126,4.34449,57.873,0.846871,0.0654031,-0.997859,0.867099,0.498137,42543.3,41751.3,40549.7,37545.3,27840.7,18045.3,0,0,44430,40994,1288.38,33008.9,8462.73,19448.3,15557.9,980.179,443.486,20.2357,18.4372,28.7887,28.7887,138.461,34.6152
1057.74,20.3481,62.1805,4.30834,59.1037,0.858098,1.22465e-16,-1,0.867099,0.498137,42630,42543.3,41751.3,39131.7,32097,11585.7,0,0,43946.7,41868.6,834.914,35596,5864.51,21224.6,15669.2,1014.25,487.559,20.3016,18.5822,26.86,26.86,136.295,34.0738
1066.59,20.5882,60.8764,4.14736,59.9336,0.865445,-0.0654031,-0.997859,0.867099,0.498137,42721,42630,42543.3,40549.7,33996.7,27684,0,0,43251,42411.4,386.243,36849.1,5642.35,23004.6,15583.3,1039.33,532,20.4131,18.7421,8.85333,8.85333,100.293,25.0733
1075.15,20.599,59.7098,3.88912,60.3288,0.86888,-0.130526,-0.991445,0.867099,0.498137,41940.3,42721,42630,41751.3,35719.7,25662.3,0,0,43505.3,42458.7,305.783,38205.6,4661.28,24752.1,15253.7,1057.59,576.798,20.4928,18.9082,8.55333,8.55333,73.0553,18.2638
1066.99,20.8003,59.967,3.93049,60.272,0.868389,-0.19509,-0.980785,0.867099,0.498137,42021,41940.3,42721,42543.3,37545.3,27840.7,166,0,43021,42328.1,350.067,39387.2,3548.48,26496.1,14726.6,1066.62,621.256,20.5839,19.0894,-8.15333,-8.15333,36.1133,9.02833
1065.09,20.8682,59.4975,4.25798,59.7657,0.863974,-0.258819,-0.965926,0.867099,0.498137,41392,42021,41940.3,42630,39131.7,32097,1257.67,0,42941.3,42018.6,472.262,40161.8,2810.28,28168.3,14027.8,1068.46,665.227,20.7139,19.2752,-1.9,-1.9,7.35333,1.83833
1051.86,21.0952,58.8585,4.34737,58.832,0.855653,-0.321439,-0.94693,0.867099,0.498137,40664.3,41392,42021,42721,40549.7,33996.7,2613.33,0,42077.7,41504.4,542.047,40717.5,2107.73,29753.8,13174.3,1064.77,707.413,20.8407,19.475,-13.2333,-13.2333,-14.7333,-3.68333
1027.4,21.5087,56.8943,4.34087,57.5077,0.843463,-0.382683,-0.92388,0.867099,0.498137,39090.7,40664.3,41392,41940.3,41751.3,35719.7,3371.33,0,40414,40792,1093.31,40998.4,1581.98,31242.1,12082.1,1052.84,746.892,21.0681,19.6914,-24.46,-24.46,-47.7467,-11.9367
1006.53,21.4472,57.1052,4.19177,55.8383,0.827457,-0.442289,-0.896873,0.867099,0.498137,37519.7,39090.7,40664.3,42021,42543.3,37545.3,5067,0,39181.7,39666.7,1492.77,40996.2,1586.65,32594.3,10827.9,1037.72,784.541,21.2298,19.8987,-20.8653,-20.8653,-60.4587,-15.1147
976.277,21.6537,57.2387,3.89291,53.872,0.807702,-0.5,-0.866025,0.867099,0.498137,36701.7,37519.7,39090.7,41392,42630,39131.7,9277,0,38049,38494.1,1518.89,40793.8,1929.69,33737,9694.71,1015.52,819.281,21.4262,20.0977,-30.258,-30.258,-88.8167,-22.2042
947.616,21.1472,58.7273,3.72359,51.6545,0.784284,-0.55557,-0.83147,0.867099,0.498137,35321,36701.7,37519.7,40664.3,42721,40549.7,12333.7,0,36459.7,37158.2,1364.63,40358,2454.55,34694.8,8607.37,989.457,848.621,21.4392,20.2493,-28.6607,-28.6607,-104.244,-26.061
907.458,20.9564,58.8401,3.73921,49.227,0.757303,-0.608761,-0.793353,0.867099,0.498137,33500.3,35321,36701.7,39090.7,41940.3,41751.3,18521,0,34738,35760.7,1523.32,39670.4,3051.11,35318.9,7928.25,959.471,873.781,21.3011,20.3659,-40.158,-40.158,-119.942,-29.9855
857.925,20.6601,59.8416,3.76232,46.6251,0.726876,-0.659346,-0.75184,0.867099,0.498137,31360,33500.3,35321,37519.7,42021,42543.3,18045.3,0,32249.3,34220.8,2004.27,38738.5,3675.35,35873.7,7125.31,922.319,890.826,21.1044,20.4403,-49.5327,-49.5327,-148.609,-37.1523
803.75,20.4533,59.0531,3.47004,43.8787,0.693134,-0.707107,-0.707107,0.867099,0.498137,28962.3,31360,33500.3,36701.7,41392,42630,11585.7,0,29766.3,32285.9,2376.45,37599.5,4348.96,36597.8,5258.94,879.187,905.433,20.8043,20.4752,-54.1753,-54.1753,-172.527,-43.1317
744.18,20.2646,60.7227,3.72979,41.0123,0.656221,-0.75184,-0.659346,0.867099,0.498137,26227,28962.3,31360,35321,40664.3,42721,27684,0,27186.3,30012.4,2711.71,36225,5061.25,36537,5368.76,828.328,919.497,20.5836,20.4954,-59.57,-59.57,-203.436,-50.859
634.401,19.9157,61.8336,3.67624,38.0463,0.616298,-0.793353,-0.608761,0.867099,0.498137,23836.7,26227,28962.3,33500.3,39090.7,41940.3,25662.3,0,24789,27596.5,2830.25,34716.4,5779.92,36461,5532.73,760.064,917.507,20.3235,20.4994,-109.779,-109.779,-273.057,-68.2643
613.133,19.5988,63.4958,4.12001,34.9973,0.573537,-0.83147,-0.55557,0.867099,0.498137,21072,23836.7,26227,31360,37519.7,42021,27840.7,0,21693,25024.5,2914.86,32970.6,6436.42,36178.9,6107.6,698.866,917.451,20.0581,20.5072,-21.2673,-21.2673,-244.792,-61.198
541.551,19.4223,64.1245,4.07889,31.8787,0.528123,-0.866025,-0.5,0.867099,0.498137,17946.3,21072,23836.7,28962.3,36701.7,41392,32097,0,18094.3,22270.5,3091.99,31016.8,7107.11,35589.3,7078.99,633.316,911.074,19.8004,20.5034,-71.582,-71.582,-262.199,-65.5497
473.479,19.154,64.6679,4.29195,28.702,0.480254,-0.896873,-0.442289,0.867099,0.498137,14976,17946.3,21072,26227,35321,40664.3,33996.7,0,15126.3,19457.8,3322.32,28876.1,7721.05,34796.8,8190.41,565.641,899.508,19.5227,20.4821,-68.072,-68.072,-270.701,-67.6752
364.181,18.8575,65.9422,3.87679,25.4764,0.430139,-0.92388,-0.382683,0.867099,0.498137,12296,14976,17946.3,23836.7,33500.3,39090.7,35719.7,0,12492,16572.6,3277.58,26643.2,8297.14,33820.8,9337.56,498.086,878.935,19.2582,20.4281,-109.299,-109.299,-270.22,-67.555
331.814,18.5157,68.1659,3.53616,22.2098,0.377999,-0.94693,-0.321439,0.867099,0.498137,9877.33,12296,14976,21072,31360,37519.7,37545.3,0,10067.3,13773.9,3009.22,24339.7,8780.83,32668,10448.5,427.756,855.577,18.9874,20.3666,-32.3667,-32.3667,-281.319,-70.3298
264.863,18.2119,68.6217,2.81625,18.9093,0.324071,-0.965926,-0.258819,0.867099,0.498137,7403.33,9877.33,12296,17946.3,28962.3,36701.7,39131.7,0,7609.33,11138.2,2811.06,21898.2,9072.51,31346,11501.2,358.584,828.219,18.6848,20.2885,-66.9513,-66.9513,-276.689,-69.1722
163.906,18.0809,68.1622,3.04967,15.5812,0.268604,-0.980785,-0.19509,0.867099,0.498137,5185,7403.33,9877.33,14976,26227,35321,40549.7,0,5357.33,8690.42,2662.4,19386.9,9179.71,29872.4,12453.6,281.191,794.786,18.4165,20.2026,-100.957,-100.957,-309.573,-77.3933
0,14.4102,61.8259,1.97587,-14.2823,-0.2467,0.997859,0.0654031,0.875539,0.483147,0,0,0,0,0,0,0,1871.33,0,0,0,0,0,0,0,0,0,14.5416,14.9828,0,0,0,0
0,14.2044,63.4819,1.81063,-10.8151,-0.18764,1,6.12323e-17,0.875539,0.483147,0,0,0,0,0,0,0,564,0,0,0,0,0,0,0,0,0,14.4147,14.9238,0,0,0,0
0,14.1663,63.4969,1.86614,-7.35261,-0.127975,0.997859,-0.0654031,0.875539,0.483147,0,0,0,0,0,0,0,43.6667,0,0,0,0,0,0,0,0,0,14.3236,14.8653,0,0,0,0
0,14.1489,63.788,2.02735,-3.89685,-0.0679604,0.991445,-0.130526,0.875539,0.483147,0,0,0,0,0,0,0,0,0,0,0,0,0,0,0,0,0,14.2325,14.8083,0,0,0,0
0.44176,14.2403,65.0897,1.92241,0.101107,0.00176464,0.980785,-0.19509,0.875539,0.483147,366.667,0,0,0,0,0,0,0,166,91.6667,158.771,30.5556,101.341,15.2778,73.2696,0.11044,0.0184067,14.19,14.7552,0.44176,0.44176,0.44176,0.11044
16.1537,14.2886,65.1337,2.59561,3.21339,0.0560549,0.965926,-0.258819,0.875539,0.483147,1467.67,366.667,0,0,0,0,0,0,1257.67,458.583,601.518,152.861,409.073,76.4305,299.186,4.14888,0.691479,14.2111,14.7085,15.712,15.712,16.1537,4.03844
43.168,14.5684,63.3281,3.0458,6.54049,0.113905,0.94693,-0.321439,0.875539,0.483147,2999.33,1467.67,366.667,0,0,0,0,0,2613.33,1208.42,1166.56,402.806,882.112,201.403,655.457,14.9409,2.49015,14.3116,14.6739,27.0143,27.0143,43.168,10.792
82.9343,14.9119,62.5341,2.77353,9.9059,0.172031,0.92388,-0.382683,0.875539,0.483147,4695,2999.33,1467.67,0,0,0,0,0,3371.33,2382.17,1630.08,794.056,1465.19,397.028,1109.51,35.6745,5.94574,14.5023,14.6566,39.7663,39.7663,82.9343,20.7336
127.905,15.2581,58.0045,3.13627,13.2708,0.229554,0.896873,-0.442289,0.875539,0.483147,7057.67,4695,2999.33,366.667,0,0,0,0,5067,4054.92,2075.71,1382.19,2240.03,691.097,1728.14,67.5402,11.2751,14.7567,14.6566,44.9703,44.9703,127.463,31.8657
178.267,15.7215,53.6281,2.91849,16.6214,0.286046,0.866025,-0.5,0.875539,0.483147,9921,7057.67,4695,1467.67,0,0,0,0,9277,6168.25,2602.24,2208.94,3201.71,1104.47,2518.99,108.069,18.7029,15.115,14.6817,50.3627,50.3627,162.114,40.5284
259.467,16.1999,50.295,2.91939,19.9498,0.341197,0.83147,-0.55557,0.875539,0.483147,12822,9921,7057.67,2999.33,0,0,0,0,12333.7,8623.92,3049.42,3277.44,4253.12,1638.72,3424.9,162.143,29.514,15.5228,14.7312,81.1993,81.1993,216.299,54.0747
334.147,16.6688,49.1382,3.26867,23.2496,0.394737,0.793353,-0.608761,0.875539,0.483147,15901.3,12822,9921,4695,0,0,0,0,18521,11425.5,3291.08,4602.56,5358.94,2301.28,4433.39,224.946,43.4368,15.9621,14.8001,74.68,74.68,251.212,62.8031
410.214,16.9801,46.1832,3.16794,26.5143,0.446421,0.75184,-0.659346,0.875539,0.483147,19084.7,15901.3,12822,7057.67,366.667,0,0,0,18045.3,14432.2,3418.61,6192.94,6473.11,3096.47,5526.19,295.524,60.529,16.3926,14.8857,76.0673,76.0673,282.309,70.5773
488.113,17.0245,46.8382,4.0077,29.7368,0.496017,0.707107,-0.707107,0.875539,0.483147,22331.3,19084.7,15901.3,9921,1467.67,0,0,0,11585.7,17534.8,3545.68,8053.89,7546.26,4026.94,6685,372.985,80.8671,16.7183,14.975,77.8993,77.8993,309.846,77.4615
564.229,17.7372,43.8929,2.96327,32.9091,0.543308,0.659346,-0.75184,0.875539,0.483147,25274.3,22331.3,19084.7,12822,2999.33,0,0,0,27684,20647.9,3507.54,10160.1,8474.46,5080.04,7855.89,449.176,104.377,17.1026,15.0944,76.116,76.116,304.763,76.1907
394.858,17.7273,44.6447,3.51962,36.0213,0.588087,0.608761,-0.793353,0.875539,0.483147,28236.7,25274.3,22331.3,15901.3,4695,0,0,0,25662.3,23731.8,3399.65,12513.1,9214.53,6256.57,9033.19,464.354,120.829,17.3673,15.2191,-169.371,-169.371,60.7115,15.1779
439.34,18.4114,42.1843,2.89173,39.0618,0.630159,0.55557,-0.83147,0.875539,0.483147,30915.3,28236.7,25274.3,19084.7,7057.67,366.667,0,0,27840.7,26689.4,3211.22,15058.9,9713.51,7544.71,10180.6,471.635,139.135,17.7251,15.3787,44.4819,44.4819,29.126,7.28151
196.979,19.1207,41.9487,3.05617,42.0164,0.669343,0.5,-0.866025,0.875539,0.483147,33089.7,30915.3,28236.7,22331.3,9921,1467.67,0,0,32097,29379,2927.57,17694,9955.26,8923.44,11249.9,398.852,147.342,18.2491,15.5685,-242.361,-242.361,-291.134,-72.7835
455.367,19.1113,42.6115,2.86239,44.8674,0.705469,0.442289,-0.896873,0.875539,0.483147,35442,33089.7,30915.3,25274.3,12822,2999.33,0,0,33996.7,31920.9,2662.18,20397.6,10002.6,10400.2,12262.3,371.636,166.316,18.5927,15.7573,258.388,258.388,-108.862,-27.2155
875.857,19.1734,40.6853,3.23872,47.5938,0.738382,0.382683,-0.92388,0.875539,0.483147,37530.3,35442,33089.7,28236.7,15901.3,4695,0,0,35719.7,34244.3,2482.32,23133.9,9822.36,11964,13193.9,491.886,202.81,18.9542,15.9421,420.49,420.49,480.999,120.25
923.077,18.8386,39.8378,3.52844,50.1693,0.76794,0.321439,-0.94693,0.875539,0.483147,39071.7,37530.3,35442,30915.3,19084.7,7057.67,0,0,37545.3,36283.4,2249.29,25801.7,9433.57,13591.9,14003,612.82,241.272,19.061,16.1112,47.2193,47.2193,483.737,120.934
960.399,18.8777,39.6921,3.5102,52.5624,0.794016,0.258819,-0.965926,0.875539,0.483147,40446,39071.7,37530.3,33089.7,22331.3,9921,0,0,39131.7,38122.5,1859.79,28345.4,8909.35,15277.2,14683.1,803.675,281.288,19.0002,16.2847,37.322,37.322,763.419,190.855
997.624,18.6033,42.1649,4.28261,54.7357,0.816498,0.19509,-0.980785,0.875539,0.483147,41784,40446,39071.7,35442,25274.3,12822,0,0,40549.7,39708,1581.26,30758.9,8277.66,17018.2,15235.2,939.239,322.856,18.8732,16.4544,37.2253,37.2253,542.257,135.564
1030.43,18.8437,42.3273,4.16558,56.6459,0.835289,0.130526,-0.991445,0.875539,0.483147,42737,41784,40446,37530.3,28236.7,15901.3,0,0,41751.3,41009.7,1383.55,32995.2,7555.07,18798.9,15634.4,977.881,365.79,18.7908,16.6348,32.8027,32.8027,154.569,38.6423
1054.05,18.9873,42.4587,4.66359,58.2452,0.850308,0.0654031,-0.997859,0.875539,0.483147,43011,42737,41784,39071.7,30915.3,19084.7,0,0,42543.3,41994.5,1003.34,34989.1,6733.34,20591,15840.6,1010.62,409.709,18.828,16.8256,23.62,23.62,130.97,32.7425
1066.41,19.298,42.8677,4.24177,59.4845,0.861492,1.22465e-16,-1,0.875539,0.483147,43314.3,43011,42737,40446,33089.7,22331.3,0,0,42630,42711.6,573.152,36737.7,5891.05,22395.8,15859.2,1037.13,454.143,18.9331,17.0378,12.3667,12.3667,106.015,26.5037
1080.57,19.5877,42.9269,3.95499,60.3186,0.868792,-0.0654031,-0.997859,0.875539,0.483147,43111,43314.3,43011,41784,35442,25274.3,0,0,42721,43043.3,207.909,38224.1,4992.93,24192.1,15661.1,1057.86,499.167,19.1791,17.2637,14.16,14.16,82.9493,20.7373
1085.4,19.4579,45.28,3.48735,60.7126,0.872177,-0.130526,-0.991445,0.875539,0.483147,42724.7,43111,43314.3,42737,37530.3,28236.7,0,0,41940.3,43040.2,212.47,39431.4,4104.54,25972.3,15232.4,1071.61,544.392,19.3327,17.4849,4.82667,4.82667,54.9733,13.7433
1085.24,19.7645,45.503,3.84189,60.6488,0.871631,-0.19509,-0.980785,0.875539,0.483147,42165.7,42724.7,43111,43011,39071.7,30915.3,366.667,0,42021,42828.9,437.597,40368.9,3247.71,27713.9,14580.8,1079.41,589.592,19.527,17.7151,-0.16,-0.16,31.1933,7.79833
1077.5,20.1735,44.4039,3.60247,60.1301,0.867159,-0.258819,-0.965926,0.875539,0.483147,41475.3,42165.7,42724.7,43314.3,40446,33089.7,1467.67,0,41392,42369.2,615.843,41067.8,2397.01,29380.9,13748.1,1082.18,633.814,19.7459,17.9603,-7.74,-7.74,11.0867,2.77167
1065.23,20.4327,44.2528,4.04605,59.1797,0.858778,-0.321439,-0.94693,0.875539,0.483147,40873.3,41475.3,42165.7,43111,41784,35442,2999.33,0,40664.3,41809.8,698.653,41520.4,1704.85,30959,12768,1078.34,676.4,19.9572,18.2046,-12.2667,-12.2667,-15.34,-3.835
1047.75,20.3781,43.8753,3.73762,57.8358,0.846526,-0.382683,-0.92388,0.875539,0.483147,39565.3,40873.3,41475.3,42724.7,42737,37530.3,4695,0,39090.7,41019.9,956.223,41689.9,1367.33,32411.9,11630,1068.93,716.601,20.1872,18.4324,-17.48,-17.48,-37.6467,-9.41167
1023.34,20.0183,44.2147,3.63811,56.1454,0.830454,-0.442289,-0.896873,0.875539,0.483147,37867.3,39565.3,40873.3,42165.7,43011,39071.7,7057.67,0,37519.7,39945.3,1384.25,41589.6,1583.01,33695.6,10395.4,1053.46,753.911,20.2507,18.6307,-24.4133,-24.4133,-61.9,-15.475
990.027,20.0959,45.4994,3.38752,54.1577,0.810632,-0.5,-0.866025,0.875539,0.483147,36881.7,37867.3,39565.3,41475.3,43314.3,40446,9921,0,36701.7,38796.9,1535.76,41292.6,2038.57,34819,9147.3,1031.59,787.734,20.2313,18.813,-33.3127,-33.3127,-87.4727,-21.8682
954.359,19.4839,46.8819,3.44477,51.9194,0.787144,-0.55557,-0.83147,0.875539,0.483147,35156,36881.7,37867.3,40873.3,43111,41784,12822,0,35321,37367.6,1597.42,40740.2,2639.82,35749.6,7915.22,1003.87,816.688,19.9941,18.9498,-35.668,-35.668,-110.874,-27.7185
908.903,19.704,46.4237,3.47191,49.4724,0.760093,-0.608761,-0.793353,0.875539,0.483147,33450.7,35156,36881.7,39565.3,42724.7,42737,15901.3,0,33500.3,35838.9,1686.11,39966.4,3235.07,36480.8,6776.54,969.157,840.636,19.8256,19.0763,-45.456,-45.456,-138.85,-34.7125
858.874,19.6063,46.8003,3.56805,46.8524,0.729594,-0.659346,-0.75184,0.875539,0.483147,31507.7,33450.7,35156,37867.3,42165.7,43011,19084.7,0,31360,34249,1994.11,39007.8,3838.84,36998.4,5837.35,928.041,859.331,19.7225,19.1857,-50.0293,-50.0293,-164.466,-41.1165
808.842,19.6032,46.2329,3.30998,44.0893,0.695779,-0.707107,-0.707107,0.875539,0.483147,28972,31507.7,33450.7,36881.7,41475.3,43314.3,22331.3,0,28962.3,32271.6,2301.14,37812.6,4489.51,37275.1,5264.88,882.745,872.694,19.5994,19.2932,-50.032,-50.032,-181.185,-45.2963
749.109,19.1673,47.0769,2.82887,41.2079,0.658794,-0.75184,-0.659346,0.875539,0.483147,26298.3,28972,31507.7,35156,40873.3,43111,25274.3,0,26227,30057.2,2689.15,36411.5,5186.66,37317.8,5170.76,831.432,880.398,19.5202,19.3528,-59.7327,-59.7327,-205.25,-51.3125
684.713,19.2281,46.6736,3.12176,38.2283,0.618797,-0.793353,-0.608761,0.875539,0.483147,23698.7,26298.3,28972,33450.7,39565.3,42724.7,28236.7,0,23836.7,27619.2,2918.28,34826,5876.59,37128.7,5567.15,775.385,892.475,19.4013,19.4153,-64.396,-64.396,-224.19,-56.0475
618.035,19.1013,46.0603,3.10375,35.167,0.575962,-0.83147,-0.55557,0.875539,0.483147,20922.7,23698.7,26298.3,31507.7,37867.3,42165.7,30915.3,0,21072,24972.9,2990.72,33055.8,6558.95,36712.3,6336.75,715.175,899.921,19.275,19.444,-66.6787,-66.6787,-240.839,-60.2098
548.509,19.0623,45.8087,3.35749,32.0375,0.530475,-0.866025,-0.5,0.875539,0.483147,17852.3,20922.7,23698.7,28972,36881.7,41475.3,33089.7,0,17946.3,22193,3145.47,31087.2,7245.62,36077.5,7350.19,650.092,914.568,19.1398,19.4416,-69.5253,-69.5253,-260.333,-65.0832
480.615,18.873,46.1392,3.21177,28.8509,0.482533,-0.896873,-0.442289,0.875539,0.483147,14964.3,17852.3,20922.7,26298.3,35156,40873.3,35442,0,14976,19359.5,3273.41,28928.1,7843.39,35224.2,8476.67,582.968,915.62,19.0662,19.4317,-67.8947,-67.8947,-268.495,-67.1237
411.445,18.4425,47.6649,3.19825,25.6165,0.432346,-0.92388,-0.382683,0.875539,0.483147,12275.3,14964.3,17852.3,23698.7,33450.7,39565.3,37530.3,0,12296,16503.7,3224.7,26653.9,8368.22,34171.9,9616.08,514.651,896.269,18.8698,19.4012,-69.1693,-69.1693,-273.268,-68.317
343.028,18.0876,48.8505,3.01208,22.3421,0.380135,-0.94693,-0.321439,0.875539,0.483147,9988.67,12275.3,14964.3,20922.7,31507.7,37867.3,39071.7,0,9877.33,13770.2,2942.12,24330.7,8791.79,32960.1,10694.3,445.899,872.1,18.6164,19.3699,-68.4173,-68.4173,-275.007,-68.7517
275.866,17.6044,52.0999,3.02019,19.0345,0.326137,-0.965926,-0.258819,0.875539,0.483147,7544.67,9988.67,12275.3,17852.3,28972,36881.7,40446,0,7403.33,11193.2,2745.69,21885.9,9037.28,31589.2,11707.6,377.738,843.578,18.2519,19.3169,-67.162,-67.162,-272.643,-68.1608
162.985,17.2862,53.3124,2.66152,15.7001,0.270601,-0.980785,-0.19509,0.875539,0.483147,5316,7544.67,9988.67,14964.3,26298.3,35156,41784,0,5185,8781.17,2607.85,19399.3,9148.48,30069.8,12617.1,298.331,808.802,17.8552,19.262,-112.881,-112.881,-317.629,-79.4073
0,15.5739,76.9503,1.2634,-14.0943,-0.243519,0.997859,0.0654031,0.88372,0.468015,0,0,0,0,0,0,0,1873.33,0,0,0,0,0,0,0,0,0,15.5539,15.725,0,0,0,0
0,15.5388,77.4818,1.22802,-10.6262,-0.184401,1,6.12323e-17,0.88372,0.468015,0,0,0,0,0,0,0,593,0,0,0,0,0,0,0,0,0,15.5265,15.7069,0,0,0,0
0,15.2923,79.1931,1.24415,-7.16235,-0.124681,0.997859,-0.0654031,0.88372,0.468015,0,0,0,0,0,0,0,37,0,0,0,0,0,0,0,0,0,15.4733,15.6837,0,0,0,0
0,15.1581,69.8556,1.53015,-3.70472,-0.0646146,0.991445,-0.130526,0.88372,0.468015,0,0,0,0,0,0,0,0,0,0,0,0,0,0,0,0,0,15.3908,15.6636,0,0,0,0
0.250307,15.3304,67.1406,1.26355,0.264277,0.00461248,0.980785,-0.19509,0.88372,0.468015,0,0,0,0,0,0,0,0,366.667,0,0,0,0,0,0,0.0625767,0.0104294,15.3299,15.6594,0.250307,0.250307,0.250307,0.0625767
3.66617,15.4522,65.1964,1.72747,3.40207,0.0593424,0.965926,-0.258819,0.88372,0.468015,212,0,0,0,0,0,0,0,1467.67,53,91.7987,17.6667,58.5937,8.83333,42.3632,0.979118,0.163186,15.3083,15.6578,3.41586,3.41586,3.66617,0.916542
9.98969,15.6051,65.0681,1.21967,6.73779,0.117326,0.94693,-0.321439,0.88372,0.468015,532,212,0,0,0,0,0,0,2999.33,186,217.706,62,153.254,31,112.714,3.47654,0.579424,15.3865,15.6548,6.32353,6.32353,9.98969,2.49742
22.3275,15.6588,66.1734,1.60597,10.1087,0.175515,0.92388,-0.382683,0.88372,0.468015,950.667,532,212,0,0,0,0,0,4695,423.667,358.386,141.222,287.578,70.6111,215.259,9.05841,1.50973,15.5116,15.6479,12.3378,12.3378,22.3275,5.58187
19.3024,15.7858,65.6329,1.50194,13.4786,0.233082,0.896873,-0.442289,0.88372,0.468015,1853.67,950.667,532,0,0,0,0,0,7057.67,887.083,616.471,295.694,549.135,147.847,415.492,13.8214,2.314,15.6255,15.6556,-3.02508,-3.02508,19.0521,4.76302
50.2001,15.8985,65.4127,1.25982,16.8345,0.289608,0.866025,-0.5,0.88372,0.468015,2563,1853.67,950.667,212,0,0,0,0,9921,1474.83,789.194,509.278,822.821,254.639,635.105,25.4549,4.40567,15.7371,15.669,30.8977,30.8977,46.534,11.6335
68.2506,16.1313,64.3575,1.33848,20.1686,0.344784,0.83147,-0.55557,0.88372,0.468015,3254,2563,1853.67,532,0,0,0,0,12822,2155.33,853.74,780.444,1099.86,390.222,870.123,40.0201,7.24945,15.8686,15.6866,18.0505,18.0505,58.2609,14.5652
87.4497,16.274,63.4597,1.26206,23.4748,0.398345,0.793353,-0.608761,0.88372,0.468015,4635.33,3254,2563,950.667,0,0,0,0,15901.3,3076.5,1027.19,1166.72,1499.35,583.361,1210.1,56.3007,10.8932,16.0224,15.7037,19.1991,19.1991,65.1222,16.2806
114.365,16.4591,63.992,1.26667,26.7465,0.450044,0.75184,-0.659346,0.88372,0.468015,6881.33,4635.33,3254,1853.67,0,0,0,0,19084.7,4333.42,1649.44,1740.17,2127.72,870.083,1738,80.0664,15.6584,16.1907,15.7276,26.9157,26.9157,95.063,23.7657
137.238,16.7675,61.534,1.01288,29.9768,0.49965,0.707107,-0.707107,0.88372,0.468015,10473.7,6881.33,4635.33,2563,212,0,0,0,22331.3,6311.08,2729.75,2612.97,3141.53,1306.49,2577.11,101.826,21.3767,16.4079,15.7637,22.8725,22.8725,87.0377,21.7594
243.527,17.3165,60.1701,1.02525,33.1577,0.546945,0.659346,-0.75184,0.88372,0.468015,16691.7,10473.7,6881.33,3254,532,0,0,0,25274.3,9670.5,4557.25,4003.94,4887.01,2001.97,3993.66,145.645,31.5236,16.7043,15.8223,106.289,106.289,175.277,43.8192
354.188,17.9161,57.1887,1.00833,36.2794,0.591724,0.608761,-0.793353,0.88372,0.468015,20853.3,16691.7,10473.7,4635.33,950.667,0,0,0,28236.7,13725,5408.82,5741.72,6571.57,2870.86,5462.11,212.33,46.2815,17.1148,15.9059,110.661,110.661,266.739,66.6847
501.79,19.1199,53.3165,0.951884,39.3303,0.63379,0.55557,-0.83147,0.88372,0.468015,23844.7,20853.3,16691.7,6881.33,1853.67,0,0,0,30915.3,17965.8,5016.33,7728.78,7987.47,3864.39,6843.49,309.186,67.1894,17.78,16.0403,147.602,147.602,387.425,96.8562
580.735,19.8587,50.7137,1.20513,42.2962,0.672964,0.5,-0.866025,0.88372,0.468015,27831,23844.7,20853.3,10473.7,2563,212,0,0,33089.7,22305.2,4078.12,10030.4,9352.47,5024.01,8294.55,420.06,91.3867,18.5528,16.2092,78.9453,78.9453,443.497,110.874
652.497,20.7358,48.7897,1.05321,45.1597,0.709075,0.442289,-0.896873,0.88372,0.468015,26406,27831,23844.7,16691.7,3254,532,0,0,35442,24733.8,2656.95,12186.5,9881.71,6124.26,9251.32,522.303,118.574,19.4076,16.4168,71.7613,71.7613,408.969,102.242
772.175,21.8063,44.6189,1.1948,47.8993,0.741968,0.382683,-0.92388,0.88372,0.468015,25879.3,26406,27831,20853.3,4635.33,950.667,0,0,37530.3,25990.2,1429.78,14263.9,9921.53,7202.57,9956.02,626.799,150.748,20.3802,16.6696,119.679,119.679,417.987,104.497
657.078,20.8761,44.0861,1.35628,50.4889,0.771502,0.321439,-0.94693,0.88372,0.468015,35652.3,25879.3,26406,23844.7,6881.33,1853.67,0,0,39071.7,28942.2,3939.36,17080.5,10760.6,8688.08,11334.8,665.621,178.126,20.8192,16.8832,-115.097,-115.097,155.288,38.822
882.997,20.6518,43.6345,1.73614,52.8966,0.797548,0.258819,-0.965926,0.88372,0.468015,38508,35652.3,25879.3,27831,10473.7,2563,0,0,40446,31611.4,5564.28,20075.9,11292.4,10292.6,12641.6,741.187,214.918,21.0175,17.0917,225.919,225.919,302.261,75.5653
1012.84,20.345,46.7165,2.51112,55.0845,0.819997,0.19509,-0.980785,0.88372,0.468015,33685.3,38508,35652.3,26406,16691.7,3254,0,0,41784,33431.2,4685.15,22611.8,10627.3,11696.1,13275.1,831.273,257.12,20.9198,17.2933,129.846,129.846,360.346,90.0865
871.696,20.4651,45.7615,2.26913,57.0084,0.83875,0.130526,-0.991445,0.88372,0.468015,27191.3,33685.3,38508,25879.3,20853.3,4635.33,0,0,42737,33759.2,4161.65,24491.5,9177.4,12829.1,13388.3,856.153,293.44,20.5845,17.5007,-141.147,-141.147,99.5207,24.8802
802.135,20.2157,47.0963,2.43199,58.6195,0.853728,0.0654031,-0.997859,0.88372,0.468015,29895.3,27191.3,33685.3,35652.3,23844.7,6881.33,0,0,43011,32320,4252.58,26409.3,7558.89,14074.8,13526.8,892.418,326.863,20.4194,17.6941,-69.5607,-69.5607,145.057,36.2643
645.903,19.9331,47.2541,2.40153,59.8674,0.864866,1.22465e-16,-1,0.88372,0.468015,37363.7,29895.3,27191.3,38508,27831,10473.7,0,0,43314.3,32033.9,3845.7,28650.2,6399.46,15631.6,13960.5,833.144,353.775,20.2397,17.8772,-156.232,-156.232,-237.093,-59.2733
907.474,20.0959,46.9226,2.76099,60.7055,0.872116,-0.0654031,-0.997859,0.88372,0.468015,41464,37363.7,29895.3,33685.3,26406,16691.7,0,0,43111,33978.6,5705.92,30714.5,6201.39,17359.2,14475.3,806.802,391.587,20.1774,18.0774,261.571,261.571,-105.369,-26.3422
1080.53,20.5887,46.6055,2.97373,61.098,0.875448,-0.130526,-0.991445,0.88372,0.468015,41119.3,41464,37363.7,27191.3,25879.3,20853.3,0,0,42724.7,37460.6,4654.46,32403.4,6043.44,19072.5,14750.1,859.01,436.609,20.2083,18.3036,173.053,173.053,208.831,52.2077
1059.35,20.8536,46.5011,2.88097,61.0268,0.874846,-0.19509,-0.980785,0.88372,0.468015,41576.3,41119.3,41464,29895.3,35652.3,23844.7,0,0,42165.7,40380.8,1750.08,33881,5936.96,20804.9,14849.5,923.313,480.738,20.3678,18.5338,-21.18,-21.18,257.211,64.3028
1043.07,20.9737,48.2789,2.79215,60.4952,0.870315,-0.258819,-0.965926,0.88372,0.468015,41149.3,41576.3,41119.3,37363.7,38508,27831,212,0,41475.3,41327.2,197.248,34990.9,5947.09,22510.6,14736.9,1022.6,524.046,20.628,18.7638,-16.28,-16.28,397.163,99.2908
1064.17,21.1337,46.6533,2.9936,59.5275,0.861872,-0.321439,-0.94693,0.88372,0.468015,35807.3,41149.3,41576.3,41464,33685.3,26406,532,0,40873.3,39913.1,2377.34,35774.3,5354.25,23980.4,14221.6,1061.78,567.97,20.8874,18.9942,21.1067,21.1067,156.699,39.1748
918.933,21.1434,47.2155,3.018,58.1633,0.849555,-0.382683,-0.92388,0.88372,0.468015,39942,35807.3,41149.3,41119.3,27191.3,25879.3,950.667,0,39565.3,39618.8,2280.69,36946.2,4536.84,25605.1,13716.1,1021.38,605.329,21.0261,19.2227,-145.24,-145.24,-161.593,-40.3983
1031.78,21.0796,48.1333,3.44148,56.4513,0.833417,-0.442289,-0.896873,0.88372,0.468015,39137,39942,35807.3,41576.3,29895.3,35652.3,1853.67,0,37867.3,39008.9,1982.33,37236.6,4556.21,27158.5,13032.4,1014.49,647.515,21.0826,19.4433,112.843,112.843,-27.57,-6.8925
1015.41,20.9065,51.2571,3.4618,54.4419,0.813526,-0.5,-0.866025,0.88372,0.468015,36623.3,39137,39942,41149.3,37363.7,38508,2563,0,36881.7,37877.4,1710.78,37079.5,4542.14,28577.7,12097.7,1007.57,687.732,21.0658,19.652,-16.3627,-16.3627,-27.6527,-6.91317
948.264,20.6705,51.9158,3.75015,52.1826,0.789968,-0.55557,-0.83147,0.88372,0.468015,34763.7,36623.3,39137,35807.3,41464,33685.3,3254,0,35156,37616.5,2052.13,37169.4,4484.4,29890.6,10931.8,978.597,724.4,20.95,19.8411,-67.15,-67.15,-115.909,-28.9773
902.795,21.1063,51.2231,3.61526,49.7157,0.762846,-0.608761,-0.793353,0.88372,0.468015,33763.3,34763.7,36623.3,39942,41119.3,27191.3,4635.33,0,33450.7,36071.8,2045.72,37717.1,3532.68,31104.3,9595.89,974.562,758.372,20.9408,20.0424,-45.4693,-45.4693,-16.1387,-4.03467
859.968,21.0391,51.7466,3.38651,47.0774,0.732274,-0.659346,-0.75184,0.88372,0.468015,31587.3,33763.3,34763.7,39137,41576.3,29895.3,6881.33,0,31507.7,34184.4,1817,37858.1,3239.26,32133.7,8159.85,931.61,789.439,20.9306,20.2333,-42.8267,-42.8267,-171.809,-42.9522
815.557,20.9533,51.1544,3.05293,44.2977,0.698386,-0.707107,-0.707107,0.88372,0.468015,29800.7,31587.3,33763.3,36623.3,41149.3,37363.7,10473.7,0,28972,32478.8,1925.99,37227.8,3935.14,32939,6827.39,881.646,817.703,20.9423,20.4077,-44.4113,-44.4113,-199.857,-49.9643
769.01,20.7199,51.8406,3.08426,41.4012,0.661327,-0.75184,-0.659346,0.88372,0.468015,26990.7,29800.7,31587.3,34763.7,35807.3,41464,16691.7,0,26298.3,30535.5,2481.49,36021.7,4611.77,33368.1,6074.9,836.832,839.598,20.9547,20.5495,-46.5467,-46.5467,-179.254,-44.8135
704.285,20.2475,54.0226,3.40278,38.408,0.621257,-0.793353,-0.608761,0.88372,0.468015,24793.7,26990.7,29800.7,33763.3,39942,41119.3,20853.3,0,23698.7,28293.1,2601.3,34661.2,5268.57,33532.3,5780.57,787.205,854.185,20.74,20.6466,-64.7253,-64.7253,-198.51,-49.6275
648.811,19.9843,54.7969,3.22075,35.3345,0.578349,-0.83147,-0.55557,0.88372,0.468015,22041,24793.7,26990.7,31587.3,39137,41576.3,23844.7,0,20922.7,25906.5,2851.33,33033.3,5864.74,33457.1,5916.16,734.416,860.311,20.4762,20.6826,-55.474,-55.474,-211.157,-52.7893
583.256,19.8891,54.2175,2.71114,32.194,0.532788,-0.866025,-0.5,0.88372,0.468015,18686.7,22041,24793.7,29800.7,36623.3,41149.3,27831,0,17852.3,23128,3106.51,31161.4,6523.35,33076.1,6528.95,676.34,860.416,20.2102,20.6839,-65.5547,-65.5547,-232.301,-58.0752
500.899,19.7926,54.8213,2.71447,28.9977,0.484774,-0.896873,-0.442289,0.88372,0.468015,15796.3,18686.7,22041,26990.7,34763.7,35807.3,26406,0,14964.3,20329.4,3395.09,29493.8,7592.65,32634.1,7281.44,609.312,854.099,19.9784,20.6446,-82.3573,-82.3573,-268.111,-67.0278
443.165,19.3521,56.7351,2.57066,25.7545,0.434516,-0.92388,-0.382683,0.88372,0.468015,13343,15796.3,18686.7,24793.7,33763.3,39942,25879.3,0,12275.3,17466.8,3248.37,27277.2,8085.5,32111.7,8145.64,544.033,840.391,19.7545,20.5424,-57.7333,-57.7333,-261.119,-65.2798
372.898,18.9725,58.768,2.5971,22.4723,0.382236,-0.94693,-0.321439,0.88372,0.468015,10812.7,13343,15796.3,22041,31587.3,39137,35652.3,0,9988.67,14659.7,2917.27,24916.9,8406.72,31076.7,9146.58,475.055,828.55,19.5016,20.463,-70.2673,-70.2673,-275.913,-68.9782
301.015,18.4926,60.7741,2.47227,19.1577,0.32817,-0.965926,-0.258819,0.88372,0.468015,8094,10812.7,13343,18686.7,29800.7,36623.3,38508,0,7544.67,12011.5,2867.14,22539.4,8785.48,29809.5,10087.7,404.494,804.3,19.1524,20.3731,-71.8833,-71.8833,-282.241,-70.5603
180.133,18.2685,61.7057,2.27761,15.8171,0.272567,-0.980785,-0.19509,0.88372,0.468015,5766.33,8094,10812.7,15796.3,26990.7,34763.7,33685.3,0,5316,9504,2846.44,20123,9074,28646.2,11129.6,324.303,769.604,18.7714,20.2865,-120.881,-120.881,-320.765,-80.1913
0,14.7708,76.9788,1.70867,-13.9034,-0.240286,0.997859,0.0654031,0.89164,0.452745,0,0,0,0,0,0,0,2102.33,0,0,0,0,0,0,0,0,0,14.8834,15.2426,0,0,0,0
0,14.7111,77.3287,1.29399,-10.4345,-0.181112,1,6.12323e-17,0.89164,0.452745,0,0,0,0,0,0,0,727.333,0,0,0,0,0,0,0,0,0,14.85,15.1771,0,0,0,0
0,14.6,77.5878,1.71001,-6.96938,-0.121339,0.997859,-0.0654031,0.89164,0.452745,0,0,0,0,0,0,0,99.6667,0,0,0,0,0,0,0,0,0,14.7428,15.117,0,0,0,0
0,14.4931,76.1951,2.32244,-3.51002,-0.0612231,0.991445,-0.130526,0.89164,0.452745,23.6667,0,0,0,0,0,0,0,0,5.91667,10.248,1.97222,6.54112,0.986111,4.72922,0,0,14.6437,15.0583,0,0,0,0
1.59763,14.6089,73.5374,2.16483,0.431212,0.007526,0.980785,-0.19509,0.89164,0.452745,531,23.6667,0,0,0,0,0,0,0,138.667,226.72,46.2222,146.311,23.1111,106.007,0.399408,0.0665681,14.6032,15.0083,1.59763,1.59763,1.59763,0.399408
20.8725,14.7103,71.8686,2.26335,3.59356,0.0626784,0.965926,-0.258819,0.89164,0.452745,1822,531,23.6667,0,0,0,0,0,212,594.167,739.944,198.056,510.84,99.0278,374.547,5.61754,0.936257,14.6031,14.9708,19.2749,19.2749,20.8725,5.21813
53.3195,14.9005,70.7917,2.28349,6.93746,0.120786,0.94693,-0.321439,0.89164,0.452745,3544.67,1822,531,0,0,0,0,0,532,1480.33,1360.27,493.444,1050.6,246.722,782.782,18.9474,3.1579,14.6782,14.9451,32.447,32.447,53.3195,13.3299
105.261,15.6141,67.8533,1.85704,10.3136,0.179035,0.92388,-0.382683,0.89164,0.452745,5803,3544.67,1822,23.6667,0,0,0,0,950.667,2925.17,1975.77,977.028,1788.54,488.514,1355.76,45.2627,7.54378,14.9585,14.9538,51.9416,51.9416,105.261,26.3153
167.081,16.5769,64.8097,1.62627,13.6884,0.236642,0.896873,-0.442289,0.89164,0.452745,8775.33,5803,3544.67,531,0,0,0,0,1853.67,4986.25,2603.6,1708.31,2766.29,854.153,2134.42,86.6335,14.5055,15.4504,15.005,61.8195,61.8195,165.483,41.3708
238.899,17.5046,61.8117,1.52089,17.0495,0.293198,0.866025,-0.5,0.89164,0.452745,11476.3,8775.33,5803,1822,0,0,0,0,2563,7399.83,2996.75,2664.67,3800.76,1332.33,2999.66,141.14,24.4596,16.149,15.0965,71.8187,71.8187,218.027,54.5067
298.304,18.4627,58.8964,1.68978,20.3893,0.348397,0.83147,-0.55557,0.89164,0.452745,14645.3,11476.3,8775.33,3544.67,0,0,0,0,3254,10175,3269.2,3885.11,4932.13,1942.56,3992.05,202.386,36.889,17.0396,15.2297,59.4047,59.4047,244.984,61.2461
379.615,19.541,54.6449,1.55084,23.7017,0.401975,0.793353,-0.608761,0.89164,0.452745,17538.3,14645.3,11476.3,5803,23.6667,0,0,0,4635.33,13108.8,3294.9,5346.64,6038.73,2673.32,5037.83,270.975,52.7063,18.0213,15.4069,81.3113,81.3113,274.354,68.5885
463.865,20.5021,50.3273,1.68003,26.9804,0.453685,0.75184,-0.659346,0.89164,0.452745,20835,17538.3,14645.3,8775.33,531,0,0,0,6881.33,16123.8,3463.42,7082.89,7145.64,3541.44,6170.25,345.171,72.034,19.0026,15.6287,84.2493,84.2493,296.784,74.196
543.905,21.5637,47.5231,1.22825,30.2184,0.503298,0.707107,-0.707107,0.89164,0.452745,23615.7,20835,17538.3,11476.3,1822,0,0,0,10473.7,19158.6,3379,9050.86,8110.76,4525.43,7305.6,421.422,94.6966,20.0174,15.8983,80.04,80.04,305.005,76.2513
611.585,21.9568,43.8745,1.57257,33.4078,0.550594,0.659346,-0.75184,0.89164,0.452745,26788.7,23615.7,20835,14645.3,3544.67,0,0,0,16691.7,22194.4,3415.19,11283.2,8955.08,5641.62,8480.84,499.742,120.179,20.8909,16.1865,67.68,67.68,313.281,78.3202
689.08,21.0494,42.186,2.43747,36.5389,0.595369,0.608761,-0.793353,0.89164,0.452745,30332.7,26788.7,23615.7,17538.3,5803,23.6667,0,0,20853.3,25393,3545.51,13809,9668.98,6905.49,9716.13,577.109,148.891,21.268,16.4424,77.4953,77.4953,309.465,77.3662
762.23,20.2429,39.5275,3.70082,39.6002,0.637427,0.55557,-0.83147,0.89164,0.452745,33076,30332.7,26788.7,20835,8775.33,531,0,0,23844.7,28453.2,3573.34,16521.1,10118.1,8283.65,10911.2,651.7,180.651,21.2032,16.6661,73.15,73.15,298.365,74.5913
829.008,20.3684,37.8711,3.31322,42.5775,0.676587,0.5,-0.866025,0.89164,0.452745,35371.3,33076,30332.7,23615.7,11476.3,1822,0,0,27831,31392.2,3200.93,19316.9,10303.7,9757.46,12024.8,722.976,215.193,20.9044,16.8934,66.778,66.778,285.103,71.2758
890.872,20.969,38.6657,2.29658,45.4533,0.712679,0.442289,-0.896873,0.89164,0.452745,37974.7,35371.3,33076,26788.7,14645.3,3544.67,0,0,26406,34188.7,2821.31,22186,10306,11339.7,13088.2,792.797,252.312,20.6574,17.146,61.864,61.864,279.287,69.8218
956.947,21.0584,38.2157,2.77261,48.2063,0.745549,0.382683,-0.92388,0.89164,0.452745,40705,37974.7,35371.3,30332.7,17538.3,5803,0,0,25879.3,36781.8,2852.05,25094.5,10196.4,13035.8,14106.6,859.764,292.185,20.6597,17.4067,66.0753,66.0753,267.867,66.9668
1011.33,21.2142,36.3127,3.10326,50.81,0.775055,0.321439,-0.94693,0.89164,0.452745,42413.7,40705,37974.7,33076,20835,8775.33,0,0,35652.3,39116.2,2679.77,27897.7,9945.41,14803,14991.8,922.038,334.324,20.9025,17.6742,54.378,54.378,249.095,62.2738
1052.18,21.6923,34.1243,2.31861,53.2324,0.80107,0.258819,-0.965926,0.89164,0.452745,43781.3,42413.7,40705,35371.3,23615.7,11476.3,0,0,38508,41218.7,2166.95,30589.8,9498.22,16627.2,15725.3,977.831,378.164,21.2335,17.9596,40.8547,40.8547,223.172,55.793
1089.91,22.2037,34.9335,2.73859,55.4349,0.823482,0.19509,-0.980785,0.89164,0.452745,45184.7,43781.3,42413.7,37974.7,26788.7,14645.3,0,0,33685.3,43021.2,1657.73,33134.8,8961.29,18509.9,16315.7,1027.59,423.577,21.5421,18.2585,37.7267,37.7267,199.035,49.7587
1131.13,21.9859,33.6422,2.60963,57.3726,0.842195,0.130526,-0.991445,0.89164,0.452745,45905.3,45184.7,43781.3,40705,30332.7,17538.3,0,0,27191.3,44321.2,1340.26,35498.7,8248.43,20422.7,16719.4,1071.13,470.708,21.774,18.5542,41.22,41.22,174.179,43.5448
1152.02,21.9713,32.714,3.34137,58.9956,0.857128,0.0654031,-0.997859,0.89164,0.452745,46904.7,45905.3,45184.7,42413.7,33076,20835,0,0,29895.3,45444,1137.77,37671.1,7499.32,22377,16957.6,1106.31,518.708,21.9633,18.8542,20.8933,20.8933,140.695,35.1737
1175.57,21.8385,32.4391,3.82693,60.2521,0.868217,1.22465e-16,-1,0.89164,0.452745,47257,46904.7,45905.3,43781.3,35371.3,23615.7,0,0,37363.7,46312.9,818.617,39641.2,6599.46,24346.1,16988.6,1137.16,567.691,21.9998,19.1512,23.5533,23.5533,123.393,30.8483
1190.25,22.0187,32.3056,3.49493,61.0942,0.875416,-0.0654031,-0.997859,0.89164,0.452745,47125.3,47257,46904.7,45184.7,37974.7,26788.7,0,0,41464,46798.1,530.58,41336,5619.84,26309.6,16783.3,1162.24,617.284,21.9536,19.4603,14.6733,14.6733,100.34,25.085
1199.53,22.0915,31.2061,3.63365,61.485,0.878692,-0.130526,-0.991445,0.89164,0.452745,46677.3,47125.3,47257,45905.3,40705,30332.7,23.6667,0,41119.3,46991.1,220.591,42698,4692.07,28253.5,16321.7,1179.34,667.264,21.98,19.7769,9.28,9.28,68.4,17.1
1199.86,22.5745,30.4124,3.46805,61.4059,0.878033,-0.19509,-0.980785,0.89164,0.452745,46303.7,46677.3,47125.3,46904.7,42413.7,33076,531,0,41576.3,46840.8,377.297,43800.3,3764.12,30160.7,15630.5,1191.3,717.192,22.1308,20.1088,0.333333,0.333333,47.84,11.96
1196.01,21.8324,32.0809,3.59395,60.8609,0.87344,-0.258819,-0.965926,0.89164,0.452745,46112.7,46303.7,46677.3,47257,43781.3,35371.3,1822,0,41149.3,46554.8,386.998,44695.4,2809.32,32006.2,14766.4,1196.41,766.156,22.1293,20.4056,-3.85333,-3.85333,20.4333,5.10833
1188.47,21.7584,31.2769,3.39554,59.8751,0.864933,-0.321439,-0.94693,0.89164,0.452745,45819.3,46112.7,46303.7,47125.3,45184.7,37974.7,3544.67,0,35807.3,46228.2,311.422,45349.2,1950.92,33767.6,13752.9,1195.97,813.454,22.0642,20.6913,-7.53333,-7.53333,-1.77333,-0.443333
1169.81,22.0458,28.7451,3.4024,58.4902,0.85255,-0.382683,-0.92388,0.89164,0.452745,44252.7,45819.3,46112.7,46677.3,45905.3,40705,5803,0,39942,45622.1,809.234,45644.8,1421.81,35369.7,12592.5,1188.54,857.81,22.0528,20.9593,-18.66,-18.66,-29.7133,-7.42833
1143.13,21.7109,29.9887,3.58336,56.756,0.836344,-0.442289,-0.896873,0.89164,0.452745,42073,44252.7,45819.3,46303.7,46904.7,42413.7,8775.33,0,39137,44564.4,1602.83,45616.4,1487.9,36757.1,11360,1174.36,898.479,21.8369,21.1732,-26.68,-26.68,-56.7267,-14.1817
1109.62,21.7623,31.6526,3.10632,54.7244,0.816383,-0.5,-0.866025,0.89164,0.452745,40795,42073,44252.7,46112.7,47257,43781.3,11476.3,0,36623.3,43235,1937.67,45367.6,1951.53,37978.7,10080.1,1152.76,934.759,21.8193,21.3506,-33.5133,-33.5133,-86.3867,-21.5967
1076.75,21.6365,31.5511,3.49108,52.4437,0.792755,-0.55557,-0.83147,0.89164,0.452745,39270.7,40795,42073,45819.3,47125.3,45184.7,14645.3,0,34763.7,41597.8,1825.8,44874.7,2580.79,39004.7,8828.33,1124.83,967.194,21.7889,21.4829,-32.8733,-32.8733,-111.727,-27.9317
1034.24,21.4154,30.83,3.60895,49.9568,0.76556,-0.608761,-0.793353,0.89164,0.452745,37433,39270.7,40795,44252.7,46677.3,45905.3,17538.3,0,33763.3,39892.9,1732.4,44168.7,3269.31,39833.7,7625.93,1090.94,994.47,21.6313,21.561,-42.5067,-42.5067,-135.573,-33.8933
981.915,20.9907,33.0099,3.05915,47.3001,0.734916,-0.659346,-0.75184,0.89164,0.452745,35457.3,37433,39270.7,42073,46303.7,46904.7,20835,0,31587.3,38239,1999.05,43214.8,3934.28,40442.9,6598.64,1050.63,1016.06,21.4512,21.5813,-52.3253,-52.3253,-161.219,-40.3047
929.142,20.7696,35.2765,3.29725,44.5036,0.700954,-0.707107,-0.707107,0.89164,0.452745,32856.7,35457.3,37433,40795,46112.7,47257,23615.7,0,29800.7,36254.4,2380.49,42014.7,4649.48,40828,5830.4,1005.51,1032.11,21.203,21.5482,-52.7727,-52.7727,-180.478,-45.1195
869.599,20.9128,35.2011,2.91368,41.5919,0.663821,-0.75184,-0.659346,0.89164,0.452745,29990,32856.7,35457.3,39270.7,45819.3,47125.3,26788.7,0,26990.7,33934.2,2796.4,40586.8,5426.94,40961.4,5536.92,953.724,1042.86,21.0221,21.5047,-59.5433,-59.5433,-207.148,-51.787
808.525,20.7404,35.971,2.52701,38.5852,0.623677,-0.793353,-0.608761,0.89164,0.452745,27128.7,29990,32856.7,37433,44252.7,46677.3,30332.7,0,24793.7,31358.2,3114.85,38957.7,6228.96,40827.9,5822.82,897.295,1047.83,20.8534,21.4918,-61.0733,-61.0733,-225.715,-56.4287
742.975,20.7508,37.7425,2.38721,35.4995,0.580696,-0.83147,-0.55557,0.89164,0.452745,24182,27128.7,29990,35457.3,42073,46303.7,33076,0,22041,28539.3,3229.56,37114.2,7007.01,40457.3,6542.88,837.56,1047.03,20.7934,21.513,-65.5507,-65.5507,-238.94,-59.735
666.157,20.7061,38.0272,2.80613,32.3482,0.535064,-0.866025,-0.5,0.89164,0.452745,20429,24182,27128.7,32856.7,40795,46112.7,35371.3,0,18686.7,25432.4,3544.24,34973.9,7808.29,39834.7,7619.56,771.814,1040.25,20.7775,21.5271,-76.8173,-76.8173,-262.985,-65.7462
582.91,20.3816,39.3059,2.74287,29.1422,0.486978,-0.896873,-0.442289,0.89164,0.452745,16792.7,20429,24182,29990,39270.7,45819.3,37974.7,0,15796.3,22133.1,3891.59,32555.1,8535.99,38952.1,8902.64,700.142,1027.42,20.6447,21.5026,-83.2473,-83.2473,-286.689,-71.6722
468.177,19.8013,41.7891,3.01007,25.8904,0.43665,-0.92388,-0.382683,0.89164,0.452745,14009,16792.7,20429,27128.7,37433,44252.7,40705,0,13343,18853.2,3827.25,30034.8,9152.67,37839.8,10189,615.055,1007.05,20.41,21.4502,-114.733,-114.733,-340.348,-85.087
418.833,19.2105,45.4962,2.66679,22.6004,0.384302,-0.94693,-0.321439,0.89164,0.452745,11333.3,14009,16792.7,24182,35457.3,42073,42413.7,0,10812.7,15641,3371.6,27473.1,9709.69,36544.8,11425.4,534.019,982.363,20.0249,21.3667,-49.3447,-49.3447,-324.142,-81.0355
338.574,18.7587,48.4499,2.34953,19.279,0.330169,-0.965926,-0.258819,0.89164,0.452745,8631,11333.3,14009,20429,32856.7,40795,43781.3,0,8094,12691.5,3036.76,24792.8,10094,35080.2,12596.8,452.124,952.629,19.538,21.2445,-80.2587,-80.2587,-327.583,-81.8958
186.174,18.4451,50.8743,2.68807,15.9323,0.274501,-0.980785,-0.19509,0.89164,0.452745,6215,8631,11333.3,16792.7,29990,39270.7,45184.7,0,5766.33,10047.1,2917.25,22038.1,10276,33456.4,13656.7,352.94,914.974,19.0539,21.0879,-152.4,-152.4,-396.736,-99.184
0,15.0126,55.4947,2.02557,-13.7096,-0.237002,0.997859,0.0654031,0.899296,0.43734,0,0,0,0,0,0,0,2357,0,0,0,0,0,0,0,0,0,15.1725,15.5979,0,0,0,0
0,14.9781,55.2813,2.29319,-10.2401,-0.177774,1,6.12323e-17,0.899296,0.43734,0,0,0,0,0,0,0,852.667,0,0,0,0,0,0,0,0,0,15.096,15.5344,0,0,0,0
0,15.0523,54.7357,2.39843,-6.77385,-0.117951,0.997859,-0.0654031,0.899296,0.43734,0,0,0,0,0,0,0,126,0,0,0,0,0,0,0,0,0,15.0576,15.4812,0,0,0,0
0,15.0083,54.4544,2.42291,-3.31286,-0.0577881,0.991445,-0.130526,0.899296,0.43734,55.3333,0,0,0,0,0,0,0,23.6667,13.8333,23.96,4.61111,15.2933,2.30556,11.0571,0,0,15.0128,15.4319,0,0,0,0
2.40014,14.9079,54.4976,2.67995,0.602063,0.0105078,0.980785,-0.19509,0.899296,0.43734,584.667,55.3333,0,0,0,0,0,0,531,160,246.22,53.3333,160.925,26.6667,116.874,0.600035,0.100006,14.9867,15.3837,2.40014,2.40014,2.40014,0.600035
17.1983,15.0082,53.393,2.72727,3.78772,0.06606,0.965926,-0.258819,0.899296,0.43734,1936,584.667,55.3333,0,0,0,0,0,1822,644,780.072,214.667,543.14,107.333,398.774,4.89961,0.816603,14.9942,15.3464,14.7982,14.7982,17.1983,4.29958
61.0484,15.4036,51.8316,2.72532,7.13935,0.124283,0.94693,-0.321439,0.899296,0.43734,3832.33,1936,584.667,0,0,0,0,0,3544.67,1602.08,1458.86,534.028,1131.28,267.014,843.323,20.1617,3.36028,15.082,15.3287,43.85,43.85,61.0484,15.2621
126.779,16.2195,49.003,2.73143,10.5206,0.182588,0.92388,-0.382683,0.899296,0.43734,6169.33,3832.33,1936,55.3333,0,0,0,0,5803,3130.58,2099.71,1048.14,1907.38,524.069,1446.96,51.8564,8.64273,15.3848,15.3505,65.7304,65.7304,126.779,31.6947
198.174,17.324,45.2512,2.55158,13.9002,0.240231,0.896873,-0.442289,0.899296,0.43734,9403.33,6169.33,3832.33,584.667,0,0,0,0,8775.33,5335.25,2786.51,1831.75,2958.03,915.875,2283.38,100.8,16.9,15.9888,15.4205,71.3953,71.3953,195.774,48.9435
275.564,18.5562,42.3499,2.24463,17.2663,0.296814,0.866025,-0.5,0.899296,0.43734,12674.7,9403.33,6169.33,1936,0,0,0,0,11476.3,8019.92,3336.95,2887.97,4141.51,1443.99,3265.14,165.391,28.3818,16.8758,15.5412,77.39,77.39,258.366,64.5914
354.661,19.5861,39.4497,2.25238,20.6117,0.352033,0.83147,-0.55557,0.899296,0.43734,15859.3,12674.7,9403.33,3832.33,0,0,0,0,14645.3,11026.7,3615.92,4209.58,5360.21,2104.79,4335.44,238.795,43.1594,17.9214,15.7045,79.0973,79.0973,293.613,73.4032
433.833,20.5729,37.2697,1.76229,23.9303,0.405624,0.793353,-0.608761,0.899296,0.43734,19027,15859.3,12674.7,6169.33,55.3333,0,0,0,17538.3,14241.1,3584.03,5795.17,6560.28,2897.58,5469.43,315.558,61.2357,19.0098,15.913,79.1713,79.1713,307.054,76.7635
501.116,21.0145,33.8689,2.37444,27.2158,0.457343,0.75184,-0.659346,0.899296,0.43734,22584.3,19027,15859.3,9403.33,584.667,0,0,0,20835,17536.3,3679.42,7677.19,7757.98,3838.6,6695.37,391.293,82.1156,19.9324,16.1443,67.2833,67.2833,302.942,75.7355
590.443,20.4596,32.4317,2.06293,30.4614,0.506958,0.707107,-0.707107,0.899296,0.43734,25618.7,22584.3,19027,12674.7,1936,0,0,0,23615.7,20772.3,3672.67,9812.08,8805.77,4906.04,7927.17,470.013,106.717,20.4083,16.357,89.3273,89.3273,314.879,78.7198
663.524,21.0418,30.6783,2.35897,33.6593,0.554253,0.659346,-0.75184,0.899296,0.43734,28683,25618.7,22584.3,15859.3,3832.33,0,0,0,26788.7,23978.2,3580.63,12202.3,9668.57,6101.17,9163.23,547.229,134.364,20.7722,16.5956,73.0807,73.0807,308.863,77.2157
730.929,21.3747,29.954,2.40487,36.7997,0.59902,0.608761,-0.793353,0.899296,0.43734,31642.7,28683,25618.7,19027,6169.33,55.3333,0,0,30332.7,27132.2,3380.94,14834.6,10283.5,7419.61,10385.4,621.503,164.82,20.9726,16.8438,67.4047,67.4047,297.096,74.274
800.453,22.2239,27.6296,1.91105,39.8714,0.641066,0.55557,-0.83147,0.899296,0.43734,34075,31642.7,28683,22584.3,9403.33,584.667,0,0,33076,30004.8,3171.53,17625.5,10577.8,8839.4,11539.2,696.337,198.172,21.275,17.1248,69.524,69.524,299.337,74.8342
863.427,21.7044,27.8126,2.16113,42.86,0.680209,0.5,-0.866025,0.899296,0.43734,36546,34075,31642.7,25618.7,12674.7,1936,0,0,35371.3,32736.7,2912.52,20509.6,10625,10362.2,12631.9,764.583,234.148,21.5862,17.3831,62.974,62.974,272.983,68.2458
922.787,22.2007,25.9972,2.14104,45.7482,0.71628,0.442289,-0.896873,0.899296,0.43734,38697.7,36546,34075,28683,15859.3,3832.33,0,0,37974.7,35240.3,2643.82,23415.1,10432.5,11974.6,13636.1,829.399,272.597,21.8759,17.668,59.36,59.36,259.263,64.8157
981.141,23.5826,24.1205,1.77771,48.5145,0.749124,0.382683,-0.92388,0.899296,0.43734,41337.3,38697.7,36546,31642.7,19027,6169.33,0,0,40705,37664,2678.28,26345.8,10110.9,13696.9,14592,891.952,313.478,22.4279,18.0107,58.354,58.354,250.212,62.553
1031.05,23.0324,23.9895,2.24059,51.1325,0.778599,0.321439,-0.94693,0.899296,0.43734,42845,41337.3,38697.7,34075,22584.3,9403.33,0,0,42413.7,39856.5,2420.04,29132.6,9655.56,15482.2,15405.3,949.6,356.438,22.63,18.3309,49.906,49.906,230.594,57.6485
1074.16,22.3786,24.6749,2.32993,53.5695,0.804578,0.258819,-0.965926,0.899296,0.43734,43913.3,42845,41337.3,36546,25618.7,12674.7,0,0,43781.3,41698.3,1959.3,31735.8,9060.2,17311.9,16052.1,1002.28,401.195,22.7986,18.6265,43.1133,43.1133,210.733,52.6833
1110.19,21.7795,25.144,2.47763,55.7868,0.826951,0.19509,-0.980785,0.899296,0.43734,45083.3,43913.3,42845,38697.7,28683,15859.3,0,0,45184.7,43294.8,1379.8,34171.1,8366.46,19190.3,16546.5,1049.14,447.453,22.6933,18.9004,36.0333,36.0333,187.407,46.8517
1139.01,22.2076,25.3945,2.96114,57.7384,0.84562,0.130526,-0.991445,0.899296,0.43734,45938.7,45083.3,43913.3,41337.3,31642.7,19027,0,0,45905.3,44445.1,1170.6,36413.8,7576,21104.5,16869.8,1088.6,494.912,22.3495,19.1929,28.8133,28.8133,157.866,39.4665
1164.75,22.5261,24.5763,3.24084,59.3735,0.860506,0.0654031,-0.997859,0.899296,0.43734,46790,45938.7,45083.3,42845,34075,22584.3,0,0,46904.7,45431.3,1064.05,38430.9,6808.93,23054,17021.2,1122.03,543.443,22.2229,19.506,25.74,25.74,133.7,33.425
1184.61,22.1173,24.1311,3.58127,60.6387,0.871545,1.22465e-16,-1,0.899296,0.43734,47298,46790,45938.7,43913.3,36546,25618.7,0,0,47257,46277.5,843.345,40237.5,5997.53,25024.8,16975.9,1149.64,592.802,22.1576,19.8034,19.8667,19.8667,110.453,27.6133
1197.14,22.0115,24.6927,2.95219,61.4846,0.878689,-0.0654031,-0.997859,0.899296,0.43734,47390.3,47298,46790,45083.3,38697.7,28683,0,0,47125.3,46854.2,575.916,41796.4,5165.08,26999.4,16704.3,1171.38,642.683,22.2156,20.0934,12.5267,12.5267,86.9467,21.7367
1200,22.7379,24.0595,3.3029,61.8734,0.881908,-0.130526,-0.991445,0.899296,0.43734,46255,47390.3,47298,45938.7,41337.3,31642.7,55.3333,0,46677.3,46933.3,453.462,43014.1,4273.2,28924.4,16140.8,1186.62,692.683,22.3482,20.4155,2.86,2.86,60.9933,15.2483
1200,22.8617,23.8058,2.85803,61.786,0.881188,-0.19509,-0.980785,0.899296,0.43734,45907.3,46255,47390.3,46790,42845,34075,584.667,0,46303.7,46712.7,644.179,44000.2,3365.49,30812.8,15346.5,1195.44,742.583,22.4321,20.7469,0,0,35.2533,8.81333
1198.93,22.3201,22.7197,3.26157,61.2269,0.876532,-0.258819,-0.965926,0.899296,0.43734,45703.3,45907.3,46255,47298,43913.3,36546,1936,0,46112.7,46314,651.971,44763.3,2521.02,32636.5,14376.5,1199.02,791.822,22.4828,21.0515,-1.06667,-1.06667,14.32,3.58
1184.79,22.1636,24.9857,3.43418,60.2225,0.867961,-0.321439,-0.94693,0.899296,0.43734,44928.3,45703.3,45907.3,47390.3,45083.3,38697.7,3832.33,0,45819.3,45698.5,486.437,45282.5,1738.46,34348.8,13246.7,1195.93,838.644,22.5208,21.3332,-14.14,-14.14,-12.3467,-3.08667
1161.73,21.9579,27.1201,3.8967,58.8162,0.85551,-0.382683,-0.92388,0.899296,0.43734,43774.3,44928.3,45703.3,46255,45938.7,41337.3,6169.33,0,44252.7,45078.3,836.777,45485.6,1368.77,35915.7,11984.8,1186.36,881.767,22.3258,21.5723,-23.06,-23.06,-38.2667,-9.56667
1132.51,21.9027,29.1247,3.99075,57.0594,0.839234,-0.442289,-0.896873,0.899296,0.43734,42254.7,43774.3,44928.3,45907.3,46790,42845,9403.33,0,42073,44165.2,1299.15,45436.4,1469.68,37284.5,10684,1169.49,920.698,22.0861,21.7631,-29.2267,-29.2267,-67.4933,-16.8733
1107.02,21.7137,27.0511,4.00389,55.0051,0.819203,-0.5,-0.866025,0.899296,0.43734,40822.3,42254.7,43774.3,45703.3,47298,43913.3,12674.7,0,40795,42944.9,1549.49,45178.8,1916.88,38457.3,9384,1146.51,955.342,21.9345,21.8947,-25.4867,-25.4867,-91.9133,-22.9783
1072.31,21.7503,26.5127,4.43787,52.7028,0.795503,-0.55557,-0.83147,0.899296,0.43734,39106,40822.3,42254.7,44928.3,47390.3,45083.3,15859.3,0,39270.7,41489.3,1727.15,44680.7,2549.27,39425.9,8115.48,1118.39,985.244,21.8312,21.9848,-34.7133,-34.7133,-112.487,-28.1217
1026.69,21.3313,27.9347,3.99085,50.1957,0.768235,-0.608761,-0.793353,0.899296,0.43734,37454,39106,40822.3,43774.3,46255,45938.7,19027,0,37433,39909.2,1803.34,43973.6,3196.73,40193.7,6935.09,1084.63,1009.95,21.6745,22.0164,-45.6133,-45.6133,-135.04,-33.76
977.026,21.2404,28.4623,4.14499,47.5204,0.737517,-0.659346,-0.75184,0.899296,0.43734,35131,37454,39106,42254.7,45907.3,46790,22584.3,0,35457.3,38128.3,2100.73,43002.1,3889.75,40716.5,5997.47,1045.76,1029.78,21.5089,22.0258,-49.6673,-49.6673,-155.481,-38.8702
920.63,21.3347,29.3388,4.00941,44.707,0.703482,-0.707107,-0.707107,0.899296,0.43734,32606.3,35131,37454,40822.3,45703.3,47298,25618.7,0,32856.7,36074.3,2450.07,41777.8,4593.39,41007.6,5397.02,999.164,1043.53,21.4142,22.0623,-56.396,-56.396,-186.39,-46.5975
861.315,21.1782,29.3815,3.8231,41.7803,0.666276,-0.75184,-0.659346,0.899296,0.43734,29810.7,32606.3,35131,39106,44928.3,47390.3,28683,0,29990,33750.5,2848.38,40312.8,5316.22,41054.6,5293.44,946.416,1051.78,21.2712,22.068,-59.3147,-59.3147,-210.991,-52.7478
799.572,20.9195,29.823,3.93946,38.7599,0.626059,-0.793353,-0.608761,0.899296,0.43734,27011,29810.7,32606.3,37454,43774.3,46255,31642.7,0,27128.7,31139.8,3037.02,38709.1,6123.13,40861.6,5701.74,889.636,1054.64,21.1682,22.049,-61.7433,-61.7433,-227.121,-56.7803
730.114,20.6167,29.5171,3.39896,35.6622,0.583005,-0.83147,-0.55557,0.899296,0.43734,24014.7,27011,29810.7,35131,42254.7,45907.3,34075,0,24182,28360.7,3195.21,36884.7,6916.67,40442.4,6499.3,827.908,1051.7,21.0123,21.9821,-69.458,-69.458,-246.912,-61.728
658.34,20.3802,30.1909,2.86685,32.5001,0.537301,-0.866025,-0.5,0.899296,0.43734,20583.7,24014.7,27011,32606.3,40822.3,45703.3,36546,0,20429,25355,3433.56,34791.4,7689.05,39777.3,7589.34,762.335,1043.16,20.7736,21.9269,-71.774,-71.774,-262.29,-65.5725
585.977,20.172,33.3795,3.08331,29.2844,0.489145,-0.896873,-0.442289,0.899296,0.43734,16805.7,20583.7,24014.7,29810.7,39106,44928.3,38697.7,0,16792.7,22103.8,3811.6,32447.9,8486.66,38865.2,8871.57,693.501,1029.13,20.5221,21.8424,-72.3627,-72.3627,-275.338,-68.8345
505.761,19.8159,34.9169,3.09619,26.0241,0.438748,-0.92388,-0.382683,0.899296,0.43734,13739,16805.7,20583.7,27011,37454,43774.3,41337.3,0,14009,18785.8,3871.84,29944.9,9178.04,37715.2,10170.2,620.048,1009.32,20.2462,21.6854,-80.2167,-80.2167,-293.811,-73.4528
418.733,19.2763,38.2112,2.77517,22.7265,0.386333,-0.94693,-0.321439,0.899296,0.43734,11079,13739,16805.7,24014.7,35131,42254.7,42845,0,11333.3,15551.8,3542.03,27346.9,9722.12,36391.7,11408.2,542.203,983.805,19.9111,21.5289,-87.0273,-87.0273,-311.381,-77.8452
338.272,18.7363,40.8454,1.73731,19.3984,0.332134,-0.965926,-0.258819,0.899296,0.43734,8286,11079,13739,20583.7,32606.3,40822.3,43913.3,0,8631,12477.4,3156.3,24635.6,10115,34907.2,12589.7,462.186,953.143,19.5001,21.3771,-80.4613,-80.4613,-320.068,-80.017
182.239,18.6499,40.9277,1.44473,16.0457,0.276403,-0.980785,-0.19509,0.899296,0.43734,5827,8286,11079,16805.7,29810.7,39106,45083.3,0,6215,9732.75,2966.92,21862.3,10327.3,33271.5,13665.5,361.251,914.478,19.1196,21.2467,-156.033,-156.033,-403.738,-100.934
0,15.8559,41.6262,2.24991,-13.5132,-0.233669,0.997859,0.0654031,0.906686,0.421806,0,0,0,0,0,0,0,2269,0,0,0,0,0,0,0,0,0,15.9456,16.1791,0,0,0,0
0,15.8859,41.683,2.34559,-10.0432,-0.17439,1,6.12323e-17,0.906686,0.421806,0,0,0,0,0,0,0,764.333,0,0,0,0,0,0,0,0,0,15.8987,16.167,0,0,0,0
0,15.8709,42.2457,2.02855,-6.57587,-0.114519,0.997859,-0.0654031,0.906686,0.421806,0,0,0,0,0,0,0,87.3333,0,0,0,0,0,0,0,0,0,15.8752,16.1475,0,0,0,0
0,15.7403,43.2546,2.07199,-3.11338,-0.0543119,0.991445,-0.130526,0.906686,0.421806,34.3333,0,0,0,0,0,0,0,55.3333,8.58333,14.8668,2.86111,9.48923,1.43056,6.8607,0,0,15.8383,16.1195,0,0,0,0
1.95079,15.7507,42.6233,2.04765,0.776845,0.0135581,0.980785,-0.19509,0.906686,0.421806,595.667,34.3333,0,0,0,0,0,0,584.667,157.5,253.364,52.5,164.043,26.25,118.929,0.487697,0.0812828,15.812,16.0962,1.95079,1.95079,1.95079,0.487697
21.5616,15.5977,44.9676,1.68597,3.98439,0.0694847,0.965926,-0.258819,0.906686,0.421806,2045,595.667,34.3333,0,0,0,0,0,1936,668.75,829.023,222.917,573.129,111.458,420.311,5.8781,0.979683,15.7399,16.0658,19.6108,19.6108,21.5616,5.3904
55.6355,15.8381,44.9168,1.79301,7.34333,0.127815,0.94693,-0.321439,0.906686,0.421806,3853.33,2045,595.667,0,0,0,0,0,3832.33,1632.08,1477.45,544.028,1148.72,272.014,856.602,19.787,3.29783,15.7317,16.0447,34.0739,34.0739,55.6355,13.9089
114.562,16.3933,45.1982,1.40954,10.7294,0.186171,0.92388,-0.382683,0.906686,0.421806,5538,3853.33,2045,34.3333,0,0,0,0,6169.33,3008,1861.6,1005.53,1777.7,502.764,1353.84,48.4276,8.07126,15.8949,16.0469,58.9269,58.9269,114.562,28.6406
164.626,17.5783,44.1845,1.53895,14.1137,0.243847,0.896873,-0.442289,0.906686,0.421806,8135.67,5538,3853.33,595.667,0,0,0,0,9403.33,4893,2242.93,1683.5,2617.8,841.75,2033.47,89.0964,14.9307,16.3519,16.1031,50.0636,50.0636,162.675,40.6688
228.28,18.6589,42.9479,2.15156,17.4848,0.300453,0.866025,-0.5,0.906686,0.421806,11363,8135.67,5538,2045,0,0,0,0,12674.7,7222.5,2835.77,2630.42,3678.01,1315.21,2914.39,140.776,24.4423,17.1171,16.2026,63.654,63.654,206.718,51.6796
308.998,19.5089,41.1647,1.76413,20.8357,0.355689,0.83147,-0.55557,0.906686,0.421806,14105,11363,8135.67,3853.33,0,0,0,0,15859.3,9785.42,3236.89,3805.83,4747.82,1902.92,3859.01,204.117,37.3173,18.0348,16.3345,80.718,80.718,253.362,63.3406
380.637,20.3867,40.1291,1.52721,24.1603,0.409291,0.793353,-0.608761,0.906686,0.421806,16723.7,14105,11363,5538,34.3333,0,0,0,19027,12581.8,3190.95,5199.47,5770.47,2599.74,4838.16,270.635,53.1772,19.0332,16.4994,71.6393,71.6393,266.075,66.5187
446.598,20.2594,42.7818,2.11715,27.4526,0.461014,0.75184,-0.659346,0.906686,0.421806,20177,16723.7,14105,8135.67,595.667,0,0,0,22584.3,15592.2,3255.71,6880.89,6849.25,3440.44,5940.77,341.128,71.7854,19.7035,16.6605,65.9607,65.9607,281.972,70.493
524.109,20.0755,45.3015,2.44381,30.7057,0.510629,0.707107,-0.707107,0.906686,0.421806,23276.7,20177,16723.7,11363,2045,0,0,0,25618.7,18570.6,3467,8820.61,7848.94,4410.31,7088.99,415.086,93.6233,20.0576,16.8175,77.5107,77.5107,295.829,73.9572
599.297,20.0843,47.5929,2.90353,33.9119,0.557918,0.659346,-0.75184,0.906686,0.421806,23860,23276.7,20177,14105,3853.33,0,0,0,28683,21009.3,2842.83,10808.9,8367.64,5404.47,8013.55,487.66,118.594,20.2015,16.9805,75.188,75.188,290.299,72.5747
616.964,20.0039,49.8251,3.18722,37.0617,0.602675,0.608761,-0.793353,0.906686,0.421806,28229,23860,23276.7,16723.7,5538,34.3333,0,0,31642.7,23885.7,2871.86,13158.5,8950.47,6580.68,9128.15,546.742,144.301,20.1057,17.1428,17.6673,17.6673,236.327,59.0817
700.788,19.724,52.4811,3.22897,40.1436,0.644706,0.55557,-0.83147,0.906686,0.421806,30477,28229,23860,20177,8135.67,595.667,0,0,34075,26460.7,3006.63,15648.6,9260.26,7850.56,10183.3,610.289,173.5,19.9719,17.2945,83.824,83.824,254.19,63.5475
773.191,20.1337,51.649,3.05581,43.1435,0.683828,0.5,-0.866025,0.906686,0.421806,32935,30477,28229,23276.7,11363,2045,0,0,36546,28875.2,3339.82,18222.8,9413.08,9222.85,11201.2,672.56,205.717,19.9865,17.4682,72.4027,72.4027,249.082,62.2705
833.709,20.4349,50.3198,3.19834,46.0441,0.719875,0.442289,-0.896873,0.906686,0.421806,34826,32935,30477,23860,14105,3853.33,0,0,38697.7,31616.8,2490.63,20803.8,9365.35,10673.9,12129.7,731.163,240.454,20.0741,17.656,60.5187,60.5187,234.413,58.6032
881.408,20.6384,49.4367,3.36553,48.8238,0.752689,0.382683,-0.92388,0.906686,0.421806,37698,34826,32935,28229,16723.7,5538,0,0,41337.3,33984,2641.13,23483.8,9213.65,12244.7,13051.6,797.274,277.18,20.2328,17.8495,47.6987,47.6987,264.444,66.111
932.196,20.6477,49.9572,2.79253,51.456,0.78213,0.321439,-0.94693,0.906686,0.421806,39573,37698,34826,30477,20177,8135.67,0,0,42845,36258,2557.14,26103.6,8942.56,13893.6,13874.3,855.126,316.021,20.4637,18.0414,50.788,50.788,231.408,57.852
986.765,21.1776,48.8934,2.3894,53.9079,0.808072,0.258819,-0.965926,0.906686,0.421806,41357.7,39573,37698,32935,23276.7,11363,0,0,43913.3,38363.7,2417.89,28603.2,8660.54,15616.8,14591.5,908.519,357.136,20.7247,18.2541,54.5687,54.5687,213.574,53.3935
1033.27,21.8118,46.4223,2.49781,56.14,0.830402,0.19509,-0.980785,0.906686,0.421806,43094.7,41357.7,39573,34826,23860,14105,0,0,45083.3,40430.8,2009.93,31019,8315.81,17412.4,15198.2,958.411,400.19,21.0689,18.4977,46.5087,46.5087,199.564,49.891
1077.05,22.3787,43.8208,2.05765,58.1058,0.849025,0.130526,-0.991445,0.906686,0.421806,43865.7,43094.7,41357.7,37698,28229,16723.7,0,0,45938.7,41972.8,1656.73,33280.8,7794.89,19240.1,15625.9,1007.32,445.066,21.504,18.7682,43.7733,43.7733,195.639,48.9097
1105.95,22.5188,43.4356,2.58538,59.7529,0.863861,0.0654031,-0.997859,0.906686,0.421806,44234,43865.7,43094.7,39573,30477,20177,0,0,46790,43138,1107.04,35285.6,7240.85,21083.2,15854.9,1050.76,491.148,21.9717,19.0458,28.9,28.9,173.751,43.4377
1120.19,21.2356,48.3374,3.23424,61.0269,0.874847,1.22465e-16,-1,0.906686,0.421806,45019.7,44234,43865.7,41357.7,32935,23276.7,0,0,47298,44053.5,692.947,37097.5,6710.07,22959,15912.6,1084.11,537.822,21.9862,19.2687,14.24,14.24,133.422,33.3555
1132.49,20.9207,49.5549,3.35069,61.8766,0.881935,-0.0654031,-0.997859,0.906686,0.421806,45358,45019.7,44234,43094.7,34826,23860,0,0,47390.3,44619.3,596.32,38889,5735.8,24849,15766.4,1108.92,585.009,21.7635,19.4791,12.3,12.3,99.2133,24.8033
1140.84,21.2253,49.6832,3.03523,62.2631,0.885094,-0.130526,-0.991445,0.906686,0.421806,44270.3,45358,45019.7,43865.7,37698,28229,34.3333,0,46255,44720.5,483.539,40225.8,4904.7,26692.1,15337.6,1124.86,632.544,21.4751,19.7076,8.35333,8.35333,63.7933,15.9483
1138.51,20.5596,52.0966,3.32805,62.167,0.884312,-0.19509,-0.980785,0.906686,0.421806,44018,44270.3,45358,44234,39573,30477,595.667,0,45907.3,44666.5,543.231,41354.2,4007.66,28501.4,14700.4,1133.01,679.9,20.9853,19.908,-2.33333,-2.33333,32.56,8.14
1141.19,20.9031,52.203,2.87524,61.5931,0.879591,-0.258819,-0.965926,0.906686,0.421806,43399,44018,44270.3,45019.7,41357.7,32935,2045,0,45703.3,44261.3,708.094,42226.2,3121.31,30224.5,13900.2,1138.26,726.552,20.9022,20.129,2.68,2.68,21,5.25
1124.92,21.2193,52.2655,2.95603,60.5696,0.870953,-0.321439,-0.94693,0.906686,0.421806,42948.7,43399,44018,45358,43094.7,34826,3853.33,0,44928.3,43659,518.358,42903.1,2182.74,31853.4,12974.2,1136.36,771.105,20.9768,20.3533,-16.2667,-16.2667,-7.56667,-1.89167
1106.21,21.4099,51.6259,3.59366,59.1412,0.858434,-0.382683,-0.92388,0.906686,0.421806,41498.3,42948.7,43399,44270.3,43865.7,37698,5538,0,43774.3,42966,928.513,43219.8,1603.36,33351.8,11878.9,1127.7,812.424,21.0229,20.5623,-18.7133,-18.7133,-34.6333,-8.65833
1076.26,21.8205,50.7092,3.15669,57.3612,0.842088,-0.442289,-0.896873,0.906686,0.421806,39980,41498.3,42948.7,44018,44234,39573,8135.67,0,42254.7,41956.5,1339.93,43253.7,1528.42,34678.6,10709.1,1112.14,850.408,21.3382,20.739,-29.9467,-29.9467,-62.2467,-15.5617
1048.67,21.5667,51.5073,3.30872,55.284,0.821985,-0.5,-0.866025,0.906686,0.421806,38464.7,39980,41498.3,43399,45019.7,41357.7,11363,0,40822.3,40722.9,1673.83,43012.6,1972.2,35807.9,9557.99,1089.02,884.591,21.5041,20.8602,-27.5867,-27.5867,-92.5133,-23.1283
1016.59,21.3568,51.8593,3.25196,52.9597,0.798212,-0.55557,-0.83147,0.906686,0.421806,36840,38464.7,39980,42948.7,45358,43094.7,14105,0,39106,39195.8,1732.12,42491.4,2606.23,36755.2,8418.82,1061.93,914.075,21.5385,20.9372,-32.0787,-32.0787,-108.325,-27.0813
970.989,21.098,52.1017,2.90756,50.4321,0.77087,-0.608761,-0.793353,0.906686,0.421806,34921,36840,38464.7,41498.3,44270.3,43865.7,16723.7,0,37454,37551.4,1881.31,41746,3294.73,37513.4,7329.57,1028.13,938.673,21.4605,20.9668,-45.606,-45.606,-135.218,-33.8045
917.953,20.8605,52.7418,3.14864,47.7382,0.740079,-0.659346,-0.75184,0.906686,0.421806,32731.3,34921,36840,39980,44018,44234,20177,0,35131,35739.2,2142.23,40787.4,4024,38036.5,6471.38,988.552,958.312,21.2205,20.9919,-53.0353,-53.0353,-158.307,-39.5767
857.955,20.7597,52.8114,3.18819,44.908,0.70597,-0.707107,-0.707107,0.906686,0.421806,30262.7,32731.3,34921,38464.7,43399,45019.7,23276.7,0,32606.3,33688.8,2454.77,39557.7,4734.82,38327.6,5935.9,940.873,972.223,21.0187,21.0204,-59.998,-59.998,-190.718,-47.6795
797.463,20.6471,53.4147,2.94218,41.966,0.66869,-0.75184,-0.659346,0.906686,0.421806,27512,30262.7,32731.3,36840,42948.7,45358,23860,0,29810.7,31356.8,2764.62,38070.5,5430.9,38479.7,5600.4,886.09,980.48,20.8413,21.0438,-60.492,-60.492,-219.131,-54.7828
730.695,20.7509,54.1309,3.26783,38.9322,0.6284,-0.793353,-0.608761,0.906686,0.421806,24957,27512,30262.7,34921,41498.3,44270.3,28229,0,27011,28865.8,2915.69,36461.1,6166.97,38343.4,5881.08,826.017,985.218,20.7546,21.075,-66.7687,-66.7687,-240.294,-60.0735
666.855,20.5105,54.3949,2.92234,35.8224,0.585275,-0.83147,-0.55557,0.906686,0.421806,22368,24957,27512,32731.3,39980,44018,30477,0,24014.7,26274.9,2934,34656.9,6824.13,38005.5,6521.38,763.242,983.804,20.6671,21.1077,-63.84,-63.84,-251.099,-62.7747
603.516,20.3252,56.1465,2.58647,32.6496,0.5395,-0.866025,-0.5,0.906686,0.421806,19195,22368,24957,30262.7,38464.7,43399,32935,0,20583.7,23508,3083.55,32639.9,7486.94,37433,7474.8,699.632,976.735,20.5584,21.1157,-63.3387,-63.3387,-254.439,-63.6098
531.197,19.8696,58.9475,2.32961,29.4244,0.491275,-0.896873,-0.442289,0.906686,0.421806,15817,19195,22368,27512,36840,42948.7,34826,0,16805.7,20584.2,3426.35,30378.9,8103.73,36641,8627.34,633.065,964.13,20.3641,21.0922,-72.3193,-72.3193,-266.267,-66.5667
454.647,19.5982,61.1988,2.42336,26.1556,0.440811,-0.92388,-0.382683,0.906686,0.421806,13160.3,15817,19195,24957,34921,41498.3,37698,0,13739,17635.1,3469.97,28017.4,8631.16,35618.6,9813.85,564.054,946.348,20.0759,21.0488,-76.55,-76.55,-276.048,-69.012
384.363,19.3241,63.2507,2.44622,22.8506,0.388329,-0.94693,-0.321439,0.906686,0.421806,10592.3,13160.3,15817,22368,32731.3,39980,39573,0,11079,14691.2,3189.67,25568.4,9048.59,34411.1,10968.1,493.431,923.522,19.7793,20.9937,-70.284,-70.284,-282.492,-70.623
308.905,18.8003,65.6705,2.08911,19.5158,0.334067,-0.965926,-0.258819,0.906686,0.421806,8018,10592.3,13160.3,19195,30262.7,38464.7,41357.7,0,8286,11896.9,2903.07,23031.2,9340.68,33021.9,12057.5,419.778,895.278,19.3981,20.8946,-75.4573,-75.4573,-294.611,-73.6527
195.881,18.4308,67.2701,1.91348,16.1573,0.278275,-0.980785,-0.19509,0.906686,0.421806,5668.67,8018,10592.3,15817,27512,36840,43094.7,0,5827,9359.83,2801.25,20433.6,9472.7,31462.5,13034.5,335.949,860.386,19.0383,20.7537,-113.025,-113.025,-335.316,-83.829
0,17.4427,91.7057,1.60778,-13.3142,-0.23029,0.997859,0.0654031,0.913808,0.406147,0,0,0,0,0,0,0,2131.67,0,0,0,0,0,0,0,0,0,17.3841,17.602,0,0,0,0
0,17.4479,91.9939,1.37034,-9.84375,-0.170962,1,6.12323e-17,0.913808,0.406147,0,0,0,0,0,0,0,764.333,0,0,0,0,0,0,0,0,0,17.4172,17.6027,0,0,0,0
0,17.3793,92.3722,1.57795,-6.37557,-0.111045,0.997859,-0.0654031,0.913808,0.406147,0,0,0,0,0,0,0,117,0,0,0,0,0,0,0,0,0,17.4339,17.5972,0,0,0,0
0,17.3963,92.5743,2.01358,-2.9117,-0.0507969,0.991445,-0.130526,0.913808,0.406147,14.6667,0,0,0,0,0,0,0,34.3333,3.66667,6.35086,1.22222,4.05365,0.611111,2.93078,0,0,17.4166,17.5896,0,0,0,0
2.60576,17.2473,92.5035,1.21543,0.955476,0.0166754,0.980785,-0.19509,0.913808,0.406147,558.333,14.6667,0,0,0,0,0,0,595.667,143.25,239.723,47.75,154,23.875,111.481,0.65144,0.108573,17.3677,17.5834,2.60576,2.60576,2.60576,0.65144
22.0607,17.2861,93.3229,1.51347,4.18341,0.0729494,0.965926,-0.258819,0.913808,0.406147,1940,558.333,14.6667,0,0,0,0,0,2045,628.25,790.057,209.417,543.851,104.708,398.561,6.16661,1.02777,17.3273,17.5652,19.4549,19.4549,22.0607,5.51517
54.8255,17.4622,93.3452,1.26603,7.54926,0.131379,0.94693,-0.321439,0.913808,0.406147,3936.67,1940,558.333,0,0,0,0,0,3853.33,1612.42,1514.38,537.472,1158.53,268.736,862.159,19.873,3.31216,17.348,17.5527,32.7648,32.7648,54.8255,13.7064
106.907,17.9151,92.8223,1.09289,10.9401,0.189783,0.92388,-0.382683,0.913808,0.406147,6058.33,3936.67,1940,14.6667,0,0,0,0,5538,3123.33,2076.97,1042.33,1898.22,521.167,1439.87,46.5997,7.76662,17.4777,17.5595,52.0815,52.0815,106.907,26.7267
164.887,18.6673,90.3283,1.01574,14.3289,0.247488,0.896873,-0.442289,0.913808,0.406147,8727.33,6058.33,3936.67,558.333,0,0,0,0,8135.67,5165.58,2519.81,1769.61,2811.65,884.806,2176.13,87.1701,14.6369,17.8327,17.5973,57.9803,57.9803,162.282,40.5704
226.685,19.7127,85.1273,0.879036,17.7049,0.304114,0.866025,-0.5,0.913808,0.406147,11216.7,8727.33,6058.33,1940,0,0,0,0,11363,7484.75,2742.94,2704.33,3769.34,1352.17,2988.7,138.326,24.0821,18.4394,17.6803,61.798,61.798,204.625,51.1562
293.567,20.8961,78.5475,1.01111,21.0611,0.359363,0.83147,-0.55557,0.913808,0.406147,13270.3,11216.7,8727.33,3936.67,0,0,0,0,14105,9818.17,2701.83,3810.19,4656.06,1905.1,3803.79,198.012,36.3141,19.2978,17.8099,66.882,66.882,238.742,59.6855
336.533,21.8945,73.3716,0.892592,24.3916,0.412971,0.793353,-0.608761,0.913808,0.406147,17622,13270.3,11216.7,6058.33,14.6667,0,0,0,16723.7,12709.1,3260.88,5278.69,5848.91,2639.35,4906.23,255.418,50.3363,20.2927,17.9803,42.9653,42.9653,229.626,57.4064
439.567,21.8114,73.3775,0.867613,27.6906,0.464696,0.75184,-0.659346,0.913808,0.406147,19432.7,17622,13270.3,8727.33,558.333,0,0,0,20177,15385.4,3287.65,6898.08,6779.37,3449.04,5905.58,324.088,68.6516,21.0787,18.1503,103.035,103.035,274.68,68.67
539.594,21.3595,75.3241,1.1842,30.9512,0.514308,0.707107,-0.707107,0.913808,0.406147,18631.7,19432.7,17622,11216.7,1940,0,0,0,23276.7,17239.2,2379.53,8450.72,7145.42,4225.36,6586.51,402.315,91.1347,21.4904,18.3044,100.027,100.027,312.909,78.2272
454.446,21.7571,73.6317,0.997055,34.1657,0.561588,0.659346,-0.75184,0.913808,0.406147,23675,18631.7,19432.7,13270.3,3936.67,0,0,0,23860,19840.3,2305.03,10423.6,7779.99,5211.82,7578.07,442.535,110.07,21.7056,18.4726,-85.148,-85.148,160.879,40.2197
604.798,22.9057,68.2662,0.989102,37.3247,0.606331,0.608761,-0.793353,0.913808,0.406147,26527.7,23675,18631.7,17622,6058.33,14.6667,0,0,28229,22066.8,3210.31,12633.1,8260.11,6317.14,8602.65,509.601,135.27,21.9584,18.6863,150.352,150.352,268.265,67.0663
676.054,24.0926,64.344,0.892655,40.4168,0.648343,0.55557,-0.83147,0.913808,0.406147,29055,26527.7,23675,19432.7,8727.33,558.333,0,0,30477,24472.3,3872.16,15007.8,8538.95,7527.76,9613.49,568.723,163.439,22.5287,18.9507,71.256,71.256,236.487,59.1217
745.094,23.5151,66.9927,1.50055,43.428,0.687442,0.5,-0.866025,0.913808,0.406147,30697.7,29055,26527.7,18631.7,11216.7,1940,0,0,32935,27488.8,2656.06,17404.2,8570.55,8806.83,10525.7,620.098,194.484,23.0676,19.198,69.04,69.04,205.5,51.375
794.272,22.6497,70.2739,1.84525,46.3409,0.723461,0.442289,-0.896873,0.913808,0.406147,33427,30697.7,29055,23675,13270.3,3936.67,0,0,34826,29926.8,2507.98,19861.8,8584.54,10199.6,11440.1,705.055,227.579,23.2908,19.4124,49.178,49.178,339.826,84.9565
856.141,22.3728,69.9024,1.87693,49.1341,0.756243,0.382683,-0.92388,0.913808,0.406147,35844,33427,30697.7,26527.7,17622,6058.33,0,0,37698,32255.9,2594.21,22343.9,8540.57,11693.1,12317.1,767.89,263.252,23.1575,19.617,61.8687,61.8687,251.343,62.8357
908.437,22.3889,67.9792,2.19225,51.7806,0.785647,0.321439,-0.94693,0.913808,0.406147,37422.7,35844,33427,29055,19432.7,8727.33,0,0,39573,34347.8,2542.87,24735.2,8409.49,13252.4,13083.1,825.986,301.103,22.7316,19.8206,52.2967,52.2967,232.383,58.0958
952.494,22.5855,67.1151,2.2616,54.2474,0.811548,0.258819,-0.965926,0.913808,0.406147,38590,37422.7,35844,30697.7,18631.7,11216.7,0,0,41357.7,36320.9,1934.22,27016.3,8141.45,14860.3,13711.8,877.836,340.79,22.4992,20.0402,44.0567,44.0567,207.4,51.85
989.872,22.5379,67.5151,2.60945,56.4945,0.833833,0.19509,-0.980785,0.913808,0.406147,40144.7,38590,37422.7,33427,23675,13270.3,0,0,43094.7,38000.3,1575.54,29255.8,7738.51,16533,14235.6,926.736,382.035,22.4713,20.2579,37.378,37.378,195.6,48.9
1023.36,22.2571,68.6608,2.75992,58.4745,0.852408,0.130526,-0.991445,0.913808,0.406147,40944,40144.7,38590,35844,26527.7,17622,0,0,43865.7,39275.3,1364.02,31199.3,7497.53,18239,14600.7,968.541,424.675,22.4423,20.4575,33.488,33.488,167.219,41.8048
1050.74,23.0091,66.4153,2.57421,60.1339,0.867192,0.0654031,-0.997859,0.913808,0.406147,41559,40944,40144.7,37422.7,29055,19432.7,0,0,44234,40309.4,1112.17,33043.2,7086.52,19970.6,14798,1004.12,468.456,22.5974,20.6895,27.38,27.38,142.303,35.5757
1068.41,23.0756,66.6357,2.97627,61.4166,0.878122,1.22465e-16,-1,0.913808,0.406147,42114.7,41559,40944,38590,30697.7,18631.7,0,0,45019.7,41190.6,732.189,35000.1,5994.94,21725.4,14822.8,1033.1,512.973,22.7199,20.924,17.6733,17.6733,115.919,28.9798
1074.73,23.4459,64.5178,3.83803,62.2701,0.885151,-0.0654031,-0.997859,0.913808,0.406147,42377.7,42114.7,41559,40144.7,33427,23675,0,0,45358,41748.8,550.695,36558.7,5230.46,23491.2,14652.7,1054.31,557.754,22.9469,21.1767,6.32,6.32,84.8613,21.2153
1077.81,23.545,64.5767,3.42043,62.654,0.888249,-0.130526,-0.991445,0.913808,0.406147,41562.7,42377.7,42114.7,40944,35844,26527.7,14.6667,0,44270.3,41903.5,355.061,37811.6,4414.69,25222.3,14224.9,1067.92,602.662,23.2689,21.4329,3.07333,3.07333,54.4467,13.6117
1074.34,23.3537,65.1615,2.60719,62.5486,0.887402,-0.19509,-0.980785,0.913808,0.406147,41811,41562.7,42377.7,41559,37422.7,29055,558.333,0,44018,41966.5,307.52,38874.6,3647.28,26941.2,13620.4,1073.82,647.318,23.355,21.6874,-3.46667,-3.46667,23.6,5.9
1088.67,23.2435,66.3349,2.91777,61.9595,0.882616,-0.258819,-0.965926,0.913808,0.406147,35865.3,41811,41562.7,42114.7,38590,30697.7,1940,0,43399,40404.2,2637.09,39305.2,2880.97,28354.7,12680.3,1078.89,691.76,23.397,21.9356,14.3333,14.3333,20.26,5.065
1004.57,23.5367,65.4394,2.82346,60.9161,0.873909,-0.321439,-0.94693,0.913808,0.406147,14112,35865.3,41811,42377.7,40144.7,33427,3936.67,0,42948.7,33337.8,11351.9,37695.6,7464.67,28778.7,12009.1,1061.35,731.333,23.4198,22.1887,-84.0987,-84.0987,-70.1587,-17.5397
416.012,22.5937,68.1122,3.01471,59.4651,0.86132,-0.382683,-0.92388,0.913808,0.406147,6626,14112,35865.3,41562.7,40944,35844,6058.33,0,41498.3,24603.6,14630.4,35260.8,11399.6,28802.4,11964.8,895.9,744.212,23.1819,22.3836,-588.563,-588.563,-661.795,-165.449
193.973,21.5115,71.0197,2.65,57.6614,0.844902,-0.442289,-0.896873,0.913808,0.406147,4496.33,6626,14112,41811,41559,37422.7,8727.33,0,39980,15274.9,12412.7,32516.9,14174,28626.1,12286.2,675.808,745.424,22.7214,22.5021,-222.039,-222.039,-880.367,-220.092
135.952,20.6578,74.4956,1.86925,55.5608,0.824727,-0.5,-0.866025,0.913808,0.406147,12690.7,4496.33,6626,35865.3,42114.7,38590,11216.7,0,38464.7,9481.25,4023.25,30358.7,15030.9,28687.5,12202.4,437.628,741.644,22.0749,22.5415,-58.0213,-58.0213,-952.721,-238.18
250.757,20.1405,77.1668,1.79459,53.2142,0.80088,-0.55557,-0.83147,0.913808,0.406147,17587.3,12690.7,4496.33,14112,42377.7,40144.7,13270.3,0,36840,10350.1,5147.6,28478.9,15099.9,28867.4,12004,249.173,739.86,21.2259,22.51,114.805,114.805,-753.818,-188.454
487.516,20.6793,75.5032,1.93197,50.6661,0.773465,-0.608761,-0.793353,0.913808,0.406147,13423,17587.3,12690.7,6626,41562.7,40944,17622,0,34921,12049.3,4743.83,26185.5,15122.5,28692.4,12195.7,267.049,746.151,20.7473,22.4594,236.759,236.759,71.504,17.876
359.816,20.561,77.1871,2.04813,47.9534,0.7426,-0.659346,-0.75184,0.913808,0.406147,13641,13423,17587.3,4496.33,41811,41559,19432.7,0,32731.3,14335.5,1910.16,23859,14720.5,28451.1,12431.6,308.51,742.828,20.5096,22.4073,-127.7,-127.7,165.843,41.4607
340.972,20.5497,77.6146,2.45931,45.1063,0.708417,-0.707107,-0.707107,0.913808,0.406147,8832.33,13641,13423,12690.7,35865.3,42114.7,18631.7,0,30262.7,13370.9,3100.51,21085.4,14143.8,28042.8,12899.5,359.765,734.552,20.4826,22.3736,-18.844,-18.844,205.02,51.255
251.98,20.5067,78.2853,2.09499,42.1493,0.671064,-0.75184,-0.659346,0.913808,0.406147,4837.33,8832.33,13641,17587.3,14112,42377.7,23675,0,27512,10183.4,3635.1,17957.1,13209.1,27257.9,13690.3,360.071,726.116,20.5742,22.3215,-88.992,-88.992,1.22333,0.305833
138.279,20.4257,78.7463,1.76258,39.1019,0.630702,-0.793353,-0.608761,0.913808,0.406147,6551.67,4837.33,8832.33,13423,6626,41562.7,26527.7,0,24957,8465.58,3307.07,15039.5,11418.1,26425.5,14302.9,272.762,706.678,20.5108,22.2181,-113.701,-113.701,-349.237,-87.3093
150.649,19.9849,81.2308,1.01402,35.9802,0.587505,-0.83147,-0.55557,0.913808,0.406147,18328,6551.67,4837.33,13641,4496.33,41811,29055,0,22368,9637.33,5213.85,13082.6,8229.09,25978.6,14381.1,220.47,684.786,20.3668,22.047,12.37,12.37,-209.167,-52.2918
442.357,20.351,80.3073,1.27887,32.7967,0.541661,-0.866025,-0.5,0.913808,0.406147,14916.7,18328,6551.67,8832.33,12690.7,35865.3,30697.7,0,19195,11158.4,5628.18,11336.9,4657.92,25321,14510.5,245.816,672.172,20.3171,21.9151,291.709,291.709,101.385,25.3463
432.646,21.4693,75.4587,0.909152,29.5621,0.493367,-0.896873,-0.442289,0.913808,0.406147,11827,14916.7,18328,4837.33,17587.3,14112,33427,0,15817,12905.8,4329.63,11146.4,4586.74,24421,14649,290.983,657.104,20.5577,21.8659,-9.71133,-9.71133,180.666,45.1665
281.636,21.7772,74.1727,1.05878,26.285,0.442837,-0.92388,-0.382683,0.913808,0.406147,5099,11827,14916.7,6551.67,13423,6626,35844,0,13160.3,12542.7,4874.07,11019.2,4729.35,23140,14935.6,326.822,633.166,20.8956,21.8411,-151.01,-151.01,143.357,35.8392
143.165,20.6681,79.322,1.15456,22.9726,0.390292,-0.94693,-0.321439,0.913808,0.406147,3005,5099,11827,18328,13641,4496.33,37422.7,0,10592.3,8711.92,4843.16,10894.9,4915.07,21705.9,15146.2,324.951,601.28,21.0664,21.7694,-138.471,-138.471,-7.484,-1.871
91.9591,20.4261,80.1163,0.827953,19.6314,0.335967,-0.965926,-0.258819,0.913808,0.406147,5666.33,3005,5099,14916.7,8832.33,12690.7,38590,0,8018,6399.33,3286.69,10309.6,5081.8,20334.1,15045.5,237.351,565.424,21.0852,21.6795,-51.2056,-51.2056,-350.398,-87.5996
124.029,20.1665,81.6293,0.981937,16.2671,0.280115,-0.980785,-0.19509,0.913808,0.406147,4916,5666.33,3005,11827,4837.33,17587.3,40144.7,0,5668.67,4671.58,1001.18,9253.61,4766.56,18866.2,14756.9,160.197,529.347,20.7595,21.5807,32.0695,32.0695,-308.617,-77.1544
0,18.0368,86.6181,0.719501,-13.1127,-0.226867,0.997859,0.0654031,0.920659,0.390368,0,0,0,0,0,0,0,1809.33,0,0,0,0,0,0,0,0,0,17.9842,18.0401,0,0,0,0
0,18.0492,86.9725,0.514887,-9.64203,-0.167492,1,6.12323e-17,0.920659,0.390368,0,0,0,0,0,0,0,478,0,0,0,0,0,0,0,0,0,18.0259,18.0249,0,0,0,0
0,17.8233,88.1538,0.596525,-6.17309,-0.107532,0.997859,-0.0654031,0.920659,0.390368,0,0,0,0,0,0,0,83.6667,0,0,0,0,0,0,0,0,0,17.9828,18.0068,0,0,0,0
0,17.7695,88.3225,0.488023,-2.70796,-0.0472452,0.991445,-0.130526,0.920659,0.390368,53.3333,0,0,0,0,0,0,0,14.6667,13.3333,23.094,4.44444,14.7406,2.22222,10.6574,0,0,17.9197,17.9942,0,0,0,0
3.22383,17.6712,88.2239,0.737856,1.13781,0.0198572,0.980785,-0.19509,0.920659,0.390368,554,53.3333,0,0,0,0,0,0,558.333,151.833,233.21,50.6111,152.486,25.3056,110.753,0.805958,0.134326,17.8283,17.9806,3.22383,3.22383,3.22383,0.805958
21.6327,17.7508,81.8588,0.980672,4.38462,0.0764515,0.965926,-0.258819,0.920659,0.390368,1805.67,554,53.3333,0,0,0,0,0,1940,603.25,727.075,201.083,507.032,100.542,372.357,6.21414,1.03569,17.7537,17.9744,18.4089,18.4089,21.6327,5.40818
51.1757,18.2023,76.6381,1.15588,7.757,0.134972,0.94693,-0.321439,0.920659,0.390368,3420.33,1805.67,554,0,0,0,0,0,3936.67,1458.33,1300.19,486.111,1017.89,243.056,759.689,19.0081,3.16801,17.8485,17.988,29.543,29.543,51.1757,12.7939
94.8661,18.5495,76.7315,1.36646,11.1524,0.193419,0.92388,-0.382683,0.920659,0.390368,5356.67,3420.33,1805.67,53.3333,0,0,0,0,6058.33,2784.17,1799.55,932.5,1671.53,466.25,1270.59,42.7246,7.12077,18.0434,18.011,43.6904,43.6904,94.8661,23.7165
148.206,19.4277,75.6227,1.27258,14.5456,0.251151,0.896873,-0.442289,0.920659,0.390368,7739.67,5356.67,3420.33,554,0,0,0,0,8727.33,4580.58,2215.2,1577.47,2483.35,788.736,1925,78.9702,13.296,18.4826,18.0694,53.3399,53.3399,144.982,36.2455
210.231,20.5309,71.3622,1.22734,17.9263,0.307793,0.866025,-0.5,0.920659,0.390368,10371.3,7739.67,5356.67,1805.67,0,0,0,0,11216.7,6722,2603.77,2441.75,3414.24,1220.88,2705.37,126.12,22.0557,19.1776,18.1792,62.0253,62.0253,188.599,47.1497
278.424,21.7593,69.8719,0.646352,21.2877,0.363052,0.83147,-0.55557,0.920659,0.390368,13045.7,10371.3,7739.67,3420.33,0,0,0,0,13270.3,9128.33,2874.21,3528.89,4398.7,1764.44,3575.97,182.932,33.6567,20.0668,18.3381,68.1927,68.1927,227.248,56.8121
350.875,22.1337,69.3234,0.809856,24.6242,0.416664,0.793353,-0.608761,0.920659,0.390368,15724.3,13045.7,10371.3,5356.67,53.3333,0,0,0,17622,11720.2,2977.16,4839.25,5384.03,2419.62,4510.93,246.934,48.2764,20.9629,18.5095,72.4507,72.4507,256.009,64.0021
422.867,22.1264,67.3771,0.756221,27.9297,0.468387,0.75184,-0.659346,0.920659,0.390368,18583,15724.3,13045.7,7739.67,554,0,0,0,19432.7,14431.1,3054.17,6387.83,6354.45,3193.92,5512.77,315.599,65.8959,21.6376,18.6807,71.9927,71.9927,274.661,68.6653
448.112,22.6156,66.8525,0.834523,31.1976,0.517992,0.707107,-0.707107,0.920659,0.390368,21200.7,18583,15724.3,10371.3,1805.67,0,0,0,18631.7,17138.4,3055.28,8154.56,7220.97,4077.28,6534.17,375.069,84.5672,22.1587,18.8711,25.2447,25.2447,237.881,59.4702
559.437,22.4736,68.3685,1.20331,34.4203,0.56526,0.659346,-0.75184,0.920659,0.390368,23961.7,21200.7,18583,13045.7,3420.33,0,0,0,23675,19867.4,3055.95,10151.4,7964.66,5075.68,7581.59,445.323,107.877,22.3373,19.0545,111.325,111.325,281.013,70.2532
626.702,22.6026,67.1248,1.09367,37.5885,0.609986,0.608761,-0.793353,0.920659,0.390368,26911.3,23961.7,21200.7,15724.3,5356.67,53.3333,0,0,26527.7,22664.2,3103.21,12389.5,8563.7,6196.99,8661.19,514.279,133.99,22.4545,19.2404,67.2653,67.2653,275.827,68.9568
698.315,23.381,64.0917,1.19414,40.6908,0.651976,0.55557,-0.83147,0.920659,0.390368,29219,26911.3,23961.7,18583,7739.67,554,0,0,29055,25323.2,3022.77,14778.3,8919.65,7414.44,9696.27,583.141,163.086,22.7682,19.4522,71.6133,71.6133,275.448,68.862
762.222,23.5819,62.6123,1.30643,43.7132,0.691049,0.5,-0.866025,0.920659,0.390368,31257.7,29219,26911.3,21200.7,10371.3,1805.67,0,0,30697.7,27837.4,2715.05,17232.6,9063.29,8716.85,10663.9,661.669,194.845,23.0098,19.6711,63.9067,63.9067,314.11,78.5275
819.71,24.1424,59.8627,1.4086,46.6385,0.727036,0.442289,-0.896873,0.920659,0.390368,33654,31257.7,29219,23961.7,13045.7,3420.33,0,0,33427,30260.5,2490.57,19752.1,9075.74,10119.1,11597.3,726.737,229,23.427,19.9233,57.488,57.488,260.273,65.0683
878.401,24.4718,58.4722,1.61115,49.4451,0.759783,0.382683,-0.92388,0.920659,0.390368,35911.3,33654,31257.7,26911.3,15724.3,5356.67,0,0,35844,32510.5,2513.8,22298.3,8965.32,11615.4,12478.4,789.662,265.6,23.8943,20.2001,58.6913,58.6913,251.699,62.9248
927.71,24.5559,58.9823,1.36295,52.1059,0.789148,0.321439,-0.94693,0.920659,0.390368,37636,35911.3,33654,29219,18583,7739.67,0,0,37422.7,34614.8,2398.03,24789.7,8724.16,13183.6,13260.5,847.011,304.255,24.188,20.4815,49.3087,49.3087,229.395,57.3487
972.829,24.8937,59.5253,1.45753,54.5878,0.815005,0.258819,-0.965926,0.920659,0.390368,39042,37636,35911.3,31257.7,21200.7,10371.3,0,0,38590,36560.8,2011.45,27178.9,8366.95,14810.3,13921.7,899.663,344.789,24.5159,20.7736,45.1193,45.1193,210.607,52.6518
1015.94,24.8059,61.6465,1.68855,56.8501,0.837242,0.19509,-0.980785,0.920659,0.390368,39997.3,39042,37636,33654,23961.7,13045.7,0,0,40144.7,38146.7,1539.81,29424.9,7874.55,16476.9,14433.6,948.72,387.12,24.6818,21.0574,43.1093,43.1093,196.229,49.0572
1043.91,25.0335,60.7937,1.44908,58.8444,0.855766,0.130526,-0.991445,0.920659,0.390368,41052.3,39997.3,39042,35911.3,26911.3,15724.3,0,0,40944,39431.9,1257.26,31535.5,7292.33,18187.4,14807.3,990.098,430.616,24.8222,21.3495,27.9747,27.9747,165.512,41.378
1064.41,24.9062,61.6239,2.40333,60.5162,0.870495,0.0654031,-0.997859,0.920659,0.390368,41884.7,41052.3,39997.3,37636,29219,18583,0,0,41559,40494.1,1072.46,33477.3,6659.75,19932.6,15027.5,1024.27,474.967,24.9098,21.6357,20.4933,20.4933,136.697,34.1742
1092.93,25.0293,61.9113,2.18091,61.8078,0.881367,1.22465e-16,-1,0.920659,0.390368,42698.7,41884.7,41052.3,39042,31257.7,21200.7,0,0,42114.7,41408.2,1001.19,35268.8,5972.37,21711.7,15089.8,1054.3,520.505,24.9437,21.9266,28.52,28.52,120.097,30.0243
1106.05,25.6399,59.8766,2.35886,62.6649,0.888336,-0.0654031,-0.997859,0.920659,0.390368,43025.7,42698.7,41884.7,39997.3,33654,23961.7,0,0,42377.7,42165.3,765.207,36857.5,5244.52,23504.4,14959.1,1076.82,566.591,25.1522,22.2523,13.12,13.12,90.108,22.527
1108.59,25.9016,58.843,2.69116,63.046,0.89137,-0.130526,-0.991445,0.920659,0.390368,41966.7,43025.7,42698.7,41052.3,35911.3,26911.3,53.3333,0,41562.7,42393.9,483.182,38112.1,4456.72,25250.8,14560.6,1092.99,612.782,25.3693,22.5911,2.54667,2.54667,64.68,16.17
1099.37,25.6846,57.8835,2.73735,62.9309,0.890458,-0.19509,-0.980785,0.920659,0.390368,40965.3,41966.7,43025.7,41884.7,37636,29219,554,0,41811,42164.1,791.215,39091,3604.44,26934.6,13930.3,1101.73,658.455,25.5639,22.925,-9.22667,-9.22667,34.96,8.74
1093.41,26.3543,54.6497,2.72737,62.3259,0.885604,-0.258819,-0.965926,0.920659,0.390368,40633.3,40965.3,41966.7,42698.7,39042,31257.7,1805.67,0,35865.3,41647.8,934.76,39872.3,2732.48,28552.4,13150.8,1101.85,703.112,25.8951,23.2835,-5.95333,-5.95333,0.486667,0.121667
1077.63,25.8903,55.4529,2.32552,61.262,0.876827,-0.321439,-0.94693,0.920659,0.390368,40052.7,40633.3,40965.3,43025.7,39997.3,33654,3420.33,0,14112,40904.5,694.811,40405.5,1990.62,30078.8,12239.6,1094.75,745.881,25.9577,23.6038,-15.78,-15.78,-28.4133,-7.10333
1071.62,26.379,53.7635,2.72509,59.7877,0.864167,-0.382683,-0.92388,0.920659,0.390368,39103.7,40052.7,40633.3,41966.7,41052.3,35911.3,5356.67,0,6626,40188.8,706.515,40671.5,1532.93,31484.9,11214.2,1085.51,786.579,26.077,23.93,-6.01333,-6.01333,-36.9733,-9.24333
1044.35,26.0574,54.1561,2.64437,57.9599,0.847677,-0.442289,-0.896873,0.920659,0.390368,38324.3,39103.7,40052.7,40965.3,41884.7,37636,7739.67,0,4496.33,39528.5,884.012,40728.9,1427.53,32759.3,10128.6,1071.76,823.919,26.1702,24.2063,-27.2667,-27.2667,-55.0133,-13.7533
1015.57,25.7054,54.9408,2.50164,55.8355,0.827428,-0.5,-0.866025,0.920659,0.390368,31444.3,38324.3,39103.7,40633.3,42698.7,39042,10371.3,0,12690.7,37231.2,3396.67,40095.8,2929.75,33637.3,9000.33,1052.29,857.474,26.008,24.4219,-28.7867,-28.7867,-77.8467,-19.4617
888.8,26.0656,52.8362,2.60082,53.4664,0.803508,-0.55557,-0.83147,0.920659,0.390368,28377,31444.3,38324.3,40052.7,43025.7,39997.3,13045.7,0,17587.3,34312.3,4541.66,39127.4,4369.09,34276.1,8005.22,1005.09,882.907,26.0518,24.6013,-126.767,-126.767,-188.833,-47.2083
758.749,25.3945,54.4657,2.23945,50.8975,0.776019,-0.608761,-0.793353,0.920659,0.390368,33175,28377,31444.3,39103.7,41966.7,41052.3,15724.3,0,13423,32830.2,3607.49,38470.9,4615.39,35003.2,7018.9,926.867,899.901,25.8057,24.7372,-130.051,-130.051,-312.871,-78.2178
868.746,25.1507,55.151,2.45199,48.166,0.74508,-0.659346,-0.75184,0.920659,0.390368,31776.3,33175,28377,38324.3,40965.3,41884.7,18583,0,13641,31193.2,1750.83,37628.6,4832.8,35553,6177.57,882.965,918.48,25.579,24.8632,109.997,109.997,-175.607,-43.9018
826.93,25.4339,54.2679,2.57565,45.302,0.710824,-0.707107,-0.707107,0.920659,0.390368,26473,31776.3,33175,31444.3,40633.3,42698.7,21200.7,0,8832.33,29950.3,2659.89,36276.4,5454.92,35772.6,5741.64,835.806,934.264,25.5112,24.9806,-41.816,-41.816,-188.637,-47.1592
757.644,25.5309,53.5385,2.38411,42.3299,0.673398,-0.75184,-0.659346,0.920659,0.390368,24676,26473,31776.3,28377,40052.7,43025.7,23961.7,0,4837.33,29025.1,3543.26,34747.3,5902.21,35802.4,5681.88,803.017,942.522,25.3775,25.108,-69.286,-69.286,-131.156,-32.789
624.456,25.1005,54.7573,2.73253,39.2692,0.632964,-0.793353,-0.608761,0.920659,0.390368,23948,24676,26473,33175,39103.7,41966.7,26911.3,0,6551.67,26718.3,3061.43,33245.8,6160.92,35678.9,5901.69,769.444,942.429,25.304,25.2121,-133.188,-133.188,-134.293,-33.5732
618.263,24.762,56.8796,2.07062,36.1355,0.589697,-0.83147,-0.55557,0.920659,0.390368,20062.3,23948,24676,31776.3,38324.3,40965.3,29219,0,18328,23789.8,2340.08,31503.8,6666.34,35297.4,6565.61,706.823,939.093,25.2068,25.2696,-6.19267,-6.19267,-250.483,-62.6207
539.331,24.2602,59.0413,2.19176,32.9415,0.543783,-0.866025,-0.5,0.920659,0.390368,16734.3,20062.3,23948,26473,31444.3,40633.3,31257.7,0,14916.7,21355.2,3192.74,29512.2,7190.71,34692.3,7511.25,634.924,929.806,24.9134,25.2979,-78.932,-78.932,-287.599,-71.8997
435.691,24.2928,58.8971,1.93838,29.6976,0.495423,-0.896873,-0.442289,0.920659,0.390368,14571,16734.3,20062.3,24676,28377,40052.7,33654,0,11827,18828.9,3544.13,27388.8,7519.45,33897.1,8521.22,554.435,913.805,24.6039,25.3042,-103.64,-103.64,-321.953,-80.4882
397.209,24.4271,57.3121,1.96294,26.4123,0.444827,-0.92388,-0.382683,0.920659,0.390368,8159,14571,16734.3,23948,33175,39103.7,35911.3,0,5099,14881.7,4346.33,24810.1,8322.93,32740.8,9935.15,497.624,893.756,24.4355,25.3023,-38.482,-38.482,-227.247,-56.8117
236.223,24.2499,56.4865,1.56429,23.0927,0.39222,-0.94693,-0.321439,0.920659,0.390368,6537,8159,14571,20062.3,31776.3,38324.3,37636,0,3005,11500.3,4260.95,22161.1,8652.17,31445,11164.2,402.114,864.944,24.3075,25.2895,-160.986,-160.986,-382.04,-95.51
177.699,23.7329,56.7347,1.47496,19.7451,0.337835,-0.965926,-0.258819,0.920659,0.390368,5382.33,6537,8159,16734.3,26473,31444.3,39042,0,5666.33,8662.33,3551.1,19989.3,9296.36,30042.5,12188.9,311.706,831.813,24.1757,25.2412,-58.5247,-58.5247,-361.633,-90.4082
140.315,23.3213,57.1927,1.14874,16.3752,0.281926,-0.980785,-0.19509,0.920659,0.390368,4129.67,5382.33,6537,14571,24676,28377,39997.3,0,4916,6052,1484.8,17968.7,9871.03,28548,13045.5,237.862,795.329,23.9328,25.1793,-37.3833,-37.3833,-295.376,-73.844
0,18.8723,91.1617,1.5092,-12.9089,-0.223402,0.997859,0.0654031,0.927238,0.374474,0,0,0,0,0,0,0,1275,0,0,0,0,0,0,0,0,0,19.0187,19.0754,0,0,0,0
0,18.8386,91.4071,1.62977,-9.43814,-0.163983,1,6.12323e-17,0.927238,0.374474,0,0,0,0,0,0,0,501,0,0,0,0,0,0,0,0,0,18.9569,19.0728,0,0,0,0
0,18.5833,90.8691,1.44712,-5.96856,-0.103983,0.997859,-0.0654031,0.927238,0.374474,0,0,0,0,0,0,0,66.3333,0,0,0,0,0,0,0,0,0,18.8317,19.057,0,0,0,0
0,18.3947,88.8359,1.41114,-2.50229,-0.0436594,0.991445,-0.130526,0.927238,0.374474,79.3333,0,0,0,0,0,0,0,53.3333,19.8333,34.3523,6.61111,21.9266,3.30556,15.8529,0,0,18.6722,19.0354,0,0,0,0
4.37135,18.2537,87.5951,1.5999,1.32364,0.0230998,0.980785,-0.19509,0.927238,0.374474,689.333,79.3333,0,0,0,0,0,0,554,192.167,288.861,64.0555,189.789,32.0278,137.97,1.09284,0.18214,18.5176,19.0032,4.37135,4.37135,4.37135,1.09284
24.8605,18.0113,86.5661,1.66157,4.58788,0.079988,0.965926,-0.258819,0.927238,0.374474,2105.67,689.333,79.3333,0,0,0,0,0,1805.67,718.583,844.076,239.528,593.494,119.764,436.418,7.30797,1.218,18.3107,18.9552,20.4892,20.4892,24.8605,6.21513
61.2122,18.1022,83.1915,1.99527,7.96642,0.138593,0.94693,-0.321439,0.927238,0.374474,3772.33,2105.67,689.333,0,0,0,0,0,3420.33,1661.67,1423.14,553.889,1135.21,276.944,849.143,22.611,3.7685,18.1905,18.915,36.3517,36.3517,61.2122,15.3031
108.455,18.7396,78.6095,1.91782,11.3662,0.197079,0.92388,-0.382683,0.927238,0.374474,5768.33,3772.33,2105.67,79.3333,0,0,0,0,5356.67,3083.92,1895.46,1034.58,1816.02,517.292,1384.4,49.7249,8.28748,18.2767,18.9008,47.2432,47.2432,108.455,27.1138
165.187,19.6582,72.9768,2.22987,14.7637,0.254833,0.896873,-0.442289,0.927238,0.374474,8876,5768.33,3772.33,689.333,0,0,0,0,7739.67,5130.58,2521.4,1774.25,2790.27,887.125,2163.28,89.9287,15.1703,18.6278,18.9212,56.7313,56.7313,160.815,40.2038
243.236,20.6401,67.6586,1.61083,18.149,0.311489,0.866025,-0.5,0.927238,0.374474,11696.3,8876,5768.33,2105.67,0,0,0,0,10371.3,7528.25,3016.35,2748.94,3844.12,1374.47,3045.95,144.523,25.3051,19.285,18.9765,78.0493,78.0493,218.375,54.5939
313.559,21.7783,60.8697,2.23678,21.5155,0.366753,0.83147,-0.55557,0.927238,0.374474,14828.7,11696.3,8876,3772.33,0,0,0,0,13045.7,10292.3,3354.93,3984.67,4978,1992.33,4044.7,207.609,38.3701,20.2041,19.0819,70.3233,70.3233,252.347,63.0868
401.965,22.7043,53.6882,2.13124,24.8577,0.420366,0.793353,-0.608761,0.927238,0.374474,17869,14828.7,11696.3,5768.33,79.3333,0,0,0,15724.3,13317.5,3367.3,5473.75,6107.74,2736.88,5113,280.987,55.1186,21.1952,19.2305,88.406,88.406,293.51,73.3775
481.363,23.6471,50.1101,1.55661,28.1697,0.472084,0.75184,-0.659346,0.927238,0.374474,21022,17869,14828.7,8876,689.333,0,0,0,18583,16354,3467.92,7225.58,7203.09,3612.79,6244.56,360.031,75.1754,22.1924,19.4196,79.398,79.398,316.177,79.0442
554.264,24.0892,48.2084,1.77495,31.4449,0.521679,0.707107,-0.707107,0.927238,0.374474,23988.3,21022,17869,11696.3,2105.67,0,0,0,21200.7,19427,3424.98,9224.61,8182.51,4612.31,7399.33,437.788,98.2698,23.0547,19.6277,72.9007,72.9007,311.028,77.757
624.215,23.2943,46.2951,2.44148,34.6757,0.568931,0.659346,-0.75184,0.927238,0.374474,27106,23988.3,21022,14828.7,3772.33,0,0,0,23961.7,22496.3,3430.05,11483.4,9022.49,5741.72,8583.12,515.452,124.279,23.4337,19.8021,69.9513,69.9513,310.656,77.664
695.327,23.6336,42.6146,2.78147,37.853,0.613637,0.608761,-0.793353,0.927238,0.374474,29741.3,27106,23988.3,17869,5768.33,79.3333,0,0,26911.3,25464.4,3274.93,13955.3,9604,6980.94,9734.47,588.792,153.251,23.666,19.9911,71.1113,71.1113,293.361,73.3403
762.445,23.2647,43.1566,3.47308,40.9654,0.655603,0.55557,-0.83147,0.927238,0.374474,32348.3,29741.3,27106,21022,8876,689.333,0,0,29219,28296,3101.71,16593.5,9939.97,8328.79,10850.1,659.063,185.019,23.5704,20.1647,67.118,67.118,281.081,70.2703
824.339,23.1749,43.9144,4.1746,43.999,0.694646,0.5,-0.866025,0.927238,0.374474,34517,32348.3,29741.3,23988.3,11696.3,2105.67,0,0,31257.7,30928.2,2780.02,19294.5,10039.3,9767,11888.8,726.581,219.367,23.3419,20.3351,61.8947,61.8947,270.075,67.5188
883.849,23.3685,44.8584,3.82287,46.9367,0.730599,0.442289,-0.896873,0.927238,0.374474,37106,34517,32348.3,27106,14828.7,3772.33,0,0,33654,33428.2,2714.35,22072.3,9971.49,11313.1,12888.8,791.49,256.194,23.3604,20.5147,59.5093,59.5093,259.633,64.9083
938.972,23.6051,45.0693,3.59151,49.7567,0.763308,0.382683,-0.92388,0.927238,0.374474,39396.3,37106,34517,29741.3,17869,5768.33,0,0,35911.3,35841.9,2654.82,24874.6,9717.83,12954.6,13818.6,852.401,295.318,23.3533,20.7051,55.1233,55.1233,243.645,60.9113
986.67,24.1509,44.8099,2.82539,52.432,0.79263,0.321439,-0.94693,0.927238,0.374474,40891.7,39396.3,37106,32348.3,21022,8876,0,0,37636,37977.8,2410.4,27542.6,9347.05,14658.4,14614.3,908.458,336.429,23.5748,20.917,47.698,47.698,224.225,56.0563
1028.57,24.7059,44.3377,2.33431,54.929,0.81844,0.258819,-0.965926,0.927238,0.374474,42356.7,40891.7,39396.3,34517,23988.3,11696.3,0,0,39042,39937.7,1941.2,30097.6,8843.18,16423.3,15280,959.516,379.286,23.9576,21.1511,41.9033,41.9033,204.234,51.0585
1068.57,25.6688,42.7111,2.1571,57.2065,0.840628,0.19509,-0.980785,0.927238,0.374474,43041,42356.7,40891.7,37106,27106,14828.7,0,0,39997.3,41421.4,1403.51,32448.6,8198,18216.7,15765.3,1005.7,423.81,24.5326,21.4255,40,40,184.725,46.1812
1092.55,26.2575,41.5599,2.0768,59.2155,0.859098,0.130526,-0.991445,0.927238,0.374474,44000.7,43041,42356.7,39396.3,29741.3,17869,0,0,41052.3,42572.5,1132.58,34626.3,7474.76,20050,16095.2,1044.09,469.333,25.1957,21.7265,23.98,23.98,153.581,38.3953
1119.21,26.3611,42.2327,2.10937,60.8998,0.87377,0.0654031,-0.997859,0.927238,0.374474,44552.3,44000.7,43041,40891.7,32348.3,21022,0,0,41884.7,43487.7,847.843,36587.1,6694.36,21906.4,16244.2,1077.23,515.967,25.7483,22.0386,26.6533,26.6533,132.537,33.1342
1139.87,26.131,43.2417,2.01219,62.2002,0.884583,1.22465e-16,-1,0.927238,0.374474,45609,44552.3,44000.7,42356.7,34517,23988.3,0,0,42698.7,44300.8,928.955,38388.9,5926.52,23806.7,16238.1,1105.05,563.461,26.1046,22.3424,20.66,20.66,111.293,27.8233
1153.57,26.3151,42.7922,2.31538,63.0609,0.891488,-0.0654031,-0.997859,0.927238,0.374474,46125.7,45609,44552.3,43041,37106,27106,0,0,43025.7,45071.9,839.106,39973.8,5195.3,25728.6,16035.1,1126.3,611.526,26.2661,22.6646,13.7,13.7,84.9933,21.2483
1164.31,25.763,45.4901,2.01365,63.4389,0.894458,-0.130526,-0.991445,0.927238,0.374474,44773.7,46125.7,45609,44000.7,39396.3,29741.3,79.3333,0,41966.7,45265.2,634.111,41226.5,4314.67,27590.9,15535.7,1144.24,660.039,26.1425,22.9716,10.7467,10.7467,71.76,17.94
1165.81,25.5607,46.1351,1.95861,63.3137,0.893479,-0.19509,-0.980785,0.927238,0.374474,43839.7,44773.7,46125.7,44552.3,40891.7,32348.3,689.333,0,40965.3,45087,866.794,42184.1,3420.51,29388.8,14797.7,1155.89,708.433,25.9424,23.276,1.5,1.5,46.6067,11.6517
1159.94,24.8613,48.4396,2.49312,62.6922,0.888555,-0.258819,-0.965926,0.927238,0.374474,44066.7,43839.7,44773.7,45609,42356.7,34517,2105.67,0,40633.3,44701.4,891.52,42979.9,2542.27,31137.2,13923.9,1160.91,755.728,25.625,23.5615,-5.87333,-5.87333,20.0733,5.01833
1149.79,25.2532,45.7831,2.10339,61.6071,0.879707,-0.321439,-0.94693,0.927238,0.374474,43783,44066.7,43839.7,46125.7,43041,37106,3772.33,0,40052.7,44115.8,394.401,43536.4,1825.39,32804.3,12905.7,1159.96,801.085,25.3596,23.8594,-10.1533,-10.1533,-3.78,-0.945
1131.32,26.0117,42.8347,2.28164,60.109,0.866975,-0.382683,-0.92388,0.927238,0.374474,42707.3,43783,44066.7,44773.7,44000.7,39396.3,5768.33,0,39103.7,43599.2,525.729,43812.3,1372.9,34343.4,11739.6,1151.71,843.704,25.4217,24.1624,-18.4667,-18.4667,-32.9933,-8.24833
1108.59,25.6829,42.4638,2.52908,58.2565,0.850412,-0.442289,-0.896873,0.927238,0.374474,41488.7,42707.3,43783,43839.7,44552.3,40891.7,8876,0,38324.3,43011.4,1014.9,43862,1273.37,35702.3,10539.2,1137.41,883.013,25.4523,24.4135,-22.7267,-22.7267,-57.22,-14.305
1081.67,25.1668,43.8216,1.96995,56.1079,0.830089,-0.5,-0.866025,0.927238,0.374474,39598.3,41488.7,42707.3,44066.7,45609,42356.7,11696.3,0,31444.3,41894.3,1554.37,43632.2,1701.39,36864.9,9292.17,1117.84,917.948,25.5287,24.6021,-26.9267,-26.9267,-78.2733,-19.5683
1046.24,24.9588,45.7449,2.19455,53.7161,0.806095,-0.55557,-0.83147,0.927238,0.374474,37739.7,39598.3,41488.7,43783,46125.7,43041,14828.7,0,28377,40383.5,1886,43190.4,2358.79,37819.5,8076.62,1091.95,948.476,25.455,24.7346,-35.4267,-35.4267,-103.547,-25.8867
1005.98,25.4452,44.9248,1.78784,51.1264,0.778532,-0.608761,-0.793353,0.927238,0.374474,36261.3,37739.7,39598.3,42707.3,44773.7,44000.7,17869,0,33175,38772,1964.2,42545.4,3015.66,38585.9,6939.84,1060.62,973.643,25.3134,24.8488,-40.2613,-40.2613,-125.341,-31.3353
958.893,25.9745,44.0747,1.72412,48.3759,0.747519,-0.659346,-0.75184,0.927238,0.374474,34104.3,36261.3,37739.7,41488.7,43839.7,44552.3,21022,0,31776.3,36925.9,2012.9,41674.8,3733.39,39131,5987.27,1023.19,993.54,25.3863,24.9458,-47.086,-47.086,-149.701,-37.4252
909.453,25.0548,47.7586,1.82745,45.495,0.71319,-0.707107,-0.707107,0.927238,0.374474,32032.7,34104.3,36261.3,39598.3,44066.7,45609,23988.3,0,26473,35034.5,2162.13,40543.4,4372.18,39466.1,5317.92,980.141,1008.34,25.3583,24.986,-49.44,-49.44,-172.214,-43.0535
853.011,25.1492,48.1739,1.51051,42.5079,0.675691,-0.75184,-0.659346,0.927238,0.374474,29369.7,32032.7,34104.3,37739.7,43783,46125.7,27106,0,24676,32942,2547.42,39147.1,4997.38,39560.5,5114.03,931.834,1017.87,25.4059,25.0633,-56.4413,-56.4413,-193.229,-48.3072
790.443,24.8934,49.5555,1.61043,39.4338,0.635186,-0.793353,-0.608761,0.927238,0.374474,26519.3,29369.7,32032.7,36261.3,42707.3,44773.7,29741.3,0,23948,30506.5,2848.84,37625.9,5771.47,39426.2,5404.1,877.95,1021.84,25.268,25.1158,-62.5687,-62.5687,-215.536,-53.884
722.439,23.4781,53.6303,1.90126,36.2883,0.591849,-0.83147,-0.55557,0.927238,0.374474,23456.7,26519.3,29369.7,34104.3,41488.7,43839.7,32348.3,0,20062.3,27844.6,3196.72,35927.3,6628.55,39055.7,6132.36,818.836,1020.17,24.6439,25.1247,-68.004,-68.004,-236.454,-59.1135
655.408,22.8422,56.6399,1.70099,33.084,0.545868,-0.866025,-0.5,0.927238,0.374474,20285,23456.7,26519.3,32032.7,39598.3,44066.7,34517,0,16734.3,24907.7,3390.48,33945.5,7408.07,38462.7,7146.79,755.325,1013.13,24.0907,25.1108,-67.0307,-67.0307,-254.045,-63.5112
582.519,22.2113,59.0024,2.30701,29.8309,0.497442,-0.896873,-0.442289,0.927238,0.374474,16657.7,20285,23456.7,29369.7,37739.7,43783,37106,0,14571,21729.7,3665.23,31685.1,8161.55,37610.7,8371.67,687.702,1000.57,23.3562,25.0626,-72.8893,-72.8893,-270.493,-67.6232
504.577,21.8541,59.4811,1.99381,26.5375,0.446783,-0.92388,-0.382683,0.927238,0.374474,13993.7,16657.7,20285,26519.3,36261.3,42707.3,39396.3,0,8159,18598.2,3585.3,29292.2,8766.03,36552.3,9595.41,616.236,982.475,22.5964,24.9896,-77.9413,-77.9413,-285.865,-71.4663
428.792,22.9171,55.5465,1.12002,23.2108,0.394115,-0.94693,-0.321439,0.927238,0.374474,11418,13993.7,16657.7,23456.7,34104.3,41488.7,40891.7,0,6537,15588.6,3283.93,26786.4,9208.25,35324.2,10775,542.824,959.23,22.4562,24.9382,-75.7853,-75.7853,-293.647,-73.4117
357.207,23.0637,56.0079,1.26103,19.8569,0.339672,-0.965926,-0.258819,0.927238,0.374474,8866.67,11418,13993.7,20285,32032.7,39598.3,42356.7,0,5382.33,12734,2901.29,24225.4,9555.84,33928.8,11885.3,468.274,931.257,22.5115,24.8698,-71.5853,-71.5853,-298.201,-74.5503
248.144,21.8517,60.2945,1.09399,16.4815,0.283706,-0.980785,-0.19509,0.927238,0.374474,6343,8866.67,11418,16657.7,29369.7,37739.7,43041,0,4129.67,10155.3,2851.39,21609,9792.71,32399.7,12929.4,384.68,897.072,22.4216,24.7108,-109.063,-109.063,-334.375,-83.5938
0,18.0056,64.0359,1.49754,-12.703,-0.219897,0.997859,0.0654031,0.933542,0.358468,0,0,0,0,0,0,0,2389.33,0,0,0,0,0,0,0,0,0,17.9006,18.4716,0,0,0,0
0,18.0211,63.0107,2.21604,-9.23221,-0.160436,1,6.12323e-17,0.933542,0.358468,0,0,0,0,0,0,0,855.333,0,0,0,0,0,0,0,0,0,17.9345,18.4457,0,0,0,0
0,17.9936,61.6431,2.30825,-5.76212,-0.100399,0.997859,-0.0654031,0.933542,0.358468,0,0,0,0,0,0,0,153,0,0,0,0,0,0,0,0,0,17.9725,18.4105,0,0,0,0
0,18.0118,60.8479,2.02551,-2.29484,-0.0400418,0.991445,-0.130526,0.933542,0.358468,43.3333,0,0,0,0,0,0,0,79.3333,10.8333,18.7639,3.61111,11.9767,1.80556,8.65914,0,0,18.008,18.3727,0,0,0,0
4.01125,17.9844,61.1661,2.32812,1.51276,0.0263995,0.980785,-0.19509,0.933542,0.358468,748.667,43.3333,0,0,0,0,0,0,689.333,198,318.419,66,206.177,33,149.477,1.00281,0.167136,18.0027,18.3316,4.01125,4.01125,4.01125,1.00281
25.1942,17.927,61.3237,2.03642,4.79301,0.0835563,0.965926,-0.258819,0.933542,0.358468,1980.33,748.667,43.3333,0,0,0,0,0,2105.67,693.083,800.413,231.028,565.952,115.514,416.526,7.30136,1.21689,17.9792,18.2859,21.1829,21.1829,25.1942,6.29855
56.2535,18.1763,60.4707,2.06119,8.17737,0.142238,0.94693,-0.321439,0.933542,0.358468,1725,1980.33,748.667,0,0,0,0,0,3772.33,1124.33,775.117,374.778,693.675,187.389,525.078,21.3647,3.56079,18.0249,18.2488,31.0593,31.0593,56.2535,14.0634
45.3662,18.411,60.3802,1.87804,11.5813,0.200759,0.92388,-0.382683,0.933542,0.358468,3094.67,1725,1980.33,43.3333,0,0,0,0,5768.33,1887.17,835.047,632.667,1009.68,316.333,780.894,32.7063,5.45105,18.1247,18.2204,-10.8873,-10.8873,45.3662,11.3415
76.5773,18.5462,60.5607,2.01692,14.983,0.258532,0.896873,-0.442289,0.933542,0.358468,4716.33,3094.67,1725,748.667,0,0,0,0,8876,2879.08,1179.15,1025.69,1490.41,512.847,1172.04,50.8478,8.64177,18.2651,18.1979,31.2111,31.2111,72.5661,18.1415
110.931,18.9325,59.1891,2.15331,18.3728,0.315198,0.866025,-0.5,0.933542,0.358468,7971,4716.33,3094.67,1980.33,0,0,0,0,11696.3,4376.75,2329.67,1689.94,2390.02,844.972,1889.46,72.2821,13.2639,18.5165,18.1961,34.3541,34.3541,85.7373,21.4343
185.257,19.4724,57.6863,1.76273,21.7443,0.370466,0.83147,-0.55557,0.933542,0.358468,11857.7,7971,4716.33,1725,0,0,0,0,14828.7,6909.92,3353.14,2678.08,3621.19,1339.04,2889.56,104.533,20.9829,18.8405,18.221,74.3252,74.3252,129.003,32.2508
350.479,20.3827,55.9695,1.92107,25.0922,0.424076,0.793353,-0.608761,0.933542,0.358468,17580,11857.7,7971,3094.67,43.3333,0,0,0,17869,10531.2,4790.94,4143.08,5373.52,2071.54,4327.66,180.811,35.5862,19.3335,18.2895,165.222,165.222,305.112,76.2781
469.778,22.0695,51.8793,1.41698,28.4105,0.475786,0.75184,-0.659346,0.933542,0.358468,19975.7,17580,11857.7,4716.33,748.667,0,0,0,21022,14346.1,4716.58,5807.72,6750,2903.86,5586.92,279.111,55.1603,20.2143,18.4402,119.299,119.299,393.201,98.3002
530.824,23.4712,48.4827,1.27421,31.6929,0.525366,0.707107,-0.707107,0.933542,0.358468,23076.7,19975.7,17580,7971,1980.33,0,0,0,23988.3,18122.5,4108.54,7730.78,7994.05,3865.39,6847.9,384.084,77.278,21.349,18.6526,61.046,61.046,419.893,104.973
593.363,24.2403,45.5707,1.75604,34.9318,0.572601,0.659346,-0.75184,0.933542,0.358468,17943.3,23076.7,19975.7,11857.7,1725,0,0,0,27106,19643.9,2182.06,9226.06,8085.79,4613.03,7346.43,486.111,102.001,22.5409,18.9049,62.5393,62.5393,408.107,102.027
541.716,24.3612,46.2039,1.64359,38.118,0.617283,0.608761,-0.793353,0.933542,0.358468,16207.7,17943.3,23076.7,17580,3094.67,43.3333,0,0,29741.3,19300.8,2555.52,10573.1,7784.63,5288.35,7630.78,533.92,124.573,23.5355,19.1685,-51.6473,-51.6473,191.237,47.8093
550.753,22.1595,52.8464,2.30523,41.2405,0.659221,0.55557,-0.83147,0.933542,0.358468,29974,16207.7,17943.3,19975.7,4716.33,748.667,0,0,32348.3,21800.4,5352.39,13008.5,8831.32,6537.26,8994.14,554.164,147.521,23.558,19.3373,9.03733,9.03733,80.9753,20.2438
706.643,22.1919,52.4259,2.03931,44.2853,0.698231,0.5,-0.866025,0.933542,0.358468,24899.7,29974,16207.7,23076.7,7971,1980.33,0,0,34517,22256.2,5516.75,14918.5,8717.37,7574.75,9596.18,598.119,176.964,23.2382,19.4996,155.889,155.889,175.819,43.9547
605.877,21.7229,53.066,3.05169,47.2352,0.734148,0.442289,-0.896873,0.933542,0.358468,38652.7,24899.7,29974,17943.3,11857.7,1725,0,0,37106,27433.5,8135.78,17995.8,9947.85,9185.28,11284.7,601.247,202.209,22.6089,19.648,-100.765,-100.765,12.514,3.1285
787.607,21.557,54.3485,3.46845,50.0687,0.766815,0.382683,-0.92388,0.933542,0.358468,28604.3,38652.7,24899.7,16207.7,17580,3094.67,0,0,39396.3,30532.7,5042.21,20121.6,9236.64,10377.1,11752.5,662.72,235.026,21.9078,19.7977,181.73,181.73,245.891,61.4728
623.533,21.9783,53.1265,3.25649,52.7585,0.796092,0.321439,-0.94693,0.933542,0.358468,26924.3,28604.3,38652.7,29974,19975.7,4716.33,0,0,40891.7,29770.2,5293.36,21972.2,8122.2,11499,11991.1,680.915,261.007,21.8625,19.9672,-164.074,-164.074,72.78,18.195
608.451,21.5385,54.8639,2.57721,55.2707,0.821853,0.258819,-0.965926,0.933542,0.358468,29445,26924.3,28604.3,24899.7,23076.7,7971,0,0,42356.7,30906.6,4563.35,23761.8,7147.39,12725.8,12255.2,656.367,286.359,21.6992,20.1194,-15.082,-15.082,-98.1913,-24.5478
919.442,21.9473,53.2669,2.56051,57.5637,0.843988,0.19509,-0.980785,0.933542,0.358468,37592.7,29445,26924.3,38652.7,17943.3,11857.7,0,0,43041,30641.6,4114.54,25906.3,7114.64,14292.2,12913.3,734.758,324.669,21.7553,20.2905,310.991,310.991,313.565,78.3912
980.617,22.5747,50.4603,2.85243,59.5874,0.862402,0.130526,-0.991445,0.933542,0.358468,34240.3,37592.7,29445,28604.3,16207.7,17580,0,0,44000.7,32050.6,4140.57,27294.7,6978.63,15718.9,13144.9,783.011,365.528,22.0097,20.4865,61.1747,61.1747,193.009,48.2523
846.847,22.7683,51.2259,3.53081,61.2844,0.877016,0.0654031,-0.997859,0.933542,0.358468,36418.7,34240.3,37592.7,26924.3,29974,19975.7,0,0,44552.3,34424.2,3116.22,28664.9,7021.17,17236.3,13343.3,838.839,400.813,22.2072,20.685,-133.77,-133.77,223.313,55.8283
934.041,22.7503,53.0493,3.73769,62.5939,0.887766,1.22465e-16,-1,0.933542,0.358468,35443.3,36418.7,34240.3,29445,24899.7,23076.7,0,0,45609,35923.8,1234.4,29695.5,7032.87,18713.1,13315.2,920.237,439.732,22.5101,20.882,87.1947,87.1947,325.59,81.3975
1074.78,23.0413,53.9814,3.12521,63.458,0.894607,-0.0654031,-0.997859,0.933542,0.358468,41773,35443.3,36418.7,37592.7,38652.7,17943.3,0,0,46125.7,36968.8,2879,31681.3,6794.4,20453.7,13484.5,959.07,484.514,22.7836,21.0924,140.736,140.736,155.335,38.8338
1056.49,23.3939,53.3348,3.22843,63.8327,0.89751,-0.130526,-0.991445,0.933542,0.358468,43268.7,41773,35443.3,34240.3,28604.3,16207.7,43.3333,0,44773.7,39225.9,3354.85,33936.4,5684.6,22254.7,13524.7,978.038,528.534,22.9884,21.3166,-18.2913,-18.2913,75.8693,18.9673
1035.05,23.0695,54.2477,3.04273,63.6968,0.896462,-0.19509,-0.980785,0.933542,0.358468,41988,43268.7,41773,36418.7,26924.3,29974,748.667,0,43839.7,40618.2,3041.96,34937.6,5950.32,23973,13301.1,1025.09,571.494,23.0637,21.5285,-21.436,-21.436,188.203,47.0508
1085.74,23.3245,54.5423,2.74705,63.0582,0.891467,-0.258819,-0.965926,0.933542,0.358468,42160.3,41988,43268.7,35443.3,29445,24899.7,1980.33,0,44066.7,42297.5,577.251,36375.9,5411.85,25647.2,12951.7,1063.01,615.684,23.2073,21.7534,50.69,50.69,151.699,37.9247
1090.6,23.3699,54.8347,3.27901,61.9513,0.882548,-0.321439,-0.94693,0.933542,0.358468,41333,42160.3,41988,41773,37592.7,38652.7,1725,0,43783,42187.5,696.354,36599.3,5554.63,27297.5,12305.7,1066.97,658.782,23.2894,21.9698,4.86,4.86,15.8227,3.95567
1041.18,23.6722,54.1611,3.17519,60.4287,0.869743,-0.382683,-0.92388,0.933542,0.358468,39904.7,41333,42160.3,43268.7,34240.3,28604.3,3094.67,0,42707.3,41346.5,887.821,37541,5054.8,28831.3,11458.3,1063.14,700.274,23.359,22.189,-49.4213,-49.4213,-15.3073,-3.82683
1032.18,23.6691,54.0001,3.16205,58.5511,0.853106,-0.442289,-0.896873,0.933542,0.358468,32386,39904.7,41333,41988,36418.7,26924.3,4716.33,0,41488.7,38946,3872.41,37996.1,4262.11,29984.2,10308.2,1062.42,740.091,23.5089,22.4025,-8.99867,-8.99867,-2.87,-0.7175
803.1,23.1447,55.9467,3.15041,56.378,0.832709,-0.5,-0.866025,0.933542,0.358468,38256.3,32386,39904.7,42160.3,35443.3,29445,7971,0,39598.3,37970,3402.78,38730.4,3396.84,31246.1,9344.9,991.765,768.931,23.4639,22.578,-229.08,-229.08,-282.64,-70.66
1014.44,22.9934,57.2893,2.78407,53.9633,0.80864,-0.55557,-0.83147,0.933542,0.358468,35329.7,38256.3,32386,41333,41773,37592.7,11857.7,0,37739.7,36469.2,2870.86,38541.8,3515.52,32224.1,8450,972.724,803.48,23.3698,22.7247,211.337,211.337,-76.1633,-19.0408
934.649,23.3709,57.1027,3.46771,51.3525,0.781003,-0.608761,-0.793353,0.933542,0.358468,33521.3,35329.7,38256.3,39904.7,43268.7,34240.3,17580,0,36261.3,34873.3,2217.41,38481.9,3593.58,32888.3,7880.1,946.091,827.82,23.2945,22.8492,-79.788,-79.788,-106.53,-26.6325
868.786,22.6735,60.0085,3.25887,48.5831,0.749916,-0.659346,-0.75184,0.933542,0.358468,31071,33521.3,35329.7,32386,41988,36418.7,19975.7,0,34104.3,34544.6,2622.32,38036.3,4115.49,33350.6,7421.09,905.243,844.446,23.0456,22.8743,-65.8627,-65.8627,-163.394,-40.8485
810.601,22.4833,61.436,2.75528,45.6853,0.715514,-0.707107,-0.707107,0.933542,0.358468,28716.7,31071,33521.3,38256.3,42160.3,35443.3,23076.7,0,32032.7,32159.7,2497.12,37475.7,4827.08,33585.6,7177.32,907.118,856.103,22.8803,22.8332,-58.1853,-58.1853,7.50067,1.87517
750.332,22.1969,63.3909,2.85462,42.6832,0.677944,-0.75184,-0.659346,0.933542,0.358468,25851,28716.7,31071,35329.7,41333,41773,17943.3,0,29369.7,29790,2838.64,36148.9,5591.29,33915.1,6610.83,841.092,862.643,22.6811,22.748,-60.2687,-60.2687,-264.105,-66.0262
676.119,21.8994,65.3704,2.92846,39.5959,0.637368,-0.793353,-0.608761,0.933542,0.358468,22910,25851,28716.7,33521.3,39904.7,43268.7,16207.7,0,26519.3,27137.2,3061.58,34452.3,6226.2,34194.4,5967.13,776.459,868.244,22.3133,22.6455,-74.2133,-74.2133,-258.53,-64.6325
605.779,21.8329,66.1529,2.53301,36.4387,0.593963,-0.83147,-0.55557,0.933542,0.358468,20186.7,22910,25851,31071,32386,41988,29974,0,23456.7,24416.1,3190.23,32635.6,6905.93,33786.6,6547.81,710.708,870.536,22.1031,22.6318,-70.3393,-70.3393,-263.007,-65.7517
540.418,21.4473,67.7556,2.40966,33.2241,0.547915,-0.866025,-0.5,0.933542,0.358468,17745.3,20186.7,22910,28716.7,38256.3,42160.3,24899.7,0,20285,21673.2,3025.79,30601,7380.3,33488.5,7086.33,643.162,863.61,21.8441,22.6008,-65.3613,-65.3613,-270.183,-67.5457
483.041,21.2615,69.7029,2.18247,29.9619,0.499425,-0.896873,-0.442289,0.933542,0.358468,14555,17745.3,20186.7,25851,35329.7,41333,38652.7,0,16657.7,18849.2,3079.67,28369.5,7832.45,32484.4,7939.34,576.339,858.492,21.6103,22.5816,-57.3767,-57.3767,-267.291,-66.8227
408.266,21.2473,70.6301,1.95767,26.6606,0.448704,-0.92388,-0.382683,0.933542,0.358468,12492,14555,17745.3,22910,33521.3,39904.7,28604.3,0,13993.7,16244.8,2946.56,26085.1,8127.01,31813,8866.18,509.376,842.686,21.4472,22.5687,-74.7753,-74.7753,-267.853,-66.9632
342.865,20.9945,72.3066,1.99198,23.3269,0.395976,-0.94693,-0.321439,0.933542,0.358468,10167.7,12492,14555,20186.7,31071,32386,26924.3,0,11418,13740,2785.05,24233.6,8968.02,31114.8,9830.95,443.648,830.992,21.2376,22.5277,-65.4007,-65.4007,-262.914,-65.7285
286.955,20.8066,73.661,2.20753,19.9669,0.341478,-0.965926,-0.258819,0.933542,0.358468,7000.67,10167.7,12492,17745.3,28716.7,38256.3,29445,0,8866.67,11053.8,2808.02,21628.9,9055.51,30179.7,10949.2,380.282,817.596,21.0774,22.4972,-55.91,-55.91,-253.463,-63.3657
197.518,20.6625,75.0357,1.95458,16.5863,0.285459,-0.980785,-0.19509,0.933542,0.358468,4846.33,7000.67,10167.7,14555,25851,35329.7,37592.7,0,6343,8626.67,2926.19,19088.6,9131.16,28815.2,11936.3,308.901,787.516,20.9277,22.4437,-89.4373,-89.4373,-285.523,-71.3808
0,18.0821,92.5379,0.554937,-12.4951,-0.216355,0.997859,0.0654031,0.93957,0.342357,0,0,0,0,0,0,0,2031.33,0,0,0,0,0,0,0,0,0,18.2847,18.5571,0,0,0,0
0,18.0725,92.6476,1.04944,-9.02437,-0.156855,1,6.12323e-17,0.93957,0.342357,0,0,0,0,0,0,0,881.667,0,0,0,0,0,0,0,0,0,18.1443,18.5207,0,0,0,0
0,18.2157,92.6447,0.617612,-5.5539,-0.0967821,0.997859,-0.0654031,0.93957,0.342357,0,0,0,0,0,0,0,214.667,0,0,0,0,0,0,0,0,0,18.1075,18.4935,0,0,0,0
0,18.295,92.5857,0.589707,-2.08573,-0.0363947,0.991445,-0.130526,0.93957,0.342357,112.667,0,0,0,0,0,0,0,43.3333,28.1667,48.7861,9.38889,31.1394,4.69444,22.5138,0,0,18.1663,18.471,0,0,0,0
5.51961,18.1829,92.3544,0.599555,1.70492,0.0297521,0.980785,-0.19509,0.93957,0.342357,800.333,112.667,0,0,0,0,0,0,748.667,228.25,333.48,76.0833,220.56,38.0417,160.532,1.3799,0.229984,18.1915,18.4494,5.51961,5.51961,5.51961,1.3799
23.3294,18.0621,92.7133,0.430195,4.99987,0.0871535,0.965926,-0.258819,0.93957,0.342357,2245.67,800.333,112.667,0,0,0,0,0,1980.33,789.667,894.7,263.222,636.711,131.611,469.065,7.21225,1.20204,18.1889,18.4237,17.8098,17.8098,23.3294,5.83235
61.1416,18.2537,93.1326,0.743704,8.38971,0.145905,0.94693,-0.321439,0.93957,0.342357,4037.67,2245.67,800.333,0,0,0,0,0,1725,1799.08,1504.34,599.694,1213.93,299.847,909.24,22.4977,3.74961,18.1984,18.4094,37.8122,37.8122,61.1416,15.2854
108.691,18.6441,92.5931,0.516302,11.7977,0.204457,0.92388,-0.382683,0.93957,0.342357,6087.67,4037.67,2245.67,112.667,0,0,0,0,3094.67,3292.83,1979.58,1107,1922.53,553.5,1467.79,49.6704,8.2784,18.2857,18.4124,47.5494,47.5494,108.691,27.1728
159.748,19.4153,89.906,0.491975,15.2034,0.262246,0.896873,-0.442289,0.93957,0.342357,8435.67,6087.67,4037.67,800.333,0,0,0,0,4716.33,5201.67,2309.58,1809.97,2752.38,904.986,2146.35,88.2275,14.9346,18.5938,18.4482,51.057,51.057,154.228,38.5571
217.3,20.2415,86.1518,0.769223,18.5975,0.318918,0.866025,-0.5,0.93957,0.342357,11090.3,8435.67,6087.67,2245.67,0,0,0,0,7971,7412.83,2632.39,2734.17,3691.28,1367.08,2946.47,136.72,23.9887,19.1386,18.5242,57.552,57.552,193.971,48.4926
281.053,21.3447,80.7011,0.644917,21.974,0.374186,0.83147,-0.55557,0.93957,0.342357,13422.3,11090.3,8435.67,4037.67,0,0,0,0,11857.7,9759,2757.82,3852.69,4612.07,1926.35,3787.67,191.698,35.6993,19.9114,18.6489,63.7527,63.7527,219.911,54.9778
348.077,21.6269,79.2778,1.09054,25.3274,0.42779,0.793353,-0.608761,0.93957,0.342357,15994.3,13422.3,11090.3,6087.67,112.667,0,0,0,17580,12235.7,2796.76,5185.56,5526.55,2592.78,4689.76,251.544,50.2025,20.6571,18.7874,67.0247,67.0247,239.386,59.8466
398.233,21.6539,78.6107,1.35276,28.652,0.479488,0.75184,-0.659346,0.93957,0.342357,18605.7,15994.3,13422.3,8435.67,800.333,0,0,0,19975.7,14778.2,2809.24,6736.03,6395.79,3368.01,5638.85,311.166,66.7955,21.2167,18.9239,50.156,50.156,238.485,59.6213
480.769,21.8715,77.5568,1.14775,31.9414,0.529052,0.707107,-0.707107,0.93957,0.342357,21294,18605.7,15994.3,11090.3,2245.67,0,0,0,23076.7,17329.1,2932.34,8510.53,7185.92,4255.26,6627.67,377.033,86.8276,21.6242,19.064,82.5353,82.5353,263.469,65.8672
472.317,21.7873,77.3743,1.42503,35.1883,0.576265,0.659346,-0.75184,0.93957,0.342357,24015.7,21294,18605.7,13422.3,4037.67,0,0,0,17943.3,19977.4,2991.13,10511.8,7850.51,5255.92,7644.6,424.849,106.507,21.7349,19.202,-8.45133,-8.45133,191.265,47.8162
618.739,22.1584,75.2397,1.57575,38.3834,0.620921,0.608761,-0.793353,0.93957,0.342357,26924.3,24015.7,21294,15994.3,6087.67,112.667,0,0,16207.7,22709.9,3095,12746.1,8371.02,6377.76,8694.46,492.515,132.288,21.8678,19.3541,146.422,146.422,270.662,67.6655
689.879,23.1707,71.0157,1.65105,41.5159,0.662827,0.55557,-0.83147,0.93957,0.342357,29280.7,26924.3,24015.7,18605.7,8435.67,800.333,0,0,29974,25378.7,3006.53,15119.5,8679.39,7597.79,9709.09,565.426,161.033,22.247,19.55,71.1393,71.1393,291.645,72.9113
758.58,23.7348,68.2472,1.67653,44.5718,0.701803,0.5,-0.866025,0.93957,0.342357,31291.3,29280.7,26924.3,21294,11090.3,2245.67,0,0,24899.7,27878,2713.18,17540,8800.9,8901.6,10656.1,634.879,192.641,22.7128,19.7616,68.7013,68.7013,277.811,69.4528
804.271,24.5937,64.3901,1.59818,47.5341,0.737679,0.442289,-0.896873,0.93957,0.342357,32818,31291.3,29280.7,24015.7,13422.3,4037.67,0,0,38652.7,30078.6,2211.4,19938.3,8715.65,10269,11498.4,717.867,226.152,23.4144,19.9985,45.6913,45.6913,331.954,82.9885
850.667,24.7373,63.5468,1.37457,50.381,0.770302,0.382683,-0.92388,0.93957,0.342357,34517.7,32818,31291.3,26924.3,15994.3,6087.67,0,0,28604.3,31976.9,1930.2,22307.5,8489.76,11707.2,12257.7,775.849,261.596,24.0592,20.2436,46.3953,46.3953,231.927,57.9818
885.185,25.1691,61.8316,1.26208,53.0854,0.799531,0.321439,-0.94693,0.93957,0.342357,35841.7,34517.7,32818,29280.7,18605.7,8435.67,0,0,26924.3,33617.2,1718.1,24591.3,8129.51,13200.7,12906.6,824.676,298.479,24.5588,20.5154,34.5187,34.5187,195.307,48.8267
936.775,25.0668,61.2161,1.75934,55.613,0.825241,0.258819,-0.965926,0.93957,0.342357,39780.3,35841.7,34517.7,31291.3,21294,11090.3,0,0,29445,35739.4,2567.43,26982.2,8025.49,14858.2,13638.5,869.224,337.511,24.8918,20.7834,51.5893,51.5893,178.195,44.5487
1022.82,24.8505,61.4676,1.86475,57.9215,0.847322,0.19509,-0.980785,0.93957,0.342357,38344.3,39780.3,35841.7,32818,24015.7,13422.3,0,0,37592.7,37121,2060.5,29059,7451.92,16455.8,14044.2,923.863,380.129,24.9559,21.0538,86.0493,86.0493,218.553,54.6382
1035.68,24.8947,61.5508,1.84875,59.9601,0.865677,0.130526,-0.991445,0.93957,0.342357,28678.7,38344.3,39780.3,34517.7,26924.3,15994.3,0,0,34240.3,35661.2,4270.68,30116,6340.51,17650.8,13811.4,970.117,423.283,24.9953,21.3386,12.8607,12.8607,185.018,46.2545
978.187,25.3497,61.3472,1.84273,61.6701,0.880229,0.0654031,-0.997859,0.93957,0.342357,30225,28678.7,38344.3,35841.7,29280.7,18605.7,0,0,36418.7,34257.1,4862.83,31084.3,5312.7,18910.2,13519.4,993.367,464.04,25.0404,21.6414,-57.498,-57.498,93.0013,23.2503
797.092,24.8614,64.0494,2.16981,62.9886,0.890916,1.22465e-16,-1,0.93957,0.342357,41716.3,30225,28678.7,39780.3,31291.3,21294,0,0,35443.3,34741.1,5449.44,32786.2,5173.1,20648.3,13657.4,958.447,497.253,24.9891,21.9242,-181.095,-181.095,-139.683,-34.9207
943.179,24.8867,65.3683,2.53997,63.8562,0.897691,-0.0654031,-0.997859,0.93957,0.342357,31872.3,41716.3,30225,38344.3,32818,24015.7,0,0,41773,33123.1,5088.22,33440.9,4471.21,21976.4,13124.3,938.536,536.552,24.9981,22.2022,146.087,146.087,-79.6453,-19.9113
921.755,24.4996,67.6048,2.7552,64.2272,0.900525,-0.130526,-0.991445,0.93957,0.342357,27528.7,31872.3,41716.3,28678.7,34517.7,26924.3,112.667,0,43268.7,32835.6,5356.63,33491.2,4400.37,23118.7,12341.3,910.053,574.958,24.8993,22.4607,-21.424,-21.424,-113.93,-28.4825
905.682,24.4971,66.9655,2.93183,64.0802,0.899407,-0.19509,-0.980785,0.93957,0.342357,38521.3,27528.7,31872.3,30225,35841.7,29280.7,800.333,0,41988,34909.7,5547.06,34261.3,4404.7,24690.4,11788.5,891.927,612.465,24.6862,22.7238,-16.0727,-16.0727,-72.5047,-18.1262
945.197,24.5459,66.0554,2.84833,63.4239,0.894341,-0.258819,-0.965926,0.93957,0.342357,33629.7,38521.3,27528.7,41716.3,39780.3,31291.3,2245.67,0,42160.3,32888,3938.23,34456.2,4319.91,25998.1,10936.1,928.953,650.876,24.6073,22.994,39.5153,39.5153,148.105,37.0263
853.397,24.2375,67.3049,2.15688,62.2944,0.885348,-0.321439,-0.94693,0.93957,0.342357,26255,33629.7,38521.3,31872.3,38344.3,32818,4037.67,0,41333,31483.7,4927.35,33909.2,4872.76,26923.8,9932.26,906.508,683.887,24.445,23.2433,-91.8,-91.8,-89.7813,-22.4453
787.751,24.0839,67.4175,1.79788,60.7468,0.872469,-0.382683,-0.92388,0.93957,0.342357,28744.3,26255,33629.7,27528.7,28678.7,34517.7,6087.67,0,39904.7,31787.6,4706.58,33428.1,5069.96,27867.8,8933.5,873.007,712.181,24.3411,23.47,-65.6467,-65.6467,-134.004,-33.501
697.085,24.1048,68.7331,1.85784,58.8435,0.855758,-0.442289,-0.896873,0.93957,0.342357,21859.7,28744.3,26255,38521.3,30225,35841.7,8435.67,0,32386,27622.2,4255.14,32263,5917.25,28427.2,8078.67,820.857,734.57,24.243,23.6653,-90.666,-90.666,-208.597,-52.1493
624.884,24.2384,67.4586,1.29212,56.6457,0.835286,-0.5,-0.866025,0.93957,0.342357,33769.3,21859.7,28744.3,33629.7,41716.3,39780.3,11090.3,0,38256.3,27657.1,4304.58,31762.1,5499.35,29372.1,7282.69,740.779,751.553,24.1661,23.8319,-72.2007,-72.2007,-320.313,-80.0783
836.385,25.4537,62.3563,0.969673,54.2078,0.811143,-0.55557,-0.83147,0.93957,0.342357,24472.7,33769.3,21859.7,26255,31872.3,38344.3,13422.3,0,35329.7,27211.5,4513.81,30606.1,5451.97,29832.5,6574.64,736.526,774.691,24.4702,24.0031,211.501,211.501,-17.012,-4.253
674.253,26.1286,59.8349,1.01457,51.5759,0.783432,-0.608761,-0.793353,0.93957,0.342357,14511.7,24472.7,33769.3,28744.3,27528.7,28678.7,15994.3,0,33521.3,23653.3,6888.25,29425.5,7043.19,29770.8,6709.95,708.152,788.282,24.9814,24.1907,-162.132,-162.132,-113.497,-28.3743
373.965,26.7406,57.8456,2.23344,48.7875,0.752272,-0.659346,-0.75184,0.93957,0.342357,28387.7,14511.7,24472.7,21859.7,38521.3,30225,18605.7,0,31071,25285.3,7041.57,29272.4,7044.11,30178.3,6304.2,627.372,787.271,25.6403,24.4026,-300.288,-300.288,-323.119,-80.7798
414.527,26.7063,54.6109,6.60452,45.8729,0.717797,-0.707107,-0.707107,0.93957,0.342357,25235.3,28387.7,14511.7,33769.3,33629.7,41716.3,21294,0,28716.7,23151.8,5199.81,27899,6015.57,30342.6,6119.25,574.783,784.511,26.2573,24.6041,40.562,40.562,-210.357,-52.5892
623.655,27.2521,55.8599,1.2839,42.8558,0.680156,-0.75184,-0.659346,0.93957,0.342357,19158.7,25235.3,28387.7,24472.7,26255,31872.3,24015.7,0,25851,21823.3,5368.73,26839.5,6333.64,30140.2,6399.06,521.6,790.817,26.7069,24.8318,209.128,209.128,-212.73,-53.1825
536.656,26.6369,55.3863,1.79162,39.7554,0.639511,-0.793353,-0.608761,0.93957,0.342357,11154,19158.7,25235.3,14511.7,28744.3,27528.7,26924.3,0,22910,20983.9,6573.6,25474.9,7662.66,29483.1,7423.28,487.201,787.396,26.834,25.0184,-86.9993,-86.9993,-137.597,-34.3993
341.435,26.1771,57.8411,1.38008,36.5866,0.596038,-0.83147,-0.55557,0.93957,0.342357,8512,11154,19158.7,28387.7,21859.7,38521.3,29280.7,0,20186.7,16015,6611,22974.2,7890.31,28617.7,8525.2,479.068,772.878,26.6931,25.1436,-195.221,-195.221,-32.5307,-8.13267
238.097,26.0943,54.8873,2.43799,33.3618,0.549924,-0.866025,-0.5,0.93957,0.342357,8836,8512,11154,25235.3,33769.3,33629.7,31291.3,0,17745.3,11915.2,4304.37,20908,8073.64,27682.1,9370.73,434.961,751.191,26.5401,25.2419,-103.337,-103.337,-176.43,-44.1075
208.348,25.4082,56.6785,3.1205,30.0908,0.501372,-0.896873,-0.442289,0.93957,0.342357,10047.3,8836,8512,19158.7,24472.7,26255,32818,0,14555,9637.33,1046.05,19557.4,8414.66,26733.3,9938.26,331.134,726.361,26.0791,25.2759,-29.7493,-29.7493,-415.307,-103.827
271.547,24.9792,53.4099,4.91776,26.7816,0.450591,-0.92388,-0.382683,0.93957,0.342357,11304.3,10047.3,8836,11154,14511.7,28744.3,34517.7,0,12492,9674.92,1101.12,18104.1,8205.92,25766.1,10258.1,264.857,702.231,25.6647,25.286,63.1987,63.1987,-265.109,-66.2773
279.304,24.9439,52.0654,4.05157,23.4411,0.397806,-0.94693,-0.321439,0.93957,0.342357,9777,11304.3,10047.3,8512,28387.7,21859.7,35841.7,0,10167.7,9991.17,881.453,17097.2,8421.77,24680.1,10510.5,249.324,676.986,25.3564,25.2766,7.75733,7.75733,-62.1307,-15.5327
278.444,24.8455,52.4161,3.78957,20.0752,0.343253,-0.965926,-0.258819,0.93957,0.342357,7103,9777,11304.3,8836,25235.3,33769.3,39780.3,0,7000.67,9557.92,1530.04,14875,7151.8,23318.5,10582.5,259.411,649.556,25.0442,25.2673,-0.86,-0.86,40.3467,10.0867
201.895,24.5995,53.9565,3.45231,16.6893,0.287182,-0.980785,-0.19509,0.93957,0.342357,4417,7103,9777,10047.3,19158.7,24472.7,38344.3,0,4846.33,8150.33,2628.14,13203.7,7056.4,21904.9,10745.7,257.797,615.35,24.842,25.2569,-76.5487,-76.5487,-6.45267,-1.61317
121.607,24.074,54.8764,4.69714,13.2893,0.229868,-0.991445,-0.130526,0.93957,0.342357,4851.33,4417,7103,11304.3,11154,14511.7,28678.7,0,3879,6537.08,2130.37,12398.6,7403.75,20912.1,11166.4,220.313,577.264,24.6157,25.2227,-80.2885,-80.2885,-149.94,-37.485
0,18.2815,56.0601,4.84479,-12.2852,-0.212778,0.997859,0.0654031,0.94532,0.326144,0,0,0,0,0,0,0,1860.33,0,0,0,0,0,0,0,0,0,18.3501,18.8015,0,0,0,0
0,18.1814,56.3072,4.54515,-8.81477,-0.153241,1,6.12323e-17,0.94532,0.326144,0,0,0,0,0,0,0,682.667,0,0,0,0,0,0,0,0,0,18.3001,18.7444,0,0,0,0
0,18.1425,56.1163,4.12615,-5.34403,-0.0931358,0.997859,-0.0654031,0.94532,0.326144,0,0,0,0,0,0,0,63.6667,0,0,0,0,0,0,0,0,0,18.2394,18.6884,0,0,0,0
0,18.0852,56.3347,4.22525,-1.87509,-0.0327207,0.991445,-0.130526,0.94532,0.326144,0,0,0,0,0,0,0,0,112.667,0,0,0,0,0,0,0,0,18.1726,18.6327,0,0,0,0
1.25108,18.0659,56.3625,4.72511,1.89989,0.0331533,0.980785,-0.19509,0.94532,0.326144,9.33333,0,0,0,0,0,0,0,800.333,2.33333,4.04145,0.777778,2.5796,0.388889,1.86504,0.31277,0.0521283,18.1187,18.5834,1.25108,1.25108,1.25108,0.31277
5.00419,18.0001,56.3131,4.31714,5.2083,0.0907768,0.965926,-0.258819,0.94532,0.326144,95,9.33333,0,0,0,0,0,0,2245.67,26.0833,39.9711,8.69444,26.1486,4.34722,18.994,1.56382,0.260636,18.0734,18.5384,3.75311,3.75311,5.00419,1.25105
9.66977,17.9561,56.2318,4.20972,8.6033,0.149592,0.94693,-0.321439,0.94532,0.326144,63.6667,95,9.33333,0,0,0,0,0,4037.67,42,39.0818,14,30.0188,7,22.3509,3.98126,0.663543,18.0268,18.498,4.66559,4.66559,9.66977,2.41744
6.46875,18.0062,55.9191,3.67672,12.0152,0.208171,0.92388,-0.382683,0.94532,0.326144,264,63.6667,95,0,0,0,0,0,6087.67,108,95.1388,36,74.8941,18,55.9336,5.59845,0.933074,18.0071,18.4599,-3.20103,-3.20103,6.46875,1.61719
13.3201,18.048,55.9065,3.40859,15.4247,0.265972,0.896873,-0.442289,0.94532,0.326144,441.667,264,63.6667,9.33333,0,0,0,0,8435.67,216.083,150.894,72.8056,133.642,36.4028,101.268,8.61571,1.48808,18.0026,18.4253,6.85139,6.85139,12.0691,3.01727
20.0395,18.0585,56.0199,3.21861,18.8231,0.322647,0.866025,-0.5,0.94532,0.326144,873.333,441.667,264,95,0,0,0,0,11090.3,410.667,298.723,145.583,255.98,72.7917,195.093,12.3745,2.32306,18.0172,18.3911,6.71939,6.71939,15.0353,3.75884
30.4383,18.0577,56.0952,2.98032,22.2044,0.377911,0.83147,-0.55557,0.94532,0.326144,1233.33,873.333,441.667,63.6667,0,0,0,0,13422.3,703.083,377.916,248.361,389.61,124.181,302.19,17.5667,3.59132,18.0426,18.3554,10.3988,10.3988,20.7686,5.19214
39.6013,18.1433,56.7712,2.3921,25.5632,0.431506,0.793353,-0.608761,0.94532,0.326144,1702.33,1233.33,873.333,264,0,0,0,0,15994.3,1062.67,463.624,390.222,550.183,195.111,435.223,25.8498,5.24138,18.0769,18.3251,9.16293,9.16293,33.1325,8.28313
44.3844,18.1925,56.6817,2.33913,28.8939,0.48319,0.75184,-0.659346,0.94532,0.326144,2226,1702.33,1233.33,441.667,9.33333,0,0,0,18605.7,1508.75,507.822,575.722,732.422,287.861,592.524,33.6159,7.09073,18.113,18.2987,4.78313,4.78313,31.0643,7.76607
63.2526,18.2807,57.9119,1.6287,32.1904,0.532734,0.707107,-0.707107,0.94532,0.326144,1521.67,2226,1702.33,873.333,95,0,0,0,21294,1670.83,361.545,702.528,753.198,351.264,637.997,44.4192,9.72625,18.1686,18.2752,18.8682,18.8682,43.2131,10.8033
40.6375,18.1835,59.7579,1.72137,35.445,0.579922,0.659346,-0.75184,0.94532,0.326144,1860.33,1521.67,2226,1233.33,63.6667,0,0,0,24015.7,1827.58,259.365,857.556,783.489,428.778,700.555,46.9689,11.4195,18.2,18.2503,-22.6151,-22.6151,10.1991,2.54978
49.0199,17.9239,61.6611,1.64811,38.6491,0.624548,0.608761,-0.793353,0.94532,0.326144,1247.33,1860.33,1521.67,1702.33,264,0,0,0,26924.3,1713.83,366.854,961.5,744.599,480.75,712.976,49.3236,13.462,18.1452,18.218,8.38247,8.38247,9.41867,2.35467
36.1999,17.6785,79.3052,1.88462,41.7914,0.666421,0.55557,-0.83147,0.94532,0.326144,2140.33,1247.33,1860.33,2226,441.667,9.33333,0,0,29280.7,1692.42,337.668,1139.08,750.429,569.931,778.145,47.2775,14.9703,18.0167,18.1792,-12.8201,-12.8201,-8.18453,-2.04613
51.6685,17.1601,81.5542,1.77375,44.8584,0.705358,0.5,-0.866025,0.94532,0.326144,1976.67,2140.33,1247.33,1521.67,873.333,95,0,0,31291.3,1806.17,337.626,1295.89,711.46,652.292,817.097,44.3815,17.1232,17.7365,18.1211,15.4687,15.4687,-11.5841,-2.89602
52.9861,17.1869,73.7552,1.60484,47.833,0.741191,0.442289,-0.896873,0.94532,0.326144,1680.33,1976.67,2140.33,1860.33,1233.33,63.6667,0,0,32818,1761.17,339.399,1430.61,611.401,722.306,830.092,47.4686,19.3309,17.4874,18.0659,1.31753,1.31753,12.3486,3.08715
49.137,17.4265,65.6444,1.81,50.6934,0.773768,0.382683,-0.92388,0.94532,0.326144,1143.67,1680.33,1976.67,1247.33,1702.33,264,0,0,34517.7,1735.25,379.263,1503.92,511.746,769.958,820.025,47.4979,21.3783,17.363,18.0241,-3.84907,-3.84907,0.117067,0.0292667
35.4861,17.1675,78.3354,1.38041,53.4124,0.802947,0.321439,-0.94693,0.94532,0.326144,1255.33,1143.67,1680.33,2140.33,2226,441.667,0,0,35841.7,1514,333.835,1571.72,410.371,822.264,809.21,47.3194,22.8569,17.2352,17.9727,-13.6509,-13.6509,-0.7138,-0.17845
36.4943,16.6519,82.3963,1.39728,55.9555,0.828603,0.258819,-0.965926,0.94532,0.326144,1414,1255.33,1143.67,1976.67,1521.67,873.333,0,0,39780.3,1373.33,201.602,1616.78,357.494,881.181,798.603,43.5259,24.3775,17.1082,17.9007,1.00827,1.00827,-15.1742,-3.79355
39.4242,16.405,84.9979,1.50798,58.2798,0.850626,0.19509,-0.980785,0.94532,0.326144,1439.33,1414,1255.33,1680.33,1860.33,1233.33,0,0,38344.3,1313.08,120.582,1633.94,343.334,941.153,784.09,40.1354,26.0201,16.9127,17.8181,2.92987,2.92987,-13.5619,-3.39047
36.4515,16.4982,88.6569,1.89566,60.3335,0.868921,0.130526,-0.991445,0.94532,0.326144,2596,1439.33,1414,1143.67,1247.33,1702.33,0,0,28678.7,1676.17,535.727,1708.42,434.824,1049.32,824.8,36.964,27.539,16.6806,17.7409,-2.97273,-2.97273,-12.6855,-3.17138
60.1885,16.4775,89.7193,1.88387,62.0565,0.88341,0.0654031,-0.997859,0.94532,0.326144,2784,2596,1439.33,1255.33,2140.33,2226,0,0,30225,2058.33,635.217,1754.92,510.874,1165.32,863.911,43.1396,30.0468,16.5081,17.6657,23.7371,23.7371,24.7025,6.17562
64.0836,16.4549,88.8404,1.87521,63.3842,0.894031,1.22465e-16,-1,0.94532,0.326144,2673,2784,2596,1414,1976.67,1521.67,0,0,41716.3,2373.08,543.227,1850.86,563.465,1276.69,878.674,50.0369,32.717,16.4589,17.5938,3.89507,3.89507,27.5893,6.89732
61.4714,16.5451,87.7667,2.08009,64.2552,0.900738,-0.0654031,-0.997859,0.94532,0.326144,6411,2673,2784,1439.33,1680.33,1860.33,0,0,31872.3,3616,1615.08,2230.08,1380.79,1543.82,1315.74,55.5488,35.2783,16.4939,17.5272,-2.6122,-2.6122,22.0472,5.5118
121.71,16.7057,86.9109,1.88982,64.6223,0.903503,-0.130526,-0.991445,0.94532,0.326144,9599.67,6411,2673,2596,1143.67,1247.33,0,0,27528.7,5366.92,2869.45,2926.11,2422.3,1943.81,2043.5,76.8633,40.3495,16.5458,17.4698,60.2384,60.2384,85.2583,21.3146
211.949,17.1041,85.571,1.55814,64.4637,0.902313,-0.19509,-0.980785,0.94532,0.326144,9743.33,9599.67,6411,2784,1255.33,2140.33,9.33333,0,38521.3,7106.75,2885.67,3559.69,3047.55,2349.39,2527.88,114.804,49.1286,16.7024,17.4297,90.2395,90.2395,151.761,37.9402
225.241,17.5569,81.5593,1.59857,63.789,0.897174,-0.258819,-0.965926,0.94532,0.326144,11356,9743.33,9599.67,2673,1414,1976.67,95,0,33629.7,9277.5,1792.89,4341.31,3678.72,2818.6,3055.85,155.093,58.3052,16.9779,17.4112,13.292,13.292,161.158,40.2894
267.245,17.7889,79.9604,1.98265,62.6364,0.888108,-0.321439,-0.94693,0.94532,0.326144,16426.3,11356,9743.33,6411,1439.33,1680.33,63.6667,0,26255,11781.3,2769.03,5570.14,4858.35,3500.38,4033.93,206.536,69.0375,17.2889,17.4042,42.004,42.004,205.774,51.4435
353.313,17.7911,78.5011,2.66607,61.0632,0.875154,-0.382683,-0.92388,0.94532,0.326144,13573.7,16426.3,11356,9599.67,2596,1143.67,264,0,28744.3,12774.8,2508.72,6605.97,5122.09,4054.94,4444.84,264.437,83.4893,17.5602,17.3953,86.068,86.068,231.604,57.9009
357.372,18.0971,76.2388,1.66646,59.1338,0.858368,-0.442289,-0.896873,0.94532,0.326144,15435.7,13573.7,16426.3,9743.33,2784,1255.33,441.667,0,21859.7,14197.9,1934.17,7787.67,5380.58,4679.69,4921.28,300.793,97.8248,17.8085,17.3973,4.05867,4.05867,145.423,36.3557
338.161,18.2931,75.3571,1.73794,56.9108,0.837821,-0.5,-0.866025,0.94532,0.326144,27916.7,15435.7,13573.7,11356,2673,1414,873.333,0,33769.3,18338.1,5624.23,9996.22,7379.18,5806.5,6696.55,329.023,111.08,17.9926,17.4071,-19.2113,-19.2113,112.919,28.2298
695.788,18.9497,71.8632,1.84358,54.4495,0.813604,-0.55557,-0.83147,0.94532,0.326144,27195.7,27916.7,15435.7,16426.3,6411,1439.33,1233.33,0,24472.7,21030.4,6563.82,12142.6,8270.16,6888.26,7865.4,436.159,138.803,18.2828,17.4443,357.627,357.627,428.543,107.136
659.247,19.9403,67.4023,1.23068,51.7964,0.785818,-0.608761,-0.793353,0.94532,0.326144,18340.3,27195.7,27916.7,13573.7,9599.67,2596,1702.33,0,14511.7,22222.1,5438.02,13454.6,7891.79,7581.51,8107.28,512.642,164.621,18.8201,17.5191,-36.5413,-36.5413,305.933,76.4833
474.427,20.0495,66.1744,1.22702,48.9891,0.754585,-0.659346,-0.75184,0.94532,0.326144,28959.7,18340.3,27195.7,15435.7,9743.33,2784,2226,0,28387.7,25603.1,4239.79,15635.9,8250.31,8695.42,9073.85,541.906,182.54,19.3082,17.5965,-184.819,-184.819,117.055,29.2638
599.296,19.7937,67.7377,1.55073,46.0576,0.720038,-0.707107,-0.707107,0.94532,0.326144,25803.7,28959.7,18340.3,27916.7,11356,2673,1521.67,0,25235.3,25074.8,4045.82,17563.5,7678.82,9707.17,9558.37,607.19,204.875,19.6833,17.6596,124.869,124.869,261.135,65.2838
681.219,20.3652,66.3387,2.39337,43.0257,0.682327,-0.75184,-0.659346,0.94532,0.326144,21199,25803.7,28959.7,27195.7,16426.3,6411,1860.33,0,19158.7,23575.7,4092.94,18795.8,6941.35,10512.9,9677.3,603.547,231.566,20.0372,17.7505,81.9233,81.9233,-14.5687,-3.64217
531.041,19.7996,68.0549,2.75389,39.9122,0.641613,-0.793353,-0.608761,0.94532,0.326144,12875.3,21199,25803.7,18340.3,13573.7,9599.67,1247.33,0,11154,22209.4,6054.56,19068.8,6631.84,10997.4,9490.57,571.496,251.65,20.002,17.8286,-150.179,-150.179,-128.206,-32.0515
352.807,19.3922,69.4126,2.36348,36.7321,0.598074,-0.83147,-0.55557,0.94532,0.326144,9839,12875.3,21199,28959.7,15435.7,9743.33,2140.33,0,8512,17429.2,6377.54,19076.8,6620.68,11318.2,9314.25,541.091,264.842,19.8377,17.9,-178.234,-178.234,-121.621,-30.4052
221.227,18.8173,71.558,2.40792,33.4972,0.551897,-0.866025,-0.5,0.94532,0.326144,8793.67,9839,12875.3,25803.7,27916.7,11356,1976.67,0,8836,13176.8,4868.25,18863.2,6901.6,11602.3,9127.11,446.573,271.907,19.5936,17.9691,-131.58,-131.58,-378.069,-94.5173
240.931,18.9349,70.7894,2.30659,30.2174,0.503283,-0.896873,-0.442289,0.94532,0.326144,5515.67,8793.67,9839,21199,27195.7,16426.3,1680.33,0,10047.3,9255.92,2628.85,17954,7820.29,11762.1,8984.45,336.501,279.738,19.236,18.0419,19.704,19.704,-440.289,-110.072
145.209,18.8199,71.2781,2.43269,26.9006,0.452444,-0.92388,-0.382683,0.94532,0.326144,4964.67,5515.67,8793.67,12875.3,18340.3,13573.7,1143.67,0,11304.3,7278.25,2080.46,17236.6,8550.06,11921.3,8827.35,240.043,283.741,18.9911,18.1,-95.722,-95.722,-385.832,-96.458
121.115,18.5459,72.3455,2.45181,23.5534,0.399603,-0.94693,-0.321439,0.94532,0.326144,4945.67,4964.67,5515.67,9839,28959.7,15435.7,1255.33,0,9777,6054.92,1597.7,16362.4,9200.98,12075,8670.98,182.12,287.309,18.7795,18.1574,-24.094,-24.094,-231.692,-57.923
122.046,18.3525,72.7237,2.00247,20.1817,0.344998,-0.965926,-0.258819,0.94532,0.326144,2618,4945.67,4964.67,8793.67,25803.7,27916.7,1414,0,7103,4511,1116.64,14254.2,9210.36,12125.2,8612.44,157.325,290.873,18.6633,18.2283,0.931333,0.931333,-99.1807,-24.7952
75.9995,18.0843,73.2679,1.73933,16.7908,0.288879,-0.980785,-0.19509,0.94532,0.326144,3781,2618,4945.67,5515.67,21199,27195.7,1439.33,0,4417,4077.33,969.385,12303,8729.68,12222.8,8503.4,116.092,292.397,18.4506,18.2982,-46.0465,-46.0465,-164.931,-41.2328
87.9767,17.9704,73.8369,1.5991,13.3865,0.231518,-0.991445,-0.130526,0.94532,0.326144,3026,3781,2618,4964.67,12875.3,18340.3,2596,0,4851.33,3592.67,885.602,11026.8,8872.04,12240.7,8483.53,101.784,294.544,18.2383,18.3596,11.9772,11.9772,-57.2319,-14.308
0,16.8041,82.1218,2.79051,-12.0736,-0.209168,0.997859,0.0654031,0.95079,0.309835,0,0,0,0,0,0,0,733,0,0,0,0,0,0,0,0,0,16.8376,17.0081,0,0,0,0
0,16.7691,81.322,2.49477,-8.60354,-0.149596,1,6.12323e-17,0.95079,0.309835,0,0,0,0,0,0,0,128.333,0,0,0,0,0,0,0,0,0,16.8123,17.022,0,0,0,0
0,16.7803,81.1733,2.29227,-5.13266,-0.0894621,0.997859,-0.0654031,0.95079,0.309835,0,0,0,0,0,0,0,0,0,0,0,0,0,0,0,0,0,16.7907,17.0248,0,0,0,0
0,16.8256,81.2467,2.27198,-1.66308,-0.0290221,0.991445,-0.130526,0.95079,0.309835,0,0,0,0,0,0,0,0,0,0,0,0,0,0,0,0,0,16.7948,17.0204,0,0,0,0
1.29534,16.787,81.6809,2.69337,2.09742,0.0365987,0.980785,-0.19509,0.95079,0.309835,19,0,0,0,0,0,0,0,9.33333,4.75,8.22724,1.58333,5.25132,0.791667,3.7967,0.323835,0.0539726,16.7905,17.0103,1.29534,1.29534,1.29534,0.323835
5.21073,16.7863,81.2788,2.39957,5.41814,0.0944234,0.965926,-0.258819,0.95079,0.309835,109.333,19,0,0,0,0,0,0,95,32.0833,45.2698,10.6944,30.197,5.34722,22.0119,1.62652,0.271086,16.7948,16.9946,3.91539,3.91539,5.21073,1.30268
11.2827,16.7468,80.4081,2.89348,8.818,0.153296,0.94693,-0.321439,0.95079,0.309835,170.333,109.333,19,0,0,0,0,0,63.6667,74.6667,68.9706,24.8889,53.1466,12.4444,39.5872,4.44719,0.741198,16.7864,16.9761,6.07194,6.07194,11.2827,2.82067
10.5392,16.7333,79.9909,2.74769,12.2336,0.211898,0.92388,-0.382683,0.95079,0.309835,543,170.333,109.333,0,0,0,0,0,264,210.417,199.422,70.1389,151.971,35.0694,113.038,7.08198,1.18033,16.7633,16.9561,-0.74352,-0.74352,10.5392,2.63479
22.1381,16.7856,78.971,2.71515,15.6468,0.269707,0.896873,-0.442289,0.95079,0.309835,704,543,170.333,19,0,0,0,0,441.667,381.667,249.376,128.806,229.62,64.4028,174.672,12.2927,2.10275,16.763,16.9372,11.599,11.599,20.8428,5.2107
29.7336,16.863,78.7554,2.31691,19.0494,0.326382,0.866025,-0.5,0.95079,0.309835,1408.67,704,543,109.333,0,0,0,0,873.333,706.5,449.236,246.194,417.212,123.097,319.665,18.4234,3.34165,16.7822,16.9226,7.59547,7.59547,24.5229,6.13072
41.5227,16.8896,78.8913,3.20415,22.4353,0.38164,0.83147,-0.55557,0.95079,0.309835,2176,1408.67,704,170.333,0,0,0,0,1233.33,1207.92,646.825,427.528,668.191,213.764,518.589,25.9834,5.07177,16.8179,16.9088,11.7891,11.7891,30.2401,7.56002
54.3941,16.8861,79.0665,3.02538,25.7994,0.435222,0.793353,-0.608761,0.95079,0.309835,1929,2176,1408.67,543,0,0,0,0,1702.33,1554.42,563.722,588.278,770.244,294.139,618.995,36.9472,7.33819,16.8561,16.8942,12.8714,12.8714,43.855,10.9637
61.6657,16.9278,78.6495,3.05151,29.1362,0.486888,0.75184,-0.659346,0.95079,0.309835,1531.67,1929,2176,704,19,0,0,0,2226,1761.33,307.075,715.917,788.866,357.958,662.789,46.829,9.90759,16.8916,16.8837,7.27153,7.27153,39.5275,9.88188
44.7757,16.9473,79.0561,3.07686,32.4395,0.536409,0.707107,-0.707107,0.95079,0.309835,1986.67,1531.67,1929,1408.67,109.333,0,0,0,1521.67,1905.83,234.554,881.472,828.708,440.736,733.23,50.5896,11.7732,16.9127,16.8753,-16.89,-16.89,15.0421,3.76052
56.0716,16.9316,79.6681,3.23755,35.702,0.583569,0.659346,-0.75184,0.95079,0.309835,2304.33,1986.67,1531.67,2176,170.333,0,0,0,1860.33,1937.92,274.662,1073.5,868.242,536.75,815.489,54.2268,14.1096,16.9232,16.8688,11.2959,11.2959,14.5489,3.63722
69.2671,16.9541,80.0903,3.28503,38.9148,0.628163,0.608761,-0.793353,0.95079,0.309835,2222.67,2304.33,1986.67,1929,543,0,0,0,1247.33,2011.33,300.499,1258.72,856.476,629.361,873.425,57.945,16.9957,16.9402,16.8633,13.1955,13.1955,14.8729,3.71823
62.8287,16.9391,80.0477,3.23249,42.067,0.669999,0.55557,-0.83147,0.95079,0.309835,2431.33,2222.67,2304.33,1531.67,704,19,0,0,2140.33,2236.25,162.149,1459.75,824.408,730.667,933.488,58.2357,19.6135,16.943,16.8604,-6.4384,-6.4384,1.163,0.29075
67.486,16.836,80.041,3.10969,45.145,0.708894,0.5,-0.866025,0.95079,0.309835,2800,2431.33,2222.67,1986.67,1408.67,109.333,0,0,1976.67,2439.58,220.972,1683.97,791.892,847.333,1006.96,63.9133,22.4255,16.9152,16.8542,4.65733,4.65733,22.7103,5.67758
75.8898,16.8853,78.8943,2.3275,48.1319,0.744683,0.442289,-0.896873,0.95079,0.309835,2635.67,2800,2431.33,2304.33,2176,170.333,0,0,1680.33,2522.42,216.809,1889.42,685.155,957.153,1051.31,68.8679,25.5875,16.9036,16.8516,8.4038,8.4038,19.8182,4.95455
74.7487,16.8943,78.7077,2.30751,51.0058,0.77721,0.382683,-0.92388,0.95079,0.309835,3520.67,2635.67,2800,2222.67,1929,543,0,0,1143.67,2846.92,410.328,2137.56,691.768,1103.85,1148.64,70.2383,28.7021,16.8887,16.8504,-1.14113,-1.14113,5.4816,1.3704
91.9095,16.9211,78.2587,2.74665,53.7395,0.806336,0.321439,-0.94693,0.95079,0.309835,4320.33,3520.67,2635.67,2431.33,1531.67,704,0,0,1255.33,3319.17,667.016,2438.92,783.269,1283.86,1291.23,77.5085,32.5316,16.8842,16.8516,17.1608,17.1608,29.0808,7.2702
107.587,16.9735,77.5976,2.53625,56.2981,0.831936,0.258819,-0.965926,0.95079,0.309835,5792.67,4320.33,3520.67,2800,1986.67,1408.67,0,0,1414,4067.33,1160.74,2804.25,1152.78,1525.22,1545.12,87.5338,37.0144,16.9186,16.8559,15.6776,15.6776,40.1011,10.0253
141.465,17.1071,76.8963,2.09411,58.6383,0.853899,0.19509,-0.980785,0.95079,0.309835,5968,5792.67,4320.33,2635.67,2304.33,2176,0,0,1439.33,4900.42,1021.77,3120.25,1424.87,1773.89,1746.73,103.927,42.9088,16.974,16.866,33.8776,33.8776,65.5749,16.3937
149.825,17.2638,76.2724,2.34854,60.7074,0.872132,0.130526,-0.991445,0.95079,0.309835,10407,5968,5792.67,3520.67,2222.67,1929,0,0,2596,6622,2277.03,3826.75,2416.11,2207.51,2416.06,122.696,49.1515,17.0664,16.8849,8.36,8.36,75.076,18.769
224.148,17.4143,75.6489,2.31645,62.4436,0.886556,0.0654031,-0.997859,0.95079,0.309835,17974,10407,5968,4320.33,2431.33,1531.67,0,0,2784,10035.4,4942.27,5196.94,4494.43,2956.43,3928.23,155.756,58.491,17.1897,16.9103,74.3233,74.3233,132.239,33.0596
430.755,17.8165,74.4073,3.04568,63.7807,0.89711,1.22465e-16,-1,0.95079,0.309835,13861,17974,10407,5792.67,2800,1986.67,0,0,2673,12052.5,4417.68,6186.47,4961.59,3533.97,4437.1,236.548,76.4391,17.4004,16.954,206.607,206.607,323.168,80.7919
354.806,18.2531,72.948,2.8323,64.6551,0.903747,-0.0654031,-0.997859,0.95079,0.309835,10101.7,13861,17974,5968,2635.67,2304.33,0,0,6411,13085.9,3184.98,6836.25,4921.05,3954.88,4559.34,289.883,91.2227,17.687,17.0153,-75.9487,-75.9487,213.341,53.3353
267.217,18.1698,73.5533,2.56891,65.018,0.906441,-0.130526,-0.991445,0.95079,0.309835,12264.3,10101.7,13861,10407,3520.67,2222.67,0,0,9599.67,13550.2,2881.51,7673.06,4919.15,4465.89,4769.88,319.232,102.357,17.9135,17.0714,-87.5887,-87.5887,117.393,29.3482
293.939,18.0017,74.2309,3.11603,64.8473,0.905178,-0.19509,-0.980785,0.95079,0.309835,13373,12264.3,10101.7,17974,4320.33,2431.33,19,0,9743.33,12400,1447.58,8584.86,4876.93,5022.31,4992.38,336.679,114.55,18.0603,17.122,26.722,26.722,69.7913,17.4478
337.619,18.0397,74.386,2.42466,64.1535,0.899965,-0.258819,-0.965926,0.95079,0.309835,21191.3,13373,12264.3,13861,5792.67,2800,109.333,0,11356,14232.6,4186.33,10117.5,5647.16,5900.72,5834.36,313.395,128.401,18.1161,17.1742,43.6793,43.6793,-93.136,-23.284
528.967,18.7685,72.0986,1.79261,62.9771,0.890825,-0.321439,-0.94693,0.95079,0.309835,27421,21191.3,13373,10101.7,5968,2635.67,170.333,0,16426.3,18562.4,6164.04,12182.9,6921.75,7036.17,7118.92,356.935,149.971,18.2449,17.2584,191.348,191.348,174.161,43.5402
717.115,19.8833,67.7349,2.02103,61.3776,0.877796,-0.382683,-0.92388,0.95079,0.309835,26939,27421,21191.3,12264.3,10407,3520.67,543,0,13573.7,22231.1,5671.12,14134.4,7482.94,8136,8013.6,469.41,179.411,18.6733,17.3897,188.148,188.148,449.897,112.474
626.8,19.3636,69.4021,2.73801,59.4217,0.860935,-0.442289,-0.896873,0.95079,0.309835,27223.7,26939,27421,13373,17974,4320.33,704,0,15435.7,25693.8,2605.11,16043.1,7655.23,9240.99,8710.69,552.625,204.606,19.0138,17.4971,-90.3147,-90.3147,332.861,83.2152
648.229,19.6519,68.258,3.31476,57.1732,0.840313,-0.5,-0.866025,0.95079,0.309835,37303.3,27223.7,26939,21191.3,13861,5792.67,1408.67,0,27916.7,29721.8,4380.58,18668.9,8978.75,10736.6,10192.9,630.278,230.376,19.4168,17.6133,21.4287,21.4287,310.61,77.6525
889.585,20.0405,66.6451,3.19078,54.6884,0.816021,-0.55557,-0.83147,0.95079,0.309835,39057.3,37303.3,27223.7,27421,10101.7,5968,2176,0,27195.7,32630.8,5584.95,21426.4,9706.3,12273.3,11484.8,720.432,265.712,19.7348,17.7446,241.356,241.356,360.618,90.1545
918.441,20.7651,64.4703,3.57901,52.0141,0.788162,-0.608761,-0.793353,0.95079,0.309835,32794,39057.3,37303.3,26939,12264.3,10407,1929,0,18340.3,34094.6,4577.83,23292,9559.36,13559.4,11972.2,770.763,301.714,19.9553,17.9062,28.856,28.856,201.326,50.3315
799.165,20.6257,64.8676,3.41893,49.1878,0.756856,-0.659346,-0.75184,0.95079,0.309835,26134,32794,39057.3,27223.7,13373,17974,1531.67,0,28959.7,33822.2,4992.26,23972,9446.45,14584.5,11951.7,813.855,332.443,20.2708,18.0603,-119.276,-119.276,172.365,43.0912
679.118,19.9518,67.3947,3.3506,46.2396,0.722238,-0.707107,-0.707107,0.95079,0.309835,18340,26134,32794,37303.3,21191.3,13861,1986.67,0,25803.7,29081.3,7703.37,24345.2,9122.5,15265.8,11677.1,821.577,358.874,20.3458,18.1855,-120.047,-120.047,30.8893,7.72233
448.643,19.5121,69.2849,3.41479,43.1929,0.684457,-0.75184,-0.659346,0.95079,0.309835,14688.7,18340,26134,39057.3,27421,10101.7,2304.33,0,21199,22989.2,7009.6,24727.5,8598.72,15781.9,11362.3,711.342,375.231,20.2137,18.293,-230.475,-230.475,-440.941,-110.235
368.737,19.3411,69.5791,2.92207,40.0665,0.643677,-0.793353,-0.608761,0.95079,0.309835,13538.3,14688.7,18340,32794,26939,12264.3,2222.67,0,12875.3,18175.2,4925.09,24833.6,8450.78,16253.3,11019.5,573.916,387.709,19.8577,18.3925,-79.906,-79.906,-549.703,-137.426
330.913,19.2226,70.3679,3.17183,36.8751,0.600072,-0.83147,-0.55557,0.95079,0.309835,12003.3,13538.3,14688.7,26134,27223.7,13373,2431.33,0,9839,14642.6,2337.63,24719.5,8612.5,16652.2,10680,456.853,398.879,19.5069,18.4876,-37.8247,-37.8247,-468.252,-117.063
302.791,19.1087,70.6384,3.65927,33.6303,0.553833,-0.866025,-0.5,0.95079,0.309835,11364.7,12003.3,13538.3,18340,37303.3,21191.3,2800,0,8793.67,12898.8,1300.77,23900.6,9345.05,17009,10349.1,362.771,408.684,19.2962,18.5823,-28.122,-28.122,-376.327,-94.0818
246.378,18.9461,71.142,3.17167,30.3419,0.505159,-0.896873,-0.442289,0.95079,0.309835,10837.7,11364.7,12003.3,14688.7,39057.3,27421,2635.67,0,5515.67,11936,1013.01,22518.7,9930.13,17350.8,9998.3,312.205,415.787,19.1546,18.6682,-56.4128,-56.4128,-202.265,-50.5664
249.045,18.6332,71.7687,2.65617,27.0175,0.454263,-0.92388,-0.382683,0.95079,0.309835,7418.67,10837.7,11364.7,13538.3,32794,26939,3520.67,0,4964.67,10406.1,1773.49,20892,10645.8,17513.2,9802.05,282.282,423.05,18.9777,18.7406,2.6674,2.6674,-119.692,-29.923
196.129,18.557,72.4265,2.81944,23.6638,0.401369,-0.94693,-0.321439,0.95079,0.309835,7493,7418.67,10837.7,12003.3,26134,27223.7,4320.33,0,4945.67,9278.5,1832.35,19247.8,11056.7,17645.4,9643.34,248.586,427.392,18.8113,18.8088,-52.9166,-52.9166,-134.784,-33.696
180.629,18.3499,73.324,5.27534,20.2865,0.346714,-0.965926,-0.258819,0.95079,0.309835,8881.67,7493,7418.67,11364.7,18340,37303.3,5792.67,0,2618,8657.75,1386.92,16879.3,9921.12,17774.1,9503.89,218.045,430.436,18.6215,18.8661,-15.4993,-15.4993,-122.161,-30.5403
225.347,18.2209,73.4929,2.78408,16.8908,0.290548,-0.980785,-0.19509,0.95079,0.309835,3828.67,8881.67,7493,10837.7,14688.7,39057.3,5968,0,3781,6905.5,1869.53,13943.6,7938.16,17685,9623.49,212.788,433.931,18.4402,18.9125,44.718,44.718,-21.0305,-5.25763
107.82,18.1395,73.8673,2.0693,13.4822,0.233144,-0.991445,-0.130526,0.95079,0.309835,2467,3828.67,8881.67,7418.67,13538.3,32794,10407,0,3026,5667.58,2611.89,11416.3,6163.75,17354.1,9997.22,177.481,432.181,18.3168,18.949,-117.528,-117.528,-141.226,-35.3064
0,16.8979,87.3503,1.23285,-11.8603,-0.205527,0.997859,0.0654031,0.955979,0.293434,0,0,0,0,0,0,0,1753.67,0,0,0,0,0,0,0,0,0,16.9395,16.9872,0,0,0,0
0,16.6437,88.3195,1.14599,-8.39081,-0.145924,1,6.12323e-17,0.955979,0.293434,0,0,0,0,0,0,0,773.667,0,0,0,0,0,0,0,0,0,16.869,16.9678,0,0,0,0
0,16.4056,89.9064,0.883667,-4.91992,-0.0857633,0.997859,-0.0654031,0.955979,0.293434,0,0,0,0,0,0,0,101.667,0,0,0,0,0,0,0,0,0,16.7296,16.9372,0,0,0,0
0,16.3266,91.0697,1.03467,-1.44982,-0.0253014,0.991445,-0.130526,0.955979,0.293434,251,0,0,0,0,0,0,0,0,62.75,108.686,20.9167,69.3727,10.4583,50.1564,0,0,16.5685,16.9036,0,0,0,0
10.8406,16.3489,91.5905,1.13286,2.29727,0.0400841,0.980785,-0.19509,0.955979,0.293434,1369.33,251,0,0,0,0,0,0,19,405.083,566.062,135.028,378.515,67.5139,276.034,2.71014,0.451691,16.4312,16.8724,10.8406,10.8406,10.8406,2.71014
37.1509,16.4915,91.8165,1.00841,5.62924,0.0980908,0.965926,-0.258819,0.955979,0.293434,2184.67,1369.33,251,0,0,0,0,0,109.333,951.25,879.11,317.083,677.27,158.542,504.463,11.9979,1.99964,16.3932,16.8418,26.3103,26.3103,37.1509,9.28772
57.2215,16.7645,91.2255,1.46412,9.03367,0.157015,0.94693,-0.321439,0.955979,0.293434,2882.33,2184.67,1369.33,0,0,0,0,0,170.333,1671.83,979.615,557.278,970.051,278.639,740.364,26.3032,4.38387,16.4829,16.8218,20.0706,20.0706,57.2215,14.3054
74.3997,17.1614,89.5169,1.49157,12.4528,0.215635,0.92388,-0.382683,0.955979,0.293434,6972.33,2882.33,2184.67,251,0,0,0,0,543,3352.17,2157.6,1138.31,2001.73,569.153,1525.58,44.9031,7.48386,16.6916,16.8203,17.1782,17.1782,74.3997,18.5999
156.866,17.6897,86.3425,1.64527,15.8696,0.27345,0.896873,-0.442289,0.955979,0.293434,9037.33,6972.33,2882.33,1369.33,0,0,0,0,704,5269.17,2842.14,1891.42,2920.84,945.708,2271.57,81.4094,14.0199,17.0268,16.8444,82.4661,82.4661,146.025,36.5063
242.847,18.5805,82.3979,1.45353,19.2762,0.330122,0.866025,-0.5,0.955979,0.293434,9325.33,9037.33,6972.33,2184.67,0,0,0,0,1408.67,7054.33,2574.01,2668.53,3497.8,1334.26,2810.26,132.833,24.1385,17.549,16.9081,85.9809,85.9809,205.696,51.424
226.567,19.4019,77.8265,1.29058,22.6667,0.385369,0.83147,-0.55557,0.955979,0.293434,8367.33,9325.33,9037.33,2882.33,0,0,0,0,2176,8425.58,908.173,3365.81,3723.08,1682.9,3124.55,175.17,33.5788,18.2084,17.0095,-16.2793,-16.2793,169.346,42.3365
214.527,19.4177,77.9759,1.54957,26.036,0.438936,0.793353,-0.608761,0.955979,0.293434,9709,8367.33,9325.33,6972.33,251,0,0,0,1929,9109.75,490.409,4174.89,3951.67,2087.44,3487.87,210.202,42.5175,18.7724,17.1147,-12.04,-12.04,140.128,35.0319
232.599,18.9765,80.9981,1.83743,29.3787,0.49058,0.75184,-0.659346,0.955979,0.293434,8544.67,9709,8367.33,9037.33,1369.33,0,0,0,1531.67,8986.58,551.226,4886.94,3904.79,2443.47,3687.04,229.135,52.2091,19.0941,17.1995,18.072,18.072,75.7336,18.9334
197.988,19.0177,80.6779,1.61523,32.6888,0.540076,0.707107,-0.707107,0.955979,0.293434,11349,8544.67,9709,9325.33,2184.67,0,0,0,1986.67,9492.5,1189.31,5832.69,3980.28,2916.35,4052.95,217.921,60.4586,19.2034,17.2858,-34.6113,-34.6113,-44.8587,-11.2147
271.988,19.2131,80.2257,1.63189,35.9589,0.587205,0.659346,-0.75184,0.955979,0.293434,11444.3,11349,8544.67,8367.33,2882.33,0,0,0,2304.33,10261.8,1207.74,6786.39,3836.96,3393.19,4344.53,229.276,71.7915,19.1562,17.3805,74,74,45.4207,11.3552
271.82,19.4767,80.319,1.54325,39.1804,0.631764,0.608761,-0.793353,0.955979,0.293434,15952.3,11444.3,11349,9709,6972.33,251,0,0,2222.67,11822.6,2653.63,8094.83,4056.13,4057.88,4952.33,243.599,83.1173,19.171,17.4879,-0.168,-0.168,57.2927,14.3232
413.731,20.1911,77.9367,2.44647,42.3424,0.673559,0.55557,-0.83147,0.955979,0.293434,11192,15952.3,11444.3,8544.67,9037.33,1369.33,0,0,2431.33,12484.4,2004.23,8913.39,3579.41,4524.21,5073.72,288.882,100.356,19.4746,17.6262,141.911,141.911,181.131,45.2828
277.985,21.0048,73.6727,1.27767,45.4314,0.712411,0.5,-0.866025,0.955979,0.293434,17256.7,11192,15952.3,11349,9325.33,2184.67,0,0,2800,13961.3,2684.58,10169.4,3641.77,5243.24,5579.21,308.881,111.939,19.9714,17.7979,-135.745,-135.745,79.9973,19.9993
396.142,20.734,75.0327,1.63874,48.4305,0.748151,0.442289,-0.896873,0.955979,0.293434,18052.7,17256.7,11192,11444.3,8367.33,2882.33,0,0,2635.67,15613.4,2660.54,11433.6,3523.93,5995.43,6021.05,339.919,128.445,20.3516,17.9627,118.157,118.157,124.154,31.0385
412.883,20.3999,76.7377,1.79133,51.318,0.780627,0.382683,-0.92388,0.955979,0.293434,22573.3,18052.7,17256.7,15952.3,9709,6972.33,0,0,3520.67,17268.7,4052.17,12733.7,4405.73,6935.99,6732.15,375.185,145.648,20.5825,18.1175,16.7413,16.7413,141.063,35.2658
564.283,20.5119,76.411,2.11431,54.0664,0.809697,0.321439,-0.94693,0.955979,0.293434,22440.7,22573.3,18052.7,11192,8544.67,9037.33,0,0,4320.33,20080.8,2442.89,13850.6,4987.63,7871.01,7242.89,412.823,169.16,20.6626,18.2715,151.399,151.399,150.552,37.638
614.998,21.1111,74.124,2.29066,56.6407,0.835239,0.258819,-0.965926,0.955979,0.293434,17616.7,22440.7,22573.3,17256.7,11349,9325.33,0,0,5792.67,20170.8,2341.72,14541.6,4886.15,8605.04,7300.46,497.077,194.785,20.6892,18.4459,50.7153,50.7153,337.013,84.2532
477.365,20.8998,74.2661,2.07383,58.997,0.85714,0.19509,-0.980785,0.955979,0.293434,16809,17616.7,22440.7,18052.7,11444.3,8367.33,0,0,5968,19859.9,2662.85,15245,4542.17,9305.42,7247.43,517.382,214.675,20.7307,18.6099,-137.633,-137.633,81.2233,20.3058
440.295,20.6643,75.5168,1.90091,61.0816,0.875309,0.130526,-0.991445,0.955979,0.293434,18713,16809,17616.7,22573.3,15952.3,9709,0,0,10407,18894.8,2155.83,15995.4,4303.09,10085.1,7210.89,524.235,233.021,20.7968,18.7638,-37.07,-37.07,27.412,6.853
433.133,20.6655,75.9693,1.78485,62.8314,0.889666,0.0654031,-0.997859,0.955979,0.293434,18364.3,18713,16809,22440.7,11192,8544.67,0,0,17974,17875.8,732.254,16813.7,3699.8,10850.3,7073.16,491.448,251.068,20.8352,18.9208,-7.162,-7.162,-131.149,-32.7873
487.387,20.9407,74.8375,2.09259,64.1779,0.900151,1.22465e-16,-1,0.955979,0.293434,21099,18364.3,18713,17616.7,17256.7,11349,0,0,13861,18746.3,1535.85,17626.2,3474.22,11729.4,6980.54,459.545,271.376,20.7926,19.0998,54.254,54.254,-127.611,-31.9027
540.273,20.6289,75.5647,2.74089,65.0556,0.906718,-0.0654031,-0.997859,0.955979,0.293434,29190.7,21099,18364.3,16809,18052.7,11444.3,0,0,10101.7,21841.8,4371.49,19105,4224.14,12945.7,7363.43,475.272,293.887,20.7248,19.2758,52.8853,52.8853,62.9073,15.7268
783.749,21.0481,74.3693,2.65036,65.4141,0.909338,-0.130526,-0.991445,0.955979,0.293434,34471,29190.7,21099,18713,22573.3,15952.3,251,0,12264.3,25781.2,6404.49,20648.2,5857.44,14371.5,8048.48,561.136,326.543,20.8208,19.4725,243.477,243.477,343.454,85.8635
756.335,21.6847,71.1428,3.02013,65.2307,0.908002,-0.19509,-0.980785,0.955979,0.293434,36980.3,34471,29190.7,18364.3,22440.7,11192,1369.33,0,13373,30435.2,6079.47,22797.3,6668.41,15855.3,8765.3,641.936,357.606,21.0756,19.6948,-27.4147,-27.4147,323.201,80.8003
937.999,22.5353,67.6696,3.54186,64.5173,0.902715,-0.258819,-0.965926,0.955979,0.293434,30127.7,36980.3,34471,21099,17616.7,17256.7,2184.67,0,21191.3,32692.4,3177.65,23869.9,6725.84,17019.6,8727.85,754.589,395.141,21.4743,19.9467,181.664,181.664,450.611,112.653
807.899,22.5013,68.257,3.69608,63.3163,0.893499,-0.321439,-0.94693,0.955979,0.293434,25327,30127.7,36980.3,29190.7,16809,18052.7,2882.33,0,27421,31726.5,4434.1,24476.1,6498.18,17954.8,8357.56,821.495,426.419,21.9424,20.1857,-130.099,-130.099,267.627,66.9067
595.04,21.7637,71.7749,3.52765,61.69,0.880395,-0.382683,-0.92388,0.955979,0.293434,39065,25327,30127.7,34471,18713,22573.3,6972.33,0,26939,32875,5470.15,25850.4,7600.82,19292,9033.46,774.318,448.113,22.1212,20.3774,-212.859,-212.859,-188.709,-47.1773
887.69,21.7373,72.523,3.39684,59.7071,0.863458,-0.442289,-0.896873,0.955979,0.293434,40478.3,39065,25327,36980.3,18364.3,22440.7,9037.33,0,27223.7,33749.5,6276.7,27353.5,8507.39,20602.1,9706.08,807.157,478.564,22.1344,20.5461,292.65,292.65,131.355,32.8388
986.466,22.02,71.2297,3.32643,57.4329,0.842762,-0.5,-0.866025,0.955979,0.293434,36764,40478.3,39065,30127.7,21099,17616.7,9325.33,0,37303.3,35408.6,5969.66,28949.1,8325.2,21745.3,9924.02,819.274,509.548,22.0056,20.6894,98.776,98.776,48.4673,12.1168
956.498,22.0739,71.0065,2.84746,54.9244,0.818395,-0.55557,-0.83147,0.955979,0.293434,35171.7,36764,40478.3,25327,29190.7,16809,8367.33,0,39057.3,37869.8,2045.46,30479.3,7610.01,22862.2,9863.71,856.424,539.961,21.8987,20.8007,-29.968,-29.968,148.599,37.1497
903.967,22.1349,70.8657,3.12893,52.2287,0.790462,-0.608761,-0.793353,0.955979,0.293434,32949.3,35171.7,36764,39065,34471,18713,9709,0,32794,36340.8,2746.23,31665.7,6743.58,23830.5,9663.65,933.655,568.688,21.9915,20.914,-52.5307,-52.5307,308.927,77.2318
850.785,21.9007,72.4169,3.38759,49.3835,0.759084,-0.659346,-0.75184,0.955979,0.293434,29508.3,32949.3,35171.7,40478.3,36980.3,18364.3,8544.67,0,26134,33598.3,2722.41,32594.4,5500.68,24704,9177.72,924.429,594.446,22.0324,21.0358,-53.182,-53.182,-36.9047,-9.22617
767.451,22.0335,72.1865,3.27633,46.4186,0.724396,-0.707107,-0.707107,0.955979,0.293434,27684.7,29508.3,32949.3,36764,30127.7,21099,11349,0,18340,31328.5,2914.94,33143.2,4577.46,25384.7,8758.2,869.675,618.173,22.0358,21.1615,-83.3347,-83.3347,-219.015,-54.7538
674.353,21.7651,73.3076,3.20843,43.3574,0.686547,-0.75184,-0.659346,0.955979,0.293434,26733,27684.7,29508.3,35171.7,25327,29190.7,11444.3,0,14688.7,29218.8,2373.47,32938.4,4799.33,26021.7,8263.09,799.139,634.939,21.9586,21.2678,-93.098,-93.098,-282.145,-70.5363
672.531,21.5719,73.7781,2.89683,40.2182,0.6457,-0.793353,-0.608761,0.955979,0.293434,22511,26733,27684.7,32949.3,39065,34471,15952.3,0,13538.3,26609.2,2567.69,31941.7,5559.25,26295,8030.75,741.28,651.635,21.8178,21.3551,-1.822,-1.822,-231.437,-57.8592
558.795,21.4697,74.5032,3.03213,37.0156,0.602032,-0.83147,-0.55557,0.955979,0.293434,17468.7,22511,26733,29508.3,40478.3,36980.3,11192,0,12003.3,23599.3,4039.78,30315.7,6603.15,26556.5,7626.69,668.282,657.679,21.71,21.4084,-113.736,-113.736,-291.991,-72.9977
499.65,21.2287,75.4004,3.16341,33.7611,0.555731,-0.866025,-0.5,0.955979,0.293434,17374.7,17468.7,22511,27684.7,36764,30127.7,17256.7,0,11364.7,21021.8,3897.5,29253,7511.66,26561.4,7620.73,601.332,666.915,21.5088,21.4177,-59.1447,-59.1447,-267.801,-66.9502
410.596,20.8849,77.166,2.96262,30.4642,0.507,-0.896873,-0.442289,0.955979,0.293434,14994,17374.7,17468.7,26733,35171.7,25327,18052.7,0,10837.7,18087.1,2739.9,28391.9,8446.44,26434,7785.74,535.393,667.518,21.2888,21.424,-89.0543,-89.0543,-263.757,-65.9392
379.479,20.758,77.7275,2.41307,27.1325,0.456049,-0.92388,-0.382683,0.955979,0.293434,12469.7,14994,17374.7,22511,32949.3,39065,22573.3,0,7418.67,15576.8,2049.72,26175.6,8835.38,26013,8242.85,462.13,666.126,21.0853,21.4389,-31.117,-31.117,-293.052,-73.263
303.8,20.6948,78.6106,2.06478,23.7724,0.403105,-0.94693,-0.321439,0.955979,0.293434,8502.33,12469.7,14994,17468.7,29508.3,40478.3,22440.7,0,7493,13335.2,3285.37,23510.9,8941.19,25432.2,8935.97,398.381,655.272,20.8916,21.4465,-75.6784,-75.6784,-254.994,-63.7486
245.218,20.3972,80.2745,2.22155,20.3896,0.348402,-0.965926,-0.258819,0.955979,0.293434,5596,8502.33,12469.7,17374.7,27684.7,36764,17616.7,0,8881.67,10390.5,3607.89,20913.6,9236.19,24931.4,9666.98,334.773,639.865,20.6837,21.4168,-58.5823,-58.5823,-254.432,-63.608
140.705,20.0249,82.2107,2.21828,16.9892,0.292191,-0.980785,-0.19509,0.955979,0.293434,4711.67,5596,8502.33,14994,26733,35171.7,16809,0,3828.67,7819.92,3028.73,18375.3,9154.14,24427.3,10367.4,267.3,625.837,20.4687,21.3803,-104.513,-104.513,-269.891,-67.4727
127.953,19.8411,83.4166,2.17491,13.5766,0.234746,-0.991445,-0.130526,0.955979,0.293434,3689,4711.67,5596,12469.7,22511,32949.3,18713,0,2467,5624.75,1793.19,15936.9,8838.91,23801.3,11119.8,204.419,612.823,20.2395,21.346,-12.7513,-12.7513,-251.525,-62.8813
0,17.9143,90.3489,1.90998,-11.6456,-0.201858,0.997859,0.0654031,0.960885,0.276946,0,0,0,0,0,0,0,2167.33,0,0,0,0,0,0,0,0,0,17.9743,17.9805,0,0,0,0
0,17.7821,90.4115,1.83299,-8.17672,-0.142227,1,6.12323e-17,0.960885,0.276946,0,0,0,0,0,0,0,855.333,0,0,0,0,0,0,0,0,0,17.925,17.9719,0,0,0,0
0,17.5539,90.7854,1.17047,-4.70594,-0.0820418,0.997859,-0.0654031,0.960885,0.276946,0,0,0,0,0,0,0,179.333,0,0,0,0,0,0,0,0,0,17.8087,17.9522,0,0,0,0
0,17.4211,91.7053,1.4598,-1.23544,-0.0215608,0.991445,-0.130526,0.960885,0.276946,213.667,0,0,0,0,0,0,0,251,53.4167,92.5204,17.8056,59.0543,8.90278,42.6962,0,0,17.6678,17.9286,0,0,0,0
10.0599,17.3487,91.712,1.45918,2.4992,0.0436055,0.980785,-0.19509,0.960885,0.276946,1267.33,213.667,0,0,0,0,0,0,1369.33,370.25,525.225,123.417,349.882,61.7083,254.983,2.51496,0.419161,17.5264,17.9077,10.0599,10.0599,10.0599,2.51496
36.9933,17.3501,91.1979,1.89791,5.84145,0.101776,0.965926,-0.258819,0.960885,0.276946,3059,1267.33,213.667,0,0,0,0,0,2184.67,1135,1210,378.333,879.945,189.167,650.335,11.7633,1.96055,17.4184,17.8896,26.9335,26.9335,36.9933,9.24833
82.2791,17.7137,90.557,1.59797,9.25017,0.160746,0.94693,-0.321439,0.960885,0.276946,3957,3059,1267.33,0,0,0,0,0,2882.33,2124.25,1467.77,708.083,1311.82,354.042,992.867,32.3331,5.38884,17.4584,17.8814,45.2857,45.2857,82.2791,20.5698
112.098,18.3297,89.5505,0.802196,12.6726,0.21938,0.92388,-0.382683,0.960885,0.276946,6244.33,3957,3059,213.667,0,0,0,0,6972.33,3631.92,1792.34,1228.44,1990.6,614.222,1535.75,60.3576,10.0596,17.6856,17.8945,29.8191,29.8191,112.098,28.0245
158.836,18.9647,86.5006,1.29177,16.093,0.277197,0.896873,-0.442289,0.960885,0.276946,8432,6244.33,3957,1267.33,0,0,0,0,9037.33,5423.08,2089.64,1931.11,2768.98,965.556,2183.1,97.5516,16.6778,18.0896,17.9344,46.7379,46.7379,148.776,37.194
215.112,19.8731,82.3234,1.06704,19.5034,0.333862,0.866025,-0.5,0.960885,0.276946,11602.3,8432,6244.33,3059,0,0,0,0,9325.33,7558.92,2820.17,2897.97,3770.42,1448.99,3034.4,142.081,25.6408,18.7203,18.0113,56.276,56.276,178.119,44.5297
297.905,20.193,82.2043,1.08473,22.8983,0.389097,0.83147,-0.55557,0.960885,0.276946,14624,11602.3,8432,3957,0,0,0,0,8367.33,10225.7,3174.46,4116.64,4846.58,2058.32,3997.67,195.988,38.0535,19.3401,18.1013,82.7933,82.7933,215.626,53.9066
374.794,20.0567,81.4477,1.45705,26.2727,0.442644,0.793353,-0.608761,0.960885,0.276946,16822.3,14624,11602.3,6244.33,213.667,0,0,0,9709,12870.2,3162.29,5518.5,5793.51,2759.25,4939.22,261.662,53.6699,19.7719,18.183,76.8887,76.8887,262.696,65.674
420.14,20.2004,81.1287,1.42151,29.6213,0.494265,0.75184,-0.659346,0.960885,0.276946,17398,16822.3,14624,8432,1267.33,0,0,0,8544.67,15111.7,2275.24,6968.33,6378.49,3484.17,5699.3,326.988,71.1757,20.0808,18.2718,45.346,45.346,261.304,65.326
440.755,21.0059,78.6492,1.43611,32.938,0.543731,0.707107,-0.707107,0.960885,0.276946,22477.7,17398,16822.3,11602.3,3059,0,0,0,11349,17830.5,2875.81,8841.47,7292.12,4420.74,6791.94,383.399,89.5405,20.364,18.3961,20.6153,20.6153,225.643,56.4108
558.818,21.6655,75.7019,1.78958,36.2157,0.590827,0.659346,-0.75184,0.960885,0.276946,23621.7,22477.7,17398,14624,3957,0,0,0,11444.3,20079.9,3004.07,10809.9,7809.63,5404.97,7727.15,448.627,112.825,20.7321,18.5494,118.063,118.063,260.913,65.2282
601.856,22.3491,72.8465,1.37569,39.4457,0.635347,0.608761,-0.793353,0.960885,0.276946,26996.3,23621.7,22477.7,16822.3,6244.33,213.667,0,0,15952.3,22623.4,3444.02,13041.8,8275.6,6529.82,8755.05,505.392,137.902,21.3052,18.7307,43.038,43.038,227.062,56.7655
687.278,23.3419,68.7977,1.48976,42.6174,0.6771,0.55557,-0.83147,0.960885,0.276946,28825.3,26996.3,23621.7,17398,8432,1267.33,0,0,11192,25480.2,2547.45,15338.3,8509.89,7730.88,9702.77,572.177,166.539,22.0906,18.9536,85.422,85.422,267.138,66.7845
724.379,24.4943,64.0625,1.29418,45.7174,0.715905,0.5,-0.866025,0.960885,0.276946,29685,28825.3,26996.3,22477.7,11602.3,3059,0,0,17256.7,27282.1,2325.72,17557.2,8490.12,8967.75,10497.9,643.083,196.721,22.9627,19.2236,37.1007,37.1007,283.623,70.9058
770.654,23.3973,67.0057,1.77895,48.7287,0.751595,0.442289,-0.896873,0.960885,0.276946,28600,29685,28825.3,23621.7,14624,3957,0,0,18052.7,28526.7,971.884,19610.8,7912.85,10159.4,11022.5,696.042,228.832,23.3957,19.4498,46.2753,46.2753,211.836,52.959
784.619,23.5777,63.9463,1.75905,51.6298,0.784016,0.382683,-0.92388,0.960885,0.276946,33519.3,28600,29685,26996.3,16822.3,6244.33,0,0,22573.3,30157.4,1982.78,21883.7,7660.25,11556.1,11746.5,741.732,261.524,23.7028,19.6837,13.9653,13.9653,182.763,45.6908
878.017,23.1014,66.1554,3.39661,54.393,0.813029,0.321439,-0.94693,0.960885,0.276946,30952.3,33519.3,28600,28825.3,17398,8432,0,0,22440.7,30689.2,1833.85,23760.4,6850.68,12845.7,12100.8,789.417,298.108,23.6427,19.9007,93.398,93.398,190.739,47.6848
858.107,23.0079,66.8171,3.44846,56.9831,0.83851,0.258819,-0.965926,0.960885,0.276946,39244.3,30952.3,33519.3,29685,22477.7,11602.3,0,0,17616.7,33079,3961.99,26063.9,7020.47,14480.9,12880.8,822.849,333.863,23.2711,20.1103,-19.91,-19.91,133.729,33.4322
931.825,22.8235,68.3067,2.97769,59.3557,0.860348,0.19509,-0.980785,0.960885,0.276946,39450,39244.3,30952.3,28600,23621.7,14624,0,0,16809,35791.5,3670.39,28132.7,7002.39,16124.7,13433.3,863.142,372.689,23.1276,20.3104,73.7173,73.7173,161.171,40.2927
931.672,23.3611,64.2828,2.02871,61.456,0.87845,0.130526,-0.991445,0.960885,0.276946,38470,39450,39244.3,33519.3,26996.3,16822.3,0,0,18713,37029.2,3527.44,29936.7,6635.04,17727.6,13706.1,899.905,411.508,23.0735,20.5345,-0.152667,-0.152667,147.053,36.7632
1015.97,24.2959,56.1523,1.8824,63.2195,0.892739,0.0654031,-0.997859,0.960885,0.276946,42165,38470,39450,30952.3,28825.3,17398,0,0,18364.3,39832.3,1395.46,32000.6,6254.88,19484.5,14019.9,934.394,453.84,23.3721,20.8004,84.3007,84.3007,137.955,34.4888
1044.99,23.9346,56.1962,2.74486,64.5757,0.903153,1.22465e-16,-1,0.960885,0.276946,44396.3,42165,38470,39244.3,29685,22477.7,0,0,21099,41120.3,2325.82,33827.1,6405.83,21334.3,14254,981.114,497.382,23.6038,21.0567,29.0147,29.0147,186.88,46.72
1017.74,23.8332,55.1771,3.64536,65.4567,0.909648,-0.0654031,-0.997859,0.960885,0.276946,41325.3,44396.3,42165,39450,28600,23621.7,0,0,29190.7,41589.2,2121.94,35302.4,5904.58,23056.2,14067.6,1002.59,539.788,23.8562,21.3184,-27.2453,-27.2453,85.9173,21.4793
1028.14,23.9053,53.0642,3.39224,65.8104,0.912195,-0.130526,-0.991445,0.960885,0.276946,42091.7,41325.3,44396.3,38470,33519.3,26996.3,213.667,0,34471,42494.6,1146.16,36560.4,5601.2,24801.1,13719,1026.71,582.627,23.9922,21.5885,10.3973,10.3973,96.4673,24.1168
1049.39,23.6667,54.3505,4.10516,65.6139,0.910784,-0.19509,-0.980785,0.960885,0.276946,39005.3,42091.7,41325.3,42165,30952.3,28825.3,1267.33,0,36980.3,41704.7,1925.17,37408.7,5115.27,26373.5,13079.3,1035.06,625.932,23.8349,21.8518,21.2513,21.2513,33.418,8.3545
995.683,23.3647,54.9605,3.14154,64.8801,0.905421,-0.258819,-0.965926,0.960885,0.276946,38672.7,39005.3,42091.7,44396.3,39244.3,29685,3059,0,30127.7,40273.8,1464.84,38157.7,4557.07,27857.4,12349.9,1022.74,665.878,23.6925,22.1024,-53.708,-53.708,-49.3047,-12.3262
958.138,23.6353,53.3117,3.14407,63.6539,0.89613,-0.321439,-0.94693,0.960885,0.276946,41249.3,38672.7,39005.3,41325.3,39450,28600,3957,0,25327,40254.8,1451.51,39211.8,3583.26,29411.3,11566.2,1007.84,702.372,23.643,22.3491,-37.5447,-37.5447,-59.604,-14.901
1019.9,23.3653,53.8411,3.66144,62.0002,0.88295,-0.382683,-0.92388,0.960885,0.276946,40058.3,41249.3,38672.7,42091.7,38470,33519.3,6244.33,0,39065,39746.4,1007.25,39756.7,3146.78,30820.2,10684.2,1005.78,740.197,23.508,22.5589,61.7633,61.7633,-8.238,-2.0595
1039.23,23.2573,54.2922,3.61059,59.9899,0.865937,-0.442289,-0.896873,0.960885,0.276946,35940,40058.3,41249.3,39005.3,42165,30952.3,8432,0,40478.3,38980.1,1977.92,40172.4,2117.46,31966.4,9646.04,1003.24,776.88,23.4057,22.7378,19.326,19.326,-10.1633,-2.54083
917.509,23.0994,54.8145,3.62105,57.6897,0.845166,-0.5,-0.866025,0.960885,0.276946,38000.7,35940,40058.3,38672.7,44396.3,39244.3,11602.3,0,36764,38812.1,2024.88,40068.7,2189.55,33066.3,8722.08,983.694,806.146,23.3393,22.8722,-121.718,-121.718,-78.1733,-19.5433
964.404,22.8487,56.6875,3.47407,55.1574,0.820725,-0.55557,-0.83147,0.960885,0.276946,36167.7,38000.7,35940,41249.3,41325.3,39450,14624,0,35171.7,37541.7,1658.12,39795.2,2440.41,33963.9,7842.07,985.26,833.917,23.1427,22.9829,46.8947,46.8947,6.266,1.5665
942.465,22.8829,56.6607,3.24557,52.4404,0.79272,-0.608761,-0.793353,0.960885,0.276946,34486.3,36167.7,38000.7,40058.3,42091.7,38470,16822.3,0,32949.3,36148.7,1248.72,39463.2,2836.85,34699.9,6980.3,965.901,857.57,23.0221,23.1006,-21.9393,-21.9393,-77.4367,-19.3592
885.769,23.0319,56.0422,2.55662,49.5763,0.76127,-0.659346,-0.75184,0.960885,0.276946,32212,34486.3,36167.7,35940,39005.3,42165,17398,0,29508.3,35216.7,2134.04,38633.8,3336.64,35317.2,6010.68,927.537,876.971,22.9657,23.2186,-56.6953,-56.6953,-153.458,-38.3645
848.139,22.7771,55.8957,3.04145,46.5948,0.726512,-0.707107,-0.707107,0.960885,0.276946,30514,32212,34486.3,38000.7,38672.7,44396.3,22477.7,0,27684.7,33345,2154.55,37476.9,3538.63,35652,5487.12,910.194,893.946,22.8852,23.2924,-37.6307,-37.6307,-69.3707,-17.3427
774.444,23.1186,52.8925,2.00373,43.5191,0.688596,-0.75184,-0.659346,0.960885,0.276946,28561,30514,32212,36167.7,41249.3,41325.3,23621.7,0,26733,31443.3,2180.72,36413.2,4096.43,35857.8,5111.84,862.704,902.93,22.9526,23.353,-73.6947,-73.6947,-189.96,-47.49
718.107,24.1603,48.9987,1.50276,40.3672,0.647684,-0.793353,-0.608761,0.960885,0.276946,24441.7,28561,30514,34486.3,40058.3,42091.7,26996.3,0,22511,28932.2,2896.63,34942.4,4886.06,35751.4,5317.71,806.615,907.774,23.272,23.4284,-56.3373,-56.3373,-224.358,-56.0895
635.869,24.1341,49.707,1.70021,37.1536,0.603954,-0.83147,-0.55557,0.960885,0.276946,22618.7,24441.7,28561,32212,35940,39005.3,28825.3,0,17468.7,26533.8,3148.68,33576.9,5769.71,35492.8,5779.15,744.14,905.632,23.5475,23.4614,-82.238,-82.238,-249.901,-62.4752
597.941,23.9387,50.8419,1.54154,33.8896,0.557594,-0.866025,-0.5,0.960885,0.276946,19335.3,22618.7,24441.7,30514,38000.7,38672.7,29685,0,17374.7,23739.2,3331.4,31965.4,6740.22,35061.6,6533.36,681.59,900.363,23.8379,23.4383,-37.9273,-37.9273,-250.197,-62.5493
518.268,23.4649,53.7858,1.73463,30.5843,0.508806,-0.896873,-0.442289,0.960885,0.276946,15865,19335.3,22618.7,28561,36167.7,41249.3,28600,0,14994,20565.2,3272.93,29850.1,7441.45,34530.9,7484.52,617.546,889.847,23.9245,23.4411,-79.6733,-79.6733,-256.176,-64.044
447.095,22.0896,58.1709,2.26918,27.2454,0.457803,-0.92388,-0.382683,0.960885,0.276946,13343,15865,19335.3,24441.7,34486.3,40058.3,33519.3,0,12469.7,17790.5,3506.62,27623.8,8027.56,33690.2,8600.82,549.793,875.784,23.4068,23.3791,-71.1733,-71.1733,-271.012,-67.753
382.384,21.6127,58.469,2.07263,23.8792,0.404809,-0.94693,-0.321439,0.960885,0.276946,10528.3,13343,15865,22618.7,32212,35940,30952.3,0,8502.33,14767.9,3243.04,25506.1,8862.76,32839.2,9761.69,486.422,855.132,22.7765,23.3171,-64.7107,-64.7107,-253.485,-63.3712
312.638,21.4063,59.466,1.95138,20.491,0.350061,-0.965926,-0.258819,0.960885,0.276946,8174.67,10528.3,13343,19335.3,30514,38000.7,39244.3,0,5596,11977.8,2895.64,23020.6,9186.57,31544.7,10828.3,415.096,832.405,22.1434,23.2503,-69.746,-69.746,-285.303,-71.3258
224.405,21.0698,59.9512,1.65766,17.0861,0.293809,-0.980785,-0.19509,0.960885,0.276946,6399.33,8174.67,10528.3,15865,28561,36167.7,39450,0,4711.67,9611.33,2605.15,20539.9,9319.75,30167.6,11794,341.63,802.929,21.5446,23.1773,-88.2331,-88.2331,-293.863,-73.4658
192.364,20.9854,61.1317,1.83677,13.6697,0.236324,-0.991445,-0.130526,0.960885,0.276946,3961.33,6399.33,8174.67,13343,24441.7,34486.3,38470,0,3689,7265.92,2405.22,17996.2,9331.82,28729.7,12758.3,277.948,772.124,21.2686,23.0783,-32.0409,-32.0409,-254.731,-63.6827
0,18.3846,95.9227,1.96374,-11.4295,-0.198163,0.997859,0.0654031,0.965507,0.260376,0,0,0,0,0,0,0,2783.33,0,0,0,0,0,0,0,0,0,18.4124,18.776,0,0,0,0
0,18.3741,95.6744,1.73411,-7.96139,-0.138506,1,6.12323e-17,0.965507,0.260376,0,0,0,0,0,0,0,1034,0,0,0,0,0,0,0,0,0,18.3928,18.7305,0,0,0,0
0,18.3571,95.4005,2.01594,-4.49084,-0.0782998,0.997859,-0.0654031,0.965507,0.260376,0,0,0,0,0,0,0,146.333,0,0,0,0,0,0,0,0,0,18.3757,18.6869,0,0,0,0
0,18.3353,95.4975,2.16708,-1.02007,-0.0178026,0.991445,-0.130526,0.965507,0.260376,0,0,0,0,0,0,0,0,213.667,0,0,0,0,0,0,0,0,18.3628,18.6464,0,0,0,0
0.956643,18.2959,95.679,1.73323,2.703,0.0471588,0.980785,-0.19509,0.965507,0.260376,0,0,0,0,0,0,0,0,1267.33,0,0,0,0,0,0,0.239161,0.0398601,18.3406,18.6061,0.956643,0.956643,0.956643,0.239161
2.56817,18.3437,95.7146,1.34471,6.05464,0.105477,0.965926,-0.258819,0.965507,0.260376,83.6667,0,0,0,0,0,0,0,3059,20.9167,36.2287,6.97222,23.1242,3.48611,16.7188,0.881202,0.146867,18.333,18.5707,1.61152,1.61152,2.56817,0.642042
5.92351,18.3296,95.731,1.51063,9.46737,0.164486,0.94693,-0.321439,0.965507,0.260376,43.6667,83.6667,0,0,0,0,0,0,3957,31.8333,34.8333,10.6111,25.0927,5.30556,18.5195,2.36208,0.39368,18.3262,18.5363,3.35535,3.35535,5.92351,1.48088
7.32893,18.2996,95.5692,1.85049,12.8931,0.223132,0.92388,-0.382683,0.965507,0.260376,182,43.6667,83.6667,0,0,0,0,0,6244.33,77.3333,67.285,25.7778,53.2736,12.8889,39.8141,4.19431,0.699052,18.3172,18.5057,1.40542,1.40542,7.32893,1.83223
10.8022,18.1475,95.7594,2.21381,16.3167,0.280947,0.896873,-0.442289,0.965507,0.260376,145.333,182,43.6667,0,0,0,0,0,8432,113.667,53.5542,37.8889,61.864,18.9444,47.6704,6.65571,1.14914,18.2801,18.4759,3.47329,3.47329,9.84558,2.46139
12.362,18.1781,96.0115,1.83811,19.7309,0.337602,0.866025,-0.5,0.965507,0.260376,430,145.333,182,83.6667,0,0,0,0,11602.3,200.25,141.997,73.7222,123.435,36.8611,94.7459,9.10417,1.66423,18.2387,18.4504,1.55979,1.55979,9.79385,2.44846
20.5006,18.2675,96.1249,1.2895,23.1301,0.39282,0.83147,-0.55557,0.965507,0.260376,420.667,430,145.333,43.6667,0,0,0,0,14624,294.5,131.515,108.778,153.575,54.3889,121.453,12.7484,2.51842,18.2232,18.4338,8.13859,8.13859,14.5771,3.64427
23.4661,18.2482,95.9683,1.84916,26.5095,0.446346,0.793353,-0.608761,0.965507,0.260376,668,420.667,430,182,0,0,0,0,16822.3,416,185.056,164.444,213.451,82.2222,171.875,16.7827,3.49617,18.2103,18.4171,2.96547,2.96547,16.1371,4.03428
27.7852,18.2348,96.0011,1.52673,29.8638,0.49794,0.75184,-0.659346,0.965507,0.260376,988,668,420.667,145.333,0,0,0,0,17398,626.667,230.968,246.778,305.04,123.389,248.494,21.0285,4.65389,18.2321,18.3993,4.31913,4.31913,16.983,4.24575
32.1037,18.2272,95.7394,2.1877,33.187,0.547374,0.707107,-0.707107,0.965507,0.260376,2227,988,668,430,83.6667,0,0,0,22477.7,1075.92,694.347,432.361,616.69,216.181,486.711,25.9639,5.99155,18.2444,18.3838,4.31853,4.31853,19.7417,4.93543
51.0811,18.1803,95.3266,1.81813,36.4722,0.594433,0.659346,-0.75184,0.965507,0.260376,4422.33,2227,988,420.667,43.6667,0,0,0,23621.7,2076.33,1474.3,800.889,1247.23,400.444,968.577,33.609,8.11993,18.2226,18.366,18.9774,18.9774,30.5805,7.64513
96.6459,18.3541,94.8053,1.63833,39.7107,0.638912,0.608761,-0.793353,0.965507,0.260376,6544,4422.33,2227,668,182,0,0,0,26996.3,3545.33,2123.62,1346.22,1988.3,673.111,1558.77,51.904,12.1468,18.2491,18.3558,45.5648,45.5648,73.1799,18.295
168.915,18.6919,92.4159,1.56971,42.8921,0.680619,0.55557,-0.83147,0.965507,0.260376,5174,6544,4422.33,988,145.333,0,0,0,28825.3,4591.83,1562.93,1777.39,2199.41,888.694,1791.22,87.1864,19.185,18.3634,18.36,72.2687,72.2687,141.129,35.2824
132.901,19.124,89.7235,1.46943,46.0029,0.719375,0.5,-0.866025,0.965507,0.260376,6762.33,5174,6544,2227,430,83.6667,0,0,29685,5725.67,967.905,2333.94,2521.78,1170.46,2129.24,112.386,24.7225,18.5876,18.3826,-36.0133,-36.0133,100.798,25.1994
159.136,19.0515,88.4801,2.30489,49.0264,0.755012,0.442289,-0.896873,0.965507,0.260376,6515.33,6762.33,5174,4422.33,420.667,43.6667,0,0,28600,6248.92,627.912,2873.25,2662.41,1441.93,2365,139.399,31.3532,18.8054,18.4053,26.2347,26.2347,108.055,27.0137
178.91,18.9581,88.6077,2.65444,51.941,0.787376,0.382683,-0.92388,0.965507,0.260376,7886.33,6515.33,6762.33,6544,668,182,0,0,33519.3,6584.5,964.454,3515.28,2857.78,1770.53,2670.02,159.965,38.8078,18.9564,18.4233,19.774,19.774,82.2641,20.566
198.373,19.0952,88.4713,2.64398,54.719,0.81633,0.321439,-0.94693,0.965507,0.260376,7885.67,7886.33,6515.33,5174,988,145.333,0,0,30952.3,7262.42,629.668,4160.31,2897.61,2099.1,2906.64,167.33,47.0733,19.0572,18.4476,19.4633,19.4633,29.4587,7.36467
199.38,19.1593,88.2943,2.88299,57.3251,0.841747,0.258819,-0.965926,0.965507,0.260376,9630.33,7885.67,7886.33,6762.33,2227,430,0,0,39244.3,7979.42,1105.27,4927,3023.6,2500.36,3235.32,183.95,55.3808,19.066,18.4771,1.00667,1.00667,66.4787,16.6197
252.823,19.3256,87.69,2.66398,59.7141,0.86352,0.19509,-0.980785,0.965507,0.260376,11672.3,9630.33,7885.67,6515.33,4422.33,420.667,0,0,39450,9268.67,1559.8,5864.64,3219.07,2986.71,3670.9,207.372,65.9151,19.1345,18.5146,53.4427,53.4427,93.6867,23.4217
281.151,19.3033,87.3858,2.99875,61.8304,0.881554,0.130526,-0.991445,0.965507,0.260376,14836,11672.3,9630.33,7886.33,6544,668,0,0,38470,11006.1,2585.63,7045.31,3664.03,3604.88,4309.51,232.932,77.6297,19.2208,18.5528,28.3287,28.3287,102.241,25.5603
352.12,19.668,85.9155,2.63757,63.6079,0.895773,0.0654031,-0.997859,0.965507,0.260376,11789,14836,11672.3,7885.67,5174,988,0,0,42165,11981.9,1858.01,7945.39,3381.21,4096.08,4536.52,271.368,92.3014,19.364,18.6062,70.9687,70.9687,153.747,38.4367
199.17,19.6628,86.0304,2.54717,64.9739,0.906115,1.22465e-16,-1,0.965507,0.260376,15125,11789,14836,9630.33,6762.33,2227,0,0,44396.3,13355.6,1628.65,9020.22,3442.08,4726.29,4954.99,271.316,100.6,19.4899,18.6599,-152.95,-152.95,-0.209533,-0.0523833
371.499,19.8493,85.608,2.23639,65.8582,0.912536,-0.0654031,-0.997859,0.965507,0.260376,14713.7,15125,11789,11672.3,6515.33,4422.33,0,0,41325.3,14115.9,1351.72,9877.83,3471.59,5339.36,5234.64,300.985,116.079,19.6208,18.7221,172.329,172.329,118.677,29.6692
342.771,20.1334,84.3698,2.0399,66.207,0.915009,-0.130526,-0.991445,0.965507,0.260376,17568,14713.7,15125,14836,7886.33,6544,0,0,42091.7,14798.9,2051.89,10796.5,3900,6071.36,5648.77,316.39,130.361,19.8284,18.797,-28.728,-28.728,61.62,15.405
389.306,20.1022,84.6421,2.4778,65.9968,0.913522,-0.19509,-0.980785,0.965507,0.260376,40468.3,17568,14713.7,11789,7885.67,5174,0,0,39005.3,21968.8,10736.3,13737.7,8791.65,7757.54,8765.13,325.687,146.543,19.9369,18.8723,46.5347,46.5347,37.186,9.2965
967.495,20.6595,82.0282,1.82806,65.2419,0.908084,-0.258819,-0.965926,0.965507,0.260376,38381.7,40468.3,17568,15125,9630.33,6762.33,83.6667,0,38672.7,27782.9,11709,16372.6,10812.3,9353.29,10531.1,517.768,186.748,20.1861,18.9688,578.189,578.189,768.324,192.081
1134.37,22.1177,75.7321,1.89015,63.9898,0.898716,-0.321439,-0.94693,0.965507,0.260376,41583.7,38381.7,40468.3,14713.7,11672.3,6515.33,43.6667,0,41249.3,34500.4,9843.26,19295,12378.8,11084.1,12148.3,708.486,233.767,20.7532,19.1266,166.879,166.879,762.874,190.719
1080.26,22.8616,72.2939,1.60721,62.3081,0.88546,-0.382683,-0.92388,0.965507,0.260376,40781,41583.7,38381.7,17568,14836,7886.33,182,0,40058.3,40303.7,1181.89,22036.2,13166.1,12775.8,13285.8,892.859,278.472,21.4352,19.3167,-54.1133,-54.1133,737.489,184.372
1045.33,22.9066,72.3293,2.45917,60.2699,0.868371,-0.442289,-0.896873,0.965507,0.260376,39450.3,40781,41583.7,40468.3,11789,7885.67,145.333,0,35940,40049.2,1227.74,24666.6,13229.1,14413.5,14029.6,1056.86,321.577,22.1363,19.515,-34.9333,-34.9333,656.021,164.005
1007.25,22.8423,72.9513,2.83456,57.9435,0.847525,-0.5,-0.866025,0.965507,0.260376,37644,39450.3,40781,38381.7,15125,9630.33,430,0,38000.7,39864.8,1491.45,27001.1,12835.7,15964,14448.7,1066.8,363.031,22.6821,19.7093,-38.0727,-38.0727,39.7593,9.93983
958.849,22.8431,73.4757,3.57503,55.3873,0.823011,-0.55557,-0.83147,0.965507,0.260376,35928.7,37644,39450.3,41583.7,14713.7,11672.3,420.667,0,36167.7,38451,1833.1,29022.4,12154.4,17443.5,14598.5,1022.92,402.129,22.8634,19.9,-48.4053,-48.4053,-175.525,-43.8812
919.298,22.9729,73.0477,3.82424,52.6489,0.794933,-0.608761,-0.793353,0.965507,0.260376,35278.7,35928.7,37644,40781,17568,14836,668,0,34486.3,37075.4,1620.71,30726,11459.4,18885.7,14579.6,982.682,439.455,22.8913,20.0969,-39.5507,-39.5507,-160.962,-40.2405
876.931,22.7275,74.1258,3.56767,49.766,0.763413,-0.659346,-0.75184,0.965507,0.260376,32636.3,35278.7,35928.7,39450.3,40468.3,11789,988,0,32212,35371.9,1800.31,32463.3,9935.76,20204.3,14330.3,940.583,474.836,22.8465,20.2841,-42.3667,-42.3667,-168.395,-42.0988
827.623,22.5571,75.0084,3.41252,46.7681,0.728587,-0.707107,-0.707107,0.965507,0.260376,30851.7,32636.3,35278.7,37644,38381.7,15125,2227,0,30514,33673.8,2043.33,33773.8,8495.11,21397,13971.1,895.675,507.983,22.7752,20.4645,-49.308,-49.308,-179.631,-44.9077
784.561,22.1365,76.8949,3.13289,43.678,0.690604,-0.75184,-0.659346,0.965507,0.260376,28799,30851.7,32636.3,35928.7,41583.7,14713.7,4422.33,0,28561,31891.4,2380.78,34947.6,6525.14,22412.7,13580.8,852.103,538.545,22.5985,20.6293,-43.0627,-43.0627,-174.288,-43.572
727.781,21.8017,78.4361,2.94228,40.5136,0.649629,-0.793353,-0.608761,0.965507,0.260376,25868,28799,30851.7,35278.7,40781,17568,6544,0,24441.7,29538.8,2516.96,35639.3,4878.32,23217.9,13183.1,804.224,564.842,22.3057,20.773,-56.78,-56.78,-191.517,-47.8793
652.325,21.557,78.9075,3.09456,37.2891,0.605838,-0.83147,-0.55557,0.965507,0.260376,22563,25868,28799,32636.3,39450.3,40468.3,5174,0,22618.7,27020.4,3124.04,34147.2,5820.43,23942.4,12638.1,748.072,584.984,22.0131,20.8923,-75.456,-75.456,-224.607,-56.1517
590.98,21.4191,79.0067,2.57897,34.0157,0.55942,-0.866025,-0.5,0.965507,0.260376,20458.3,22563,25868,30851.7,37644,38381.7,6762.33,0,19335.3,24422.1,3178.66,32653.6,6765.18,24513.1,12149.2,688.911,604.071,21.7285,20.988,-61.3447,-61.3447,-236.643,-59.1608
520.267,21.1705,80.3428,2.33536,30.7024,0.510578,-0.896873,-0.442289,0.965507,0.260376,18656.7,20458.3,22563,28799,35928.7,41583.7,6515.33,0,15865,21886.5,2682.42,30743,7197.07,25019,11631,622.838,619.118,21.487,21.0763,-70.7127,-70.7127,-264.293,-66.0733
498.914,21.1214,80.4417,2.36668,27.3564,0.459525,-0.92388,-0.382683,0.965507,0.260376,16276.7,18656.7,20458.3,25868,35278.7,40781,7886.33,0,13343,19488.7,2313.06,28700.9,7527.99,25368.6,11230,565.622,632.451,21.317,21.1664,-21.3533,-21.3533,-228.867,-57.2167
435.363,20.9973,81.3921,1.93879,23.9841,0.406484,-0.94693,-0.321439,0.965507,0.260376,12880.3,16276.7,18656.7,22563,32636.3,39450.3,7885.67,0,10528.3,17068,2836.41,26486.8,7937.04,25576.7,10946.8,511.381,642.326,21.177,21.2456,-63.5513,-63.5513,-216.962,-54.2405
347.852,20.7297,82.6529,2.58362,20.5908,0.351692,-0.965926,-0.258819,0.965507,0.260376,10378,12880.3,16276.7,20458.3,30851.7,37644,9630.33,0,8174.67,14547.9,3163.84,24214.6,8311.72,25607.8,10902.3,450.599,648.512,21.0047,21.3111,-87.5107,-87.5107,-243.128,-60.782
289.949,20.5305,83.6319,2.55029,17.1816,0.295401,-0.980785,-0.19509,0.965507,0.260376,6488.67,10378,12880.3,18656.7,28799,35928.7,11672.3,0,6399.33,11505.9,3574.01,21761.3,8821.28,25391.9,11222.9,393.02,650.059,20.8447,21.3613,-57.9027,-57.9027,-230.318,-57.5795
183.617,20.5894,83.7597,2.33589,13.7615,0.23788,-0.991445,-0.130526,0.965507,0.260376,3714.67,6488.67,10378,16276.7,25868,35278.7,14836,0,3961.33,8365.42,3520.89,19130.9,9099.98,24928.5,11860.6,314.195,645.995,20.7117,21.4149,-106.333,-106.333,-315.297,-78.8243
0,18.4581,90.6978,1.62905,-11.2122,-0.194443,0.997859,0.0654031,0.969843,0.24373,0,0,0,0,0,0,0,2330,0,0,0,0,0,0,0,0,0,18.7175,19.169,0,0,0,0
0,18.4211,90.8685,1.51211,-7.74495,-0.134764,1,6.12323e-17,0.969843,0.24373,0,0,0,0,0,0,0,700,0,0,0,0,0,0,0,0,0,18.5751,19.1401,0,0,0,0
0,18.3481,91.349,1.06884,-4.27477,-0.0745396,0.997859,-0.0654031,0.969843,0.24373,0,0,0,0,0,0,0,117.667,0,0,0,0,0,0,0,0,0,18.4554,19.1055,0,0,0,0
0,18.4041,91.0769,1.21685,-0.193008,-0.00336861,0.991445,-0.130526,0.969843,0.24373,272,0,0,0,0,0,0,0,0,68,117.779,22.6667,75.1768,11.3333,54.3528,0,0,18.4079,19.0745,0,0,0,0
11.663,18.26,91.6087,0.894439,2.90846,0.0507404,0.980785,-0.19509,0.969843,0.24373,1172.67,272,0,0,0,0,0,0,0,361.167,481.499,120.389,325.987,60.1944,238.237,2.91576,0.485959,18.3583,19.0342,11.663,11.663,11.663,2.91576
35.3653,18.3026,91.9051,0.912497,6.26865,0.109191,0.965926,-0.258819,0.969843,0.24373,2702.33,1172.67,272,0,0,0,0,0,83.6667,1036.75,1055.03,345.583,780.95,172.792,578.618,11.7571,1.95951,18.3287,18.9939,23.7023,23.7023,35.3653,8.84133
72.0796,18.4886,91.6915,0.604273,9.68514,0.168234,0.94693,-0.321439,0.969843,0.24373,4572.67,2702.33,1172.67,0,0,0,0,0,43.6667,2179.92,1631.94,726.639,1394.18,363.319,1050.65,29.777,4.96283,18.3638,18.9598,36.7143,36.7143,72.0796,18.0199
122.158,18.9965,90.6329,0.559351,13.1139,0.226887,0.92388,-0.382683,0.969843,0.24373,6760.33,4572.67,2702.33,272,0,0,0,0,182,3802,2089.76,1290,2148.53,645,1650.49,60.3164,10.0527,18.5119,18.9445,50.0782,50.0782,122.158,30.5394
174.785,19.7338,86.4329,0.731367,16.5407,0.284697,0.896873,-0.442289,0.969843,0.24373,9196,6760.33,4572.67,1172.67,0,0,0,0,145.333,5807.83,2426.76,2056.33,3016.45,1028.17,2367.83,101.097,17.3354,18.8804,18.9647,52.6269,52.6269,163.122,40.7804
240.497,20.3505,82.6143,0.680932,19.9585,0.341339,0.866025,-0.5,0.969843,0.24373,11559.7,9196,6760.33,2702.33,0,0,0,0,430,8022.17,2616.44,3019.64,3917.24,1509.82,3154.67,152.38,27.3561,19.3923,19.0158,65.712,65.712,205.131,51.2828
304.426,20.9219,80.0051,0.9177,23.3619,0.396538,0.83147,-0.55557,0.969843,0.24373,13998,11559.7,9196,4572.67,0,0,0,0,420.667,10378.5,2691.9,4186.14,4823.68,2093.07,4001.86,210.466,40.0405,20.0007,19.0906,63.9293,63.9293,232.346,58.0866
370.867,21.4457,77.6921,1.12805,26.7462,0.450039,0.793353,-0.608761,0.969843,0.24373,16980.3,13998,11559.7,6760.33,272,0,0,0,668,12933.5,2888.18,5601.17,5783.27,2800.58,4956.45,272.643,55.4933,20.613,19.1825,66.4407,66.4407,248.709,62.1772
439.709,22.0331,76.8159,0.968661,30.106,0.501602,0.75184,-0.659346,0.969843,0.24373,19843.3,16980.3,13998,9196,1172.67,0,0,0,988,15595.3,3114.56,7254.78,6708.25,3627.39,5971.45,338.875,73.8145,21.1878,19.2931,68.8427,68.8427,264.925,66.2312
508.428,23.0986,73.0037,1.0117,33.4357,0.551001,0.707107,-0.707107,0.969843,0.24373,22996,19843.3,16980.3,11559.7,2702.33,0,0,0,2227,18454.4,3338.7,9171.11,7588.88,4585.56,7058.53,405.858,94.999,21.8748,19.4473,68.7187,68.7187,267.931,66.9828
587.078,23.4855,71.9889,1.04417,36.7282,0.59802,0.659346,-0.75184,0.969843,0.24373,25539.3,22996,19843.3,13998,4572.67,0,0,0,4422.33,21339.8,3225.81,11299.4,8269.16,5649.69,8130.72,476.521,119.461,22.5157,19.6176,78.65,78.65,282.652,70.663
655.227,23.9182,70.1189,1.19719,39.9752,0.642456,0.608761,-0.793353,0.969843,0.24373,28267,25539.3,22996,16980.3,6760.33,272,0,0,6544,24161.4,3112.82,13632.3,8763.25,6827.49,9203.57,547.61,146.762,23.1339,19.8072,68.1487,68.1487,284.36,71.09
719.087,23.9043,70.0237,1.79204,43.1661,0.684115,0.55557,-0.83147,0.969843,0.24373,30733.3,28267,25539.3,19843.3,9196,1172.67,0,0,5174,26883.9,2900.64,16095.7,9064.21,8108.04,10243.8,617.455,176.724,23.6017,19.9954,63.86,63.86,279.377,69.8443
780.193,23.9053,70.0259,1.68963,46.2877,0.722819,0.5,-0.866025,0.969843,0.24373,32772,30733.3,28267,22996,11559.7,2702.33,0,0,6762.33,29327.9,2707.2,18601.5,9171,9473.54,11210.6,685.396,209.232,23.8034,20.1844,61.1067,61.1067,271.765,67.9413
838.737,24.1008,68.2859,1.63554,49.3233,0.7584,0.442289,-0.896873,0.969843,0.24373,35239.7,32772,30733.3,25539.3,13998,4572.67,0,0,6515.33,31753,2568.42,21157.1,9178.48,10941.9,12142.7,748.311,244.179,23.9572,20.386,58.5433,58.5433,251.659,62.9147
891.822,24.5844,67.2333,1.6294,52.2515,0.790706,0.382683,-0.92388,0.969843,0.24373,37063.7,35239.7,32772,28267,16980.3,6760.33,0,0,7886.33,33952.2,2402.75,23682.4,9037.71,12486.2,12980.9,807.46,281.338,24.1237,20.6112,53.0853,53.0853,236.595,59.1488
936.755,25.0189,65.7219,1.86533,55.0445,0.819597,0.321439,-0.94693,0.969843,0.24373,38260.3,37063.7,35239.7,30733.3,19843.3,9196,0,0,7885.67,35833.9,2069.31,26104.4,8719.86,14080.4,13680.1,861.877,320.37,24.4024,20.858,44.9327,44.9327,217.668,54.417
964.691,24.6805,67.6768,2.96968,57.6665,0.84495,0.258819,-0.965926,0.969843,0.24373,39728.3,38260.3,37063.7,32772,22996,11559.7,0,0,9630.33,37573,1644.82,28451.8,8268.27,15735.7,14267.2,908.001,360.565,24.5962,21.0951,27.9367,27.9367,184.498,46.1245
999.793,24.5858,68.3083,3.02796,60.0722,0.866655,0.19509,-0.980785,0.969843,0.24373,40766.7,39728.3,38260.3,35239.7,25539.3,13998,0,0,11672.3,38954.8,1408.89,30682.5,7656.17,17434.3,14712.5,948.265,402.223,24.7174,21.335,35.102,35.102,161.057,40.2642
1016.36,23.8117,71.4997,3.40301,62.2047,0.88462,0.130526,-0.991445,0.969843,0.24373,42150,40766.7,39728.3,37063.7,28267,16980.3,0,0,14836,40226.3,1423.52,32780,7037.78,19190.6,15038.6,979.4,444.572,24.5242,21.5524,16.5667,16.5667,124.538,31.1345
1043.07,23.8271,70.4638,3.54517,63.9964,0.898767,0.0654031,-0.997859,0.969843,0.24373,42297.7,42150,40766.7,38260.3,30733.3,19843.3,0,0,11789,41235.7,1055.45,34651.2,6295.35,20953,15164.3,1005.98,488.033,24.2263,21.7761,26.7067,26.7067,106.312,26.578
1072.39,24.1234,69.4239,3.4605,65.3724,0.909035,1.22465e-16,-1,0.969843,0.24373,42820.7,42297.7,42150,39728.3,32772,22996,0,0,15125,42008.8,759.178,36303.2,5580.65,22737.2,15113.1,1032.9,532.716,24.087,22.0137,29.32,29.32,107.695,26.9238
1068.41,23.9981,69.9967,3.28067,66.26,0.915382,-0.0654031,-0.997859,0.969843,0.24373,42858.7,42820.7,42297.7,40766.7,35239.7,25539.3,0,0,14713.7,42531.8,312.601,37746.5,4794.44,24522.9,14850.8,1050.06,577.232,23.9401,22.2491,-3.98,-3.98,68.6133,17.1533
1068.23,24.1117,69.5241,3.61701,66.6035,0.917779,-0.130526,-0.991445,0.969843,0.24373,43678,42858.7,42820.7,42150,37063.7,28267,272,0,17568,42913.8,493.795,39030.8,4096.44,26331.5,14424.2,1063.02,621.742,24.0151,22.487,-0.174667,-0.174667,51.872,12.968
1082.5,23.7583,71.1325,3.48023,66.3791,0.916217,-0.19509,-0.980785,0.969843,0.24373,42621,43678,42858.7,42297.7,38260.3,30733.3,1172.67,0,40468.3,42994.6,404.766,40021.4,3337.12,28058.5,13775.3,1072.88,666.36,23.9979,22.7161,14.268,14.268,39.4333,9.85833
1077.41,24.1304,69.8568,3.16257,65.6024,0.910701,-0.258819,-0.965926,0.969843,0.24373,41421.3,42621,43678,42820.7,39728.3,32772,2702.33,0,38381.7,42644.8,807.88,40742.2,2529.96,29671.8,12954,1074.14,709.779,23.9996,22.9589,-5.08667,-5.08667,5.02667,1.25667
1052.21,24.0893,70.1178,3.29767,64.3238,0.901257,-0.321439,-0.94693,0.969843,0.24373,40567.7,41421.3,42621,42858.7,40766.7,35239.7,4572.67,0,41583.7,42072,1179.73,41186.2,1919.11,31171.6,12010.6,1070.09,750.618,24.0224,23.1923,-25.2,-25.2,-16.1933,-4.04833
1036.16,24.3236,69.8203,3.71186,62.6136,0.887924,-0.382683,-0.92388,0.969843,0.24373,40110.7,40567.7,41421.3,43678,42150,37063.7,6760.33,0,40781,41180.2,955.66,41440.1,1516.13,32561.2,10992,1062.07,788.701,24.0754,23.4142,-16.0533,-16.0533,-32.072,-8.018
1014.85,24.0171,71.3593,3.86757,60.5471,0.870761,-0.442289,-0.896873,0.969843,0.24373,38654,40110.7,40567.7,42621,42297.7,38260.3,9196,0,39450.3,40188.4,1003.04,41472.9,1449.78,33788.6,9905.38,1045.16,823.704,24.1401,23.5927,-21.314,-21.314,-67.654,-16.9135
967.477,23.9051,71.4749,3.89516,58.1942,0.84984,-0.5,-0.866025,0.969843,0.24373,36175.3,38654,40110.7,41421.3,42820.7,39728.3,11559.7,0,37644,38876.9,1712.38,41176.8,2024.66,34814.3,8758.62,1017.67,853.995,24.0838,23.7408,-47.3693,-47.3693,-109.937,-27.4842
922.151,23.7337,72.51,3.407,55.614,0.825252,-0.55557,-0.83147,0.969843,0.24373,35709.7,36175.3,38654,40567.7,42858.7,40766.7,13998,0,35928.7,37662.4,1802.9,40755.4,2529.51,35718.9,7607.46,985.158,879.733,23.9949,23.858,-45.326,-45.326,-130.063,-32.5157
894.228,23.7621,72.836,3.55764,52.8543,0.797103,-0.608761,-0.793353,0.969843,0.24373,34718,35709.7,36175.3,40110.7,43678,42150,16980.3,0,35278.7,36314.2,1449.76,40136.1,2981.66,36458,6537.45,949.675,901.54,23.8545,23.9545,-27.9227,-27.9227,-141.932,-35.483
882.653,23.9875,72.4781,3.55673,49.9526,0.765513,-0.659346,-0.75184,0.969843,0.24373,23479.3,34718,35709.7,38654,42621,42297.7,19843.3,0,32636.3,32520.6,5246.43,38567.9,5400.21,36609.5,6183.2,916.627,919.996,23.8471,24.0359,-11.5747,-11.5747,-132.193,-33.0482
615.847,24.0118,72.7217,3.7135,46.9383,0.730619,-0.707107,-0.707107,0.969843,0.24373,16205.7,23479.3,34718,36175.3,41421.3,42820.7,22996,0,30851.7,27528.2,8112.07,36349.9,8025.47,36326.6,6912.05,828.72,924.472,23.8738,24.0739,-266.807,-266.807,-351.63,-87.9075
386.686,23.041,77.1058,3.37777,43.834,0.692571,-0.75184,-0.659346,0.969843,0.24373,16999.7,16205.7,23479.3,35709.7,40567.7,42858.7,25539.3,0,28799,22850.7,7409.77,34195,9350.78,35970.8,7639.7,694.854,916.122,23.7006,24.0554,-229.161,-229.161,-535.465,-133.866
436.641,22.6227,78.4629,3.62744,40.6573,0.651534,-0.793353,-0.608761,0.969843,0.24373,18574.7,16999.7,16205.7,34718,40110.7,43678,28267,0,25868,18814.8,2824.79,32103.1,9792.85,35566.9,8266.71,580.457,907.014,23.4158,24.0014,49.9547,49.9547,-457.587,-114.397
406.817,22.5466,78.3601,3.24639,37.4222,0.607684,-0.83147,-0.55557,0.969843,0.24373,11024.7,18574.7,16999.7,23479.3,38654,42621,30733.3,0,22563,15701.2,2831.4,29470.1,10806.2,34745.7,9580.57,461.498,894.003,23.0555,23.9449,-29.8233,-29.8233,-475.836,-118.959
279.385,22.1907,79.5057,3.24149,34.1396,0.561211,-0.866025,-0.5,0.969843,0.24373,8954,11024.7,18574.7,16205.7,36175.3,41421.3,32772,0,20458.3,13888.2,4005.94,26764.4,11516.3,33753.3,10879.2,377.382,873.136,22.6003,23.8734,-127.432,-127.432,-336.461,-84.1153
223.506,21.9405,80.5465,3.19498,30.8182,0.512316,-0.896873,-0.442289,0.969843,0.24373,9916.33,8954,11024.7,16999.7,35709.7,40567.7,35239.7,0,18656.7,12117.4,3799.41,24210.2,11570.6,32698.2,11867.1,336.587,847.502,22.3251,23.7834,-55.8793,-55.8793,-163.18,-40.795
237.593,21.6827,80.8804,3.01051,27.4655,0.461214,-0.92388,-0.382683,0.969843,0.24373,11140.7,9916.33,8954,18574.7,34718,40110.7,37063.7,0,16276.7,10258.9,892.192,21796,11009.8,31618,12578.9,286.826,820.242,22.0901,23.6625,14.0873,14.0873,-199.047,-49.7618
288.669,21.6643,80.3549,3.0298,24.0873,0.408128,-0.94693,-0.321439,0.969843,0.24373,7875.33,11140.7,9916.33,11024.7,23479.3,38654,38260.3,0,12880.3,9471.58,1204.11,19231.1,10349.1,30352,13352,257.288,793.238,21.8696,23.5227,51.0753,51.0753,-118.149,-29.5372
209.229,21.5479,79.5535,2.82602,20.689,0.353296,-0.965926,-0.258819,0.969843,0.24373,3973,7875.33,11140.7,8954,16205.7,36175.3,39728.3,0,10378,8226.33,2718.62,16547.6,9766.14,28862.2,14191.1,239.749,761.761,21.7089,23.3922,-79.4393,-79.4393,-70.156,-17.539
110.899,21.2334,82.4399,3.19819,17.2756,0.296968,-0.980785,-0.19509,0.969843,0.24373,2767.67,3973,7875.33,9916.33,16999.7,35709.7,40766.7,0,6488.67,6439.17,3306.38,13802.4,8547.9,27278.9,14877.8,211.598,724.724,21.5321,23.2525,-98.3307,-98.3307,-112.607,-28.1518
82.5128,20.9145,84.4787,3.19866,13.852,0.239414,-0.991445,-0.130526,0.969843,0.24373,1854.67,2767.67,3973,11140.7,18574.7,34718,42150,0,3714.67,4117.67,2295.9,11063.8,6403.69,25599.9,15370.4,172.827,685.813,21.34,23.1318,-28.3859,-28.3859,-155.081,-38.7701
0,18.439,93.5698,3.93681,-10.9938,-0.190703,0.997859,0.0654031,0.973892,0.227011,0,0,0,0,0,0,0,1173,0,0,0,0,0,0,0,0,0,18.4764,18.7294,0,0,0,0
0,18.4477,93.396,3.45983,-7.52753,-0.131003,1,6.12323e-17,0.973892,0.227011,0,0,0,0,0,0,0,280.667,0,0,0,0,0,0,0,0,0,18.4626,18.6797,0,0,0,0
0,18.4567,93.2262,3.35603,-4.05783,-0.0707633,0.997859,-0.0654031,0.973892,0.227011,0,0,0,0,0,0,0,82.6667,0,0,0,0,0,0,0,0,0,18.4559,18.6373,0,0,0,0
0,18.4085,92.4908,3.26231,-0.0130062,-0.000227001,0.991445,-0.130526,0.973892,0.227011,0,0,0,0,0,0,0,0,272,0,0,0,0,0,0,0,0,18.438,18.6011,0,0,0,0
0.971231,18.3786,92.0597,3.48008,3.11536,0.0543466,0.980785,-0.19509,0.973892,0.227011,0,0,0,0,0,0,0,0,1172.67,0,0,0,0,0,0,0.242808,0.040468,18.4229,18.5682,0.971231,0.971231,0.971231,0.242808
2.72972,18.3716,91.799,3.39547,6.48336,0.112915,0.965926,-0.258819,0.973892,0.227011,0,0,0,0,0,0,0,0,2702.33,0,0,0,0,0,0,0.925238,0.154206,18.4039,18.5402,1.75849,1.75849,2.72972,0.68243
4.65013,18.3374,91.5449,3.28749,9.90335,0.171987,0.94693,-0.321439,0.973892,0.227011,90.3333,0,0,0,0,0,0,0,4572.67,22.5833,39.1155,7.52778,24.9668,3.76389,18.051,2.08777,0.347962,18.374,18.5157,1.92041,1.92041,4.65013,1.16253
9.59455,18.3568,91.3383,3.42147,13.335,0.230643,0.92388,-0.382683,0.973892,0.227011,98.3333,90.3333,0,0,0,0,0,0,6760.33,47.1667,47.2514,15.7222,35.1939,7.86111,26.0979,4.48641,0.747735,18.3611,18.4947,4.94441,4.94441,9.59455,2.39864
9.86681,18.3413,91.0719,3.25228,16.7649,0.288445,0.896873,-0.442289,0.973892,0.227011,214.333,98.3333,90.3333,0,0,0,0,0,9196,100.75,76.102,33.5833,64.7008,16.7917,48.7345,6.7103,1.15885,18.3518,18.4785,0.27226,0.27226,8.89558,2.22389
13.5236,18.3479,90.9805,2.92735,20.1861,0.345071,0.866025,-0.5,0.973892,0.227011,262.667,214.333,98.3333,0,0,0,0,0,11559.7,166.417,74.1351,55.4722,89.3663,27.7361,69.0106,9.40876,1.72233,18.3458,18.4648,3.65675,3.65675,10.7938,2.69846
18.5787,18.4053,91.0479,3.36021,23.5936,0.400247,0.83147,-0.55557,0.973892,0.227011,595.333,262.667,214.333,90.3333,0,0,0,0,13998,292.667,184.668,105.083,171.919,52.5417,132.434,12.8909,2.49644,18.3628,18.4552,5.05511,5.05511,13.9285,3.48213
25.09,18.3964,90.9269,3.29513,26.9826,0.45372,0.793353,-0.608761,0.973892,0.227011,698.667,595.333,262.667,98.3333,0,0,0,0,16980.3,442.75,208.194,163.306,233.683,81.6528,184.313,16.7648,3.54186,18.3727,18.4465,6.51133,6.51133,15.4955,3.87386
29.8275,18.4583,90.7461,3.41622,30.3479,0.50525,0.75184,-0.659346,0.973892,0.227011,1070.67,698.667,595.333,214.333,0,0,0,0,19843.3,656.833,288.166,252.528,336.205,126.264,269.183,21.7549,4.78467,18.402,18.443,4.73747,4.73747,19.9607,4.99017
35.8021,18.4671,90.7681,3.17303,33.6839,0.554611,0.707107,-0.707107,0.973892,0.227011,1152.67,1070.67,698.667,262.667,0,0,0,0,22996,879.333,236.968,348.583,407.448,174.292,336.726,27.3246,6.27643,18.4318,18.4423,5.97467,5.97467,22.2786,5.56964
38.1109,18.4491,90.9329,2.73068,36.9837,0.601588,0.659346,-0.75184,0.973892,0.227011,1873.33,1152.67,1070.67,595.333,90.3333,0,0,0,25539.3,1198.83,425.345,504.694,570.312,252.347,475.717,32.2076,7.86438,18.4427,18.4411,2.3088,2.3088,19.5323,4.88307
51.1649,18.5259,90.7471,2.75095,40.2389,0.645977,0.608761,-0.793353,0.973892,0.227011,1827,1873.33,1152.67,698.667,98.3333,0,0,0,28267,1480.92,370.749,656.944,653.113,328.472,566.721,38.7264,9.99626,18.4751,18.4428,13.054,13.054,26.0749,6.51873
52.2987,18.5527,90.1742,2.38813,43.4393,0.687585,0.55557,-0.83147,0.973892,0.227011,1862,1827,1873.33,1070.67,214.333,0,0,0,30733.3,1678.75,304.214,812.111,698.233,406.056,639.254,44.3442,12.1754,18.4987,18.4443,1.1338,1.1338,22.4713,5.61782
58.222,18.5789,90.1465,2.28399,46.5717,0.726235,0.5,-0.866025,0.973892,0.227011,3044,1862,1827,1152.67,262.667,0,0,0,32772,2151.58,515.52,1065.78,885.061,532.889,821.971,49.9492,14.6013,18.5266,18.4472,5.92327,5.92327,22.4199,5.60497
85.5019,18.6325,90.0705,2.54016,49.6194,0.761758,0.442289,-0.896873,0.973892,0.227011,2980.33,3044,1862,1873.33,595.333,90.3333,0,0,35239.7,2428.33,584.398,1306.61,975.449,657.069,947.611,61.7969,18.1639,18.5725,18.4539,27.2799,27.2799,47.3909,11.8477
86.5105,18.7395,89.8669,2.65846,52.5611,0.794003,0.382683,-0.92388,0.973892,0.227011,4132.67,2980.33,3044,1827,698.667,98.3333,0,0,37063.7,3004.75,803.152,1642.81,1175.74,829.264,1163.46,70.6333,21.7685,18.6259,18.4624,1.00867,1.00867,35.3456,8.8364
128.382,18.8797,89.7819,2.78781,55.3691,0.82283,0.321439,-0.94693,0.973892,0.227011,4298,4132.67,2980.33,1862,1070.67,214.333,0,0,38260.3,3613.75,604.836,1983.11,1297.7,1008.35,1339.5,89.6541,27.1177,18.7076,18.4766,41.8715,41.8715,76.0833,19.0208
103.536,18.9452,89.1046,2.73574,58.0073,0.848116,0.258819,-0.965926,0.973892,0.227011,6703.33,4298,4132.67,3044,1152.67,262.667,0,0,39728.3,4528.58,1354.3,2519.83,1733.78,1287.65,1739.33,100.982,31.4317,18.7992,18.495,-24.8465,-24.8465,45.3135,11.3284
176.659,18.9541,89.1753,3.31133,60.4298,0.869752,0.19509,-0.980785,0.973892,0.227011,6623.33,6703.33,4298,2980.33,1873.33,595.333,0,0,40766.7,5439.33,1225.72,3022.17,1961.69,1563.62,2016.49,123.772,38.7925,18.8796,18.5146,73.1231,73.1231,91.1568,22.7892
183.403,19.0382,88.7695,3.53003,62.5788,0.887645,0.130526,-0.991445,0.973892,0.227011,4787.67,6623.33,6703.33,4132.67,1827,698.667,0,0,42150,5603.08,1074.66,3362.92,1882.02,1763.11,2087.5,147.995,46.4343,18.9543,18.5379,6.74467,6.74467,96.8928,24.2232
130.581,19.0257,88.4226,2.4199,64.385,0.901719,0.0654031,-0.997859,0.973892,0.227011,4569.33,4787.67,6623.33,4298,1862,1070.67,0,0,42297.7,5670.92,995.816,3654.47,1772.12,1953.5,2126.03,148.545,51.8752,18.9908,18.5623,-52.822,-52.822,2.19933,0.549833
121.612,18.9349,88.1809,2.6322,65.7711,0.911913,1.22465e-16,-1,0.973892,0.227011,4747.67,4569.33,4787.67,6703.33,3044,1152.67,0,0,42820.7,5182,836.204,3954.06,1621.31,2151.32,2155.73,153.064,56.9423,18.9882,18.5826,-8.96933,-8.96933,18.0765,4.51912
107.738,18.8878,87.9974,2.41259,66.6621,0.918184,-0.0654031,-0.997859,0.973892,0.227011,6980.33,4747.67,4569.33,6623.33,2980.33,1873.33,0,0,42858.7,5271.25,990.157,4379.64,1688.18,2442.17,2311.15,135.834,61.4314,18.9716,18.6006,-13.8739,-13.8739,-68.9205,-17.2301
156.485,18.8954,87.5297,2.66979,67,0.920505,-0.130526,-0.991445,0.973892,0.227011,5936,6980.33,4747.67,4787.67,4132.67,1827,0,0,43678,5558.33,974.682,4722.06,1546.47,2689.5,2353.79,129.104,67.9516,18.9359,18.6208,48.7465,48.7465,-26.9187,-6.72967
148.391,18.8968,87.8737,3.14899,66.7608,0.918865,-0.19509,-0.980785,0.973892,0.227011,7297.33,5936,6980.33,4569.33,4298,1862,0,0,42621,6240.33,998.189,5175,1434.37,2993.56,2455.84,133.557,74.0941,18.9037,18.6424,-8.09333,-8.09333,17.81,4.4525
182.288,18.9229,87.8205,3.13379,65.9616,0.913273,-0.258819,-0.965926,0.973892,0.227011,6090,7297.33,5936,4747.67,6703.33,3044,0,0,41421.3,6575.92,576.542,5428.83,1297.81,3247.31,2448.04,148.726,81.5757,18.9007,18.6654,33.8967,33.8967,60.676,15.169
108.688,18.9632,87.0247,2.92791,64.6557,0.903752,-0.321439,-0.94693,0.973892,0.227011,5695.67,6090,7297.33,6980.33,6623.33,2980.33,90.3333,0,40567.7,6254.75,618.122,5655.11,1067.45,3480.86,2402.67,148.963,85.9106,18.9196,18.6915,-73.5999,-73.5999,0.94996,0.23749
135.192,18.9297,87.1545,2.20491,62.9164,0.890343,-0.382683,-0.92388,0.973892,0.227011,4361.33,5695.67,6090,5936,4787.67,4132.67,98.3333,0,40110.7,5861.08,1047.83,5674.17,1041.84,3658.49,2301.49,143.64,91.1439,18.9281,18.7154,26.5041,26.5041,-21.2925,-5.32312
109.315,19.001,86.5734,2.10825,60.8213,0.873104,-0.442289,-0.896873,0.973892,0.227011,5705,4361.33,5695.67,7297.33,4569.33,4298,214.333,0,38654,5463,655.648,5791.42,956,3887.26,2219.18,133.871,95.2876,18.9542,18.7428,-25.8767,-25.8767,-39.0759,-9.76897
114.552,18.8266,87.6027,3.11169,58.4418,0.852109,-0.5,-0.866025,0.973892,0.227011,4648.67,5705,4361.33,6090,4747.67,6703.33,262.667,0,36175.3,5102.67,606.248,5620.19,961.323,4070.01,2090.01,116.937,99.4971,18.9301,18.7628,5.2366,5.2366,-67.7359,-16.934
114.964,18.6961,88.7672,3.01817,55.8375,0.827448,-0.55557,-0.83147,0.973892,0.227011,5012.33,4648.67,5705,5695.67,6980.33,6623.33,595.333,0,35709.7,4931.83,502.474,5485.94,923.609,4254.06,1966.77,118.506,103.513,18.8633,18.7749,0.411933,0.411933,6.27591,1.56898
119.357,18.7684,88.8114,1.92711,53.0564,0.799228,-0.608761,-0.793353,0.973892,0.227011,4623,5012.33,4648.67,4361.33,5936,4787.67,698.667,0,34718,4997.25,436.667,5472.22,935.034,4417.57,1822.2,114.547,107.441,18.823,18.7904,4.39267,4.39267,-15.8355,-3.95888
116.103,18.8981,88.4375,1.7378,50.1361,0.767569,-0.659346,-0.75184,0.973892,0.227011,4320.67,4623,5012.33,5705,7297.33,4569.33,1070.67,0,23479.3,4651.17,245.189,5451.5,957.305,4552.99,1683.97,116.244,111.036,18.7973,18.8087,-3.25333,-3.25333,6.78787,1.69697
79.1986,19.0802,88.7166,1.77092,47.1056,0.732609,-0.707107,-0.707107,0.973892,0.227011,4190.33,4320.67,4623,4648.67,6090,4747.67,1152.67,0,16205.7,4536.58,316.352,5405.06,1002.77,4679.56,1530.83,107.406,112.844,18.8607,18.8343,-36.9047,-36.9047,-35.3535,-8.83837
106.892,19.134,89.0806,1.72317,43.9872,0.694498,-0.75184,-0.659346,0.973892,0.227011,3897,4190.33,4320.67,5012.33,5695.67,6980.33,1873.33,0,16999.7,4257.75,260.793,5148.11,960.336,4763.88,1426.09,105.388,115.71,18.9702,18.8628,27.6931,27.6931,-8.07233,-2.01808
104.051,18.7654,90.1735,3.08157,40.7984,0.6534,-0.793353,-0.608761,0.973892,0.227011,3435.67,3897,4190.33,4623,4361.33,5936,1827,0,18574.7,3960.92,339.862,4939.75,1035.12,4830.9,1320.36,101.561,117.913,18.9694,18.8728,-2.841,-2.841,-15.306,-3.8265
91.7187,18.6259,90.595,2.20297,37.5528,0.609492,-0.83147,-0.55557,0.973892,0.227011,3139.67,3435.67,3897,4320.67,5705,7297.33,1862,0,11024.7,3665.67,405.699,4593.28,870.788,4884.14,1221.65,95.4649,119.556,18.9014,18.8758,-12.3319,-12.3319,-24.3846,-6.09615
82.8843,18.6909,90.4987,1.78672,34.2611,0.562965,-0.866025,-0.5,0.973892,0.227011,2536.33,3139.67,3435.67,4190.33,4648.67,6090,3044,0,8954,3252.17,493.598,4297.14,914.591,4862.99,1257.21,96.3864,120.583,18.8041,18.8805,-8.8344,-8.8344,3.68573,0.921433
69.6689,18.5827,91.6966,2.7605,30.932,0.51402,-0.896873,-0.442289,0.973892,0.227011,1864,2536.33,3139.67,3897,5012.33,5695.67,2980.33,0,9916.33,2743.92,602.594,3977.83,1031.93,4816.47,1343.68,87.0807,119.924,18.6662,18.8784,-13.2154,-13.2154,-37.2227,-9.30568
53.6953,18.3888,94.059,2.18761,27.5726,0.462871,-0.92388,-0.382683,0.973892,0.227011,1557.67,1864,2536.33,3435.67,4623,4361.33,4132.67,0,11140.7,2274.42,612.256,3744.19,1219.07,4709.18,1488.95,74.4918,118.556,18.5721,18.8638,-15.9736,-15.9736,-50.3553,-12.5888
46.0133,18.3723,95.1185,1.8949,24.1887,0.409743,-0.94693,-0.321439,0.973892,0.227011,1396.33,1557.67,1864,3139.67,4320.67,5705,4298,0,7875.33,1838.58,436.463,3385.14,1223.19,4588.28,1628.68,63.0655,115.124,18.5086,18.8427,-7.68207,-7.68207,-45.7055,-11.4264
38.185,18.3983,95.3296,2.22819,20.7856,0.354873,-0.965926,-0.258819,0.973892,0.227011,1055.33,1396.33,1557.67,2536.33,4190.33,4648.67,6703.33,0,3973,1468.33,291.67,3085.69,1313.7,4352.94,1711.99,51.8906,112.401,18.4355,18.8199,-7.82827,-7.82827,-44.6993,-11.1748
39.7378,18.4207,94.9408,1.93906,17.3681,0.29851,-0.980785,-0.19509,0.973892,0.227011,471,1055.33,1396.33,1864,3897,5012.33,6623.33,0,2767.67,1120.08,416.322,2707.25,1357.57,4096.6,1810.61,44.4078,106.696,18.395,18.7977,1.5528,1.5528,-29.9311,-7.48278
21.7048,18.3798,94.914,2.38066,13.9412,0.240926,-0.991445,-0.130526,0.973892,0.227011,211.333,471,1055.33,1557.67,3435.67,4623,4787.67,0,1854.67,783.5,467.571,2339.61,1386.04,3905.92,1962.4,36.4102,99.959,18.3928,18.7702,-18.033,-18.033,-31.9905,-7.99763
0,18.7179,99.8424,1.70616,-14.2332,-0.245869,0.991445,0.130526,0.977653,0.210225,0,0,0,0,0,0,0,211.333,0,0,0,0,0,0,0,0,0,18.7622,18.8272,0,0,0,0
0,18.7521,99.8709,1.72824,-10.7744,-0.186942,0.997859,0.0654031,0.977653,0.210225,0,0,0,0,0,0,0,134,0,0,0,0,0,0,0,0,0,18.7464,18.8264,0,0,0,0
0,18.7476,99.8753,1.7169,-7.30925,-0.127225,1,6.12323e-17,0.977653,0.210225,0,0,0,0,0,0,0,0,0,0,0,0,0,0,0,0,0,18.738,18.8218,0,0,0,0
0,18.8267,99.9065,2.49301,-3.84016,-0.0669732,0.997859,-0.0654031,0.977653,0.210225,0,0,0,0,0,0,0,0,0,0,0,0,0,0,0,0,0,18.7611,18.8211,0,0,0,0
0.176573,18.8385,99.9111,2.54133,0.168572,0.00294214,0.991445,-0.130526,0.977653,0.210225,0,0,0,0,0,0,0,0,0,0,0,0,0,0,0,0.0441433,0.00735722,18.7912,18.8197,0.176573,0.176573,0.176573,0.0441433
4.55415,18.8467,99.9142,2.30084,3.32352,0.0579739,0.980785,-0.19509,0.977653,0.210225,53.3333,0,0,0,0,0,0,0,0,13.3333,23.094,4.44444,14.7406,2.22222,10.6574,1.18268,0.197114,18.8148,18.8195,4.37758,4.37758,4.55415,1.13854
8.06375,18.9117,99.9163,2.21118,6.69863,0.116647,0.965926,-0.258819,0.977653,0.210225,166,53.3333,0,0,0,0,0,0,0,54.8333,67.7747,18.2778,46.8966,9.13889,34.3972,3.19862,0.533103,18.8559,18.8222,3.50959,3.50959,8.06375,2.01594
12.4116,18.9385,99.9126,2.36694,10.1219,0.175743,0.94693,-0.321439,0.977653,0.210225,320,166,53.3333,0,0,0,0,0,90.3333,134.833,122.556,44.9444,95.1141,22.4722,70.9109,6.30153,1.05025,18.8839,18.8255,4.34788,4.34788,12.4116,3.10291
19.1657,18.9945,99.9276,2.56597,13.5562,0.234399,0.92388,-0.382683,0.977653,0.210225,498.667,320,166,0,0,0,0,0,98.3333,259.5,167.413,86.5,155.906,43.25,118.423,11.0488,1.84883,18.9228,18.8319,6.75411,6.75411,18.9892,4.74729
25.6322,18.9497,99.9135,2.81079,16.989,0.292189,0.896873,-0.442289,0.977653,0.210225,664.333,498.667,320,53.3333,0,0,0,0,214.333,412.25,187.192,141.861,220.097,70.9306,171.034,16.3183,2.91683,18.9486,18.8365,6.46647,6.46647,21.078,5.26951
24.8976,18.9034,99.8963,2.69635,20.4137,0.348796,0.866025,-0.5,0.977653,0.210225,1160.67,664.333,498.667,166,0,0,0,0,262.667,660.917,313.174,238.583,352.005,119.292,276.015,20.5268,3.95423,18.9465,18.8381,-0.7346,-0.7346,16.8339,4.20846
39.1483,18.8602,99.9165,2.82302,23.8251,0.403946,0.83147,-0.55557,0.977653,0.210225,743.667,1160.67,664.333,320,0,0,0,0,595.333,766.833,243.957,300.556,369.571,150.278,301.454,27.211,5.58542,18.927,18.8403,14.2507,14.2507,26.7367,6.68418
29.9447,18.8267,99.9105,2.1894,27.2187,0.457388,0.793353,-0.608761,0.977653,0.210225,1108,743.667,1160.67,498.667,0,0,0,0,698.667,919.167,217.785,392.889,418.163,196.444,354.993,29.9057,6.83311,18.885,18.8402,-9.20367,-9.20367,10.7789,2.69473
38.2862,18.8527,99.9255,2.74604,30.5894,0.508882,0.75184,-0.659346,0.977653,0.210225,1401.33,1108,743.667,664.333,53.3333,0,0,0,1070.67,1103.42,235.305,509.667,482.811,254.833,426.02,33.0692,8.42837,18.8608,18.8427,8.34153,8.34153,12.654,3.1635
44.1712,18.8468,99.9173,2.19133,33.9315,0.558202,0.707107,-0.707107,0.977653,0.210225,1636.33,1401.33,1108,1160.67,166,0,0,0,1152.67,1222.33,333.778,646.028,546.486,323.014,503.648,37.8876,10.2688,18.8466,18.8442,5.885,5.885,19.2736,4.8184
39.0519,18.9811,99.9171,1.55414,37.2385,0.605134,0.659346,-0.75184,0.977653,0.210225,1738,1636.33,1401.33,743.667,320,0,0,0,1873.33,1470.92,242.511,790.861,585.028,395.431,572.271,37.8635,11.896,18.8768,18.8504,-5.1193,-5.1193,-0.0964333,-0.0241083
52.8852,18.9386,99.8842,1.51697,40.5019,0.649473,0.608761,-0.793353,0.977653,0.210225,2336.33,1738,1636.33,1108,498.667,0,0,0,1827,1778,344.704,985.556,671.766,492.778,684.445,43.5986,14.0995,18.9048,18.8532,13.8333,13.8333,22.9405,5.73513
65.7168,19.06,99.8671,1.63918,43.7116,0.691029,0.55557,-0.83147,0.977653,0.210225,2430.67,2336.33,1738,1401.33,664.333,53.3333,0,0,1862,2035.33,351.603,1183.67,716.681,594.056,777.538,50.4563,16.8377,18.9566,18.8607,12.8316,12.8316,27.4306,6.85765
60.9179,19.0407,99.8262,1.49222,46.8546,0.729621,0.5,-0.866025,0.977653,0.210225,2378.33,2430.67,2336.33,1636.33,1160.67,166,0,0,3044,2220.83,280.76,1368.03,715.733,693.153,844.211,54.643,19.376,19.0051,18.8671,-4.79887,-4.79887,16.7467,4.18668
65.245,19.1577,99.8054,1.51147,49.9145,0.765084,0.442289,-0.896873,0.977653,0.210225,2437.67,2378.33,2430.67,1738,743.667,320,0,0,2980.33,2395.75,41.261,1544.5,696.38,794.722,899.535,61.1912,22.0945,19.0492,18.8812,4.32707,4.32707,26.1931,6.54827
62.8771,19.2473,99.7694,1.44851,52.8698,0.797265,0.382683,-0.92388,0.977653,0.210225,3657,2437.67,2378.33,2336.33,1108,498.667,0,0,4132.67,2725.92,538.05,1807.69,834.515,947.097,1049.28,63.6892,24.7144,19.1264,18.8987,-2.36787,-2.36787,9.99193,2.49798
61.0753,19.2033,99.703,1.70033,55.6927,0.826026,0.321439,-0.94693,0.977653,0.210225,4182,3657,2437.67,2430.67,1401.33,664.333,0,0,4298,3163.75,778.493,2100.83,985.557,1121.35,1212.14,62.5289,27.2592,19.1622,18.9149,-1.8018,-1.8018,-4.64147,-1.16037
74.671,19.2629,99.5979,1.30485,58.3472,0.851244,0.258819,-0.965926,0.977653,0.210225,5381,4182,3657,2378.33,1636.33,1160.67,0,0,6703.33,3914.42,1057.06,2452.53,1292.52,1345.56,1456.93,65.9671,30.3705,19.2178,18.935,13.5957,13.5957,13.7531,3.43827
127.028,19.3532,99.5017,1.54907,60.7867,0.872809,0.19509,-0.980785,0.977653,0.210225,6799.67,5381,4182,2437.67,1738,743.667,0,0,6623.33,5004.92,1210.02,2957.19,1657.52,1628.88,1790.64,81.4129,35.6633,19.2667,18.9608,52.357,52.357,61.783,15.4458
165.376,19.3758,99.3726,1.40164,62.9524,0.890629,0.130526,-0.991445,0.977653,0.210225,8928,6799.67,5381,3657,2336.33,1108,0,0,4787.67,6322.67,1766.67,3608.86,2237.99,2000.88,2275.38,107.038,42.554,19.2988,18.9882,38.348,38.348,102.499,25.6247
199.318,19.5111,99.2241,1.33822,64.7734,0.904629,0.0654031,-0.997859,0.977653,0.210225,7695.33,8928,6799.67,4182,2430.67,1401.33,0,0,4569.33,7201,1294.25,4133.36,2391.45,2321.51,2501.77,141.598,50.8589,19.3758,19.0198,33.942,33.942,138.243,34.5607
192.741,19.5167,98.8495,1.43998,66.1699,0.914747,1.22465e-16,-1,0.977653,0.210225,9071,7695.33,8928,5381,2378.33,1636.33,0,0,4747.67,8123.5,932.85,4752.92,2616.73,2699.47,2790.98,171.116,58.8898,19.4392,19.0519,-6.57733,-6.57733,118.07,29.5174
205.252,19.5843,98.3451,1.6693,67.0641,0.920942,-0.0654031,-0.997859,0.977653,0.210225,11498,9071,7695.33,6799.67,2437.67,1738,0,0,6980.33,9298.08,1378.13,5566.25,3036.38,3178.56,3237.59,190.672,67.442,19.497,19.0834,12.5113,12.5113,78.224,19.556
259.017,19.8059,97.9952,1.27097,67.3963,0.923185,-0.130526,-0.991445,0.977653,0.210225,10071.3,11498,9071,8928,3657,2336.33,0,0,5936,9583.92,1390.24,6210.83,3102.59,3598.19,3444.5,214.082,78.227,19.6045,19.1237,53.7647,53.7647,93.6407,23.4102
239.646,20.1589,97.0032,1.21024,67.1417,0.921468,-0.19509,-0.980785,0.977653,0.210225,15078,10071.3,11498,7695.33,4182,2430.67,53.3333,0,7297.33,11429.6,2276.15,7264.78,3725.14,4224.22,4054.64,224.164,88.0225,19.7665,19.1784,-19.3707,-19.3707,40.328,10.082
303.942,20.1772,96.1653,1.36442,66.3194,0.915798,-0.258819,-0.965926,0.977653,0.210225,13970.7,15078,10071.3,9071,5381,2378.33,166,0,6090,12654.5,1975.85,8230.81,3834.2,4799.42,4402.4,251.964,100.351,19.9316,19.2311,64.296,64.296,111.201,27.8003
319.411,20.3455,95.2293,1.58019,64.9854,0.9062,-0.321439,-0.94693,0.977653,0.210225,12118,13970.7,15078,11498,6799.67,2437.67,320,0,5695.67,12809.5,1901.98,9037.5,3537.35,5291,4531.57,280.504,113.142,20.1219,19.2898,15.4687,15.4687,114.159,28.5397
282.963,20.3944,94.6087,1.75574,63.2164,0.892715,-0.382683,-0.92388,0.977653,0.210225,8780,12118,13970.7,10071.3,8928,3657,498.667,0,4361.33,12486.7,2387.08,9464.42,3150.18,5636.06,4468.38,286.49,124.134,20.269,19.3481,-36.4475,-36.4475,23.9465,5.98662
231.269,20.4818,94.9903,2.76602,61.0924,0.8754,-0.442289,-0.896873,0.977653,0.210225,21513.7,8780,12118,15078,7695.33,4182,664.333,0,5705,14095.6,4669.31,10908.7,4196.55,6504.78,5355.92,284.396,132.702,20.3497,19.4119,-51.6938,-51.6938,-8.37667,-2.09417
390.569,20.4845,94.8975,2.12326,58.686,0.854331,-0.5,-0.866025,0.977653,0.210225,16682.3,21513.7,8780,13970.7,9071,5381,1160.67,0,4648.67,14773.5,4797.06,11850.5,4117.72,7151.51,5603,306.053,147.938,20.4265,19.4778,159.3,159.3,86.6273,21.6568
469.907,21.0684,91.9341,2.27287,56.0575,0.829599,-0.55557,-0.83147,0.977653,0.210225,7043.33,16682.3,21513.7,12118,11498,6799.67,743.667,0,5012.33,13504.8,5880.33,11870.8,4093.29,7414,5441.9,343.677,165.887,20.6073,19.5698,79.3373,79.3373,150.496,37.624
195.221,20.7345,91.4536,1.84833,53.2552,0.801308,-0.608761,-0.793353,0.977653,0.210225,8604.67,7043.33,16682.3,8780,10071.3,8928,1108,0,4623,13461,5915.93,11843.9,4113.59,7726.36,5283.83,321.741,172.773,20.6923,19.6493,-274.686,-274.686,-87.7425,-21.9356
193.455,20.1436,93.4167,1.56145,50.3164,0.769582,-0.659346,-0.75184,0.977653,0.210225,14509.7,8604.67,7043.33,21513.7,15078,7695.33,1401.33,0,4320.67,11710,3999.47,12411.7,3969.53,8272.54,5279.29,312.288,179.239,20.6077,19.7031,-1.766,-1.766,-37.8147,-9.45367
345.427,20.2327,94.1031,1.58709,47.2698,0.734557,-0.707107,-0.707107,0.977653,0.210225,9146,14509.7,8604.67,16682.3,13970.7,9071,1636.33,0,4190.33,9825.92,2812.21,12418,3964.32,8585.44,5096.06,301.002,191.791,20.5448,19.7608,151.973,151.973,-45.142,-11.2855
229.628,20.5503,92.8723,1.39317,44.1375,0.696383,-0.75184,-0.659346,0.977653,0.210225,11506.7,9146,14509.7,7043.33,12118,11498,1738,0,3897,10941.8,2331.09,12418.7,3964.15,8992.47,4919.97,240.933,199.732,20.4153,19.8262,-115.799,-115.799,-240.279,-60.0697
230.364,20.4592,92.7289,1.28146,40.9368,0.655226,-0.793353,-0.608761,0.977653,0.210225,9259.33,11506.7,9146,8604.67,8780,10071.3,2336.33,0,3435.67,11105.4,2179.29,12351,4010.31,9280.93,4720.15,249.719,207.127,20.3465,19.8896,0.736,0.736,35.1433,8.78583
233.265,20.4293,93.7661,2.00566,37.6808,0.611262,-0.83147,-0.55557,0.977653,0.210225,5894,9259.33,11506.7,14509.7,21513.7,15078,2430.67,0,3139.67,8951.5,2000.61,11585.7,4283.87,9425.24,4558.7,259.671,214.108,20.4179,19.9466,2.90133,2.90133,39.8107,9.95267
154.521,20.4765,93.959,1.92261,34.3803,0.564683,-0.866025,-0.5,0.977653,0.210225,7336.67,5894,9259.33,9146,16682.3,13970.7,2378.33,0,2536.33,8499.17,2107.2,11032.9,4367.66,9631.83,4341.85,211.945,218.008,20.4788,20.0065,-78.7447,-78.7447,-190.907,-47.7267
155.107,20.3919,94.4824,1.84699,31.0436,0.51569,-0.896873,-0.442289,0.977653,0.210225,8595.67,7336.67,5894,11506.7,7043.33,12118,2437.67,0,1864,7771.42,1285.2,10739.3,4403.08,9888.42,4083.39,193.314,221.752,20.4392,20.0579,0.586667,0.586667,-74.5207,-18.6302
216.4,20.4039,94.6415,1.83611,27.6777,0.464497,-0.92388,-0.382683,0.977653,0.210225,4173,8595.67,7336.67,9259.33,8604.67,8780,3657,0,1557.67,6499.83,1648.79,10355.4,4744.78,9909.92,4051.76,189.823,228.149,20.4254,20.1061,61.2927,61.2927,-13.964,-3.491
113.109,20.3652,94.2574,1.32609,24.2884,0.411329,-0.94693,-0.321439,0.977653,0.210225,2416,4173,8595.67,5894,14509.7,21513.7,4182,0,1396.33,5630.33,2457.67,8763.94,3854.53,9836.33,4169.44,159.784,230.317,20.4094,20.1545,-103.291,-103.291,-120.157,-30.0392
71.117,20.1495,94.6727,1.42783,20.8807,0.356423,-0.965926,-0.258819,0.977653,0.210225,2514.67,2416,4173,7336.67,9146,16682.3,5381,0,1055.33,4424.83,2507.16,7583.31,3390.12,9716.9,4333.19,138.933,230.169,20.3276,20.1914,-41.9917,-41.9917,-83.4037,-20.8509
78.9453,19.9757,95.6118,1.48243,17.4593,0.300028,-0.980785,-0.19509,0.977653,0.210225,1922,2514.67,2416,8595.67,11506.7,7043.33,6799.67,0,471,2756.42,848.128,7156.53,3735.95,9513.67,4573,119.893,228.165,20.2236,20.2174,7.82827,7.82827,-76.1621,-19.0405
68.6106,19.9666,96.0057,1.68053,14.0292,0.242416,-0.991445,-0.130526,0.977653,0.210225,661.667,1922,2514.67,4173,9259.33,8604.67,8928,0,211.333,1878.58,737.596,6494.61,4106.06,9169.24,4903.5,82.9454,224.133,20.1143,20.242,-10.3347,-10.3347,-147.789,-36.9473
0,20.3444,99.8601,0.548125,-14.0111,-0.242111,0.991445,0.130526,0.981125,0.193376,0,0,0,0,0,0,0,661.667,0,0,0,0,0,0,0,0,0,20.3862,20.3368,0,0,0,0
0,20.3392,99.8629,0.9696,-10.5541,-0.183164,0.997859,0.0654031,0.981125,0.193376,0,0,0,0,0,0,0,388,0,0,0,0,0,0,0,0,0,20.3633,20.3464,0,0,0,0
0,20.3715,99.8574,0.983628,-7.09023,-0.123432,1,6.12323e-17,0.981125,0.193376,0,0,0,0,0,0,0,56.6667,0,0,0,0,0,0,0,0,0,20.35,20.3565,0,0,0,0
0,20.4137,99.8707,0.687468,-3.62186,-0.0631713,0.997859,-0.0654031,0.981125,0.193376,0,0,0,0,0,0,0,101.333,0,0,0,0,0,0,0,0,0,20.3672,20.3675,0,0,0,0
1.78767,20.3757,99.8441,1.00897,0.352407,0.00615063,0.991445,-0.130526,0.981125,0.193376,183.667,0,0,0,0,0,0,0,0,45.9167,79.53,15.3056,50.7628,7.65278,36.7014,0.446917,0.0744861,20.375,20.3756,1.78767,1.78767,1.78767,0.446917
19.9811,20.5053,99.8715,0.63047,3.53276,0.0616192,0.980785,-0.19509,0.981125,0.193376,500.667,183.667,0,0,0,0,0,0,53.3333,171.083,204.525,57.0278,142.996,28.5139,105.057,5.44218,0.907031,20.4165,20.3874,18.1934,18.1934,19.9811,4.99527
30.7873,20.5746,99.8595,0.623751,6.91432,0.120385,0.965926,-0.258819,0.981125,0.193376,699.333,500.667,183.667,0,0,0,0,0,166,345.917,271.493,115.306,226.186,57.6528,170.012,13.139,2.18984,20.4673,20.3979,10.8063,10.8063,30.7873,7.69683
37.3935,20.6581,99.8617,0.509923,10.3406,0.179499,0.94693,-0.321439,0.981125,0.193376,1657,699.333,500.667,0,0,0,0,0,320,760.167,549.478,253.389,478.596,126.694,361.356,22.4874,3.7479,20.5284,20.4071,6.60613,6.60613,37.3935,9.34837
55.5703,20.7641,99.8767,0.65956,13.7775,0.238152,0.92388,-0.382683,0.981125,0.193376,3077.67,1657,699.333,183.667,0,0,0,0,498.667,1483.67,1018.87,509.861,906.994,254.931,690.151,35.933,6.06333,20.6255,20.4208,18.1769,18.1769,53.7827,13.4457
95.485,20.9691,99.8534,0.788903,17.2131,0.295926,0.896873,-0.442289,0.981125,0.193376,4973.67,3077.67,1657,500.667,0,0,0,0,664.333,2601.92,1609.68,924.333,1513.16,462.167,1165.51,54.809,10.0419,20.7415,20.4474,39.9147,39.9147,75.5039,18.876
126.109,21.086,99.8751,0.607027,20.641,0.352511,0.866025,-0.5,0.981125,0.193376,5463.67,4973.67,3077.67,699.333,0,0,0,0,1160.67,3793,1521.45,1379.64,1930.87,689.819,1529.7,78.6395,15.2964,20.8693,20.4787,30.6243,30.6243,95.3219,23.8305
158.467,21.3193,99.8674,1.28497,24.0562,0.407633,0.83147,-0.55557,0.981125,0.193376,5327.67,5463.67,4973.67,1657,0,0,0,0,743.667,4710.67,959.63,1823.61,2161.36,911.806,1779.64,108.908,21.8992,21.0346,20.5173,32.3577,32.3577,121.073,30.2684
155.154,21.3699,99.8578,1.83642,27.4542,0.46104,0.793353,-0.608761,0.981125,0.193376,4901.67,5327.67,5463.67,3077.67,183.667,0,0,0,1108,5166.67,235.374,2232.08,2239.87,1116.04,1937.54,133.804,28.364,21.1861,20.5577,-3.3126,-3.3126,99.584,24.896
132.735,21.4423,99.8696,1.71097,30.8302,0.512495,0.75184,-0.659346,0.981125,0.193376,4790.67,4901.67,5327.67,4973.67,500.667,0,0,0,1401.33,5120.92,281.673,2631.31,2233.38,1315.65,2055.46,143.116,33.8946,21.3043,20.6036,-22.4197,-22.4197,37.2497,9.31242
130.885,21.4087,99.8529,1.67825,34.1784,0.561772,0.707107,-0.707107,0.981125,0.193376,7600.67,4790.67,4901.67,5463.67,699.333,0,0,0,1636.33,5655.17,1140.98,3264.69,2463.27,1632.35,2387.13,144.31,39.3481,21.385,20.65,-1.8496,-1.8496,4.7758,1.19395
209.335,21.5745,99.8759,2.2804,37.4924,0.608656,0.659346,-0.75184,0.981125,0.193376,9729.33,7600.67,4790.67,5327.67,1657,0,0,0,1738,6755.58,2052.76,4075.47,2829.27,2037.74,2855.65,157.027,48.0704,21.4489,20.7011,78.4503,78.4503,50.8684,12.7171
295.558,22.1322,99.6279,2.30247,40.7639,0.652943,0.608761,-0.793353,0.981125,0.193376,9436.67,9729.33,7600.67,4901.67,3077.67,183.667,0,0,2336.33,7889.33,1966.27,4846.56,2922.88,2430.93,3179.33,192.128,60.3854,21.6394,20.7764,86.2227,86.2227,140.404,35.1009
315.426,22.5752,97.078,1.89407,43.9829,0.694443,0.55557,-0.83147,0.981125,0.193376,7038,9436.67,9729.33,4790.67,4973.67,500.667,0,0,2430.67,8451.17,1153.83,5391.33,2659.47,2724.18,3265.01,237.801,73.5281,21.9227,20.8676,19.868,19.868,182.691,45.6728
227.054,22.7415,95.0216,2.52532,47.1365,0.732976,0.5,-0.866025,0.981125,0.193376,3312.67,7038,9436.67,7600.67,5463.67,699.333,0,0,2378.33,7379.17,2569.5,5609.11,2356.02,2862.21,3216.59,261.843,82.9887,22.2558,20.9637,-88.3717,-88.3717,96.1693,24.0423
113.198,22.4931,97.6573,2.67911,50.2084,0.768377,0.442289,-0.896873,0.981125,0.193376,3815.33,3312.67,7038,9729.33,5327.67,1657,0,0,2437.67,5900.67,2492.15,5788.97,2117.79,3021.18,3165.08,237.809,87.7053,22.4855,21.0471,-113.856,-113.856,-96.1374,-24.0343
132.442,22.088,99.8829,2.6439,53.1772,0.800493,0.382683,-0.92388,0.981125,0.193376,9504.33,3815.33,3312.67,9436.67,4901.67,3077.67,0,0,3657,5917.58,2516.21,6324.53,2176.22,3417.19,3351.4,197.03,93.2237,22.4744,21.1144,19.2441,19.2441,-163.116,-40.779
227.477,21.9982,99.8475,2.54332,56.0152,0.829185,0.321439,-0.94693,0.981125,0.193376,8138,9504.33,3815.33,7038,4790.67,4973.67,0,0,4182,6192.58,2678.51,6588.22,2188.24,3756.28,3399.84,175.043,102.702,22.3302,21.1798,95.0347,95.0347,-87.9493,-21.9873
191.695,22.2397,99.8663,2.61539,58.686,0.854332,0.258819,-0.965926,0.981125,0.193376,14023,8138,9504.33,3312.67,7600.67,5463.67,0,0,5381,8870.17,3641.47,7301.5,2963.2,4340.57,3875.76,166.203,110.689,22.2048,21.2554,-35.7821,-35.7821,-35.3597,-8.83993
409.883,22.6353,95.5977,2.51205,61.1427,0.875825,0.19509,-0.980785,0.981125,0.193376,8103.33,14023,8138,3815.33,9729.33,5327.67,0,0,6799.67,9942.17,2422.87,7532.81,2907.91,4678.21,3835.68,240.374,127.768,22.2403,21.3508,218.188,218.188,296.685,74.1712
224.031,22.7549,89.5197,2.6336,63.3255,0.893571,0.130526,-0.991445,0.981125,0.193376,9779,8103.33,14023,9504.33,9436.67,4901.67,0,0,8928,10010.8,2413.36,7939.25,2852.07,5085.67,3836.48,263.271,137.102,22.407,21.4513,-185.851,-185.851,91.5893,22.8973
216.965,22.3841,97.1876,2.85005,65.1615,0.907495,0.0654031,-0.997859,0.981125,0.193376,9098,9779,8103.33,8138,7038,4790.67,0,0,7695.33,10250.8,2257.91,8298.19,2700.23,5464.75,3764.04,260.643,146.142,22.5035,21.5365,-7.06667,-7.06667,-10.512,-2.628
241.597,22.5327,92.7731,2.43551,66.5686,0.917537,1.22465e-16,-1,0.981125,0.193376,15191.7,9098,9779,14023,3312.67,7600.67,0,0,9071,10543,2749.26,8930.78,3287.94,6097.74,4057.74,273.119,156.209,22.5767,21.6265,24.6327,24.6327,49.9027,12.4757
351.309,22.4787,90.0627,2.74846,67.4662,0.923654,-0.0654031,-0.997859,0.981125,0.193376,17110.3,15191.7,9098,8103.33,3815.33,9729.33,0,0,11498,12794.8,3432.57,9545.86,3994.31,6810.67,4411.45,258.476,170.847,22.5376,21.7125,109.712,109.712,-58.5733,-14.6433
426.024,23.1083,85.7691,2.78007,67.7922,0.925819,-0.130526,-0.991445,0.981125,0.193376,17395.3,17110.3,15191.7,9779,9504.33,9436.67,183.667,0,10071.3,14698.8,3342.85,10209.1,4544.02,7527.82,4667.43,308.974,188.523,22.626,21.8264,74.7147,74.7147,201.993,50.4982
449.241,23.418,84.1477,2.50712,67.5217,0.924024,-0.19509,-0.980785,0.981125,0.193376,15799,17395.3,17110.3,9098,8138,7038,500.667,0,15078,16374.1,910.199,10939.2,4677.72,8165.25,4708.67,367.043,206.409,22.8844,21.9478,23.2173,23.2173,232.277,58.0692
397.329,23.5225,83.4091,2.61789,66.6754,0.918276,-0.258819,-0.965926,0.981125,0.193376,26206,15799,17395.3,15191.7,14023,3312.67,699.333,0,13970.7,19127.7,4130.78,12846.9,5728.66,9228.03,5681.61,405.976,221.682,23.1319,22.0706,-51.912,-51.912,155.732,38.933
640.957,23.6492,82.7703,3.0141,65.3127,0.908601,-0.321439,-0.94693,0.981125,0.193376,20016.7,26206,15799,17110.3,8103.33,3815.33,1657,0,12118,19854.2,3964.29,14197.1,5336.75,9993.01,5844.4,478.388,246.83,23.4245,22.1952,243.628,243.628,289.648,72.412
530.308,24.0502,80.9313,2.66233,63.5135,0.89504,-0.382683,-0.92388,0.981125,0.193376,14596.3,20016.7,26206,17395.3,9779,9504.33,3077.67,0,8780,19154.5,4541.56,14621.4,5145.78,10473,5728.61,504.459,266.611,23.66,22.3322,-110.649,-110.649,104.284,26.071
384.135,23.7655,81.6031,2.93654,61.3602,0.87765,-0.442289,-0.896873,0.981125,0.193376,13351.3,14596.3,20016.7,15799,9098,8138,4973.67,0,21513.7,18542.6,5084.85,15055.8,4787.68,10822,5637.4,488.182,278.638,23.7469,22.4487,-146.173,-146.173,-65.106,-16.2765
384.495,23.469,82.5266,3.02768,58.9267,0.856508,-0.5,-0.866025,0.981125,0.193376,6473.67,13351.3,14596.3,26206,15191.7,14023,5463.67,0,16682.3,13609.5,4822.15,14426.7,5345.56,10864.1,5600.89,484.974,289.404,23.7335,22.548,0.36,0.36,-12.834,-3.2085
172.408,23.0794,84.1318,3.17907,56.2741,0.831704,-0.55557,-0.83147,0.981125,0.193376,6472.67,6473.67,13351.3,20016.7,17110.3,8103.33,5327.67,0,7043.33,10223.5,3776.08,14290.8,5522.38,10911.8,5558.24,367.837,289.985,23.591,22.6213,-212.087,-212.087,-468.549,-117.137
165.91,22.7129,85.7721,2.68115,53.4506,0.803344,-0.608761,-0.793353,0.981125,0.193376,8155.33,6472.67,6473.67,14596.3,17395.3,9779,4901.67,0,8604.67,8613.25,2820.42,14155.5,5649.69,11047.4,5448.59,276.737,290.433,23.2567,22.6773,-6.49807,-6.49807,-364.398,-91.0995
242.821,22.7662,85.2113,3.07958,50.4934,0.771551,-0.659346,-0.75184,0.981125,0.193376,7679.33,8155.33,6472.67,13351.3,15799,9098,4790.67,0,14509.7,7195.25,741.436,14037.3,5767.89,11167.8,5339.87,241.409,295.02,23.0069,22.7324,76.9114,76.9114,-141.314,-35.3285
195.551,22.8033,85.058,2.85147,47.4309,0.736462,-0.707107,-0.707107,0.981125,0.193376,7142,7679.33,8155.33,6473.67,26206,15191.7,7600.67,0,9146,7362.33,626.377,13366.5,6055.55,11148.6,5353.41,194.173,297.715,22.8404,22.7905,-47.27,-47.27,-188.944,-47.236
166.985,22.6792,85.485,2.73277,44.285,0.698227,-0.75184,-0.659346,0.981125,0.193376,8900.33,7142,7679.33,6472.67,20016.7,17110.3,9729.33,0,11506.7,7969.25,646.13,12682.3,6057.7,11114.1,5365.12,192.817,295.95,22.7404,22.8366,-28.5667,-28.5667,-5.42333,-1.35583
199.486,22.7987,85.2619,2.72474,41.0724,0.657013,-0.793353,-0.608761,0.981125,0.193376,5719.67,8900.33,7142,8155.33,14596.3,17395.3,9436.67,0,9259.33,7360.33,1141.58,11709.4,6159.38,10959.2,5464.04,201.211,291.947,22.7619,22.8643,32.5009,32.5009,33.5757,8.39392
174.621,22.8153,85.3283,2.91895,37.8064,0.612995,-0.83147,-0.55557,0.981125,0.193376,4816.67,5719.67,8900.33,7679.33,13351.3,15799,7038,0,5894,6644.67,1543.74,10794.2,6298.07,10866.7,5547.85,184.161,286.08,22.7741,22.8743,-24.8649,-24.8649,-68.2007,-17.0502
133.151,22.6175,86.6075,2.76219,34.4972,0.566366,-0.866025,-0.5,0.981125,0.193376,6802.67,4816.67,5719.67,7142,6473.67,26206,3312.67,0,7336.67,6559.83,1523.27,9177.22,4311.05,11012.1,5391.48,168.561,282.167,22.7277,22.8692,-41.4695,-41.4695,-62.4002,-15.6
193.682,22.5475,86.7283,3.07483,31.1531,0.517327,-0.896873,-0.442289,0.981125,0.193376,6463.67,6802.67,4816.67,8900.33,6472.67,20016.7,3815.33,0,8595.67,5950.67,762.953,8047.81,2851.67,11122.4,5268.76,175.235,285.521,22.6948,22.8714,60.5309,60.5309,26.6973,6.67433
154.007,22.6273,87.0326,2.3335,27.7809,0.466092,-0.92388,-0.382683,0.981125,0.193376,8205,6463.67,6802.67,5719.67,8155.33,14596.3,9504.33,0,4173,6572,1205.49,7515.19,2068.05,11068.3,5291.73,163.865,286.42,22.6519,22.8939,-39.6747,-39.6747,-45.4783,-11.3696
217.765,22.6602,86.8551,3.0283,24.3863,0.412886,-0.94693,-0.321439,0.981125,0.193376,4694.33,8205,6463.67,4816.67,7679.33,13351.3,8138,0,2416,6541.42,1250.35,6793.78,1257.42,10924.8,5414.51,174.651,286.015,22.6131,22.9215,63.758,63.758,43.1447,10.7862
139.078,22.6356,86.3457,2.58365,20.9741,0.357946,-0.965926,-0.258819,0.981125,0.193376,3232.67,4694.33,8205,6802.67,7142,6473.67,14023,0,2514.67,5648.92,1867.28,6523.69,1598.88,10475.2,5583.92,176.133,283.823,22.6177,22.938,-78.6877,-78.6877,5.92653,1.48163
100.503,22.5797,87.3055,2.70177,17.5491,0.301523,-0.980785,-0.19509,0.981125,0.193376,1865.67,3232.67,4694.33,6463.67,8900.33,6472.67,8103.33,0,1922,4499.42,2361.71,6139.78,2053.51,10215.3,5828.1,152.838,270.932,22.6257,22.9357,-38.5747,-38.5747,-93.179,-23.2948
61.1316,22.4723,88.0453,2.15644,14.116,0.243886,-0.991445,-0.130526,0.981125,0.193376,2654.33,1865.67,3232.67,8205,5719.67,8155.33,9779,0,661.667,3111.75,1034.55,5681.36,2163.47,9918.44,6021.02,129.619,264.144,22.5869,22.9239,-39.3714,-39.3714,-92.8757,-23.2189
0,22.2365,99.8687,1.95402,-13.7882,-0.238334,0.991445,0.130526,0.984306,0.176471,0,0,0,0,0,0,0,2654.33,0,0,0,0,0,0,0,0,0,22.2533,22.2147,0,0,0,0
0,22.2709,99.8441,2.64018,-10.3331,-0.17937,0.997859,0.0654031,0.984306,0.176471,0,0,0,0,0,0,0,1719.67,0,0,0,0,0,0,0,0,0,22.2244,22.2285,0,0,0,0
0,22.1883,99.853,2.46177,-6.87058,-0.119627,1,6.12323e-17,0.984306,0.176471,0,0,0,0,0,0,0,883,0,0,0,0,0,0,0,0,0,22.2169,22.2376,0,0,0,0
0,22.317,99.8531,2.97504,-3.40306,-0.0593597,0.997859,-0.0654031,0.984306,0.176471,0,0,0,0,0,0,0,250.333,0,0,0,0,0,0,0,0,0,22.2532,22.2511,0,0,0,0
3.05987,22.3439,99.8216,2.46401,0.53881,0.00940387,0.991445,-0.130526,0.984306,0.176471,0.333333,0,0,0,0,0,0,0,183.667,0.0833333,0.144429,0.0277778,0.0920834,0.0138889,0.0664801,0.764967,0.127494,22.28,22.264,3.05987,3.05987,3.05987,0.764967
18.7563,22.3425,99.451,2.37511,3.74289,0.0652792,0.980785,-0.19509,0.984306,0.176471,151,0.333333,0,0,0,0,0,0,500.667,37.8333,65.3369,12.6111,41.7259,6.30556,30.1709,5.45403,0.909006,22.2979,22.2756,15.6964,15.6964,18.7563,4.68907
26.8546,22.3037,97.4232,2.11349,7.13032,0.124127,0.965926,-0.258819,0.984306,0.176471,843,151,0.333333,0,0,0,0,0,699.333,248.583,348.667,82.8611,232.927,41.4306,169.835,12.1677,2.02795,22.3267,22.2869,8.09833,8.09833,26.8546,6.71365
38.4981,22.5013,93.9119,1.51535,10.5594,0.183255,0.94693,-0.321439,0.984306,0.176471,2098,843,151,0,0,0,0,0,1657,773.083,828.315,257.694,601.261,128.847,444.251,21.7922,3.63204,22.3728,22.304,11.6435,11.6435,38.4981,9.62453
89.4643,22.6602,91.5447,1.52818,13.9987,0.2419,0.92388,-0.382683,0.984306,0.176471,1906,2098,843,0.333333,0,0,0,0,3077.67,1249.5,794.18,416.528,746.433,208.264,567.411,43.3933,7.35972,22.4519,22.325,50.9662,50.9662,86.4045,21.6011
57.7388,22.7808,88.02,1.38139,17.4369,0.299656,0.896873,-0.442289,0.984306,0.176471,3685,1906,2098,151,0,0,0,0,4973.67,2133,1015.57,723.611,1157,361.806,894.554,53.139,9.7655,22.5615,22.3464,-31.7255,-31.7255,38.9825,9.74563
126.868,23.0599,86.6663,1.03279,20.8679,0.356215,0.866025,-0.5,0.984306,0.176471,2890.67,3685,1906,843,0,0,0,0,5463.67,2644.92,704.855,964.5,1276.06,482.25,1023.1,78.1423,15.0517,22.7505,22.3803,69.1293,69.1293,100.014,25.0034
80.6339,23.2181,86.3597,1.41854,24.2868,0.411305,0.83147,-0.55557,0.984306,0.176471,5417.33,2890.67,3685,2098,0,0,0,0,5327.67,3474.75,1286.46,1415.94,1731.85,707.972,1414.53,88.6763,18.4114,22.9297,22.4236,-46.2342,-46.2342,42.1358,10.5339
156.854,23.2522,86.0667,1.69269,27.6892,0.464675,0.793353,-0.608761,0.984306,0.176471,8957.33,5417.33,2890.67,1906,0.333333,0,0,0,4901.67,5237.58,2333.85,2162.39,2648.48,1081.19,2162.45,105.524,24.947,23.0777,22.4678,76.2197,76.2197,67.3893,16.8473
215.759,23.2845,86.4075,3.79991,31.0702,0.516089,0.75184,-0.659346,0.984306,0.176471,12304.7,8957.33,5417.33,3685,151,0,0,0,4790.67,7392.5,3561.81,3187.78,3761.05,1593.89,3100.52,145.029,33.937,23.2037,22.5117,58.9055,58.9055,158.02,39.5051
328.122,23.6379,85.5826,2.27801,34.4244,0.565319,0.707107,-0.707107,0.984306,0.176471,13481,12304.7,8957.33,2890.67,843,0,0,0,7600.67,10040.1,3142.87,4311.19,4567.91,2155.6,3883.23,195.342,47.6087,23.3482,22.5639,112.363,112.363,201.254,50.3135
373.193,24.1636,82.9157,2.11915,37.7453,0.612152,0.659346,-0.75184,0.984306,0.176471,13595.3,13481,12304.7,5417.33,2098,0,0,0,9729.33,12084.6,1874.86,5444.14,5021.59,2722.07,4474.13,268.482,63.1584,23.5846,22.636,45.0713,45.0713,292.559,73.1398
375.774,24.1534,82.4694,2.42129,41.0248,0.656385,0.608761,-0.793353,0.984306,0.176471,30577.7,13595.3,13481,8957.33,1906,0.333333,0,0,9436.67,17489.7,7573.23,7992.25,8300.3,3996.14,7100.45,323.212,78.8157,23.8099,22.7061,2.58067,2.58067,218.92,54.7301
455.941,24.5176,80.9481,2.53659,44.2529,0.697827,0.55557,-0.83147,0.984306,0.176471,9227.33,30577.7,13595.3,12304.7,3685,151,0,0,7038,16720.3,8191.91,8748.61,7957.78,4380.61,7123.44,383.258,97.8132,24.1181,22.7933,80.1667,80.1667,240.182,60.0454
271.76,24.4039,80.5189,2.41263,47.4171,0.736299,0.5,-0.866025,0.984306,0.176471,6839,9227.33,30577.7,13481,2890.67,843,0,0,3312.67,15059.8,9281,9248.28,7627.08,4665.57,7079.16,369.167,109.137,24.3096,22.8792,-184.181,-184.181,-56.362,-14.0905
183.675,24.1837,81.8347,1.47702,50.5009,0.771635,0.442289,-0.896873,0.984306,0.176471,15105,6839,9227.33,13595.3,5417.33,2098,0,0,3815.33,15437.2,9244.4,10332.2,7456.23,5294.94,7304.27,321.788,116.79,24.3147,22.9575,-88.0847,-88.0847,-189.518,-47.3795
354.933,24.2259,81.0391,1.98095,53.4832,0.803683,0.382683,-0.92388,0.984306,0.176471,7795.67,15105,6839,30577.7,8957.33,1906,0,0,9504.33,9741.75,3211.01,10823,7069.22,5619.76,7234.58,316.577,131.579,24.3328,23.0343,171.257,171.257,-20.8413,-5.21033
241.313,24.4049,79.9316,1.94916,56.3363,0.832306,0.321439,-0.94693,0.984306,0.176471,9999,7795.67,15105,9227.33,12304.7,3685,0,0,8138,9934.67,3197.46,11349.2,6745.94,6036.39,7186.71,262.92,141.633,24.3046,23.1184,-113.62,-113.62,-214.628,-53.657
281.732,24.391,80.4187,1.61187,59.0237,0.85738,0.258819,-0.965926,0.984306,0.176471,14417.7,9999,7795.67,6839,13481,2890.67,0,0,14023,11829.3,3043.44,12309.8,6277.53,6637.12,7259.24,265.413,153.372,24.3014,23.2089,40.4193,40.4193,9.972,2.493
330.311,24.6299,79.1659,1.6548,61.4978,0.878799,0.19509,-0.980785,0.984306,0.176471,13286.7,14417.7,9999,15105,13595.3,5417.33,0,0,8103.33,11374.8,2627.61,12965.5,5924.37,7190.74,7238.57,302.072,167.135,24.4129,23.3113,48.5787,48.5787,146.635,36.6588
320.209,24.8228,78.9303,1.43463,63.6978,0.896469,0.130526,-0.991445,0.984306,0.176471,21507.7,13286.7,14417.7,7795.67,30577.7,8957.33,0,0,9779,14802.8,4197.58,14011.4,6224.64,8086.89,7614.46,293.391,180.477,24.5621,23.4191,-10.1013,-10.1013,-34.7233,-8.68083
535.795,25.3128,76.2918,1.55497,65.5491,0.910317,0.0654031,-0.997859,0.984306,0.176471,21243.3,21507.7,13286.7,9999,9227.33,12304.7,0,0,9098,17613.8,3784.01,14756.3,6504.38,8972.03,7853.9,367.012,202.802,24.7891,23.5458,215.586,215.586,294.483,73.6207
551.717,25.5329,74.4371,1.96338,66.9671,0.920281,1.22465e-16,-1,0.984306,0.176471,13422.7,21243.3,21507.7,14417.7,6839,13481,0,0,15191.7,17365.1,4011.79,14751.4,6505.36,9531.31,7670.87,434.508,225.79,25.0746,23.6852,15.9213,15.9213,269.985,67.4962
381.006,25.4197,75.7355,1.446,67.8681,0.926319,-0.0654031,-0.997859,0.984306,0.176471,7002.33,13422.7,21243.3,13286.7,15105,13595.3,0,0,17110.3,15794,6026.15,14202,6849.12,9823.07,7432.25,447.182,241.665,25.2721,23.8145,-170.711,-170.711,50.6953,12.6738
249.93,25.3959,75.2657,1.56011,68.1877,0.928406,-0.130526,-0.991445,0.984306,0.176471,6975.33,7002.33,13422.7,21507.7,7795.67,30577.7,0.333333,0,17395.3,12160.9,5864.8,12235.1,5004.71,10113.7,7174.37,429.612,251.952,25.4153,23.9416,-131.076,-131.076,-70.2793,-17.5698
195.828,24.7567,77.5117,1.69374,67.9006,0.926532,-0.19509,-0.980785,0.984306,0.176471,6024.33,6975.33,7002.33,21243.3,9999,9227.33,151,0,15799,8356.17,2951.54,11968.2,5237.98,10358.4,6926.24,344.62,259.33,25.2763,24.0422,-54.102,-54.102,-339.967,-84.9918
171.419,24.4087,78.8786,1.7862,67.0296,0.920707,-0.258819,-0.965926,0.984306,0.176471,5228,6024.33,6975.33,13422.7,14417.7,6839,843,0,26206,6307.5,737.275,11834,5386.27,10541.1,6727.82,249.546,265.353,24.9952,24.1299,-24.4093,-24.4093,-380.298,-95.0745
143.495,24.2103,80.5492,1.62958,65.6376,0.910954,-0.321439,-0.94693,0.984306,0.176471,7794.67,5228,6024.33,7002.33,13286.7,15105,2098,0,20016.7,6505.58,967.758,11224.8,5395.26,10778.5,6523.13,190.168,269.728,24.6929,24.2011,-27.924,-27.924,-237.511,-59.3778
183.774,23.8492,83.7147,2.00558,63.8076,0.897317,-0.382683,-0.92388,0.984306,0.176471,13345.3,7794.67,5228,6975.33,21507.7,7795.67,1906,0,14596.3,8098.08,3168.73,11687.2,5318.81,11255.1,6270.45,173.629,273.657,24.3062,24.2507,40.2793,40.2793,-66.156,-16.539
353.092,24.1359,81.7623,1.69485,61.6246,0.879853,-0.442289,-0.896873,0.984306,0.176471,10535,13345.3,7794.67,6024.33,21243.3,9999,3685,0,13351.3,9225.75,3029.65,11731.9,5306.68,11540.5,6072.14,212.945,285.964,24.151,24.3071,169.318,169.318,157.264,39.316
275.852,24.5295,79.8257,1.62797,59.164,0.858638,-0.5,-0.866025,0.984306,0.176471,8502,10535,13345.3,5228,13422.7,14417.7,2890.67,0,6473.67,10044.2,2155.06,11238.9,5309.06,11774.3,5838.1,239.053,292.172,24.1812,24.3684,-77.24,-77.24,104.433,26.1083
246.669,24.2926,82.3315,2.63125,56.4872,0.833763,-0.55557,-0.83147,0.984306,0.176471,8014.33,8502,10535,7794.67,7002.33,13286.7,5417.33,0,6472.67,10099.2,2099.11,10799.6,5339.49,11882.6,5742.56,264.847,299.09,24.2018,24.4131,-29.1833,-29.1833,103.174,25.7935
211.239,23.8837,84.3753,2.59224,53.6426,0.805335,-0.608761,-0.793353,0.984306,0.176471,6700.33,8014.33,8502,13345.3,6975.33,21507.7,8957.33,0,8155.33,8437.92,1378.45,9565.64,4339.66,11788.5,5807.8,271.713,301.356,24.2104,24.4395,-35.43,-35.43,27.4647,6.86617
199.433,23.4895,87.0612,2.71488,50.6671,0.773476,-0.659346,-0.75184,0.984306,0.176471,6606.33,6700.33,8014.33,10535,6024.33,21243.3,12304.7,0,7679.33,7455.75,821.404,8345.89,2590.48,11551.1,5897.63,233.298,300.675,24.0488,24.448,-11.806,-11.806,-153.659,-38.4148
183.881,23.2389,90.2267,1.78334,47.5889,0.738325,-0.707107,-0.707107,0.984306,0.176471,7406,6606.33,6700.33,8502,5228,13422.7,13481,0,7142,7181.75,571.478,7844.5,2094.04,11298,5939.59,210.305,294.665,23.7262,24.4314,-15.552,-15.552,-91.9713,-22.9928
195.23,23.2829,94.707,1.0556,44.4295,0.700031,-0.75184,-0.659346,0.984306,0.176471,7352.33,7406,6606.33,8014.33,7794.67,7002.33,13595.3,0,8900.33,7016.25,364.929,7873.67,2084.52,11037.8,5969.91,197.445,287.25,23.4737,24.3947,11.3493,11.3493,-51.4387,-12.8597
183.918,23.4298,90.5757,1.59811,41.2054,0.65876,-0.793353,-0.608761,0.984306,0.176471,5884,7352.33,7406,6700.33,13345.3,6975.33,30577.7,0,5719.67,6812.17,622.149,7782.72,2144.67,10008.9,4447.4,190.615,279.256,23.3603,24.3645,-11.312,-11.312,-27.3207,-6.83017
155.521,23.3383,89.4319,1.75752,37.9294,0.614691,-0.83147,-0.55557,0.984306,0.176471,4385.67,5884,7352.33,6606.33,10535,6024.33,9227.33,0,4816.67,6257,1241.07,7646.17,2298.9,9807.19,4585.93,179.637,266.739,23.3225,24.3154,-28.3967,-28.3967,-43.9113,-10.9778
145.627,23.3912,89.3366,1.50845,34.6118,0.568013,-0.866025,-0.5,0.984306,0.176471,2837.67,4385.67,5884,7406,8502,5228,6839,0,6802.67,5114.92,1681.9,7446.97,2585.49,9640.47,4760.23,170.074,261.483,23.3606,24.2732,-9.894,-9.894,-38.2533,-9.56333
105.585,23.2689,88.7865,1.78544,31.2605,0.51893,-0.896873,-0.442289,0.984306,0.176471,2519,2837.67,4385.67,7352.33,8014.33,7794.67,15105,0,6463.67,3906.58,1342.35,7007.33,2916.36,9116.06,4822.21,147.663,258.229,23.3571,24.2351,-40.0426,-40.0426,-89.6453,-22.4113
82.5419,23.2607,89.8472,1.53231,27.8822,0.467655,-0.92388,-0.382683,0.984306,0.176471,2019.67,2519,2837.67,5884,6700.33,13345.3,7795.67,0,8205,2940.5,883.838,6063.53,2517.93,8875.39,5022.09,122.319,246.88,23.3148,24.1949,-23.0429,-23.0429,-101.376,-25.344
86.642,23.211,89.2915,1.50279,24.4824,0.414414,-0.94693,-0.321439,0.984306,0.176471,1518.67,2019.67,2519,4385.67,6606.33,10535,9999,0,4694.33,2223.75,500.714,5312.17,2414.65,8522.04,5224.85,105.099,240.435,23.283,24.1451,4.10013,4.10013,-68.8793,-17.2198
67.0807,23.1483,89.3396,1.70819,21.066,0.359444,-0.965926,-0.258819,0.984306,0.176471,1344,1518.67,2019.67,2837.67,7406,8502,14417.7,0,3232.67,1850.33,458.848,4715.67,2437.01,7977.31,5263.16,85.4623,231.491,23.2222,24.0933,-19.5613,-19.5613,-78.5466,-19.6367
66.6344,23.1367,90.1678,1.42255,17.6375,0.302994,-0.980785,-0.19509,0.984306,0.176471,1122,1344,1518.67,2519,7352.33,8014.33,13286.7,0,1865.67,1501.08,330.763,4141.31,2403.86,7470.44,5312.96,75.7247,220.505,23.1892,24.0311,-0.446333,-0.446333,-38.9503,-9.73758
57.4101,22.9085,91.1115,2.11409,14.2016,0.245334,-0.991445,-0.130526,0.984306,0.176471,927.333,1122,1344,2019.67,5884,6700.33,21507.7,0,2654.33,1228,223.372,3660.22,2421.2,6612.93,4589.76,69.4418,209.555,23.1011,23.9514,-9.22427,-9.22427,-25.1317,-6.28293
0,22.4929,99.8723,0.967309,-13.5645,-0.234541,0.991445,0.130526,0.987196,0.159513,0,0,0,0,0,0,0,927.333,0,0,0,0,0,0,0,0,0,22.5567,22.7246,0,0,0,0
0,22.3749,99.8842,1.44715,-10.1114,-0.175563,0.997859,0.0654031,0.987196,0.159513,0,0,0,0,0,0,0,250,0,0,0,0,0,0,0,0,0,22.491,22.6935,0,0,0,0
0,22.3729,99.8869,1.80469,-6.65043,-0.115811,1,6.12323e-17,0.987196,0.159513,0,0,0,0,0,0,0,133.667,0,0,0,0,0,0,0,0,0,22.4459,22.663,0,0,0,0
0,22.4257,99.8891,1.32828,-3.18388,-0.0555406,0.997859,-0.0654031,0.987196,0.159513,21.6667,0,0,0,0,0,0,0,0,5.41667,9.38194,1.80556,5.98835,0.902778,4.32957,0,0,22.4166,22.6382,0,0,0,0
6.50913,22.4065,99.8693,1.4424,0.727841,0.0127029,0.991445,-0.130526,0.987196,0.159513,652.333,21.6667,0,0,0,0,0,0,0.333333,168.5,279.481,56.1667,179.85,28.0833,130.237,1.62728,0.271214,22.395,22.6185,6.50913,6.50913,6.50913,1.62728
40.4071,22.3969,99.8701,1.38841,3.95374,0.068951,0.980785,-0.19509,0.987196,0.159513,1723.67,652.333,21.6667,0,0,0,0,0,151,599.417,699.97,199.806,493.117,99.9028,362.716,11.729,1.95484,22.4005,22.5985,33.8979,33.8979,40.4071,10.1018
61.7656,22.4438,99.8573,1.31756,7.3465,0.12787,0.965926,-0.258819,0.987196,0.159513,2479,1723.67,652.333,0,0,0,0,0,843,1219.17,948.289,406.389,793.76,203.194,596.921,27.1705,4.52841,22.4182,22.5821,21.3585,21.3585,61.7656,15.4414
78.1321,22.4028,99.8247,1.50951,10.7782,0.187007,0.94693,-0.321439,0.987196,0.159513,3420,2479,1723.67,21.6667,0,0,0,0,2098,2068.75,1014.83,691.389,1136.61,345.694,874.899,46.7035,7.78391,22.4125,22.5658,16.3665,16.3665,78.1321,19.533
108.787,22.6906,95.713,1.03235,14.2197,0.245641,0.92388,-0.382683,0.987196,0.159513,4629.67,3420,2479,652.333,0,0,0,0,1906,3063.08,1085.91,1077.19,1547.81,538.597,1219.81,72.2729,12.3167,22.4835,22.5611,30.6549,30.6549,102.278,25.5695
133.61,22.8249,91.2799,1.99744,17.6605,0.303375,0.896873,-0.442289,0.987196,0.159513,5278,4629.67,3420,1723.67,0,0,0,0,3685,3951.67,1080.54,1517.03,1891.06,758.514,1537.34,95.5737,17.8838,22.5905,22.5606,24.823,24.823,93.2029,23.3007
157.921,23.0263,89.6519,2.23685,21.0944,0.359905,0.866025,-0.5,0.987196,0.159513,8347.33,5278,4629.67,2479,0,0,0,0,2890.67,5418.75,1817.56,2212.64,2605.42,1106.32,2148.97,119.613,24.4638,22.7362,22.5711,24.3113,24.3113,96.1557,24.0389
181.585,23.0785,89.5355,2.11243,24.5169,0.414961,0.83147,-0.55557,0.987196,0.159513,10270.7,8347.33,5278,3420,21.6667,0,0,0,5417.33,7131.42,2292.77,3068.53,3325.46,1534.26,2807.72,145.476,32.0299,22.9051,22.5849,23.664,23.664,103.453,25.8633
269.33,23.3983,88.1416,2.13692,27.9234,0.468291,0.793353,-0.608761,0.987196,0.159513,11403.7,10270.7,8347.33,4629.67,652.333,0,0,0,8957.33,8824.92,2321.04,4018.83,3893.65,2009.42,3408.52,185.612,43.252,23.082,22.6174,87.7447,87.7447,160.543,40.1357
318.752,23.5141,87.1116,2.80113,31.3095,0.51966,0.75184,-0.659346,0.987196,0.159513,14106,11403.7,10270.7,5278,1723.67,0,0,0,12304.7,11031.9,2084.15,5194.33,4572.97,2597.17,4147.44,231.897,56.5333,23.2543,22.6627,49.422,49.422,185.142,46.2855
321.765,23.5201,86.5968,2.78144,34.6695,0.568842,0.707107,-0.707107,0.987196,0.159513,18167.7,14106,11403.7,8347.33,2479,0,0,0,13481,13487,3040.43,6708.31,5513.36,3354.15,5142.85,272.858,69.9402,23.3778,22.7073,3.01267,3.01267,163.843,40.9608
388.611,23.8358,85.3002,3.32261,37.9971,0.615622,0.659346,-0.75184,0.987196,0.159513,15937.7,18167.7,14106,10270.7,3420,21.6667,0,0,13595.3,14903.8,2480.38,8034.64,5657.78,4018.22,5668.94,324.614,86.1323,23.5671,22.7561,66.846,66.846,207.025,51.7563
401.355,24.0183,83.7351,3.03327,41.2844,0.659798,0.608761,-0.793353,0.987196,0.159513,25609.3,15937.7,18167.7,11403.7,4629.67,652.333,0,0,30577.7,18455.2,4373.72,10114.4,6991.62,5085.28,7053.33,357.621,102.855,23.7221,22.8112,12.744,12.744,132.025,33.0062
689.949,24.4221,81.8359,2.4836,44.5217,0.701179,0.55557,-0.83147,0.987196,0.159513,18996.3,25609.3,15937.7,14106,5278,1723.67,0,0,9227.33,19677.8,3602.66,11553.8,6893.32,5876.79,7490.57,450.42,131.603,23.9491,22.884,288.595,288.595,371.197,92.7993
543.16,25.2941,78.0218,2.70524,47.6962,0.739587,0.5,-0.866025,0.987196,0.159513,24726.7,18996.3,25609.3,18167.7,8347.33,2479,0,0,6839,21317.5,4011.63,13407.8,7188.77,6907.07,8271.22,505.769,154.235,24.3926,22.9981,-146.789,-146.789,221.395,55.3488
463.551,24.92,79.4235,3.06151,50.792,0.774856,0.442289,-0.896873,0.987196,0.159513,12680.3,24726.7,18996.3,15937.7,10270.7,3420,0,0,15105,20503.2,5181.17,14179.4,6543.25,7435.42,8217.96,524.504,173.55,24.6636,23.0931,-79.6093,-79.6093,74.94,18.735
440.967,24.7455,79.5025,3.56169,53.7878,0.806835,0.382683,-0.92388,0.987196,0.159513,13936,12680.3,24726.7,25609.3,11403.7,4629.67,0,0,7795.67,17584.8,4753.06,14955,5883.69,8016.08,8164.25,534.407,191.923,24.8454,23.1808,-22.584,-22.584,39.612,9.903
407.501,24.468,80.8941,3.26345,56.656,0.835386,0.321439,-0.94693,0.987196,0.159513,24070.7,13936,12680.3,18996.3,14106,5278,0,0,9999,18853.4,5567.82,16521,5593.41,9019.03,8585.52,463.795,208.902,24.8569,23.2571,-33.4653,-33.4653,-282.448,-70.612
637.447,24.7644,79.1753,3.41595,59.36,0.860386,0.258819,-0.965926,0.987196,0.159513,32933.3,24070.7,13936,24726.7,18167.7,8347.33,0,0,14417.7,20905.1,8229.74,18569.9,6630.84,10391.2,9605.61,487.366,235.463,24.7245,23.3492,229.946,229.946,94.2873,23.5718
628.915,25.3014,77.3936,4.00253,61.8517,0.881729,0.19509,-0.980785,0.987196,0.159513,17512.3,32933.3,24070.7,12680.3,15937.7,10270.7,0,0,13286.7,22113.1,7227.4,19173.3,6160.96,11120.9,9452.47,528.708,261.667,24.8198,23.4641,-8.53267,-8.53267,165.364,41.341
435.77,24.8291,79.5453,3.90572,64.0692,0.899323,0.130526,-0.991445,0.987196,0.159513,20627.3,17512.3,32933.3,13936,25609.3,11403.7,0,0,21507.7,23785.9,5768.25,19942,5701.94,11980.4,9339.32,527.408,279.825,24.8407,23.5615,-193.145,-193.145,-5.19667,-1.29917
529.078,24.7977,79.4888,3.98865,65.9362,0.913092,0.0654031,-0.997859,0.987196,0.159513,47971.7,20627.3,17512.3,24070.7,18996.3,14106,0,0,21243.3,29761.2,11991.1,22764.1,9337.1,13979.2,11455.2,557.802,301.869,24.9231,23.6624,93.308,93.308,121.577,30.3942
619.774,25.2643,77.8652,3.35203,67.3653,0.922978,1.22465e-16,-1,0.987196,0.159513,30895.3,47971.7,20627.3,32933.3,24726.7,18167.7,0,0,13422.7,29251.7,11888.3,23824.8,9476.58,15266.5,11547.5,553.384,327.693,25.0481,23.7829,90.696,90.696,-17.6733,-4.41833
726.135,25.4922,77.2713,4.19847,68.2697,0.928937,-0.0654031,-0.997859,0.987196,0.159513,21049.3,30895.3,47971.7,17512.3,12680.3,15937.7,21.6667,0,7002.33,30135.9,11086.8,24250.7,9224,16142.7,11148.4,577.689,357.949,25.0958,23.9107,106.361,106.361,97.22,24.305
614.703,25.3147,77.4357,3.66315,68.5826,0.930945,-0.130526,-0.991445,0.987196,0.159513,26497,21049.3,30895.3,20627.3,13936,25609.3,652.333,0,6975.33,31603.3,10073.3,24324.7,9238.15,17219.5,10844.2,622.422,383.29,25.2172,24.0318,-111.432,-111.432,178.933,44.7332
661.24,25.5055,76.3799,3.42967,68.2783,0.928992,-0.19509,-0.980785,0.987196,0.159513,27643.3,26497,21049.3,47971.7,24070.7,18996.3,1723.67,0,6024.33,26521.2,3547.33,25045.3,9131.04,18299.5,10533.4,655.463,409.158,25.3942,24.1614,46.5373,46.5373,132.162,33.0405
583.356,25.6713,75.8561,4.2748,67.3819,0.923089,-0.258819,-0.965926,0.987196,0.159513,28419.7,27643.3,26497,30895.3,32933.3,24726.7,2479,0,5228,25902.3,2884.15,25353,9177.24,19380.4,10179.5,646.358,430.891,25.4959,24.2958,-77.884,-77.884,-36.418,-9.1045
604.349,25.1939,77.425,4.19128,65.9597,0.913259,-0.321439,-0.94693,0.987196,0.159513,36331.7,28419.7,27643.3,21049.3,17512.3,12680.3,3420,0,7794.67,29722.9,3876.38,27324,8774.86,20751.7,10153.9,615.912,452.817,25.4214,24.4121,20.9927,20.9927,-121.786,-30.4465
634.837,25.2175,77.2649,3.97547,64.0984,0.899546,-0.382683,-0.92388,0.987196,0.159513,29160,36331.7,28419.7,26497,20627.3,13936,4629.67,0,13345.3,30388.7,3472.85,28592.6,7793.14,21773.8,9704.22,620.945,474.736,25.397,24.5174,30.4887,30.4887,20.1347,5.03367
743.176,25.7503,74.899,3.59058,61.8855,0.882008,-0.442289,-0.896873,0.987196,0.159513,43870.3,29160,36331.7,27643.3,47971.7,24070.7,5278,0,10535,34445.4,6257.64,30242.6,8703.87,23381.8,10029.6,641.43,500.134,25.4582,24.6393,108.339,108.339,81.936,20.484
724.874,25.7685,74.5162,3.01455,59.3976,0.860721,-0.5,-0.866025,0.987196,0.159513,30475,43870.3,29160,28419.7,30895.3,32933.3,8347.33,0,8502,34959.2,5810.14,30037.8,8666.98,24303.8,9613.55,676.809,523.757,25.4825,24.7536,-18.302,-18.302,141.518,35.3795
651.751,25.9265,72.4149,2.64121,56.6967,0.835776,-0.55557,-0.83147,0.987196,0.159513,20650.7,30475,43870.3,36331.7,21049.3,17512.3,10270.7,0,8014.33,31039,8312.78,30299.3,8325.71,24736.3,9196.96,688.66,543.348,25.6657,24.8722,-73.1227,-73.1227,47.4027,11.8507
683.641,25.9941,71.5935,2.17789,53.8311,0.807281,-0.608761,-0.793353,0.987196,0.159513,21368.7,20650.7,30475,29160,26497,20627.3,11403.7,0,6700.33,29091.2,9370.4,30361.1,8256.17,25151.5,8802.13,700.86,560.611,25.8599,24.9804,31.8893,31.8893,48.8033,12.2008
683.267,26.0347,71.4037,2.5303,50.8375,0.775358,-0.659346,-0.75184,0.987196,0.159513,21089,21368.7,20650.7,43870.3,27643.3,47971.7,14106,0,6606.33,23395.8,4095.16,28120.8,6668.25,25442.5,8543.83,685.883,575.799,25.931,25.0854,-0.373333,-0.373333,-59.9087,-14.9772
599.545,25.7652,72.0357,2.46407,47.7437,0.740145,-0.707107,-0.707107,0.987196,0.159513,13798,21089,21368.7,30475,28419.7,30895.3,18167.7,0,7406,19226.6,3144.62,26696.1,7673.94,25260.4,8741.2,654.551,587.373,25.9301,25.179,-83.722,-83.722,-125.329,-31.3322
333.309,25.7165,71.8967,2.04847,44.571,0.701793,-0.75184,-0.659346,0.987196,0.159513,15413.7,13798,21089,20650.7,36331.7,21049.3,15937.7,0,7352.33,17917.3,3361.86,26226.4,8162.07,25238.6,8765.08,574.941,585.069,25.8776,25.2573,-266.236,-266.236,-318.442,-79.6105
447.731,25.6008,72.2031,2.37731,41.3356,0.660468,-0.793353,-0.608761,0.987196,0.159513,21657.7,15413.7,13798,21368.7,29160,26497,25609.3,0,5884,17989.6,3437.51,25823.1,8257.73,25073.9,8793.64,515.963,587.001,25.7793,25.3233,114.421,114.421,-235.91,-58.9775
476.597,25.5287,71.9626,1.8797,38.05,0.616349,-0.83147,-0.55557,0.987196,0.159513,15496.3,21657.7,15413.7,21089,43870.3,27643.3,18996.3,0,4385.67,16591.4,3002.35,24810.9,8704.96,24928.1,8921.31,464.296,578.111,25.6528,25.3694,28.8667,28.8667,-206.67,-51.6675
466.669,25.5408,71.6601,1.95396,34.7241,0.569625,-0.866025,-0.5,0.987196,0.159513,11230.3,15496.3,21657.7,13798,30475,28419.7,24726.7,0,2837.67,15949.5,3719.75,23378.4,9381.28,24365.7,9332.19,431.077,574.924,25.5967,25.3797,-9.92867,-9.92867,-132.877,-33.2192
342.533,25.3812,72.5965,1.93278,31.3658,0.5205,-0.896873,-0.442289,0.987196,0.159513,8840,11230.3,15496.3,15413.7,20650.7,36331.7,12680.3,0,2519,14306.1,4868.28,21087.5,9294.7,24205.7,9561.29,433.382,569.882,25.5129,25.3989,-124.136,-124.136,9.22333,2.30583
237.533,25.1761,73.2385,1.62159,27.9816,0.469188,-0.92388,-0.382683,0.987196,0.159513,12817,8840,11230.3,21657.7,21368.7,29160,13936,0,2019.67,12095.9,2420.38,19725.6,9209.03,24159.1,9613.84,380.833,561.405,25.4067,25.4168,-105,-105,-210.198,-52.5494
287.333,24.9727,73.7805,1.96739,24.5769,0.415914,-0.94693,-0.321439,0.987196,0.159513,9400.67,12817,8840,15496.3,21089,43870.3,24070.7,0,1518.67,10572,1568.86,16853.1,6071.07,23547.8,10056.2,333.517,556.398,25.2677,25.4378,49.8005,49.8005,-189.264,-47.316
234.169,24.9047,73.8062,1.89094,21.1564,0.360915,-0.965926,-0.258819,0.987196,0.159513,7073.33,9400.67,12817,11230.3,13798,30475,32933.3,0,1344,9532.75,2081.61,14902.9,5055.9,22470.3,10373.3,275.392,539.595,25.1087,25.4437,-53.164,-53.164,-232.499,-58.1248
258.437,24.7119,74.4515,1.93187,17.7246,0.304441,-0.980785,-0.19509,0.987196,0.159513,5364.67,7073.33,9400.67,8840,15413.7,20650.7,17512.3,0,1122,8663.92,2793.11,13629.1,5363.58,21964.2,10886.5,254.368,524.159,24.9413,25.4191,24.2673,24.2673,-84.096,-21.024
151.847,24.5505,76.4043,1.81316,14.286,0.246762,-0.991445,-0.130526,0.987196,0.159513,3266.33,5364.67,7073.33,12817,21657.7,21368.7,20627.3,0,927.333,6276.25,2252.1,12120.6,5518.11,21240.8,11510.2,232.947,512.328,24.7849,25.4075,-106.59,-106.59,-85.6862,-21.4216
0,21.8587,99.8741,2.92229,-13.3402,-0.230733,0.991445,0.130526,0.989794,0.142508,0,0,0,0,0,0,0,3266.33,0,0,0,0,0,0,0,0,0,21.7381,22.0531,0,0,0,0
0,21.7755,99.8683,3.28489,-9.88929,-0.171745,0.997859,0.0654031,0.989794,0.142508,0,0,0,0,0,0,0,1864.67,0,0,0,0,0,0,0,0,0,21.7929,22.0278,0,0,0,0
0,21.8,99.8571,3.45869,-6.42989,-0.111987,1,6.12323e-17,0.989794,0.142508,0,0,0,0,0,0,0,682.333,0,0,0,0,0,0,0,0,0,21.8169,22.0052,0,0,0,0
0,21.8109,99.8581,3.68165,-2.96443,-0.0517159,0.997859,-0.0654031,0.989794,0.142508,6.33333,0,0,0,0,0,0,97.6667,21.6667,1.58333,2.74242,0.527778,1.75044,0.263889,1.26556,0,0,21.8113,21.9838,0,0,0,0
7.69413,21.7667,99.8569,3.84183,0.919397,0.0160458,0.991445,-0.130526,0.989794,0.142508,458,6.33333,0,0,0,0,0,0,652.333,116.083,197.423,38.6944,126.437,19.3472,91.4742,1.92353,0.320589,21.7883,21.9581,7.69413,7.69413,7.69413,1.92353
36.4849,21.8748,99.8634,3.57259,4.16515,0.0726315,0.980785,-0.19509,0.989794,0.142508,1626.67,458,6.33333,0,0,0,0,0,1723.67,522.75,663.848,174.25,455.658,87.125,333.771,11.0448,1.84079,21.8131,21.9367,28.7908,28.7908,36.4849,9.12123
68.0409,21.9896,99.8517,3.56547,7.56273,0.131612,0.965926,-0.258819,0.989794,0.142508,2486.67,1626.67,458,0,0,0,0,0,2479,1144.42,974.757,381.472,779.589,190.736,583.318,28.055,4.67583,21.8605,21.9202,31.556,31.556,68.0409,17.0102
91.2245,22.1957,99.8493,2.67631,10.9968,0.190753,0.94693,-0.321439,0.989794,0.142508,3600.33,2486.67,1626.67,6.33333,0,0,0,0,3420,2042.92,1151.92,681.5,1170.06,340.75,894.779,50.8611,8.47685,21.9567,21.9106,23.1835,23.1835,91.2245,22.8061
120.171,22.3921,99.8498,3.50323,14.4404,0.249373,0.92388,-0.382683,0.989794,0.142508,6065.33,3600.33,2486.67,458,0,0,0,0,4629.67,3444.75,1666.96,1186.94,1868.24,593.472,1448.23,78.9804,13.484,22.1131,21.9127,28.9468,28.9468,112.477,28.1193
154.532,22.3656,99.8533,4.05952,17.8835,0.307083,0.896873,-0.442289,0.989794,0.142508,5692.67,6065.33,3600.33,1626.67,0,0,0,0,5278,4461.25,1477.3,1661.33,2199.93,830.667,1763.48,108.492,19.9228,22.2358,21.9165,34.3607,34.3607,118.047,29.5118
134.648,22.4247,99.8702,3.30974,21.3203,0.363581,0.866025,-0.5,0.989794,0.142508,8169.33,5692.67,6065.33,2486.67,0,0,0,0,8347.33,5881.92,1620.75,2342.11,2770.51,1171.06,2282.37,125.144,25.5332,22.3445,21.9245,-19.884,-19.884,66.6071,16.6518
184.415,22.3685,99.8781,2.08031,24.7462,0.418599,0.83147,-0.55557,0.989794,0.142508,8260.33,8169.33,5692.67,3600.33,6.33333,0,0,0,10270.7,7046.92,1175.77,3030.47,3108.62,1515.24,2669.78,148.441,33.2171,22.3877,21.9344,49.7667,49.7667,93.1902,23.2976
160.417,22.4129,99.8991,1.58675,28.1568,0.471887,0.793353,-0.608761,0.989794,0.142508,16762.3,8260.33,8169.33,6065.33,458,0,0,0,11403.7,9721.17,4193.72,4427.33,4760.32,2213.67,4028.73,158.503,39.9011,22.3929,21.9488,-23.998,-23.998,40.2454,10.0613
324.543,22.7214,99.4231,2.03079,31.5477,0.523208,0.75184,-0.659346,0.989794,0.142508,7328.67,16762.3,8260.33,5692.67,1626.67,0,0,0,14106,10130.2,3846.27,5038.06,4621.23,2519.03,4125.94,201.005,53.4237,22.4819,21.9778,164.126,164.126,170.011,42.5027
269.699,23.4151,94.1706,1.91145,34.9134,0.572338,0.707107,-0.707107,0.989794,0.142508,10120.7,7328.67,16762.3,8169.33,2486.67,0,0,0,18167.7,10618,3687.09,5881.44,4547.75,2940.72,4357.62,234.768,64.6612,22.7295,22.0402,-54.844,-54.844,135.051,33.7627
218.84,23.2465,93.0675,2.00095,38.2477,0.619062,0.659346,-0.75184,0.989794,0.142508,16517,10120.7,7328.67,8260.33,3600.33,6.33333,0,0,15937.7,12682.2,4079.67,7257.33,5033.76,3628.93,5082.78,243.374,73.7795,22.9489,22.0974,-50.8587,-50.8587,34.4253,8.60633
279.581,23.2626,95.2723,2.03426,41.5427,0.663179,0.608761,-0.793353,0.989794,0.142508,8447.33,16517,10120.7,16762.3,6065.33,458,0,0,25609.3,10603.4,3555.85,7923.11,4600.1,3980.9,5111.7,273.166,85.4287,23.1614,22.1573,60.7413,60.7413,119.165,29.7912
267.651,23.7011,91.2706,2.09615,44.7889,0.704497,0.55557,-0.83147,0.989794,0.142508,20644.3,8447.33,16517,7328.67,5692.67,1626.67,0,0,18996.3,13932.3,4907.79,9507.92,5369.48,4841.08,6024.85,258.943,96.5809,23.4063,22.2341,-11.93,-11.93,-56.8913,-14.2228
369.666,23.552,91.7979,2.73943,47.9738,0.742839,0.5,-0.866025,0.989794,0.142508,28897,20644.3,8447.33,10120.7,8169.33,2486.67,0,0,24726.7,18626.4,7375.98,11708.8,7155.94,6045.12,7614.76,283.935,111.984,23.4405,22.305,102.015,102.015,99.9675,24.9919
504.566,24.0681,89.5359,3.42161,51.0814,0.778039,0.442289,-0.896873,0.989794,0.142508,28143.7,28897,20644.3,16517,8260.33,3600.33,0,0,12680.3,21533.1,8215.14,13754.1,8003.39,7217.78,8685.31,355.366,133.007,23.6459,22.4037,134.9,134.9,285.726,71.4315
606.658,24.7269,86.1223,3.62778,54.0907,0.809947,0.382683,-0.92388,0.989794,0.142508,26067.7,28143.7,28897,8447.33,16762.3,6065.33,0,0,13936,25938.2,3227.24,15420.9,8305.71,8303.93,9321.43,437.135,158.285,24.012,22.5343,102.092,102.092,327.077,81.7692
722.39,25.3915,82.8239,3.52793,56.9741,0.838424,0.321439,-0.94693,0.989794,0.142508,26698.3,26067.7,28143.7,20644.3,7328.67,5692.67,0,0,24070.7,27451.7,1123.7,17171.4,8284.47,9416.36,9842.59,550.82,188.384,24.4346,22.6941,115.732,115.732,454.739,113.685
662.106,25.4232,82.6123,3.18189,59.6948,0.86335,0.258819,-0.965926,0.989794,0.142508,34795.3,26698.3,26067.7,28897,10120.7,8169.33,0,0,32933.3,28926.2,3471.08,19390.2,9101.63,10866.2,10859,623.93,215.972,24.9024,22.8491,-60.284,-60.284,292.44,73.11
831.613,26.0537,80.3821,3.71033,62.2043,0.884616,0.19509,-0.980785,0.989794,0.142508,15969.3,34795.3,26698.3,28143.7,16517,8260.33,0,0,17512.3,25882.7,6678.5,20032.6,8548.65,11531.6,10660.2,705.692,250.623,25.3988,23.0249,169.507,169.507,327.047,81.7618
797.799,26.401,78.8969,3.42287,64.4396,0.902131,0.130526,-0.991445,0.989794,0.142508,22448,15969.3,34795.3,26067.7,8447.33,16762.3,0,0,20627.3,24977.8,6835.51,20506.4,8511.75,12466.9,10592,753.477,283.864,25.8174,23.2142,-33.814,-33.814,191.141,47.7853
685.371,26.1582,79.5614,3.55613,66.3226,0.915821,0.0654031,-0.997859,0.989794,0.142508,31748.3,22448,15969.3,26698.3,20644.3,7328.67,0,0,47971.7,26240.2,7473.31,22541.4,8023.04,13789.7,10929.5,744.222,312.421,26.009,23.3968,-112.428,-112.428,-37.0187,-9.25467
482.963,25.836,80.5317,4.07617,67.7631,0.925627,1.22465e-16,-1,0.989794,0.142508,23750.3,31748.3,22448,34795.3,28897,10120.7,0,0,30895.3,23479,5610.56,23677.2,7095.4,14779.3,10709.1,699.437,332.545,26.1122,23.5649,-202.408,-202.408,-179.143,-44.7857
583.712,25.4755,82.1357,4.19291,68.6709,0.931507,-0.0654031,-0.997859,0.989794,0.142508,17158,23750.3,31748.3,15969.3,28143.7,16517,6.33333,0,21049.3,23776.2,5223.03,23730.6,7043.52,15494,10262.4,637.461,356.866,25.9677,23.7176,100.749,100.749,-247.901,-61.9753
519.117,25.5282,81.8871,4.28936,68.9767,0.933435,-0.130526,-0.991445,0.989794,0.142508,23918.3,17158,23750.3,22448,26067.7,8447.33,458,0,26497,24143.8,5168.07,25019.9,5337.32,16471.5,9894.39,567.791,378.175,25.7495,23.8744,-64.5953,-64.5953,-278.683,-69.6707
683.32,25.6147,81.5665,3.96668,68.6547,0.931404,-0.19509,-0.980785,0.989794,0.142508,19708.7,23918.3,17158,31748.3,26698.3,20644.3,1626.67,0,27643.3,21133.8,2847.71,24941.9,5407.05,17224.9,9412.01,567.278,405.127,25.6136,24.0302,164.203,164.203,-2.05133,-0.512833
541.954,25.7884,79.7001,4.22106,67.732,0.925422,-0.258819,-0.965926,0.989794,0.142508,14229.7,19708.7,23918.3,23750.3,34795.3,28897,2486.67,0,28419.7,18753.7,3556.63,23719.6,6000.11,17714.2,8925.78,582.026,424.873,25.6017,24.1885,-141.366,-141.366,58.9907,14.7477
353.969,25.2718,81.6261,3.85021,66.279,0.915515,-0.321439,-0.94693,0.989794,0.142508,13158.3,14229.7,19708.7,17158,15969.3,28143.7,3600.33,0,36331.7,17753.8,4340.53,22470.9,6488.91,18112.5,8489.74,524.59,435.821,25.5508,24.3167,-187.985,-187.985,-229.743,-57.4357
364.958,25.0175,83.06,4.00469,64.3859,0.901726,-0.382683,-0.92388,0.989794,0.142508,16193.3,13158.3,14229.7,23918.3,22448,26067.7,6065.33,0,29160,15822.5,2493.73,21648,6605.66,18534.5,8124.28,486.05,446.02,25.4231,24.426,10.9887,10.9887,-154.159,-38.5397
411.637,25.0226,83.1787,4.1054,62.1428,0.884115,-0.442289,-0.896873,0.989794,0.142508,15877,16193.3,13158.3,19708.7,31748.3,26698.3,5692.67,0,43870.3,14864.6,1235.41,20746.2,6593.29,18958.8,7697.19,418.129,456.733,25.2751,24.5367,46.6787,46.6787,-271.683,-67.9208
437.056,25.0438,83.7084,4.50267,59.6275,0.862756,-0.5,-0.866025,0.989794,0.142508,8913.33,15877,16193.3,14229.7,23750.3,34795.3,8169.33,0,30475,13535.5,2917.76,18589.4,5834.34,18989.8,7655.06,391.905,469.333,25.0889,24.6459,25.4193,25.4193,-104.898,-26.2245
384.825,24.7673,85.4773,4.53468,56.9025,0.837742,-0.55557,-0.83147,0.989794,0.142508,9256.33,8913.33,15877,13158.3,17158,15969.3,8260.33,0,20650.7,12560,3479.08,18030,6357.15,19031.3,7599.28,399.619,477.684,24.9628,24.7458,-52.2313,-52.2313,30.8553,7.71383
262.603,24.368,86.9964,4.15078,54.016,0.809181,-0.608761,-0.793353,0.989794,0.142508,12153.7,9256.33,8913.33,16193.3,23918.3,22448,16762.3,0,21368.7,11550.1,2797.33,17172.1,6397.53,18839.3,7711.58,374.03,481.942,24.8004,24.8273,-122.221,-122.221,-102.355,-25.5887
320.612,24.3707,87.3165,3.81995,51.0045,0.777195,-0.659346,-0.75184,0.989794,0.142508,10514.3,12153.7,9256.33,15877,19708.7,31748.3,7328.67,0,21089,10209.4,1270.95,15402.6,4877.04,18972,7537.77,351.274,481.778,24.6374,24.896,58.0087,58.0087,-91.0247,-22.7562
338.317,24.7805,85.4269,3.857,47.8954,0.741922,-0.707107,-0.707107,0.989794,0.142508,7905.33,10514.3,12153.7,8913.33,14229.7,23750.3,10120.7,0,13798,9957.42,1568.14,14082.2,4573.74,18879.7,7658.2,326.589,484.637,24.5716,24.9529,17.7047,17.7047,-98.7393,-24.6848
282.549,24.8187,85.7708,3.46029,44.7097,0.703515,-0.75184,-0.659346,0.989794,0.142508,9111,7905.33,10514.3,9256.33,13158.3,17158,16517,0,15413.7,9921.08,1585.55,13411.6,4662.67,18571.1,7892.81,301.02,487.291,24.5845,25.0184,-55.7673,-55.7673,-102.275,-25.5688
247.435,24.6323,86.7351,3.90126,41.4631,0.662137,-0.793353,-0.608761,0.989794,0.142508,4527.67,9111,7905.33,12153.7,16193.3,23918.3,8447.33,0,21657.7,8014.58,2214.8,11795.7,4062.9,18407.8,8137.36,297.228,485.952,24.6506,25.0755,-35.114,-35.114,-15.168,-3.792
197.196,24.4727,87.8125,3.62303,38.168,0.61797,-0.83147,-0.55557,0.989794,0.142508,4955.67,4527.67,9111,10514.3,15877,19708.7,20644.3,0,15496.3,6624.92,1936.81,10566.3,3698.19,17754.1,8551.08,266.374,483.016,24.6761,25.1076,-50.2389,-50.2389,-123.416,-30.8539
150.489,24.0619,89.7075,3.58511,34.8341,0.571202,-0.866025,-0.5,0.989794,0.142508,3778.67,4955.67,4527.67,7905.33,8913.33,14229.7,28897,0,11230.3,5593.25,2074.2,9695.39,3954.63,16707.5,8659.68,219.418,473.884,24.4964,25.1289,-46.7071,-46.7071,-187.827,-46.9568
119.438,23.8709,90.5106,3.99173,31.469,0.522037,-0.896873,-0.442289,0.989794,0.142508,2338,3778.67,4955.67,9111,9256.33,13158.3,28143.7,0,8840,3900,995.36,8793.69,4282.25,15632.3,8774.28,178.64,457.837,24.2595,25.1207,-31.0511,-31.0511,-163.111,-40.7778
82.9679,23.7523,95.0427,3.17549,28.0791,0.47069,-0.92388,-0.382683,0.989794,0.142508,2444.33,2338,3778.67,4527.67,12153.7,16193.3,26067.7,0,12817,3379.17,1072.72,7647.94,3977.63,14648,8872.91,137.523,436.017,24.0395,25.0801,-36.4703,-36.4703,-164.467,-41.1169
91.7725,23.4812,99.8977,3.09817,24.6697,0.417386,-0.94693,-0.321439,0.989794,0.142508,2918.33,2444.33,2338,4955.67,10514.3,15877,26698.3,0,9400.67,2869.83,568.381,6568.06,3297.94,13657.1,8799.38,111.167,409.741,23.7916,25.0005,8.80453,8.80453,-105.424,-26.356
102.834,23.5841,99.8929,3.06784,21.2453,0.362361,-0.965926,-0.258819,0.989794,0.142508,2757,2918.33,2444.33,3778.67,7905.33,8913.33,34795.3,0,7073.33,2614.42,233.468,6055.03,3371.23,12322.2,7872.73,99.2531,386.438,23.6721,24.9238,11.0614,11.0614,-47.6555,-11.9139
81.0207,23.5502,99.9011,3.40694,17.8103,0.305866,-0.980785,-0.19509,0.989794,0.142508,1748.33,2757,2918.33,2338,9111,9256.33,15969.3,0,5364.67,2467,448.552,5429.36,3415.46,11729.7,8107.6,89.6487,355.163,23.592,24.8195,-21.8132,-21.8132,-38.4175,-9.60438
68.4231,23.4578,99.8561,2.80842,14.3693,0.248171,-0.991445,-0.130526,0.989794,0.142508,1090.67,1748.33,2757,2444.33,4527.67,12153.7,22448,0,3266.33,2128.58,748.411,4507.44,2935.31,10839.8,8054.23,86.0125,324.773,23.5183,24.6969,-12.5975,-12.5975,-14.5448,-3.6362
0,22.0957,99.8945,4.88623,-13.1154,-0.226914,0.991445,0.130526,0.992099,0.125461,0,0,0,0,0,0,0,1090.67,0,0,0,0,0,0,0,0,0,22.0233,22.4784,0,0,0,0
0,22.0471,99.8884,4.57705,-9.66676,-0.167918,0.997859,0.0654031,0.992099,0.125461,0,0,0,0,0,0,0,239.333,0,0,0,0,0,0,0,0,0,22.0512,22.4413,0,0,0,0
0,22.0448,99.9055,5.43307,-6.20908,-0.108157,1,6.12323e-17,0.992099,0.125461,0,0,0,0,0,0,0,283.667,0,0,0,0,0,0,0,0,0,22.0742,22.4026,0,0,0,0
0,22.1179,99.8974,5.24795,-2.74483,-0.047888,0.997859,-0.0654031,0.992099,0.125461,0,0,0,0,0,0,0,145.667,6.33333,0,0,0,0,0,0,0,0,22.0764,22.3678,0,0,0,0
6.93567,22.2085,99.8934,5.28282,1.11328,0.0194291,0.991445,-0.130526,0.992099,0.125461,123,0,0,0,0,0,0,0,458,30.75,53.2606,10.25,33.9954,5.125,24.5786,1.73392,0.288986,22.1046,22.3384,6.93567,6.93567,6.93567,1.73392
24.5067,22.2009,99.9056,4.63879,4.37695,0.076318,0.980785,-0.19509,0.992099,0.125461,267.667,123,0,0,0,0,0,0,1626.67,97.6667,110.249,32.5556,78.5579,16.2778,57.8847,7.8606,1.3101,22.143,22.3071,17.5711,17.5711,24.5067,6.12668
32.9347,22.3187,99.8699,4.18999,7.77889,0.13535,0.965926,-0.258819,0.992099,0.125461,1216.67,267.667,123,0,0,0,0,0,2486.67,401.833,479.889,133.944,335.629,66.9722,246.594,16.0943,2.68238,22.2115,22.2817,8.428,8.428,32.9347,8.23368
53.7645,22.3951,99.8889,4.61432,11.2151,0.194492,0.94693,-0.321439,0.992099,0.125461,121.333,1216.67,267.667,0,0,0,0,0,3600.33,432.167,456.81,144.056,333.26,72.0278,246.413,29.5354,4.92257,22.2808,22.2627,20.8297,20.8297,53.7645,13.4411
37.6349,22.4425,99.8679,4.16996,14.6607,0.253094,0.92388,-0.382683,0.992099,0.125461,153,121.333,1216.67,123,0,0,0,0,6065.33,439.667,451.892,156.806,330.42,78.4028,246.446,37.2102,6.49069,22.3393,22.2479,-16.1295,-16.1295,30.6993,7.67482
29.6913,22.423,99.8664,4.82269,18.106,0.310776,0.896873,-0.442289,0.992099,0.125461,436.667,153,121.333,267.667,0,0,0,0,5692.67,481.917,441.62,193.194,335.158,96.5972,255.923,38.5064,7.72783,22.3948,22.2338,-7.9436,-7.9436,5.1846,1.29615
35.5969,22.3569,99.8866,5.48001,21.5454,0.367239,0.866025,-0.5,0.992099,0.125461,430,436.667,153,1216.67,0,0,0,0,8169.33,285.25,148.525,229.028,335.574,114.514,263.473,39.1719,9.21103,22.4044,22.2141,5.9056,5.9056,2.6622,0.66555
38.1935,22.2997,99.8729,6.01264,24.9746,0.422217,0.83147,-0.55557,0.992099,0.125461,891.333,430,436.667,121.333,0,0,0,0,8260.33,477.75,264.803,303.306,373.196,151.653,304.362,35.2792,10.8024,22.3805,22.1929,2.5966,2.5966,-15.5709,-3.89273
53.2643,22.3167,99.8805,5.0395,28.3892,0.475459,0.793353,-0.608761,0.992099,0.125461,1077.33,891.333,430,153,123,0,0,0,16762.3,708.833,283.25,393.083,416.504,196.542,354.071,39.1865,13.0218,22.3491,22.1755,15.0707,15.0707,15.6293,3.90733
47.961,22.2669,99.8657,5.69502,31.7848,0.52673,0.75184,-0.659346,0.992099,0.125461,3556,1077.33,891.333,436.667,267.667,0,0,0,7328.67,1488.67,1216.62,689.417,952.08,344.708,756.341,43.7539,15.0202,22.31,22.1644,-5.30327,-5.30327,18.2697,4.56742
121.412,22.3453,99.8599,6.03957,35.1561,0.575805,0.707107,-0.707107,0.992099,0.125461,4304,3556,1077.33,430,1216.67,0,0,0,10120.7,2457.17,1497.83,1048.08,1351.66,524.042,1090,65.2078,20.079,22.3071,22.1658,73.4515,73.4515,85.8155,21.4539
126.223,22.4689,99.8677,5.63998,38.4969,0.622472,0.659346,-0.75184,0.992099,0.125461,3384.67,4304,3556,891.333,121.333,0,0,0,16517,3080.5,1207.09,1330.14,1452.88,665.069,1223.82,87.2151,25.3383,22.3494,22.1821,4.81033,4.81033,88.0293,22.0073
141.777,22.4341,99.8617,6.88222,41.7995,0.666527,0.608761,-0.793353,0.992099,0.125461,2033.67,3384.67,4304,1077.33,153,123,0,0,8447.33,3319.58,818.961,1489.36,1416.09,749.806,1245.06,109.343,31.2457,22.3788,22.2011,15.5546,15.5546,88.5131,22.1283
89.0583,22.4058,99.8751,6.43013,45.0546,0.70778,0.55557,-0.83147,0.992099,0.125461,1728,2033.67,3384.67,3556,436.667,267.667,0,0,20644.3,2862.58,1039.79,1611.06,1367.8,821.806,1249.57,119.618,34.9564,22.4135,22.2185,-52.7191,-52.7191,41.0973,10.2743
80.2847,22.3209,99.8537,6.48221,48.2497,0.746054,0.5,-0.866025,0.992099,0.125461,454.333,1728,2033.67,4304,430,1216.67,0,0,28897,1900.17,1041.83,1547.53,1401.92,840.736,1240.39,109.336,38.3016,22.4074,22.2323,-8.77353,-8.77353,-41.1277,-10.2819
38.3694,22.0125,99.8684,4.57376,51.369,0.781183,0.442289,-0.896873,0.992099,0.125461,421.333,454.333,1728,3384.67,891.333,121.333,0,0,28143.7,1159.33,729.642,1572.53,1378.74,858.292,1231.31,87.3725,39.9004,22.2933,22.2312,-41.9153,-41.9153,-87.8534,-21.9634
36.2075,21.2499,99.9111,2.97613,54.3918,0.813018,0.382683,-0.92388,0.992099,0.125461,454.333,421.333,454.333,2033.67,1077.33,153,0,0,26067.7,764.5,556.44,1597.64,1355.2,877.222,1221.42,60.98,41.409,21.9973,22.1987,-2.16187,-2.16187,-105.57,-26.3925
44.1798,20.9958,99.8975,3.00013,57.2904,0.84142,0.321439,-0.94693,0.992099,0.125461,215,454.333,421.333,1728,3556,436.667,0,0,26698.3,386.25,99.7849,1579.17,1372.31,886.181,1215.73,49.7604,43.2498,21.6448,22.1596,7.97227,7.97227,-44.8785,-11.2196
29.6844,20.9027,99.9045,2.64313,60.0279,0.866268,0.258819,-0.965926,0.992099,0.125461,48,215,454.333,454.333,4304,430,0,0,34795.3,284.667,164.567,1547.33,1402.69,888.181,1214.31,37.1103,44.4867,21.2903,22.1158,-14.4954,-14.4954,-50.6003,-12.6501
26.4269,20.9643,99.8913,1.42695,62.5553,0.887456,0.19509,-0.980785,0.992099,0.125461,1004.67,48,215,421.333,3384.67,891.333,0,0,15969.3,430.5,361.587,1556.78,1398.62,930.042,1200.21,34.1247,45.5878,21.0282,22.0681,-3.25747,-3.25747,-11.9425,-2.98562
38.4386,21.0967,99.8841,1.03395,64.8088,0.904893,0.130526,-0.991445,0.992099,0.125461,5695.33,1004.67,48,454.333,2033.67,1077.33,0,0,22448,1740.75,2311.59,1941.61,1793.37,1167.35,1514.7,34.6824,47.1894,20.9899,22.0265,12.0117,12.0117,2.23107,0.557767
121.22,20.9539,99.8964,1.16194,66.7082,0.918503,0.0654031,-0.997859,0.992099,0.125461,2164.67,5695.33,1004.67,215,1728,3556,0,0,31748.3,2228.17,2137.48,1825.67,1729.07,1257.54,1506.93,53.9425,52.2402,20.9794,21.9809,82.7814,82.7814,77.0402,19.26
71.2189,21.1194,99.86,1.45371,68.1603,0.928228,1.22465e-16,-1,0.992099,0.125461,1022,2164.67,5695.33,48,454.333,4304,0,0,23750.3,2471.67,1919.63,1552.17,1567.44,1300.12,1485.07,64.3261,55.2077,21.0336,21.9424,-50.0011,-50.0011,41.5345,10.3836
54.715,20.8643,99.8992,1.487,69.0716,0.934027,-0.0654031,-0.997859,0.992099,0.125461,6213.67,1022,2164.67,1004.67,421.333,3384.67,0,0,17158,3773.92,2225.25,1787.92,1982.99,1559.03,1753.27,71.3981,57.4875,21.0086,21.8901,-16.5039,-16.5039,28.2881,7.07202
114.051,20.8235,99.8799,1.37827,69.3701,0.935876,-0.130526,-0.991445,0.992099,0.125461,3669.67,6213.67,1022,5695.33,454.333,2033.67,123,0,23918.3,3267.5,1942.95,1924.25,2050.3,1706.81,1775.33,90.3011,61.9506,20.9403,21.8324,59.3357,59.3357,75.6121,18.903
147.096,21.2151,99.872,1.12157,69.0296,0.933765,-0.19509,-0.980785,0.992099,0.125461,884,3669.67,6213.67,2164.67,215,1728,267.667,0,19708.7,2947.33,2188.32,1853.92,2070.2,1732.49,1758.71,96.7702,67.0585,21.0056,21.7914,33.0456,33.0456,25.8763,6.46907
50.1915,21.2266,99.8661,1.17466,68.0799,0.927705,-0.258819,-0.965926,0.992099,0.125461,287.667,884,3669.67,1022,48,454.333,1216.67,0,14229.7,2763.75,2365.75,1840.03,2080.08,1693.78,1779.73,91.5134,67.7775,21.0324,21.7459,-96.9047,-96.9047,-21.0273,-5.25683
31.5066,20.9498,99.8805,1.48629,66.5953,0.917722,-0.321439,-0.94693,0.992099,0.125461,64.3333,287.667,884,6213.67,1004.67,421.333,121.333,0,13158.3,1226.42,1442.08,1810.28,2102.59,1691.4,1781.86,85.7113,66.8501,21.0537,21.6856,-18.6849,-18.6849,-23.2084,-5.8021
20.6269,20.8845,99.8925,4.58017,64.6699,0.903858,-0.382683,-0.92388,0.992099,0.125461,285,64.3333,287.667,3669.67,5695.33,454.333,153,0,16193.3,380.25,304.636,1796.17,2112.19,1696.9,1777.31,62.3553,66.1415,21.069,21.6207,-10.8797,-10.8797,-93.4237,-23.3559
24.5845,20.5743,99.8776,4.17277,62.3963,0.886174,-0.442289,-0.896873,0.992099,0.125461,2780.67,285,64.3333,884,2164.67,215,436.667,0,15877,854.417,1115.81,2009.97,2070.76,1794.57,1769.76,31.7274,65.9287,20.9088,21.5437,3.9576,3.9576,-122.512,-30.6279
59.6079,20.117,99.8707,2.10557,59.8535,0.864744,-0.5,-0.866025,0.992099,0.125461,19025.7,2780.67,285,287.667,1022,48,430,0,8913.33,5538.92,7859.31,3591.44,5059.06,2569.39,3850.38,34.0815,66.9291,20.6314,21.4504,35.0233,35.0233,9.41633,2.35408
367.564,20.2099,99.8657,2.73314,57.1045,0.839663,-0.55557,-0.83147,0.992099,0.125461,20904.3,19025.7,2780.67,64.3333,6213.67,1004.67,891.333,0,9256.33,10748.9,9282.02,5249.75,6874.92,3403.26,5293.37,118.096,80.6529,20.4464,21.3633,307.956,307.956,336.057,84.0144
505.588,20.8994,99.8661,2.48689,54.1973,0.811036,-0.608761,-0.793353,0.992099,0.125461,2565.67,20904.3,19025.7,285,3669.67,5695.33,1077.33,0,12153.7,11319.1,8671.73,4988.94,6912.33,3465.28,5274.45,239.336,99.4997,20.4501,21.3042,138.024,138.024,484.961,121.24
123.848,20.5733,99.8914,3.19525,51.1681,0.778989,-0.659346,-0.75184,0.992099,0.125461,207,2565.67,20904.3,2780.67,884,2164.67,3556,0,10514.3,10675.7,9350.31,4825.81,6999.61,3325.74,5314.35,264.152,102.662,20.4499,21.2337,-381.74,-381.74,99.2635,24.8159
26.2392,20.0545,99.8667,2.05502,48.0439,0.743658,-0.707107,-0.707107,0.992099,0.125461,8104.67,207,2565.67,19025.7,287.667,1022,4304,0,7905.33,7945.42,8012.24,5416.03,6952.43,3484.1,5397.12,255.81,98.6961,20.4342,21.1382,-97.6089,-97.6089,-33.3687,-8.34217
191.834,20.0453,99.8643,6.22141,44.8453,0.705195,-0.75184,-0.659346,0.992099,0.125461,2738,8104.67,207,20904.3,64.3333,6213.67,3384.67,0,9111,3403.83,2892.38,5126.39,6985.49,3457.15,5399.17,211.877,101.43,20.3931,21.0372,165.595,165.595,-175.73,-43.9325
116.153,20.07,99.8725,3.26591,41.5879,0.663768,-0.793353,-0.608761,0.992099,0.125461,2030.33,2738,8104.67,2565.67,285,3669.67,2033.67,0,4527.67,3270,2940.06,4989.78,7028.54,3457.01,5399.2,114.519,100.362,20.1858,20.9387,-75.6815,-75.6815,-389.435,-97.3588
69.3757,19.8877,99.8559,3.53297,38.2835,0.619554,-0.83147,-0.55557,0.992099,0.125461,1679,2030.33,2738,207,2780.67,884,1728,0,4955.67,3638,2606.88,5056.03,6993.18,3454.97,5399.87,100.9,99.5421,20.0144,20.8338,-46.777,-46.777,-54.4724,-13.6181
73.5826,19.6653,99.8695,3.55673,34.9418,0.572744,-0.866025,-0.5,0.992099,0.125461,494,1679,2030.33,8104.67,19025.7,287.667,454.333,0,3778.67,1735.33,811.857,5073.22,6981.68,3456.62,5398.95,112.736,99.2629,19.9171,20.7232,4.20693,4.20693,47.3434,11.8358
39.2753,19.639,99.8635,2.49071,31.5702,0.523542,-0.896873,-0.442289,0.992099,0.125461,1241.33,494,1679,2738,20904.3,64.3333,421.333,0,2338,1361.17,573.398,5171.31,6918.61,3490.79,5382.21,74.5965,99.3006,19.8155,20.6243,-34.3073,-34.3073,-152.559,-38.1397
60.7343,19.6605,99.8834,4.99893,28.1748,0.472162,-0.92388,-0.382683,0.992099,0.125461,245,1241.33,494,2030.33,2565.67,285,454.333,0,2444.33,914.833,573.657,5167.97,6920.97,3482.07,5387.29,60.742,100.323,19.7131,20.558,21.459,21.459,-55.4184,-13.8546
36.6495,19.6525,99.8812,3.3249,24.7608,0.41883,-0.94693,-0.321439,0.992099,0.125461,77.3333,245,1241.33,1679,207,2780.67,215,0,2918.33,514.417,445.099,4942.69,7038.02,3476.33,5390.83,52.5604,100.009,19.6543,20.5021,-24.0848,-24.0848,-32.7262,-8.18155
25.94,19.7255,99.8776,2.79204,21.3327,0.363782,-0.965926,-0.258819,0.992099,0.125461,78,77.3333,245,494,8104.67,19025.7,48,0,2757,410.417,484.57,3363.72,5699.57,3477.58,5390.04,40.6497,99.8528,19.6694,20.453,-10.7095,-10.7095,-47.6426,-11.9107
20.2749,19.7511,99.8999,2.31793,17.8947,0.307269,-0.980785,-0.19509,0.992099,0.125461,0,78,77.3333,1241.33,2738,20904.3,1004.67,0,1748.33,100.083,89.4745,1621.69,2180.35,3435.72,5412.94,35.8997,99.5965,19.6974,20.4025,-5.66507,-5.66507,-19.0003,-4.75008
19.5987,19.7563,99.8884,2.06983,14.4514,0.249559,-0.991445,-0.130526,0.992099,0.125461,0,0,78,245,2030.33,2565.67,5695.33,0,1090.67,38.8333,38.834,1407.89,2202.98,3198.42,5433.48,25.6158,98.8115,19.7213,20.3466,-0.6762,-0.6762,-41.1355,-10.2839
0,19.2548,99.9059,1.97909,-12.8903,-0.223085,0.991445,0.130526,0.99411,0.108377,0,0,0,0,0,0,0,0,0,0,0,0,0,0,0,0,0,19.3352,19.7212,0,0,0,0
0,19.2468,99.8965,2.0789,-9.44397,-0.164083,0.997859,0.0654031,0.99411,0.108377,0,0,0,0,0,0,0,0,0,0,0,0,0,0,0,0,0,19.2808,19.7059,0,0,0,0
0,19.2654,99.9198,2.04998,-5.98813,-0.104322,1,6.12323e-17,0.99411,0.108377,0,0,0,0,0,0,0,0,0,0,0,0,0,0,0,0,0,19.2608,19.6951,0,0,0,0
0,19.267,99.9005,1.21469,-2.5252,-0.0440589,0.997859,-0.0654031,0.99411,0.108377,0,0,0,0,0,0,0,0,0,0,0,0,0,0,0,0,0,19.2585,19.6805,0,0,0,0
8.0188,19.2423,99.8921,1.27495,1.30922,0.0228483,0.991445,-0.130526,0.99411,0.108377,0,0,0,0,0,0,0,0,123,0,0,0,0,0,0,2.0047,0.334117,19.2554,19.6655,8.0188,8.0188,8.0188,2.0047
17.406,19.2349,99.9258,1.93959,4.58899,0.0800075,0.980785,-0.19509,0.99411,0.108377,0,0,0,0,0,0,0,0,267.667,0,0,0,0,0,0,6.3562,1.05937,19.2524,19.6457,9.3872,9.3872,17.406,4.3515
18.0683,19.2029,99.9016,2.01552,7.99484,0.139084,0.965926,-0.258819,0.99411,0.108377,0,0,0,0,0,0,0,0,1216.67,0,0,0,0,0,0,10.8733,1.81221,19.2368,19.6207,0.662333,0.662333,18.0683,4.51708
18.9292,18.8794,99.9158,3.29801,11.433,0.198222,0.94693,-0.321439,0.99411,0.108377,147.667,0,0,0,0,0,0,0,121.333,36.9167,63.9415,12.3056,40.8129,6.15278,29.5077,15.6056,2.60093,19.1399,19.5777,0.860867,0.860867,18.9292,4.7323
22.1374,17.8821,99.9255,4.38592,14.8803,0.256801,0.92388,-0.382683,0.99411,0.108377,1633.33,147.667,0,0,0,0,0,0,153,445.25,688.584,148.417,449.56,74.2083,326.434,19.1352,3.52332,18.7998,19.4942,3.2082,3.2082,14.1186,3.52965
52.1689,17.8391,99.9025,4.07221,18.3278,0.314453,0.896873,-0.442289,0.99411,0.108377,2639.67,1633.33,147.667,0,0,0,0,0,436.667,1105.17,1092.23,368.389,817.97,184.194,607.013,27.826,5.69703,18.4509,19.4124,30.0315,30.0315,34.7629,8.69073
89.2249,17.6751,99.9607,4.94139,21.7698,0.370878,0.866025,-0.5,0.99411,0.108377,562,2639.67,1633.33,0,0,0,0,0,430,1245.67,970.377,415.222,811.601,207.611,610.287,45.6151,9.41473,18.0689,19.3196,37.0559,37.0559,71.1565,17.7891
41.434,17.9139,99.9079,3.18708,25.2021,0.425812,0.83147,-0.55557,0.99411,0.108377,836.333,562,2639.67,147.667,0,0,0,0,891.333,1417.83,807.761,484.917,808.857,242.458,621.217,51.2413,11.1411,17.8275,19.2359,-47.7909,-47.7909,22.5048,5.6262
37.6683,18.1467,99.9025,1.38655,28.6205,0.479006,0.793353,-0.608761,0.99411,0.108377,2164.33,836.333,562,1633.33,0,0,0,0,1077.33,1550.58,873.247,665.278,914.965,332.639,727.481,55.124,12.7107,17.8937,19.1604,-3.76573,-3.76573,15.5309,3.88272
66.6781,18.2092,99.8944,1.95568,32.0207,0.530225,0.75184,-0.659346,0.99411,0.108377,3512,2164.33,836.333,2639.67,0,0,0,0,3556,1768.67,1174.85,957.944,1178.96,478.972,961.45,58.7513,15.4889,17.9862,19.0907,29.0098,29.0098,14.5091,3.62728
99.2254,18.5121,99.9041,1.10891,35.3974,0.579244,0.707107,-0.707107,0.99411,0.108377,4375.33,3512,2164.33,562,0,0,0,0,4304,2722,1343.91,1322.56,1467.56,661.278,1230.51,61.2514,19.6233,18.1955,19.0317,32.5473,32.5473,10.0005,2.50013
116.645,18.8142,99.9063,1.27272,38.7445,0.625849,0.659346,-0.75184,0.99411,0.108377,4524,4375.33,3512,836.333,147.667,0,0,0,3384.67,3643.92,937.561,1699.56,1649.23,849.778,1442.95,80.0543,24.4835,18.4205,18.9836,17.4199,17.4199,75.2113,18.8028
124.155,18.7695,99.9015,0.928092,42.0547,0.66984,0.608761,-0.793353,0.99411,0.108377,4846.67,4524,4375.33,2164.33,1633.33,0,0,0,2033.67,4314.5,493.659,2103.44,1772.42,1051.72,1636.11,101.676,29.6566,18.5763,18.9332,7.50933,7.50933,86.4864,21.6216
119.08,18.7865,99.9048,1.56319,45.3184,0.711026,0.55557,-0.83147,0.99411,0.108377,3354,4846.67,4524,3512,2639.67,0,0,0,1728,4275,558.371,2382.94,1680.77,1191.47,1682.88,114.776,34.6183,18.7206,18.8826,-5.07427,-5.07427,52.4023,13.1006
102.431,18.8186,99.9034,1.8735,48.5237,0.74923,0.5,-0.866025,0.99411,0.108377,6071,3354,4846.67,4375.33,562,0,0,0,454.333,4698.92,967.45,2888.86,1797.03,1444.43,1923.81,115.578,38.8863,18.7972,18.841,-16.6495,-16.6495,3.20553,0.801383
153.201,18.8723,99.9089,1.18141,51.6547,0.784286,0.442289,-0.896873,0.99411,0.108377,6589,6071,3354,4524,836.333,147.667,0,0,421.333,5215.17,1246.96,3425.64,1859.01,1718.97,2154.41,124.717,45.2696,18.8117,18.8093,50.7697,50.7697,36.5553,9.13883
169.445,19.2998,99.9119,1.25049,54.6909,0.816046,0.382683,-0.92388,0.99411,0.108377,6716,6589,6071,4846.67,2164.33,1633.33,0,0,454.333,5682.5,1365.9,3849.19,1977.63,1998.81,2341.05,136.039,52.3299,18.9443,18.8008,16.2447,16.2447,45.2907,11.3227
176.635,19.2551,99.906,2.29779,57.6047,0.844372,0.321439,-0.94693,0.99411,0.108377,5231,6716,6589,3354,3512,2639.67,0,0,215,6151.75,583.924,4065.14,1975.25,2216.76,2387.85,150.428,59.6896,19.0614,18.792,7.18933,7.18933,57.5543,14.3886
143.101,19.2505,99.9195,2.67895,60.3591,0.869142,0.258819,-0.965926,0.99411,0.108377,6871.33,5231,6716,6071,4375.33,562,0,0,48,6351.83,654.793,4590.92,1805.19,2503.07,2513.53,160.595,65.6522,19.1694,18.7881,-33.534,-33.534,40.6697,10.1674
161.707,19.2021,99.8888,2.08131,62.9047,0.89025,0.19509,-0.980785,0.99411,0.108377,9283.33,6871.33,5231,6589,4524,836.333,0,0,1004.67,7025.42,1452.38,5294.83,1850.24,2889.88,2796.9,162.722,72.3899,19.2519,18.785,18.606,18.606,8.506,2.1265
227.494,19.3759,99.9101,1.33479,65.1766,0.907606,0.130526,-0.991445,0.99411,0.108377,8862.33,9283.33,6871.33,6716,4846.67,2164.33,0,0,5695.33,7562,1625.15,5853,1831.87,3259.14,2970.62,177.234,81.8689,19.2709,18.7901,65.7873,65.7873,58.0487,14.5122
196.851,19.7708,99.8827,1.5463,67.0927,0.921136,0.0654031,-0.997859,0.99411,0.108377,7491,8862.33,9283.33,5231,3354,3512,0,0,2164.67,8127,982.219,6184.58,1735.71,3571.26,3005.12,182.288,90.071,19.3998,18.8119,-30.6428,-30.6428,20.2165,5.05413
216.249,19.7356,99.8583,1.60717,68.5568,0.93078,1.22465e-16,-1,0.99411,0.108377,7672.67,7491,8862.33,6871.33,6071,4375.33,0,0,1022,8327.33,762.922,6459.36,1687.88,3890.96,3016.29,200.575,99.0814,19.5211,18.8315,19.3981,19.3981,73.1487,18.2872
197.26,19.7874,99.8683,1.09368,69.4717,0.936499,-0.0654031,-0.997859,0.99411,0.108377,7950.33,7672.67,7491,9283.33,6589,4524,0,0,6213.67,7994.08,527.298,6744.89,1624.97,4222.22,3007.34,209.464,107.301,19.6674,18.8532,-18.9893,-18.9893,35.5533,8.88833
194.513,19.7386,99.8464,0.764529,69.7625,0.938267,-0.130526,-0.991445,0.99411,0.108377,6885.67,7950.33,7672.67,8862.33,6716,4846.67,0,0,3669.67,7499.92,390.545,6914.81,1520.87,4509.12,2917.97,201.218,115.071,19.7581,18.8738,-2.74667,-2.74667,-32.9807,-8.24517
187.122,19.9375,99.8614,1.31598,69.4029,0.936077,-0.19509,-0.980785,0.99411,0.108377,4499,6885.67,7950.33,7491,5231,3354,0,0,884,6751.92,1358.08,7010.22,1316.69,4696.58,2762.65,198.786,122.143,19.7998,18.9031,-7.39133,-7.39133,-9.7292,-2.4323
120.411,19.7975,99.8485,0.88265,68.4254,0.929939,-0.258819,-0.965926,0.99411,0.108377,3771,4499,6885.67,7672.67,6871.33,6071,0,0,287.667,5776.5,1703.66,6818.56,1580.44,4853.71,2593.1,174.827,126.407,19.8153,18.9279,-66.7113,-66.7113,-95.8387,-23.9597
126.849,19.6363,99.8512,1.63041,66.9085,0.919879,-0.321439,-0.94693,0.99411,0.108377,2690,3771,4499,7950.33,9283.33,6589,147.667,0,64.3333,4461.42,1540.53,6493.64,1951.47,4959.64,2446.47,157.224,130.904,19.7775,18.9594,6.4388,6.4388,-70.4105,-17.6026
103.186,19.3223,99.8682,2.27655,64.9503,0.905941,-0.382683,-0.92388,0.99411,0.108377,3688,2690,3771,6885.67,8862.33,6716,1633.33,0,285,3662,643.799,6241.31,2096.76,5045.25,2363.11,134.392,134.281,19.6734,19.0194,-23.6634,-23.6634,-91.3273,-22.8318
117.01,19.1846,99.8636,1.46292,62.646,0.888184,-0.442289,-0.896873,0.99411,0.108377,4922,3688,2690,4499,7491,5231,2639.67,0,2780.67,3767.75,790.602,6215.56,2110.86,5140.35,2309.71,116.864,136.982,19.4852,19.0755,13.8235,13.8235,-70.1124,-17.5281
141.215,18.9667,99.8818,1.33694,60.0757,0.866685,-0.5,-0.866025,0.99411,0.108377,5214,4922,3688,3771,7672.67,6871.33,562,0,19025.7,4128.5,1008.87,6077.44,2117.65,5334.18,2103.33,122.065,139.149,19.2775,19.1293,24.2051,24.2051,20.804,5.201
167.153,18.8093,99.8797,2.17555,57.3027,0.841537,-0.55557,-0.83147,0.99411,0.108377,2510.33,5214,4922,2690,7950.33,9283.33,836.333,0,20904.3,4083.58,1073.82,5513.03,2090.39,5403.93,1976.98,132.141,144.387,19.0707,19.1666,25.9387,25.9387,40.3039,10.076
90.6655,18.5871,99.8998,2.59161,54.375,0.812847,-0.608761,-0.793353,0.99411,0.108377,2063.67,2510.33,5214,3688,6885.67,8862.33,2164.33,0,2565.67,3677.5,1403.24,4946.47,2026.19,5399.74,1983.95,129.011,146.595,18.8869,19.185,-76.4878,-76.4878,-12.5205,-3.13013
83.3459,18.3474,99.9478,2.61539,51.3283,0.780739,-0.659346,-0.75184,0.99411,0.108377,2839.33,2063.67,2510.33,4922,4499,7491,3512,0,207,3156.83,1219.19,4558.83,1945.67,5371.71,2014.93,120.595,147.29,18.6776,19.1907,-7.31967,-7.31967,-33.6637,-8.41593
86.3257,18.5692,99.9263,2.76683,48.1893,0.745351,-0.707107,-0.707107,0.99411,0.108377,4397,2839.33,2063.67,5214,3771,7672.67,4375.33,0,8104.67,2952.58,878.197,4285.86,1704.49,5372.61,2014.48,106.873,146.752,18.5783,19.1931,2.97987,2.97987,-54.8889,-13.7222
137.104,18.7111,99.9265,2.91093,44.9781,0.706836,-0.75184,-0.659346,0.99411,0.108377,3275.33,4397,2839.33,2510.33,2690,7950.33,4524,0,2738,3143.83,843.682,3896.28,1311.33,5320.58,2051.51,99.3603,147.605,18.5537,19.1888,50.7783,50.7783,-30.0493,-7.51233
73.3779,18.9566,99.8911,3.04416,41.7099,0.66536,-0.793353,-0.608761,0.99411,0.108377,2505.67,3275.33,4397,2063.67,3688,6885.67,4846.67,0,2030.33,3254.33,713.942,3531.28,1001.41,5223.04,2126.03,95.0384,145.489,18.6461,19.1966,-63.7261,-63.7261,-17.2876,-4.3219
91.5285,18.9351,99.9319,2.52858,38.3966,0.621101,-0.83147,-0.55557,0.99411,0.108377,307.333,2505.67,3275.33,2839.33,4922,4499,3354,0,1679,2621.33,1495.72,3181.97,1291.86,5096.1,2316.28,97.0841,144.341,18.793,19.2028,18.1506,18.1506,8.18267,2.04567
40.4635,19.1245,99.9184,2.24363,35.0473,0.574252,-0.866025,-0.5,0.99411,0.108377,229.667,307.333,2505.67,4397,5214,3771,6071,0,494,1579.5,1339.22,2886.86,1509.72,4852.71,2500.62,85.6185,141.759,18.9318,19.2155,-51.0651,-51.0651,-45.8623,-11.4656
31.1417,19.2379,99.8928,1.72162,31.6693,0.525015,-0.896873,-0.442289,0.99411,0.108377,242.667,229.667,307.333,3275.33,2510.33,2690,6589,0,1241.33,821.333,972.895,2682.92,1678.41,4588.28,2634.97,59.1279,136.673,19.0635,19.2308,-9.32173,-9.32173,-105.962,-26.4906
33.143,19.2282,99.9071,2.60121,28.2686,0.473605,-0.92388,-0.382683,0.99411,0.108377,137,242.667,229.667,2505.67,2063.67,3688,6716,0,245,229.167,60.8014,2387,1784.79,4314.15,2739.5,49.0692,130.994,19.1314,19.2278,2.00127,2.00127,-40.2349,-10.0587
30.8915,19.2655,99.8974,2.56319,24.8502,0.420248,-0.94693,-0.321439,0.99411,0.108377,71,137,242.667,307.333,2839.33,4922,5231,0,77.3333,170.083,70.2327,1982.75,1712.75,4099.15,2858.98,33.9099,124.921,19.214,19.2282,-2.25147,-2.25147,-60.637,-15.1593
25.2487,19.0938,99.9319,1.81979,21.4186,0.365179,-0.965926,-0.258819,0.99411,0.108377,142,71,137,229.667,4397,5214,6871.33,0,78,148.167,61.3345,1560.08,1472.13,3818.76,2903,30.1063,120.011,19.2064,19.2217,-5.6428,-5.6428,-15.2147,-3.80368
26.2641,19.1623,99.9258,1.30509,17.9779,0.30865,-0.980785,-0.19509,0.99411,0.108377,47.3333,142,71,242.667,3275.33,2510.33,9283.33,0,0,99.3333,41.067,1354.83,1496.82,3433.93,2761.84,28.8869,114.367,19.1875,19.2201,1.0154,1.0154,-4.8776,-1.2194
24.9769,19.2573,99.8941,1.63526,14.5325,0.250929,-0.991445,-0.130526,0.99411,0.108377,82.6667,47.3333,142,137,2505.67,2063.67,8862.33,0,0,85.75,34.8818,1189.75,1518.63,3068.11,2595.01,26.8453,105.929,19.1947,19.2151,-1.28727,-1.28727,-8.16613,-2.04153
0,17.0103,99.9071,3.37155,-12.6649,-0.219248,0.991445,0.130526,0.995827,0.0912607,0,0,0,0,0,0,0,82.6667,0,0,0,0,0,0,0,0,0,16.9608,17.5405,0,0,0,0
0,16.9431,99.9026,3.60006,-9.22106,-0.160244,0.997859,0.0654031,0.995827,0.0912607,0,0,0,0,0,0,0,39.3333,0,0,0,0,0,0,0,0,0,16.9459,17.4954,0,0,0,0
0,16.9906,99.9157,4.37561,-5.76717,-0.100486,1,6.12323e-17,0.995827,0.0912607,0,0,0,0,0,0,0,0,0,0,0,0,0,0,0,0,0,16.9676,17.4509,0,0,0,0
0,16.9898,99.7288,4.3012,-2.30568,-0.0402308,0.997859,-0.0654031,0.995827,0.0912607,0,0,0,0,0,0,0,0,0,0,0,0,0,0,0,0,0,16.9834,17.4066,0,0,0,0
9.31567,16.9877,98.7869,3.62611,1.50695,0.0262982,0.991445,-0.130526,0.995827,0.0912607,0,0,0,0,0,0,0,0,0,0,0,0,0,0,0,2.32892,0.388153,16.9778,17.3647,9.31567,9.31567,9.31567,2.32892
18.5795,17.0881,99.6543,4.55524,4.80111,0.0836971,0.980785,-0.19509,0.995827,0.0912607,0,0,0,0,0,0,0,0,0,0,0,0,0,0,0,6.97378,1.1623,17.014,17.3263,9.2638,9.2638,18.5795,4.64487
20.4265,17.0942,99.0609,4.31483,8.21045,0.14281,0.965926,-0.258819,0.995827,0.0912607,8.33333,0,0,0,0,0,0,0,0,2.08333,3.60844,0.694444,2.30321,0.347222,1.66521,12.0804,2.0134,17.0399,17.2854,1.84707,1.84707,20.4265,5.10663
22.1706,16.9209,96.5897,3.32103,11.6504,0.201939,0.94693,-0.321439,0.995827,0.0912607,70.3333,8.33333,0,0,0,0,0,0,147.667,19.6667,29.4496,6.55556,19.366,3.27778,14.0807,17.6231,2.93718,17.0227,17.2467,1.74407,1.74407,22.1706,5.54265
24.3341,17.0915,95.795,3.5957,15.0994,0.260494,0.92388,-0.382683,0.995827,0.0912607,176.667,70.3333,8.33333,0,0,0,0,0,1633.33,63.8333,70.5843,21.2778,50.6577,10.6389,37.3669,21.3777,3.9511,17.0487,17.2125,2.16353,2.16353,15.0185,3.75462
29.7941,17.1586,93.7943,4.15919,18.5487,0.318111,0.896873,-0.442289,0.995827,0.0912607,241.333,176.667,70.3333,0,0,0,0,0,2639.67,124.167,90.5534,41.3889,78.4818,20.6944,59.228,24.1814,5.19252,17.0663,17.182,5.46,5.46,11.2147,2.80367
33.9514,17.0821,94.2245,4.54525,21.9932,0.374496,0.866025,-0.5,0.995827,0.0912607,382.667,241.333,176.667,8.33333,0,0,0,0,562,217.75,113.107,73.2778,121.267,36.6389,93.2481,27.5626,6.60716,17.0633,17.1538,4.15727,4.15727,13.5249,3.38122
36.7181,17.2719,92.4829,3.51641,25.4285,0.429384,0.83147,-0.55557,0.995827,0.0912607,529.667,382.667,241.333,70.3333,0,0,0,0,836.333,332.583,136.003,117.417,172.242,58.7083,135.205,31.1994,8.13709,17.151,17.1364,2.76673,2.76673,14.5475,3.63688
40.25,17.2819,92.2593,3.08133,28.8506,0.482527,0.793353,-0.608761,0.995827,0.0912607,788.333,529.667,382.667,176.667,0,0,0,0,2164.33,485.5,202.392,183.111,248.422,91.5556,198.089,35.1784,9.81417,17.1986,17.1244,3.53187,3.53187,15.9159,3.97897
47.8355,17.2724,91.1199,3.35065,32.2551,0.533691,0.75184,-0.659346,0.995827,0.0912607,873.667,788.333,529.667,241.333,0,0,0,0,3512,643.583,196.816,255.917,305.545,127.958,251.102,39.6888,11.8073,17.2271,17.1118,7.58553,7.58553,18.0414,4.51035
47.7039,17.2919,91.1174,3.41909,35.6371,0.58265,0.707107,-0.707107,0.995827,0.0912607,1603,873.667,788.333,382.667,8.33333,0,0,0,4375.33,948.667,398.449,389.5,470.399,194.75,385.441,43.1269,13.795,17.2796,17.1018,-0.1316,-0.1316,13.7525,3.43813
56.6808,17.2552,90.5443,3.27871,38.9906,0.629192,0.659346,-0.75184,0.995827,0.0912607,2038,1603,873.667,529.667,70.3333,0,0,0,4524,1325.75,518.981,559.333,637.379,279.667,530.414,48.1176,16.1567,17.2754,17.0928,8.97687,8.97687,19.9627,4.99067
74.0171,17.2395,91.0781,4.07775,42.3081,0.673117,0.608761,-0.793353,0.995827,0.0912607,1966.67,2038,1603,788.333,176.667,0,0,0,4846.67,1620.33,461.574,723.222,719.979,361.611,624.458,56.5593,19.2407,17.2648,17.0867,17.3363,17.3363,33.7671,8.44177
68.0712,17.2156,89.9048,3.90348,45.5804,0.714234,0.55557,-0.83147,0.995827,0.0912607,1810,1966.67,2038,873.667,241.333,0,0,0,3354,1854.42,166.948,874.056,741.927,437.028,682.804,61.6183,22.077,17.2506,17.0893,-5.94587,-5.94587,20.2357,5.05892
73.4558,17.2112,89.6744,3.54752,48.7957,0.752365,0.5,-0.866025,0.995827,0.0912607,1515,1810,1966.67,1603,382.667,8.33333,0,0,6071,1832.42,200.962,999.611,711.667,500.153,709.01,68.0562,25.1377,17.2304,17.0924,5.3846,5.3846,25.7519,6.43797
61.4407,17.1127,89.3535,3.1395,51.9384,0.787348,0.442289,-0.896873,0.995827,0.0912607,2082.33,1515,1810,2038,529.667,70.3333,0,0,6589,1843.5,212.865,1167.28,709.989,586.917,767.495,69.2462,27.6977,17.1947,17.0948,-12.0151,-12.0151,4.75987,1.18997
72.1152,16.9605,88.9433,3.64943,54.9879,0.819031,0.382683,-0.92388,0.995827,0.0912607,2205,2082.33,1515,1966.67,788.333,176.667,0,0,6716,1903.08,265.781,1336.31,695.325,678.792,821.795,68.7707,30.7025,17.125,17.0959,10.6745,10.6745,-1.90187,-0.475467
73.1023,17.0887,89.0747,3.37285,57.9169,0.847278,0.321439,-0.94693,0.995827,0.0912607,1950.67,2205,2082.33,1810,873.667,241.333,0,0,5231,1938.25,260.389,1478.75,628.273,760.069,846.726,70.0285,33.7484,17.0933,17.0995,0.987067,0.987067,5.03107,1.25777
73.7716,17.1044,88.0923,2.8835,60.6883,0.871969,0.258819,-0.965926,0.995827,0.0912607,1453.67,1950.67,2205,1515,1603,382.667,0,0,6871.33,1922.92,285.46,1568,535.441,820.639,842.17,70.1074,36.8223,17.0666,17.1079,0.669333,0.669333,0.3158,0.07895
60.8648,17.2567,86.5243,2.79622,63.2523,0.892997,0.19509,-0.980785,0.995827,0.0912607,1787.67,1453.67,1950.67,2082.33,2038,529.667,0,0,9283.33,1849.25,272.545,1672.83,435.756,895.125,845.343,69.9635,39.3583,17.1026,17.1217,-12.9068,-12.9068,-0.575867,-0.143967
61.6663,17.2425,86.1951,2.33495,65.5429,0.910272,0.130526,-0.991445,0.995827,0.0912607,2289.33,1787.67,1453.67,2205,1966.67,788.333,0,0,8862.33,1870.33,301.023,1797.92,375.12,990.514,867.821,67.3512,41.9277,17.1731,17.1313,0.801467,0.801467,-10.4489,-2.61223
82.0446,17.0941,85.6315,2.53187,67.476,0.923719,0.0654031,-0.997859,0.995827,0.0912607,2892.67,2289.33,1787.67,1950.67,1810,873.667,0,0,7491,2105.83,542.985,1966.17,375.624,1111.04,921.121,69.5868,45.3462,17.1744,17.1376,20.3783,20.3783,8.94233,2.23558
85.7665,17.1163,84.8547,2.46308,68.9524,0.933282,1.22465e-16,-1,0.995827,0.0912607,4102.33,2892.67,2289.33,1453.67,1515,1603,0,0,7672.67,2768,864.026,2174.44,683.367,1281.97,1068.01,72.5855,48.9198,17.1774,17.1429,3.72187,3.72187,11.9949,2.99872
117.287,17.2462,84.6548,2.65077,69.871,0.93892,-0.0654031,-0.997859,0.995827,0.0912607,3123.67,4102.33,2892.67,1787.67,2082.33,2038,0,0,7950.33,3102,652.952,2264.92,729.616,1412.12,1093.87,86.691,53.8068,17.1748,17.1535,31.5202,31.5202,56.4219,14.1055
100.944,17.2925,83.8485,2.77758,70.1539,0.940608,-0.130526,-0.991445,0.995827,0.0912607,4027,3123.67,4102.33,2289.33,2205,1966.67,0,0,6885.67,3536.42,535.189,2436.61,868.442,1579.92,1170.56,96.5104,57.6246,17.1873,17.1662,-16.3428,-16.3428,39.2776,9.8194
116.225,17.1993,83.451,2.40087,69.7744,0.938339,-0.19509,-0.980785,0.995827,0.0912607,1930.33,4027,3123.67,2892.67,1950.67,1810,0,0,4499,3295.83,877.394,2446.64,861.819,1660.35,1124.65,105.055,61.6932,17.2136,17.1709,15.2808,15.2808,34.1801,8.54502
76.7803,17.3677,82.1382,2.50829,68.7682,0.932123,-0.258819,-0.965926,0.995827,0.0912607,2057.67,1930.33,4027,4102.33,1453.67,1515,8.33333,0,3771,2784.67,853.921,2491.86,825.206,1745.74,1072.58,102.809,64.0413,17.2764,17.1823,-39.4444,-39.4444,-8.9862,-2.24655
67.3408,17.3625,82.7737,2.42862,67.2183,0.921987,-0.321439,-0.94693,0.995827,0.0912607,3681.67,2057.67,1930.33,3123.67,1787.67,2082.33,70.3333,0,2690,2924.17,939.225,2625.14,875.897,1896.21,1080.27,90.3224,65.9233,17.3055,17.2007,-9.43947,-9.43947,-49.9459,-12.4865
104.155,17.2529,82.4977,2.22455,65.227,0.907975,-0.382683,-0.92388,0.995827,0.0912607,2302,3681.67,2057.67,4027,2289.33,2205,176.667,0,3688,2492.92,699.199,2633.22,872.423,1984.76,1021.17,91.1252,69.2492,17.2956,17.2074,36.8143,36.8143,3.21127,0.802817
82.4959,17.0404,84.7086,2.2284,62.8916,0.890146,-0.442289,-0.896873,0.995827,0.0912607,2221.67,2302,3681.67,1930.33,2892.67,1950.67,241.333,0,4922,2565.75,650.265,2655.81,857.848,2067.28,954.819,82.693,71.4451,17.2559,17.2025,-21.6592,-21.6592,-33.7287,-8.43218
70.7625,17.0472,84.2357,2.34939,60.2939,0.868579,-0.5,-0.866025,0.995827,0.0912607,2746.67,2221.67,2302,2057.67,4102.33,1453.67,382.667,0,5214,2738,580.362,2763.56,777.53,2165.78,896.082,81.1886,72.9789,17.1758,17.201,-11.7334,-11.7334,-6.01773,-1.50443
83.1351,17.0739,84.8331,2.34494,57.4971,0.843364,-0.55557,-0.83147,0.995827,0.0912607,2787.33,2746.67,2221.67,3681.67,3123.67,1787.67,529.667,0,2510.33,2514.42,254.581,2846.86,719.929,2259.85,835.868,85.1372,74.913,17.1036,17.1928,12.3726,12.3726,15.7943,3.94858
95.8367,17.264,84.8623,2.32717,54.549,0.814612,-0.608761,-0.793353,0.995827,0.0912607,1751,2787.33,2746.67,2302,4027,2289.33,788.333,0,2063.67,2376.67,424.568,2802,768.413,2299.96,785.896,83.0576,77.2291,17.1064,17.192,12.7015,12.7015,-8.31847,-2.07962
63.1722,17.2459,84.5739,2.77561,51.485,0.782445,-0.659346,-0.75184,0.995827,0.0912607,3066,1751,2787.33,2221.67,1930.33,2892.67,873.667,0,2839.33,2587.75,498.488,2816.44,771.604,2391.31,740.929,78.2266,77.8681,17.1577,17.1909,-32.6645,-32.6645,-19.3237,-4.83093
89.4225,16.9275,86.043,2.38919,48.3314,0.747002,-0.707107,-0.707107,0.995827,0.0912607,3975.67,3066,1751,2746.67,2057.67,4102.33,1603,0,4397,2895,793.317,2805.89,754.62,2490.17,786.067,82.8916,79.6064,17.1278,17.1757,26.2503,26.2503,18.6599,4.66498
110.278,17.0318,91.2037,2.66431,45.1078,0.708436,-0.75184,-0.659346,0.995827,0.0912607,4378.67,3975.67,3066,2787.33,3681.67,3123.67,2038,0,3275.33,3292.83,1009.21,2910.47,869.617,2587.69,865.143,89.6774,81.8396,17.1173,17.1664,20.8559,20.8559,27.1432,6.7858
122.529,16.8597,99.9167,3.63719,41.8293,0.666914,-0.793353,-0.608761,0.995827,0.0912607,4433,4378.67,3975.67,1751,2302,4027,1966.67,0,2505.67,3963.33,547.368,2944.31,918.9,2690.46,929.367,96.3504,83.8609,17.0162,17.1506,12.2503,12.2503,26.692,6.673
118.351,16.7995,99.9153,3.45652,38.5072,0.622613,-0.83147,-0.55557,0.995827,0.0912607,2423.67,4433,4378.67,3066,2221.67,1930.33,1810,0,307.333,3802.75,815.577,2985.42,882.948,2716.03,913.091,110.145,85.9559,16.9046,17.1333,-4.17753,-4.17753,55.1789,13.7947
76.9691,16.4683,99.9235,3.69523,35.1505,0.575726,-0.866025,-0.5,0.995827,0.0912607,2990.67,2423.67,4433,3975.67,2746.67,2057.67,1515,0,229.667,3556.5,872.882,3063.17,837.752,2777.51,879.201,107.032,86.1023,16.7898,17.1023,-41.3821,-41.3821,-12.4534,-3.11335
82.8213,16.4846,99.9087,3.09608,31.7664,0.526457,-0.896873,-0.442289,0.995827,0.0912607,2252.33,2990.67,2423.67,4378.67,2787.33,3681.67,2082.33,0,242.667,3024.92,857.651,2944.06,842.941,2784.6,874.242,100.168,86.9932,16.653,17.0761,5.85227,5.85227,-27.457,-6.86425
77.9377,16.451,99.9172,3.54767,28.3606,0.475019,-0.92388,-0.382683,0.995827,0.0912607,1741.67,2252.33,2990.67,4433,1751,2302,2205,0,137,2352.08,445.946,2897.36,891.344,2765.29,891.768,89.0198,87.2358,16.5508,17.0549,-4.88367,-4.88367,-44.591,-11.1477
62.6763,16.4137,99.8922,3.93647,24.9381,0.421638,-0.94693,-0.321439,0.995827,0.0912607,3366.67,1741.67,2252.33,2423.67,3066,2221.67,1950.67,0,71,2587.83,631.944,2992.78,875.042,2824.29,882.716,75.1011,86.8014,16.4544,17.0268,-15.2614,-15.2614,-55.6749,-13.9187
94.0966,16.3533,99.8967,3.95287,21.5032,0.366552,-0.965926,-0.258819,0.995827,0.0912607,3231.33,3366.67,1741.67,2990.67,3975.67,2746.67,1453.67,0,142,2648,677.265,3033.17,873.934,2898.36,838.051,79.383,87.6482,16.4257,16.9955,31.4203,31.4203,17.1275,4.28188
98.2849,16.1933,99.9016,4.14809,18.0599,0.310011,-0.980785,-0.19509,0.995827,0.0912607,1376.33,3231.33,3366.67,2252.33,4378.67,2787.33,1787.67,0,47.3333,2429,880.836,2915.58,986.741,2881.22,864.383,83.2489,89.2074,16.3528,16.9512,4.18833,4.18833,15.4636,3.8659
57.9178,16.0745,99.9062,4.01669,14.6125,0.252281,-0.991445,-0.130526,0.995827,0.0912607,842,1376.33,3231.33,1741.67,4433,1751,2289.33,0,82.6667,2204.08,1112.12,2839.83,1101.46,2820.92,949.838,78.2439,89.0512,16.2587,16.9025,-40.3671,-40.3671,-20.0199,-5.00497
0,15.3039,99.9122,3.12345,-12.4394,-0.215406,0.991445,0.130526,0.99725,0.0741174,0,0,0,0,0,0,0,842,0,0,0,0,0,0,0,0,0,15.3254,15.6439,0,0,0,0
0,15.2888,99.9088,2.9212,-8.99813,-0.156402,0.997859,0.0654031,0.99725,0.0741174,0,0,0,0,0,0,0,547.333,0,0,0,0,0,0,0,0,0,15.3052,15.6287,0,0,0,0
0,15.3271,99.9325,3.17275,-5.54632,-0.0966504,1,6.12323e-17,0.99725,0.0741174,0,0,0,0,0,0,0,26,0,0,0,0,0,0,0,0,0,15.3061,15.6136,0,0,0,0
0,15.4712,99.9212,2.47163,-2.08638,-0.0364062,0.997859,-0.0654031,0.99725,0.0741174,0,0,0,0,0,0,0,0,0,0,0,0,0,0,0,0,0,15.3477,15.6051,0,0,0,0
9.6622,15.6694,99.9271,2.25342,1.70617,0.0297738,0.991445,-0.130526,0.99725,0.0741174,0,0,0,0,0,0,0,0,0,0,0,0,0,0,0,2.41555,0.402592,15.4391,15.6087,9.6622,9.6622,9.6622,2.41555
17.4772,15.6107,99.9121,2.73856,5.01314,0.0873842,0.980785,-0.19509,0.99725,0.0741174,0,0,0,0,0,0,0,0,0,0,0,0,0,0,0,6.78485,1.13081,15.5196,15.6022,7.815,7.815,17.4772,4.3693
19.574,15.7549,99.9093,2.31715,8.42561,0.146525,0.965926,-0.258819,0.99725,0.0741174,108,0,0,0,0,0,0,0,8.33333,27,46.7654,9,29.8496,4.5,21.5812,11.6784,1.94639,15.6265,15.597,2.0968,2.0968,19.574,4.8935
22.7756,15.8146,99.9312,2.68271,11.8671,0.205642,0.94693,-0.321439,0.99725,0.0741174,239,108,0,0,0,0,0,0,70.3333,86.75,98.3397,28.9167,69.9708,14.4583,51.5461,17.3722,2.89538,15.7124,15.5971,3.2016,3.2016,22.7756,5.6939
27.0577,15.8041,99.9205,2.86529,15.3176,0.264169,0.92388,-0.382683,0.99725,0.0741174,371,239,108,0,0,0,0,0,176.667,179.5,139.235,59.8333,116.714,29.9167,87.7843,21.7211,4.02278,15.7461,15.5987,4.28207,4.28207,17.3955,4.34887
32.7899,16.0037,99.9069,2.52218,18.7687,0.321749,0.896873,-0.442289,0.99725,0.0741174,541.333,371,239,0,0,0,0,0,241.333,314.833,160.458,104.944,174.954,52.4722,134.379,25.5493,5.38903,15.8443,15.6107,5.73227,5.73227,15.3127,3.82818
37.3747,15.9924,99.9067,2.74639,22.2155,0.378091,0.866025,-0.5,0.99725,0.0741174,469.667,541.333,371,108,0,0,0,0,382.667,405.25,113.446,144.083,198.102,72.0417,157.519,29.9995,6.9463,15.9037,15.6225,4.58473,4.58473,17.8007,4.45017
38.1845,16.1125,99.9017,2.80659,25.6537,0.43293,0.83147,-0.55557,0.99725,0.0741174,869.667,469.667,541.333,239,0,0,0,0,529.667,562.917,187.142,216.556,275.926,108.278,223.14,33.8517,8.53732,15.9782,15.6394,0.8098,0.8098,15.4089,3.85222
44.4755,16.256,99.9063,2.39475,29.0793,0.48602,0.793353,-0.608761,0.99725,0.0741174,1471.67,869.667,469.667,371,0,0,0,0,788.333,838.083,395.669,339.194,434.122,169.597,350.705,38.2062,10.3905,16.0911,15.6623,6.29107,6.29107,17.4179,4.35447
54.5707,16.2301,99.9086,3.00687,32.4882,0.537125,0.75184,-0.659346,0.99725,0.0741174,1363.33,1471.67,869.667,541.333,0,0,0,0,873.667,1043.58,401.598,452.806,503.36,226.403,421.834,43.6513,12.6643,16.1478,15.6784,10.0952,10.0952,21.7808,5.4452
60.4641,16.3816,99.9297,3.14649,35.8753,0.586023,0.707107,-0.707107,0.99725,0.0741174,896.333,1363.33,1471.67,469.667,108,0,0,0,1603,1150.25,270.145,527.5,497.091,263.75,439.447,49.4237,15.1836,16.2451,15.7005,5.8934,5.8934,23.0895,5.77237
47.9109,16.4329,99.9236,2.93925,39.2348,0.6325,0.659346,-0.75184,0.99725,0.0741174,847,896.333,1363.33,869.667,239,0,0,0,2038,1144.58,276.143,598.083,476.903,299.042,450.715,51.8553,17.1799,16.3252,15.7288,-12.5532,-12.5532,9.72647,2.43162
46.2335,16.4827,99.882,2.5488,42.5596,0.676356,0.608761,-0.793353,0.99725,0.0741174,2157,847,896.333,1471.67,371,0,0,0,1966.67,1315.92,525.738,777.833,606.495,388.917,578.942,52.2948,19.1063,16.3818,15.7591,-1.6774,-1.6774,1.758,0.4395
68.1755,16.4949,99.9223,3.45345,45.8404,0.717402,0.55557,-0.83147,0.99725,0.0741174,2765.33,2157,847,1363.33,541.333,0,0,0,1810,1666.42,823.523,1008.28,770.384,504.139,742.228,55.696,21.9469,16.448,15.7916,21.942,21.942,13.6048,3.4012
86.6376,16.5863,99.6268,2.78388,49.0655,0.755459,0.5,-0.866025,0.99725,0.0741174,2506.33,2765.33,2157,896.333,469.667,108,0,0,1515,2068.92,737.762,1208.14,820.378,608.569,834.529,62.2394,25.5568,16.4992,15.8317,18.4621,18.4621,26.1735,6.54337
82.9731,16.6631,93.9527,2.81805,52.2197,0.790366,0.442289,-0.896873,0.99725,0.0741174,2977.67,2506.33,2765.33,847,869.667,239,0,0,2082.33,2601.58,306.178,1436.36,896.438,732.639,948.406,71.0049,29.014,16.5568,15.8787,-3.66453,-3.66453,35.0621,8.76553
88.0275,16.7669,92.0441,2.54351,55.2826,0.821971,0.382683,-0.92388,0.99725,0.0741174,4919.33,2977.67,2506.33,2157,1471.67,371,0,0,2205,3292.17,954.158,1815.39,1255.5,937.611,1251.18,81.4534,32.6818,16.6278,15.9352,5.0544,5.0544,41.7939,10.4485
112.236,16.7264,89.5581,2.18441,58.2268,0.850139,0.321439,-0.94693,0.99725,0.0741174,4442.67,4919.33,2977.67,2765.33,1363.33,541.333,0,0,1950.67,3711.5,998.049,2140.5,1382.22,1122.72,1416.49,92.4686,37.3584,16.6857,15.9918,24.2087,24.2087,44.0607,11.0152
119.411,16.9069,87.1345,4.19934,61.0153,0.874749,0.258819,-0.965926,0.99725,0.0741174,5084,4442.67,4919.33,2506.33,896.333,469.667,0,0,1453.67,4355.92,829.856,2525.03,1500.68,1334.56,1600.9,100.662,42.3338,16.7658,16.0577,7.1752,7.1752,32.7738,8.19345
138.759,16.8703,87.1921,3.12369,63.5978,0.895695,0.19509,-0.980785,0.99725,0.0741174,2999,5084,4442.67,2977.67,847,869.667,0,0,1787.67,4361.25,821.002,2702.47,1418.07,1459.51,1608.87,114.609,48.1155,16.8176,16.123,19.3479,19.3479,55.7863,13.9466
97.9109,16.9605,86.9148,2.88961,65.9075,0.912888,0.130526,-0.991445,0.99725,0.0741174,3945,2999,5084,4919.33,2157,1471.67,0,0,2289.33,4117.67,761.685,2908.58,1403.87,1623.89,1652.3,117.079,52.1951,16.866,16.192,-40.8484,-40.8484,9.88347,2.47087
104.995,16.9475,87.8374,2.4872,67.8581,0.926253,0.0654031,-0.997859,0.99725,0.0741174,4689,3945,2999,4442.67,2765.33,1363.33,0,0,2892.67,4179.25,794.714,3185.72,1399.73,1819.26,1724.39,115.269,56.5699,16.9213,16.2611,7.08407,7.08407,-7.2412,-1.8103
150.797,17.0474,87.835,2.4286,69.3471,0.935734,1.22465e-16,-1,0.99725,0.0741174,6602.33,4689,3945,5084,2506.33,896.333,0,0,4102.33,4558.83,1323.13,3661.22,1506.36,2094.36,1926.96,123.115,62.8531,16.9564,16.3328,45.8017,45.8017,31.3853,7.84632
164.28,17.2357,87.0008,2.35269,70.2694,0.94129,-0.0654031,-0.997859,0.99725,0.0741174,6776.67,6602.33,4689,2999,2977.67,847,0,0,3123.67,5503.25,1216.63,4155.36,1474.38,2376.72,2089.06,129.496,69.6981,17.0478,16.4063,13.4833,13.4833,25.5207,6.38017
146.043,17.5147,85.7038,2.48516,70.544,0.942898,-0.130526,-0.991445,0.99725,0.0741174,5680,6776.67,6602.33,3945,4919.33,2157,0,0,4027,5937,832.355,4448.94,1395.9,2613.39,2127.78,141.529,75.3806,17.1863,16.4832,-18.2371,-18.2371,48.132,12.033
159.204,17.5393,85.8395,2.4974,70.1441,0.94055,-0.19509,-0.980785,0.99725,0.0741174,5223.33,5680,6776.67,4689,4442.67,2765.33,0,0,1930.33,6070.58,642.592,4653.78,1311.61,2831.03,2116.44,155.081,81.2859,17.3343,16.5636,13.1611,13.1611,54.209,13.5522
147.898,17.5249,85.8129,2.25958,69.1083,0.934256,-0.258819,-0.965926,0.99725,0.0741174,5009.33,5223.33,5680,6602.33,5084,2506.33,108,0,2057.67,5672.33,682.052,4862.36,1141.52,3035.25,2079.99,154.356,86.6327,17.4536,16.6373,-11.306,-11.306,-2.89867,-0.724667
102.345,17.5585,84.5356,2.37652,67.5248,0.924045,-0.321439,-0.94693,0.99725,0.0741174,4212.33,5009.33,5223.33,6776.67,2999,2977.67,239,0,3681.67,5031.25,531.243,4965.25,1015.72,3200.81,2007.71,138.872,89.9481,17.5343,16.71,-45.5534,-45.5534,-61.9354,-15.4838
120.082,17.5793,84.5127,2.14171,65.4997,0.909959,-0.382683,-0.92388,0.99725,0.0741174,5518.33,4212.33,5009.33,5680,3945,4919.33,371,0,2302,4990.83,484.437,5015.17,1026.89,3415.28,1968.51,132.382,93.8241,17.5505,16.7839,17.7375,17.7375,-25.9608,-6.4902
146.809,17.6189,84.4562,2.35759,63.1333,0.89206,-0.442289,-0.896873,0.99725,0.0741174,5021,5518.33,4212.33,5223.33,4689,4442.67,541.333,0,2221.67,4940.25,467.797,5063.36,1012.36,3601.93,1898.28,129.283,98.5749,17.5704,16.8512,26.7265,26.7265,-12.3953,-3.09883
141.011,17.7792,84.0839,2.07113,60.508,0.870425,-0.5,-0.866025,0.99725,0.0741174,5451.67,5021,5518.33,5009.33,6602.33,5084,469.667,0,2746.67,5050.83,520.383,5094,1018.07,3809.51,1814.98,127.562,102.893,17.634,16.9257,-5.79733,-5.79733,-6.88667,-1.72167
155.025,17.7711,84.6199,1.79843,57.6876,0.845146,-0.55557,-0.83147,0.99725,0.0741174,5367.33,5451.67,5021,4212.33,6776.67,2999,869.667,0,2787.33,5339.58,191.559,5291.36,798.744,3996.92,1732.06,140.732,107.761,17.6871,16.9948,14.014,14.014,52.6807,13.1702
153.365,17.6928,83.9552,1.53675,54.7193,0.816332,-0.608761,-0.793353,0.99725,0.0741174,5342.33,5367.33,5451.67,5518.33,5680,3945,1471.67,0,1751,5295.58,163.624,5407.81,688.18,4158.19,1668.46,149.053,112.299,17.7155,17.0547,-1.66067,-1.66067,33.2825,8.32063
151.554,17.8327,83.497,1.85044,51.6383,0.784108,-0.659346,-0.75184,0.99725,0.0741174,4598.33,5342.33,5367.33,5021,5223.33,4689,1363.33,0,3066,5189.92,343.944,5400.25,696.478,4292.99,1564.67,150.239,116.339,17.7689,17.1214,-1.81067,-1.81067,4.74533,1.18633
134.086,17.8043,83.8196,1.70679,48.4703,0.748612,-0.707107,-0.707107,0.99725,0.0741174,3224,4598.33,5342.33,5451.67,5009.33,6602.33,896.333,0,3975.67,4633,870.184,5118.72,824.669,4389.97,1416.22,148.508,119.407,17.7752,17.1807,-17.468,-17.468,-6.92533,-1.73133
101.775,17.5368,84.1577,2.23187,45.2347,0.709997,-0.75184,-0.659346,0.99725,0.0741174,3586,3224,4598.33,5367.33,4212.33,6776.67,847,0,4378.67,4187.67,835.548,4852.83,759.003,4504.1,1223.34,135.195,121.651,17.7167,17.2267,-32.3107,-32.3107,-53.25,-13.3125
100.435,17.5447,84.2774,1.97973,41.946,0.66843,-0.793353,-0.608761,0.99725,0.0741174,3742.33,3586,3224,5342.33,5518.33,5680,2157,0,4433,3787.67,504.387,4691.36,771.857,4570.15,1134.39,121.963,123.91,17.6796,17.271,-1.34007,-1.34007,-52.9294,-13.2324
120.204,17.4101,83.4173,1.87329,38.6154,0.624089,-0.83147,-0.55557,0.99725,0.0741174,2322.33,3742.33,3586,4598.33,5021,5223.33,2765.33,0,2423.67,3218.67,550.591,4449.61,990.671,4551.69,1166.75,114.125,126.078,17.574,17.3091,19.7687,19.7687,-31.3501,-7.83752
83.8542,17.6385,82.3445,1.65575,35.2515,0.577167,-0.866025,-0.5,0.99725,0.0741174,2695,2322.33,3742.33,3224,5451.67,5009.33,2506.33,0,2990.67,3086.42,595.156,4256.75,1083.83,4559.56,1153.5,101.567,125.962,17.5325,17.3529,-36.3497,-36.3497,-50.2318,-12.558
89.2487,17.6751,83.2825,1.33384,31.8615,0.527867,-0.896873,-0.442289,0.99725,0.0741174,2785,2695,2322.33,3586,5367.33,4212.33,2977.67,0,2252.33,2886.17,523.858,4137.81,1157.96,4551.53,1165.09,98.4355,126.223,17.5671,17.3951,5.39453,5.39453,-12.5266,-3.13165
95.3255,17.8312,83.6132,1.40784,28.4508,0.476404,-0.92388,-0.382683,0.99725,0.0741174,2793.33,2785,2695,3742.33,5342.33,5518.33,4919.33,0,1741.67,2648.92,192.455,3910.72,1131.86,4462.94,1213.57,97.1581,126.527,17.6387,17.4394,6.07673,6.07673,-5.1098,-1.27745
91.5436,17.9738,83.4213,1.42216,25.0244,0.423004,-0.94693,-0.321439,0.99725,0.0741174,2889.33,2793.33,2785,2322.33,4598.33,5021,4442.67,0,3366.67,2790.67,68.7867,3733.08,1110.75,4398.22,1253.69,89.993,125.665,17.7796,17.4914,-3.78187,-3.78187,-28.6603,-7.16508
101.99,18.0413,83.0269,1.13646,21.5863,0.367902,-0.965926,-0.258819,0.99725,0.0741174,1530.67,2889.33,2793.33,2695,3224,5451.67,5084,0,3231.33,2499.58,560.905,3406.33,1133.62,4250.17,1368.52,94.527,124.939,17.8803,17.5387,10.4466,10.4466,18.136,4.534
67.8462,18.1554,83.0137,1.37138,18.1406,0.31135,-0.980785,-0.19509,0.99725,0.0741174,986,1530.67,2889.33,2785,3586,5367.33,2999,0,1376.33,2049.83,815.296,3041.22,1148.7,4166.29,1498.17,89.1764,121.984,18.0004,17.5922,-34.144,-34.144,-21.4025,-5.35063
57.4726,18.1057,83.5799,1.41185,14.6916,0.253616,-0.991445,-0.130526,0.99725,0.0741174,569,986,1530.67,2793.33,3742.33,5342.33,3945,0,842,1493.75,874.927,2643.44,1108.76,4025.62,1661.89,79.7132,120.3,18.069,17.6399,-10.3736,-10.3736,-37.8529,-9.46322
0,17.0374,99.9291,3.33808,-12.2139,-0.211561,0.991445,0.130526,0.998377,0.0569522,0,0,0,0,0,0,0,569,0,0,0,0,0,0,0,0,0,17.155,17.5163,0,0,0,0
0,17.1931,99.8854,2.4968,-8.77534,-0.152561,0.997859,0.0654031,0.998377,0.0569522,0,0,0,0,0,0,0,213,0,0,0,0,0,0,0,0,0,17.1234,17.4718,0,0,0,0
0,17.1255,99.906,2.70283,-5.32571,-0.0928173,1,6.12323e-17,0.998377,0.0569522,0,0,0,0,0,0,0,130,0,0,0,0,0,0,0,0,0,17.0815,17.4264,0,0,0,0
0,17.1545,99.8914,2.28122,-1.86744,-0.0325871,0.997859,-0.0654031,0.998377,0.0569522,0,0,0,0,0,0,0,40.6667,0,0,0,0,0,0,0,0,0,17.1276,17.3846,0,0,0,0
11.9418,17.1685,99.9003,2.49515,1.90657,0.0332698,0.991445,-0.130526,0.998377,0.0569522,0,0,0,0,0,0,0,0,0,0,0,0,0,0,0,2.98545,0.497575,17.1604,17.3502,11.9418,11.9418,11.9418,2.98545
19.027,17.0694,99.903,2.51768,5.22493,0.091066,0.980785,-0.19509,0.998377,0.0569522,0,0,0,0,0,0,0,0,0,0,0,0,0,0,0,7.7422,1.29037,17.1295,17.3094,7.0852,7.0852,19.027,4.75675
21.3304,17.0761,99.9063,2.65852,8.64016,0.150228,0.965926,-0.258819,0.998377,0.0569522,114.333,0,0,0,0,0,0,0,108,28.5833,49.5078,9.52778,31.6001,4.76389,22.8468,13.0748,2.17913,17.1171,17.2733,2.3034,2.3034,21.3304,5.3326
24.2082,17.1395,99.9011,2.57677,12.083,0.209329,0.94693,-0.321439,0.998377,0.0569522,168.333,114.333,0,0,0,0,0,0,239,70.6667,73.2003,23.5556,53.8128,11.7778,39.8325,19.1269,3.18781,17.1134,17.2515,2.8778,2.8778,24.2082,6.05205
27.4605,17.1419,99.8906,2.80964,15.5349,0.267825,0.92388,-0.382683,0.998377,0.0569522,312,168.333,114.333,0,0,0,0,0,371,148.667,112.189,49.5556,95.4302,24.7778,71.8847,23.0065,4.33199,17.1067,17.2366,3.25227,3.25227,15.5187,3.87967
34.4279,17.1149,99.913,2.6994,18.9877,0.325365,0.896873,-0.442289,0.998377,0.0569522,251,312,168.333,0,0,0,0,0,541.333,211.417,75.7714,70.4722,108.841,35.2361,84.6451,26.8568,5.76649,17.1181,17.2225,6.96747,6.96747,15.4009,3.85023
34.1475,17.0829,99.9012,2.90005,22.4366,0.38166,0.866025,-0.5,0.998377,0.0569522,422.333,251,312,114.333,0,0,0,0,469.667,288.417,92.6146,105.667,143.217,52.8333,114.223,30.061,7.1893,17.1198,17.2163,-0.280467,-0.280467,12.8171,3.20427
36.0694,17.0807,99.9096,2.32061,25.8775,0.436448,0.83147,-0.55557,0.998377,0.0569522,623.667,422.333,251,168.333,0,0,0,0,869.667,402.25,141.819,157.639,198.091,78.8194,160.725,33.0263,8.69219,17.1051,17.1994,1.92193,1.92193,11.8612,2.9653
40.8813,16.9903,99.916,2.79129,29.3065,0.489482,0.793353,-0.608761,0.998377,0.0569522,902.333,623.667,422.333,312,0,0,0,0,1471.67,549.833,242.521,232.833,278.799,116.417,228.948,36.3815,10.3956,17.0672,17.1824,4.81193,4.81193,13.4209,3.35522
51.2705,17.0821,99.9188,2.89528,32.7195,0.540527,0.75184,-0.659346,0.998377,0.0569522,1612,902.333,623.667,251,0,0,0,0,1363.33,890.083,450.3,367.167,462.249,183.583,374.887,40.5922,12.5319,17.059,17.1689,10.3892,10.3892,16.8426,4.21065
63.0065,17.0507,99.9219,3.1016,36.1117,0.589361,0.707107,-0.707107,0.998377,0.0569522,1520,1612,902.333,422.333,114.333,0,0,0,896.333,1164.5,414.689,493.833,545.112,246.917,457.757,47.8069,15.1571,17.051,17.1567,11.736,11.736,28.8591,7.21477
67.2953,16.9667,99.9139,3.01374,39.4772,0.635771,0.659346,-0.75184,0.998377,0.0569522,2212.67,1520,1612,623.667,168.333,0,0,0,847,1561.75,464.433,678.222,699.303,339.111,599.59,55.6134,17.9611,17.0225,17.1402,4.28873,4.28873,31.2259,7.80647
67.4331,17.0022,99.9176,2.77847,42.809,0.679556,0.608761,-0.793353,0.998377,0.0569522,2648,2212.67,1520,902.333,312,0,0,0,2157,1998.17,459.908,898.889,851.666,449.444,751.444,62.2514,20.7708,17.0254,17.1275,0.137867,0.137867,26.5518,6.63795
77.4241,16.9157,99.9033,2.42923,46.0981,0.720528,0.55557,-0.83147,0.998377,0.0569522,2760.33,2648,2212.67,1612,251,0,0,0,2765.33,2285.25,486.869,1128.92,945.429,564.458,874.946,68.7898,23.9968,16.9838,17.1124,9.991,9.991,26.1536,6.5384
70.8988,16.9471,99.9083,2.46278,49.3331,0.75851,0.5,-0.866025,0.998377,0.0569522,3910,2760.33,2648,1520,422.333,114.333,0,0,2506.33,2882.75,627.365,1445.22,1162.99,727.375,1091.82,70.7628,26.9509,16.9579,17.1009,-6.52533,-6.52533,7.89227,1.97307
115.875,16.9687,99.9276,2.18307,52.4987,0.793339,0.442289,-0.896873,0.998377,0.0569522,3960,3910,2760.33,2212.67,623.667,168.333,0,0,2977.67,3319.58,616.95,1761.19,1282.12,892.375,1256.27,82.9079,31.7791,16.9584,17.0896,44.9767,44.9767,48.5802,12.1451
105.345,17.0247,99.9068,2.16441,55.5748,0.824865,0.382683,-0.92388,0.998377,0.0569522,4756,3960,3910,2648,902.333,312,0,0,4919.33,3846.58,711.313,2131.53,1441.9,1090.54,1458.68,92.3857,36.1684,16.9641,17.0798,-10.5309,-10.5309,37.9114,9.47785
123.96,17.1849,99.9289,1.9017,58.5342,0.852952,0.321439,-0.94693,0.998377,0.0569522,5052.67,4756,3960,2760.33,1612,251,0,0,4442.67,4419.67,496.201,2531.67,1528.19,1301.07,1639.5,104.02,41.3334,17.0314,17.0742,18.6156,18.6156,46.536,11.634
137.03,17.2731,99.921,2.21573,61.3399,0.87748,0.258819,-0.965926,0.998377,0.0569522,5943,5052.67,4756,3910,1520,422.333,0,0,5084,4927.92,709.291,2991.72,1650.06,1548.69,1858.48,120.553,47.043,17.1129,17.0734,13.0699,13.0699,66.1312,16.5328
145.987,17.379,99.8981,2.39431,63.9412,0.898344,0.19509,-0.980785,0.998377,0.0569522,6011.67,5943,5052.67,3960,2212.67,623.667,0,0,2999,5440.83,547.196,3440.72,1677.44,1799.18,2030.07,128.081,53.1258,17.2154,17.0904,8.95733,8.95733,30.1119,7.52797
164.423,17.5035,99.9281,2.16621,66.2702,0.915454,0.130526,-0.991445,0.998377,0.0569522,7386.67,6011.67,5943,4756,2648,902.333,0,0,3945,6098.5,834.395,3981.08,1811.74,2106.96,2278.69,142.85,59.9768,17.3351,17.1098,18.436,18.436,59.0788,14.7697
181.305,17.7863,98.843,1.9648,68.2387,0.928736,0.0654031,-0.997859,0.998377,0.0569522,7610,7386.67,6011.67,5052.67,2760.33,1612,0,0,4689,6737.83,764.973,4480.92,1913.71,2424.04,2483.69,157.186,67.5312,17.4855,17.1345,16.8813,16.8813,57.3445,14.3361
198.453,17.978,91.619,2.71389,69.7407,0.938135,1.22465e-16,-1,0.998377,0.0569522,9562.67,7610,7386.67,5943,3910,1520,0,0,6602.33,7642.75,1266.21,5151.14,2152.79,2822.49,2808.64,172.542,75.8,17.6617,17.1701,17.148,17.148,61.4227,15.3557
253.356,17.9144,90.316,3.52944,70.6669,0.94361,-0.0654031,-0.997859,0.998377,0.0569522,9036,9562.67,7610,6011.67,3960,2212.67,0,0,6776.67,8398.83,922.934,5719.75,2202.12,3198.99,3003.9,199.384,86.3565,17.7955,17.2017,54.9033,54.9033,107.369,26.8422
226.547,17.8756,87.4095,2.48953,70.9329,0.945137,-0.130526,-0.991445,0.998377,0.0569522,11388.7,9036,9562.67,7386.67,4756,2648,0,0,5680,9399.33,1352.58,6448.14,2492.09,3673.51,3341.63,214.915,95.2984,17.8886,17.2312,-26.8093,-26.8093,62.1233,15.5308
284.189,18.3361,86.1263,2.75962,70.5117,0.94271,-0.19509,-0.980785,0.998377,0.0569522,8963.33,11388.7,9036,7610,5052.67,2760.33,0,0,5223.33,9737.67,980.861,6965.06,2310.23,4046.99,3410.37,240.636,106.347,18.026,17.284,57.642,57.642,102.884,25.721
237.645,18.2093,85.7002,2.85671,69.4456,0.936339,-0.258819,-0.965926,0.998377,0.0569522,13897.3,8963.33,11388.7,9562.67,5943,3910,114.333,0,5009.33,10821.3,2026.28,7797.33,2805.6,4621.28,3833.97,250.434,115.36,18.0839,17.3312,-46.5433,-46.5433,39.1927,9.79817
307.489,18.3709,85.8554,2.81222,67.8276,0.926053,-0.321439,-0.94693,0.998377,0.0569522,13723.3,13897.3,8963.33,9036,6011.67,3960,168.333,0,4212.33,11993.2,2010.26,8610.94,2984.76,5186.07,4123.84,263.967,127.163,18.198,17.3825,69.8433,69.8433,54.1327,13.5332
349.262,18.5863,85.0006,2.60136,65.7685,0.911895,-0.382683,-0.92388,0.998377,0.0569522,15264,13723.3,13897.3,11388.7,7386.67,4756,312,0,5518.33,12962,2384.48,9486.61,3254.57,5809.07,4456.45,294.646,140.572,18.3757,17.4427,41.7733,41.7733,122.715,30.6788
357.806,18.7509,84.5314,3.19387,63.3708,0.893926,-0.442289,-0.896873,0.998377,0.0569522,16941,15264,13723.3,8963.33,7610,5052.67,251,0,5021,14956.4,1291.83,10477.3,3550.08,6504.49,4822.09,313.051,154.046,18.4793,17.5108,8.544,8.544,73.6173,18.4043
399.483,18.8178,84.3507,2.95751,60.7181,0.872224,-0.5,-0.866025,0.998377,0.0569522,14835.3,16941,15264,13897.3,9562.67,5943,422.333,0,5451.67,15190.9,1156.33,11218.3,3453.02,7105.03,4923.65,353.51,169.268,18.6315,17.5831,41.6773,41.6773,161.838,40.4595
371.452,18.8228,83.6262,2.76663,57.8741,0.846882,-0.55557,-0.83147,0.998377,0.0569522,16123,14835.3,16941,13723.3,9036,6011.67,623.667,0,5367.33,15790.8,809.9,12060.9,3310.42,7750.83,5046.13,369.501,183.242,18.7444,17.6557,-28.0313,-28.0313,63.9633,15.9908
408.83,18.8491,84.0973,3.2697,54.8859,0.818009,-0.608761,-0.793353,0.998377,0.0569522,13583,16123,14835.3,15264,11388.7,7386.67,902.333,0,5342.33,15370.6,1276.16,12577.3,3010.74,8279.19,4964.6,384.393,198.574,18.8101,17.7332,37.378,37.378,59.568,14.892
337.845,18.8467,84.2336,2.92787,51.7881,0.785729,-0.659346,-0.75184,0.998377,0.0569522,10972,13583,16123,16941,8963.33,7610,1612,0,4598.33,13878.3,1903.18,12857.5,2672.95,8669.19,4790.11,379.403,210.514,18.8341,17.8067,-70.9847,-70.9847,-19.9607,-4.99017
301.243,19.0466,84.0505,2.28233,48.6061,0.750181,-0.707107,-0.707107,0.998377,0.0569522,10653,10972,13583,14835.3,13897.3,9562.67,1520,0,3224,12832.8,2213.73,12948.3,2576.18,9049.74,4564.5,354.843,220.441,18.8913,17.8899,-36.602,-36.602,-98.24,-24.56
275.346,19.0097,83.9121,1.78763,45.3587,0.711519,-0.75184,-0.659346,0.998377,0.0569522,9652.67,10653,10972,16123,13723.3,9036,2212.67,0,3586,11215.2,1451.14,12999.7,2502.73,9359.74,4336.59,330.816,229.109,18.938,17.975,-25.8973,-25.8973,-96.106,-24.0265
