actual,predicted,error,abs_error,pv_power_w_lag_1,pv_power_w_lag_0,pv_power_w_lag_8
7020.67,19639.9,12619.2,12619.2,17887.3,13524,25670
3863.67,3603.01,-260.657,260.657,16612.7,13713.3,36458.7
36303.7,34003,-2300.64,2300.64,41460.3,41622.3,37386
25195.3,23490.3,-1705.04,1705.04,9033,10170.7,0
9762.67,9393.46,-369.208,369.208,7830.33,10111,5353.33
5739.67,18620.5,12880.8,12880.8,9388.33,11065.7,9499.33
5176.33,3165.54,-2010.8,2010.8,0,41.3333,0
2158.33,10084.7,7926.36,7926.36,378.667,941,0
19876,22744.2,2868.23,2868.23,4819.33,7462.67,0
35371.3,40784.2,5412.83,5412.83,20835,23615.7,1822
22378.7,24184.9,1806.23,1806.23,18398,19721.7,7696.33
21694,30664.2,8970.23,8970.23,31993.3,30379.7,24842.7
4813.67,7194.6,2380.93,2380.93,0,176,0
29919.3,28755.8,-1163.54,1163.54,25682,30317.3,7002
4166.67,6202.37,2035.7,2035.7,19903.3,17173,37910.7
32742.7,31552.1,-1190.58,1190.58,34676,29796.3,16736.3
8832.33,7715.8,-1116.53,1116.53,4496.33,12690.7,42114.7
2793.33,15620.7,12827.3,12827.3,3586,3742.33,5518.33
18292.3,29522.6,11230.2,11230.2,11661,18008.7,3003
26246.3,27784.6,1538.22,1538.22,16771.7,13809.7,5289.33
1864.67,1778.85,-85.8126,85.8126,12817,9400.67,21089
7418.67,23444.3,16025.6,16025.6,19235,14861.3,21799
6910.67,10286.7,3376.04,3376.04,2162.33,2706.33,0
2326.33,3606.66,1280.33,1280.33,8712.67,8550.67,22043.7
2980.33,5069.78,2089.45,2089.45,1152.67,1873.33,90.3333
10170.7,10491.9,321.205,321.205,880.667,2038,0
2156.67,6469.98,4313.31,4313.31,13279.3,11021,31737
7785,11885.3,4100.35,4100.35,5739.67,4159.67,12115.7
2905,10571,7666.03,7666.03,6990,6131,13254
19264.3,21750.4,2486.04,2486.04,10101,12271.7,2018.33
3771,7634.73,3863.73,3863.73,7491,7672.67,6071
1852,2787.56,935.561,935.561,13051.7,10229.3,31625.3
28847.7,16410.6,-12437.1,12437.1,18179.7,16666.3,1426.67
3544.67,10182.2,6637.58,6637.58,2987,2520.33,3515.33
9017,11547.6,2530.57,2530.57,640,1664,0
38654,30596.9,-8057.07,8057.07,43678,42621,38260.3
26381.3,23824.6,-2556.74,2556.74,11963.7,14998,0
3371.33,875.071,-2496.26,2496.26,0,0,0
16123,31893.8,15770.8,15770.8,13897.3,13723.3,6011.67
6632,13494.7,6862.74,6862.74,1280.67,2900.67,0
372.333,1179.2,806.868,806.868,9027,6703,27518.7
4258.33,7937.94,3679.61,3679.61,5287.67,5963.67,89.6667
0,-542.902,-542.902,542.902,832.667,837.333,7536.67
24819,22370.1,-2448.86,2448.86,35725,36050,9869.33
42621,39897.1,-2723.91,2723.91,42150,42297.7,30733.3
37527.3,29849.5,-7677.79,7677.79,42431.3,41345.7,41568
9887.67,18141.4,8253.78,8253.78,5430.67,6381.67,17568
10371.3,10286.8,-84.5775,84.5775,554,1805.67,0
39181.7,29370.5,-9811.19,9811.19,43505.3,43021,40269
4499,9255,4756,4756,8862.33,7491,3354
24564,24699.7,135.732,135.732,9854.33,8778,0
8061.33,10547.7,2486.32,2486.32,16506.3,19214,28801.7
916.333,2252.58,1336.24,1336.24,10351.3,7930.33,28306.3
27265,20797.1,-6467.9,6467.9,26003.3,22631.7,25428.3
6980.33,7856.76,876.423,876.423,6703.33,6623.33,1873.33
32949.3,24916.4,-8032.96,8032.96,25327,39065,18713
147.667,966.259,818.592,818.592,0,0,0
30589.3,21210.8,-9378.54,9378.54,33618.3,33420.7,18104.7
25437,13979.5,-11457.5,11457.5,7195,5430.33,2059.33
43883.7,41478.3,-2405.32,2405.32,43206,43646,30236
3077,1204.57,-1872.43,1872.43,2779.33,2485,9716
2506.33,6277.01,3770.68,3770.68,1363.33,896.333,108
16199,27632.8,11433.8,11433.8,23557,23045,16564.7
10230.3,20476,10245.7,10245.7,24893.3,14407.3,20158
12036.3,11893.3,-143.033,143.033,2038,3533.33,0
1943,466.278,-1476.72,1476.72,0,0,0
23567,25236.8,1669.8,1669.8,17873.3,18067.3,19179.7
1055,4511.3,3456.3,3456.3,13759.7,9066.67,29155.7
8836,13486.1,4650.07,4650.07,28387.7,25235.3,33629.7
27933,25742.5,-2190.5,2190.5,38205.7,36986.3,43411.3
13444.7,12789.3,-655.34,655.34,28797,26140.7,42497
10473.7,5857.76,-4615.91,4615.91,1853.67,2563,0
39600.7,40449.4,848.764,848.764,31422,33708.3,10509.7
16536.3,13600.5,-2935.88,2935.88,3373.33,5560.33,0
28889,30717.6,1828.6,1828.6,14985,17884.7,185
19031.3,19136.1,104.763,104.763,33233.7,30565,43358
30964,29195.8,-1768.23,1768.23,15784.7,18720.3,64
18989.3,22198.1,3208.81,3208.81,31603,29570.7,40583
53.3333,516.194,462.861,462.861,0,0,0
4572.67,1899.24,-2673.42,2673.42,0,0,0
20013.3,21643.3,1629.96,1629.96,5067.33,7544.67,0
39944,39322.5,-621.472,621.472,41899.7,41396.3,35553.3
5366,6946.06,1580.06,1580.06,2467.67,4115,1506
463.667,3206.9,2743.23,2743.23,3179,2197.67,6979.67
7406,14346.6,6940.63,6940.63,10535,8502,13422.7
17616.7,42802.8,25186.1,25186.1,11192,17256.7,9325.33
12528.3,9120.04,-3408.29,3408.29,209.667,1271,0
18720.3,16756.3,-1964.08,1964.08,3973,6584.67,0
21440.7,25821.9,4381.19,4381.19,38554,30193.3,43984.7
23429,31363.7,7934.72,7934.72,34054,32221.3,37451.3
1748.33,487.92,-1260.41,1260.41,3778.67,2338,9256.33
7491.67,6285.98,-1205.69,1205.69,0,193,0
4003,7188.9,3185.9,3185.9,625.667,2705.67,0
1378.67,3899.49,2520.83,2520.83,73.3333,323.667,0
28818.7,33014,4195.37,4195.37,22999,30923.3,9033
7845.33,7343.16,-502.172,502.172,22290,18830.3,38644
36418.7,35928,-490.663,490.663,28604.3,26924.3,19975.7
7813,4741.79,-3071.21,3071.21,8308,5785.33,30600.7
44906.3,39338.7,-5567.61,5567.61,41641.3,43141.7,23159.3
546,1198.28,652.278,652.278,10354.3,7738,29570.7
19202.3,19382.4,180.078,180.078,12450.7,16921.7,1138.67
1266.67,888.023,-378.643,378.643,0,0,0
9196,7280.34,-1915.66,1915.66,272,1172.67,0
5968,9878.67,3910.67,3910.67,2800,2635.67,2176
3897,1918.92,-1978.08,1978.08,4648.67,5012.33,6980.33
33089.7,34733,1643.33,1643.33,19084.7,22331.3,1467.67
45396,33063.9,-12332.1,12332.1,43499.7,44937.3,29842.7
8775.33,5697.22,-3078.11,3078.11,23.6667,531,0
1852.67,3800.55,1947.88,1947.88,193.333,285.333,0
4784,8909.73,4125.73,4125.73,2027.33,3516.67,323.667
13739,12758.3,-980.668,980.668,29810.7,27011,43774.3
35649.7,29867.9,-5781.72,5781.72,30923.3,22389,10170.7
19655,15000.5,-4654.53,4654.53,5560.33,7945,0
3997,7352.97,3355.97,3355.97,1025.67,1135.67,0
87.3333,569.589,482.256,482.256,8286,5827,29810.7
25682,21171.6,-4510.37,4510.37,10420.7,16607.7,1383.33
1408.67,3513.31,2104.64,2104.64,19,109.333,0
7809.67,9666.62,1856.95,1856.95,24454,19628,40547.7
41345.7,32455.6,-8890.02,8890.02,42198.7,42760.7,32170
66.3333,74.145,7.81162,7.81162,5382.33,4129.67,24676
4263.33,9033.58,4770.25,4770.25,5963.67,7176,380.333
42165,44305.2,2140.17,2140.17,33519.3,30952.3,17398
229.667,964.963,735.296,735.296,0,0,0
23918.3,23661.8,-256.541,256.541,15969.3,22448,8447.33
2184.67,1287.28,-897.386,897.386,0,0,0
2338,3518.02,1180.02,1180.02,7905.33,9111,13158.3
373,456.834,83.8337,83.8337,0,0,0
3837.67,16784.4,12946.8,12946.8,24435.3,16022.7,30288.3
31360.7,26765.7,-4594.95,4594.95,13609.3,22697.7,259.667
2245.67,1280.92,-964.747,964.747,0,0,0
13759.7,11515.5,-2244.18,2244.18,23673.7,22293.7,27868.3
8159,7654.28,-504.719,504.719,24676,23948,39103.7
24120.3,24185.9,65.5538,65.5538,30200.7,32289,25382.3
4957.67,6208.98,1251.31,1251.31,21,410.667,0
17873.3,28765.7,10892.3,10892.3,25456.7,23878,9650
38147.7,30883.5,-7264.21,7264.21,38304,38170,18442.3
16513.3,22811.3,6297.98,6297.98,9183.67,9854.33,0
4835.33,2173.38,-2661.95,2661.95,6672.67,7813,9646.67
36840,33237.9,-3602.14,3602.14,43399,42948.7,43094.7
128.333,4510.06,4381.73,4381.73,4945.67,2618,25803.7
43928.3,42027.6,-1900.77,1900.77,43141,43147.7,31172.3
39385.3,36616.9,-2768.44,2768.44,38596.3,28818.7,17676
1041.33,458.499,-582.835,582.835,0,0,0
211.333,2735.28,2523.95,2523.95,1864,1557.67,4623
46790,47894.5,1104.53,1104.53,41337.3,42845,22584.3
16038,17082.3,1044.27,1044.27,9775.67,12528.3,0
14642.7,7846.1,-6796.57,6796.57,680.667,1721,0
5479.33,6458.12,978.791,978.791,812,2059.33,0
1025.67,2793.66,1767.99,1767.99,0,0,0
5353.33,7876.11,2522.78,2522.78,2091.67,1920,0
32571.7,31405.3,-1166.35,1166.35,25028.7,44491.7,16071.3
45300,40130.7,-5169.31,5169.31,37373.3,39223,16767.7
23988.3,28878,4889.67,4889.67,8876,11696.3,0
7649.33,8815.82,1166.49,1166.49,21639,18980.7,37229.3
2367.33,4483.88,2116.55,2116.55,13979,10798.3,31084
32382,32687.3,305.338,305.338,39514.3,38021.7,41252
2455.67,1473.53,-982.136,982.136,0,0,0
20627.3,30547.5,9920.19,9920.19,12680.3,13936,11403.7
9231.33,15051.8,5820.42,5820.42,4957.67,5995,0
24333.3,22939.6,-1393.69,1393.69,9590.67,12584.3,0
5067,7865.71,2798.71,2798.71,0,166,0
36986.3,32921.8,-4064.58,4064.58,42398.7,41463.7,42859.7
30702.3,23569.9,-7132.4,7132.4,10323,23957,1127.67
39904.7,32902.4,-7002.28,7002.28,41773,43268.7,28604.3
4179,5058.74,879.736,879.736,918.333,1622.67,0
30510,28282,-2228.01,2228.01,13809.7,14000.7,6050.67
8082.67,7759.64,-323.024,323.024,443,1231,0
2221.67,12133.2,9911.56,9911.56,4027,1930.33,1950.67
10798.3,10400,-398.308,398.308,24036.7,21757.3,37422
39090.7,34368.7,-4721.98,4721.98,42721,41940.3,35719.7
1396.33,4135.41,2739.07,2739.07,3435.67,3139.67,5705
12264.3,27508.4,15244.1,15244.1,19975,18731.7,19650.7
34314,29763.1,-4550.94,4550.94,40793,28287,17486.3
31776.3,24880.7,-6895.63,6895.63,39103.7,38324.3,41884.7
27132,31441.5,4309.54,4309.54,37441.3,35508.7,41270.7
1339.33,4507.13,3167.8,3167.8,6663.33,6875,19235
17622,21026.6,3404.64,3404.64,3936.67,6058.33,0
18509.3,16250.9,-2258.48,2258.48,18957.7,20051.7,18186
661.667,1685.53,1023.86,1023.86,0,0,0
35740.3,27053.5,-8686.79,8686.79,22979.3,20158,9926.33
20650.7,26468.1,5817.44,5817.44,28419.7,36331.7,17512.3
15911,25150.5,9239.52,9239.52,20148.3,18745.3,35419.3
1606.67,3523.44,1916.77,1916.77,11814.3,8731.67,28647.3
1162,-656.77,-1818.77,1818.77,0,0,0
3459,3609.96,150.956,150.956,11559.7,9648,34363.7
10354.3,10343.9,-10.4596,10.4596,24128,21641.3,39017
22108,26118.5,4010.49,4010.49,11911.3,14548.3,896.333
45819.3,30050.5,-15768.9,15768.9,47257,47125.3,37974.7
988,2639.88,1651.88,1651.88,182,145.333,0
35278.7,19667.8,-15610.8,15610.8,41583.7,40781,14836
43522.7,41702.9,-1819.79,1819.79,43222,43270.7,30964
41811,43649.2,1838.17,1838.17,40944,41559,29055
11304.3,16639.5,5335.14,5335.14,19702.3,13753.3,17402.7
117.667,2522.18,2404.51,2404.51,1951.67,3361.67,5739.67
264,1869.68,1605.68,1605.68,0,0,0
8794,7218.23,-1575.77,1575.77,4418.33,6505,918.333
436.667,3417.86,2981.19,2981.19,123,267.667,0
5385.67,4976.51,-409.157,409.157,19031.3,15738.7,37578
36701.7,33085.7,-3615.94,3615.94,42021,41392,39131.7
4100.67,6799.18,2698.51,2698.51,47.6667,413,0
9184.33,7543.46,-1640.87,1640.87,6830.67,8887.67,3696
18100.3,18171.4,71.1017,71.1017,5121.67,7601.33,1945.33
34880.7,32404.1,-2476.56,2476.56,41463.7,40474,43222
40011,34316.1,-5694.89,5694.89,44068.3,43928.3,40135.7
26777.3,21511.4,-5265.94,5265.94,9926.33,11534,4118.33
1323.33,6699.55,5376.22,5376.22,8173.33,6663.33,19554.3
8731.67,14403.3,5671.62,5671.62,21694,19323.7,34929.3
51,770.154,719.154,719.154,2020,751.333,11859
1234.33,1478.18,243.845,243.845,4297.67,2827.33,11448
20145.3,24588.9,4443.59,4443.59,10553,11911.3,176
25846.7,31910.8,6064.13,6064.13,35653.3,34054,37159.3
2110.67,4880.55,2769.88,2769.88,13199,10539.3,23298
11349,26302.4,14953.4,14953.4,9037.33,9325.33,0
16008.7,22013.4,6004.7,6004.7,27155.7,31264,36685.3
41149.3,24844.7,-16304.6,16304.6,29895.3,37363.7,27831
14407.3,24899.4,10492,10492,29666,35740.3,17073
11140.7,5703.98,-5436.69,5436.69,16999.7,18574.7,40110.7
39512.7,30183.2,-9329.5,9329.5,45135.3,44616,39031.7
3139.67,2426.7,-712.971,712.971,4623,4320.67,7297.33
5051.67,7847.71,2796.04,2796.04,451.667,1484.33,0
8432,9709.7,1277.7,1277.7,213.667,1267.33,0
1172.67,670.803,-501.864,501.864,0,0,0
1448,9870.58,8422.58,8422.58,9635,7394,25495
3366.67,9201.25,5834.59,5834.59,4433,2423.67,2221.67
41325.3,43859.1,2533.75,2533.75,39244.3,39450,23621.7
12199,12409.1,210.086,210.086,1051.67,2671.33,0
14062.3,29749.9,15687.6,15687.6,21802,20986.3,23188.3
7310,6971.56,-338.44,338.44,9844,8026,20747.3
4720,8496.83,3776.83,3776.83,20149.7,12590.7,37159
2170.67,4873.39,2702.73,2702.73,2485,3377,5898.67
101.333,-60.5739,-161.907,161.907,6468,5409.33,22393.3
1719.67,3874.32,2154.65,2154.65,8205,4694.33,7679.33
121.667,864.05,742.383,742.383,0,0,0
2327,5990.46,3663.46,3663.46,267.333,451.667,0
430,7252.07,6822.07,6822.07,267.667,1216.67,0
28712.7,23790.5,-4922.18,4922.18,13578.3,17065.3,0
7420.33,9503.82,2083.48,2083.48,512,1299,0
17021.3,14090.6,-2930.72,2930.72,7959.33,11570,6887.33
5029,13902.3,8873.29,8873.29,18429.7,14268,21239.7
16607.7,14915.2,-1692.46,1692.46,4100.67,4611.33,0
44292.7,41767.1,-2525.59,2525.59,42329,43206,27256
4182,10888,6706.04,6706.04,2336.33,2430.67,664.333
22030.7,28277.3,6246.67,6246.67,20145.3,22108,6339
20824.7,25191.4,4366.69,4366.69,21218,17873.3,18214
20429,17926.6,-2502.42,2502.42,35457.3,32856.7,46112.7
77.3333,6668.47,6591.13,6591.13,2030.33,1679,2780.67
2269,2336.92,67.9191,67.9191,13739,11079,35131
3266.33,3357.51,91.1738,91.1738,8840,12817,21368.7
10837.7,29870.8,19033.1,19033.1,18340,14688.7,27421
4945.67,11823.3,6877.67,6877.67,12875.3,9839,15435.7
2487.67,529.097,-1958.57,1958.57,0,0,0
6050.67,10183,4132.35,4132.35,586,1817.67,0
29129.3,25563.4,-3565.98,3565.98,40176.3,38579,45785.7
4498.33,7450.18,2951.84,2951.84,194,703.333,0
24014.7,21690.5,-2324.12,2324.12,37454,35131,45907.3
43314.3,42030.3,-1284.01,1284.01,39071.7,40446,22331.3
33235.3,32176.8,-1058.51,1058.51,25924.7,29227.3,5560.33
15937.7,27224.4,11286.7,11286.7,8347.33,10270.7,21.6667
800.333,680.044,-120.289,120.289,0,0,0
18656.7,19816.1,1159.48,1159.48,30851.7,28799,41583.7
11507,12513.7,1006.67,1006.67,4179,7569.67,0
5357.33,4771.9,-585.429,585.429,18094.3,15126.3,36459.7
26733,29997.9,3264.87,3264.87,36764,35171.7,29190.7
1474.67,2476.47,1001.81,1001.81,0,55,0
22954.3,20791.3,-2163.01,2163.01,7945,10652.7,0
3210,4752.94,1542.94,1542.94,1138.33,2447.67,0
15709.3,17358.9,1649.56,1649.56,29072.7,26423.3,40581.3
3371.67,606.979,-2764.69,2764.69,0,0,0
15126.3,15009.1,-117.24,117.24,29766.3,27186.3,42077.7
9916.33,8363.72,-1552.61,1552.61,16205.7,16999.7,40567.7
27503,26191.6,-1311.36,1311.36,24384.3,32571.7,26368.7
11997.3,15660.2,3662.87,3662.87,11499,13077.3,7498.33
1728.33,1800.38,72.0432,72.0432,0,0,0
9935.33,11635.4,1700.04,1700.04,5170.33,6892.67,2528
42114.7,46998.4,4883.75,4883.75,37422.7,38590,18631.7
3944.33,4725.12,780.783,780.783,3622,4896.67,6397
7804,23249.5,15445.5,15445.5,30600.7,14709,28254
795.667,1871.09,1075.42,1075.42,0,0,0
2164.33,5748.9,3584.56,3584.56,147.667,1633.33,0
17887.3,29723.9,11836.6,11836.6,27099.3,22898.3,19736.7
30915.3,32901.2,1985.84,1985.84,15901.3,19084.7,366.667
1860.33,233.454,-1626.88,1626.88,11304.3,9777,28387.7
34702.3,23668.7,-11033.6,11033.6,18395.3,21570.7,223.667
25428.3,31692.2,6263.86,6263.86,15011.7,15510.7,7995
23961.7,29413.7,5452.03,5452.03,10371.3,13045.7,0
14985,14152.9,-832.107,832.107,2671.33,4598.33,0
2430,1767.81,-662.194,662.194,0,0,0
4922,9566.86,4644.86,4644.86,6885.67,4499,5231
40979.7,39934.7,-1045.02,1045.02,38722.3,40046.3,23471.7
43678,40940.5,-2737.53,2737.53,40766.7,42150,28267
31955,27903.3,-4051.73,4051.73,17807.3,20372.3,359.333
7328.67,11901.3,4572.63,4572.63,6065.33,5692.67,0
3632.67,11112.2,7479.5,7479.5,5369.67,6370.33,4258.33
21693,21698.3,5.33685,5.33685,34738,32249.3,43021
132,672.327,540.327,540.327,0,0,0
212,1714.88,1502.88,1502.88,8051.33,6062.33,26364.7
28595.3,10992.2,-17603.1,17603.1,11202.3,12713,233
27186.3,24927.6,-2258.71,2258.71,38049,36459.7,43251
3749,3632.35,-116.651,116.651,16690.7,13492.7,34456.7
652,1265.83,613.83,613.83,11063.3,8374,31639.3
941,981.1,40.1002,40.1002,0,0,0
97.6667,878.141,780.475,780.475,7073.33,5364.67,15413.7
99,299.738,200.738,200.738,0,0,0
43783,40219,-3564,3564,45609,46125.7,37106
32349,23280.1,-9068.86,9068.86,28045.3,23461.3,5777.67
2591.33,9617.52,7026.18,7026.18,661.667,1701.67,0
4226,5633.72,1407.72,1407.72,2296,3177.33,193.333
32722.3,27635.6,-5086.74,5086.74,26379.7,31331.7,16177.3
14082,10613.3,-3468.7,3468.7,5176.33,5777.67,0
6181,7649.36,1468.36,1468.36,29.6667,902,0
3870,3503.25,-366.754,366.754,16666,13684.3,37009.3
382.667,2724.23,2341.57,2341.57,0,8.33333,0
3910,9873.82,5963.82,5963.82,1612,1520,114.333
18442.3,19516.8,1074.42,1074.42,14305.7,13973.7,0
2378.33,9533.98,7155.65,7155.65,1401.33,1636.33,166
10,2675.28,2665.28,2665.28,6642,3837.67,27872.7
8957.33,9454.02,496.685,496.685,2098,1906,0
40744,21428.7,-19315.3,19315.3,7475.33,11945.7,3261.33
9703,15140.5,5437.53,5437.53,13491.7,7710,32262.7
19432.7,29838.7,10406,10406,6058.33,8727.33,0
28287,26218.1,-2068.91,2068.91,24171,25953,14362.3
4523,12583.4,8060.44,8060.44,4284.33,4845,8435.67
13897.3,24219.1,10321.8,10321.8,7610,9562.67,3910
6923.67,10533.2,3609.56,3609.56,16008.7,14235.3,29603.3
7002,11402,4399.97,4399.97,1383.33,2638,0
13422.3,14166.2,743.848,743.848,2245.67,4037.67,0
3312.67,30354.1,27041.5,27041.5,4790.67,7600.67,699.333
7694.33,7974.6,280.264,280.264,22204.7,19485.7,38322
26497,32345.9,5848.91,5848.91,17512.3,20627.3,25609.3
14835.3,33631.1,18795.8,18795.8,8963.33,13897.3,5943
14927.7,25741.3,10813.6,10813.6,21239.7,19238,30496
22362,30454.1,8092.06,8092.06,17948.7,18461.7,512
3897.33,5188.97,1291.63,1291.63,2447.67,2720,0
9071,17560.1,8489.15,8489.15,4182,5381,1636.33
42707.3,35880.4,-6826.92,6826.92,46125.7,44773.7,39396.3
30332.7,36447.6,6114.89,6114.89,14645.3,17538.3,23.6667
31034.7,24967.5,-6067.17,6067.17,16183.3,19340.7,210.333
10668.3,10472.8,-195.555,195.555,4172,4179,0
2437.67,9995.05,7557.39,7557.39,1636.33,1738,320
3688,10138.2,6450.17,6450.17,7950.33,6885.67,6716
250.333,2288.83,2038.49,2038.49,3232.67,1865.67,8900.33
22477.7,26204.3,3726.6,3726.6,8432,11602.3,0
35329.7,31199.8,-4129.82,4129.82,42160.3,41333,37592.7
11782.3,13329.3,1547,1547,4928.33,5836.33,0
36881.7,33676.1,-3205.57,3205.57,42165.7,41475.3,40446
21657.7,18145.3,-3512.34,3512.34,20650.7,21368.7,26497
3488.33,3612.88,124.542,124.542,15126.3,12492,34738
41357.7,47526.1,6168.39,6168.39,30477,32935,11363
764.667,3578.78,2814.11,2814.11,0,96.3333,0
38208.7,33118.4,-5090.25,5090.25,26381.3,29585.3,5552.67
17884.7,21240.7,3356.03,3356.03,4598.33,7072.33,0
21718,17359.1,-4358.87,4358.87,7696.33,12450.7,1192
3177.33,6094.75,2917.42,2917.42,1098.67,1625.33,0
26379.7,33072.9,6693.22,6693.22,26523.3,38923.3,14501.3
12264.3,22005.4,9741.02,9741.02,5968,10407,2222.67
2945,12091.6,9146.57,9146.57,12827.3,11347.7,27099.3
23624,26468.5,2844.54,2844.54,19179.7,24134.7,4713
41679.7,32743.9,-8935.75,8935.75,36707.3,40744,6048.33
26067.7,14837.6,-11230,11230,16517,8447.33,6065.33
15540.7,11655.9,-3884.75,3884.75,9555.67,10053,3402.33
2702.33,1415.17,-1287.17,1287.17,0,0,0
245,6165.28,5920.28,5920.28,2738,2030.33,285
3002.67,4797.04,1794.37,1794.37,1506,625.667,0
18203,15444,-2758.96,2758.96,8082.67,9136,0
20130.3,21689,1558.71,1558.71,12461.7,16564.7,7569.67
0,-445.246,-445.246,445.246,6573,5384.33,13581.7
6397,7225.5,828.497,828.497,6505,7742.67,1622.67
8502.33,12340.4,3838.02,3838.02,22511,17468.7,40478.3
3620,1965.56,-1654.44,1654.44,0,0,0
5052.67,15637.5,10584.8,10584.8,2648,2760.33,251
3371.33,12723.3,9351.92,9351.92,1041.33,1298,0
15014.7,22106.9,7092.19,7092.19,23529.7,24709.3,22108
41899.7,41553.4,-346.278,346.278,37386,39600.7,23218.3
19079.7,18369.9,-709.811,709.811,11773,11566,4172
3680,2603.32,-1076.68,1076.68,0,233,0
42548.7,33001.3,-9547.41,9547.41,45785.7,46287,39431.7
1546.33,6775.76,5229.43,5229.43,12269.7,11496.7,28253.7
1070.33,6060.16,4989.83,4989.83,2535.33,3028,1531
244.333,2077.91,1833.58,1833.58,6367.33,5730,32283.3
0,7806.48,7806.48,7806.48,245,77.3333,207
4819.33,886.52,-3932.81,3932.81,0,0,0
3772.33,904.407,-2867.93,2867.93,0,0,0
10430.7,14672,4241.38,4241.38,14266.7,11242.3,26121.7
4016.67,7142.61,3125.95,3125.95,380.333,1530,0
7025.67,4156.99,-2868.67,2868.67,8713,9542.67,16370.3
27155.7,13033.4,-14122.2,14122.2,33420.7,24819,32867.7
33755.3,32114.3,-1641.03,1641.03,42497,40980,45176.7
39820,34832.5,-4987.48,4987.48,41426.7,40877.7,33596
3896.67,11415.6,7518.93,7518.93,7536.67,5971.67,9824
10759.3,9985.74,-773.597,773.597,130.667,1563.67,0
13481,11532,-1949.01,1949.01,3685,2890.67,0
16682.3,32151.6,15469.2,15469.2,15078,13970.7,5381
18686.7,23350.6,4663.9,4663.9,31587.3,29800.7,41149.3
32206,26094,-6112.03,6112.03,23461.3,26803.3,8082.67
39103.7,35903.3,-3200.33,3200.33,43025.7,41966.7,35911.3
12953.3,6309.77,-6643.56,6643.56,5753.67,10906,491.667
10481.3,10112.9,-368.445,368.445,25612,22250.3,39698.7
6707,9051,2344,2344,0,161,0
34668.3,32138.9,-2529.47,2529.47,42548.7,41125.3,46228.3
18008.7,21966.3,3957.59,3957.59,6050.67,6530.67,0
7569.67,9176.78,1607.11,1607.11,528.333,2112.67,0
30733.3,34258.5,3525.14,3525.14,16980.3,19843.3,1172.67
26298.3,25145.7,-1152.63,1152.63,36881.7,35156,43111
4598.33,5388.99,790.653,790.653,836.667,1716,0
16809,40460.9,23651.9,23651.9,17256.7,18052.7,8367.33
204.667,-862.847,-1067.51,1067.51,4231.67,2074,17948.7
13279.3,25233.6,11954.3,11954.3,28237.3,24275.7,38728.7
4846.67,7483.15,2636.48,2636.48,836.333,2164.33,0
33441,31223.8,-2217.2,2217.2,42103.3,40547.7,44815.3
39537.7,30671.9,-8865.73,8865.73,16177.3,18008,13495.3
2836.67,691.468,-2145.2,2145.2,0,0,0
3582.33,3629.09,46.7522,46.7522,787.667,918.333,0
7711,8078.34,367.341,367.341,22250.3,19120,38976.3
9716,11700.2,1984.16,1984.16,9556.67,17482,1850
20488,22810.6,2322.6,2322.6,19016.3,19557,25781.3
43505.3,34009.9,-9495.43,9495.43,42729.7,43725.3,29585.3
24842.7,37396.5,12553.8,12553.8,32007.7,33972.7,17392.7
3622,7190.32,3568.32,3568.32,5352.33,6078,6505
10378,12038.1,1660.06,1660.06,22563,20458.3,37644
38322,34379.2,-3942.76,3942.76,41396.3,41460.3,36663.7
1663.67,4501.09,2837.43,2837.43,2887.33,3292.67,3622
41097.3,28669.9,-12427.4,12427.4,29842.7,32370.7,2133.67
10546.3,9361,-1185.34,1185.34,193,1162,0
40068.3,34525,-5543.37,5543.37,42207.7,42645.3,28412.7
45358,47696,2338.02,2338.02,41357.7,43094.7,23860
34304.7,18968.5,-15336.2,15336.2,17896.7,18442.3,7372
35249.3,33000.2,-2249.18,2249.18,40367,41084.7,43206
5877.33,4888.82,-988.509,988.509,19847.7,16612.7,38055.3
1921.67,697.391,-1224.28,1224.28,9391,6607,30757.3
1122,1198.93,76.9251,76.9251,2837.67,2519,8014.33
30952.3,40970.2,10017.9,10017.9,26996.3,28825.3,8432
491.667,1878.64,1386.97,1386.97,0,0,0
47971.7,32446.8,-15524.8,15524.8,13936,24070.7,14106
17974,12864.2,-5109.75,5109.75,3520.67,4320.33,1531.67
33309,26869.3,-6439.7,6439.7,8247.33,10934.3,0
10101.7,20450.9,10349.3,10349.3,5792.67,5968,2304.33
9490.67,12307.9,2817.2,2817.2,3502,4957.67,0
3922,9647.91,5725.91,5725.91,1892.33,812,0
5214,14597.6,9383.57,9383.57,4499,3771,6871.33
5896.33,8659.27,2762.94,2762.94,3221.33,5353.33,689.667
39431.7,38644.4,-787.226,787.226,26132,29387.7,4819.33
42857.3,37477.6,-5379.77,5379.77,42190.7,41859.3,7475.33
102.333,2623.81,2521.48,2521.48,2905,1791.67,10082.7
4920.33,13688.3,8768.01,8768.01,7932.67,7536.67,5997.67
45703.3,45508.1,-195.194,195.194,46790,47298,36546
2494.67,7625.3,5130.63,5130.63,1701.67,1701.67,0
0,352.121,352.121,352.121,47.3333,82.6667,2505.67
5523,4743.82,-779.183,779.183,18830.3,15696.7,37078.3
8435.67,9241.87,806.206,806.206,112.667,800.333,0
36313.3,31207.9,-5105.46,5105.46,23582,26381.3,3371.67
36167.7,33538,-2629.63,2629.63,38672.7,41249.3,39450
4173,21019.2,16846.2,16846.2,11506.7,9259.33,8780
18180,18450.7,270.693,270.693,11507,11773,5321.67
531,611.676,80.6756,80.6756,0,0,0
17486.3,25317.3,7830.94,7830.94,17660.7,14362.3,3125
2890.67,8174.91,5284.24,5284.24,151,843,0
19650.7,31926.7,12276,12276,21230.7,24778.3,8498.33
39450,43701.6,4251.57,4251.57,29685,28600,14624
3095.33,2006.27,-1089.07,1089.07,0,0,0
13343,13553.7,210.734,210.734,28561,24441.7,40058.3
9844,23256.9,13412.9,13412.9,16370.3,16199,20130.3
8260.33,7291.68,-968.657,968.657,2486.67,3600.33,0
2380,2147.33,-232.667,232.667,99,167,0
9686,13213.8,3527.78,3527.78,13753.3,13573,15014.7
7043.33,31992.3,24949,24949,13970.7,12118,6799.67
9486.33,10179.9,693.586,693.586,161,996,0
26996.3,30061.8,3065.42,3065.42,14624,16822.3,213.667
4796,17277.6,12481.6,12481.6,7994.67,7290.33,8586
4688,4621.04,-66.9592,66.9592,16858.7,13998,33497.3
25962.3,36440.5,10478.2,10478.2,16439.3,20133.7,8390.33
19175.7,8383.89,-10791.8,10791.8,4026.33,9183.33,0
8880.33,6335.56,-2544.77,2544.77,14366.7,11405.7,5321.67
22368,21724.7,-643.257,643.257,34921,32731.3,44018
20835,21216.5,381.495,381.495,5803,8775.33,0
10514.3,19344,8829.68,8829.68,16193.3,15877,31748.3
9921,10710.6,789.553,789.553,366.667,1467.67,0
8026,20538.6,12512.6,12512.6,16199,14675.3,22627
83.6667,303.261,219.594,219.594,5666.33,4916,4837.33
6626,9881.85,3255.85,3255.85,19323.7,16995,33483.3
2423.67,11764.8,9341.12,9341.12,1751,3066,1930.33
22031.7,35870.8,13839.1,13839.1,33972.7,34849.3,19934.7
117.667,2737.35,2619.69,2619.69,10378,6488.67,28799
7247.33,10925.5,3678.15,3678.15,1127.67,1747.67,0
6058.33,3087.07,-2971.26,2971.26,0,14.6667,0
18583,23349.3,4766.29,4766.29,5356.67,7739.67,0
873.333,1299.19,425.86,425.86,9.33333,95,0
12584,13868.9,1284.87,1284.87,7710,8896,33599
33484.3,27572.6,-5911.78,5911.78,26803.3,30674.7,9136
41859.3,30734.5,-11124.8,11124.8,28412.7,36707.3,5833
6716,9728.23,3012.23,3012.23,4524,4846.67,1633.33
8902,5133.59,-3768.41,3768.41,10147,10295,6905
20711.7,24093.6,3381.96,3381.96,7072.33,9522,0
15994.3,16152.8,158.512,158.512,4037.67,6087.67,0
4276.67,14057,9780.37,9780.37,3660.67,3197.67,840.667
22584.3,25890,3305.64,3305.64,6169.33,9403.33,0
9144.33,9928.95,784.613,784.613,6306.67,9474,1716
7539,10753.5,3214.55,3214.55,21440.7,18753.7,26833.7
2084.67,2319.81,235.139,235.139,13713.3,11063.3,34302.7
35525.7,19797.8,-15727.8,15727.8,13575.7,17568,2483
26930,12528.2,-14401.8,14401.8,3597.33,8137.33,0
6881.33,5304.18,-1577.15,1577.15,950.667,1853.67,0
1138.33,1521.19,382.86,382.86,0,0,0
30262.7,30720,457.373,457.373,39980,38464.7,45019.7
2990.67,11872.5,8881.8,8881.8,3066,3975.67,2057.67
5099,-36.5079,-5135.51,5135.51,4837.33,6551.67,6626
24903,11808.1,-13094.9,13094.9,19175.7,18049,680.667
12118,13542.5,1424.46,1424.46,9071,11498,2437.67
0,-219.774,-219.774,219.774,1323.33,1339.33,10316.7
13345.3,15509.9,2164.59,2164.59,7002.33,6975.33,7795.67
25670,11481.2,-14188.8,14188.8,19736.7,19668.7,7540.33
2738,8309.39,5571.39,5571.39,19025.7,20904.3,6213.67
5011,134.7,-4876.3,4876.3,0,0,0
38697.7,39026.1,328.437,328.437,25618.7,28683,3832.33
44123.7,35869.6,-8254.07,8254.07,40083.7,39800,24601.3
15988.7,22257.5,6268.81,6268.81,28306.3,25846.7,37594.3
617,1267.43,650.435,650.435,10067.3,7609.33,29766.3
16953.3,14429,-2524.38,2524.38,2836.67,5067.33,0
24417.7,31396.7,6979.06,6979.06,20829.7,30496,16370.7
6075.33,7146.18,1070.85,1070.85,0,198,0
19335.3,20472,1136.69,1136.69,32212,30514,38672.7
3007.33,15078.1,12070.8,12070.8,6268,5330,9713.33
26507.7,25153.5,-1354.21,1354.21,38055.3,36458.7,45396
32822,31008.7,-1813.32,1813.32,38147.7,38316.3,35143
2030.33,6773.63,4743.3,4743.3,6310,4479.33,9703
239,1919.18,1680.18,1680.18,0,0,0
587.667,552.541,-35.1258,35.1258,0,0,0
5633.33,16231.9,10598.5,10598.5,5549,7081,1025.67
40714,39630.9,-1083.08,1083.08,37260.7,38722.3,20711.7
37451.3,40097.3,2646,2646,32674,33891.3,17594
1453.67,7084.66,5631,5631,1810,1515,382.667
14229.7,18547,4317.36,4317.36,31748.3,23750.3,28897
287.667,7932.73,7645.06,7645.06,2164.67,1022,454.333
29666,23839.2,-5826.82,5826.82,21992.3,22979.3,12835.3
12269.7,18599.7,6330.08,6330.08,26652.7,24120.3,23338
39042,44576.1,5534.06,5534.06,29219,31257.7,10371.3
6305.67,19506.8,13201.1,13201.1,8352.67,7886.33,11499
36386,27991.3,-8394.66,8394.66,17157.3,21863.7,17484
5355,8093.86,2738.86,2738.86,1135.67,1674,0
0,-188.962,-188.962,188.962,4711.67,3689,22511
3878,6028.48,2150.48,2150.48,458.667,464.667,0
8491.33,24211.6,15720.3,15720.3,17223,13122,9042.33
2900.33,1511.46,-1388.87,1388.87,0,0,0
2060,5806.43,3746.43,3746.43,4512.67,3549,10382
123,725.694,602.694,602.694,0,0,0
43781.3,46879.5,3098.22,3098.22,33076,35371.3,11476.3
39005.3,43610.1,4604.76,4604.76,38470,42165,28825.3
8094,7869.66,-224.344,224.344,22041,18686.7,36623.3
4356.33,17758.2,13401.9,13401.9,7078.67,6647,10147
4196.67,6800.52,2603.85,2603.85,2214.33,3002.67,61
24182,21031.8,-3150.21,3150.21,37433,35457.3,46303.7
18049,8456.78,-9592.22,9592.22,9183.33,11432,25
17345.3,18154.5,809.205,809.205,17021.3,17593,5714
2981.33,8021.82,5040.48,5040.48,16234.3,13191.3,17490.7
8939,8548.24,-390.756,390.756,3505.33,3210,0
23237.7,26056.5,2818.86,2818.86,7462.67,10452,0
39867,33054.5,-6812.47,6812.47,38814.3,34997.7,16123
4124.33,5455.84,1331.51,1331.51,6018,5352.33,4418.33
17916.7,19746.1,1829.4,1829.4,29056,26652.7,22378.7
11439,18389.3,6950.3,6950.3,23250.7,21157.3,35411
6395.67,5972.92,-422.746,422.746,796.333,2483,0
17482,10216.6,-7265.38,7265.38,3440.67,3907.67,1624.67
24601.3,18923.2,-5678.18,5678.18,7536,7247.33,0
31012.7,32450,1437.35,1437.35,17884.7,20711.7,1051.67
21859.7,30383.2,8523.58,8523.58,27528.7,38521.3,35841.7
31016.7,36001.9,4985.25,4985.25,36055,31632.7,22999
44066.7,40848.5,-3218.17,3218.17,44552.3,45609,34517
40484,30596.5,-9887.54,9887.54,39960.3,40897,28110.7
15481.3,14153.2,-1328.16,1328.16,2487.67,4237.67,0
11945.7,16445.6,4499.98,4499.98,5833,6048.33,373
45941.3,43249.6,-2691.71,2691.71,45596.7,46228.3,32407.7
17110.3,31763.2,14652.8,14652.8,14023,8103.33,9729.33
238.333,1334.32,1095.99,1095.99,0,0,0
8491.67,9959.19,1467.52,1467.52,14772.7,16039.7,20051.7
45019.7,47714.6,2694.97,2694.97,39573,41357.7,23276.7
8018.33,6016.39,-2001.94,2001.94,795.667,1616.33,0
17587.3,28303.6,10716.2,10716.2,35865.3,14112,40144.7
99.6667,1964.02,1864.35,1864.35,2197.67,2139.33,7336
500.667,1076.32,575.655,575.655,0,0,0
1034,1677.57,643.566,643.566,10528.3,8174.67,30514
7462.67,6519.35,-943.321,943.321,0,307,0
16039.7,15419.6,-620.053,620.053,18837,18509.3,21434.7
46904.7,46755.4,-149.293,149.293,40705,42413.7,20835
29603.3,26192.7,-3410.62,3410.62,36685.3,33618.3,16666.3
9112,17714.6,8602.62,8602.62,5630.33,5633.33,4403.67
27846.3,31067.8,3221.46,3221.46,18008,26523.3,15238.7
1475.33,698.412,-776.921,776.921,0,0,0
3960,10619.8,6659.82,6659.82,1520,2212.67,168.333
3759,6163.99,2404.99,2404.99,2177.33,2296,106
21863.7,25440.8,3577.14,3577.14,15351,12378,12689
3420,2833.4,-586.596,586.596,0,21.6667,0
2536.33,3176.71,640.377,640.377,4320.67,4190.33,6090
4167,9426.84,5259.84,5259.84,3515.33,2497,1428.67
4113,9391.36,5278.36,5278.36,2497,4276.67,2027.33
38381.7,13884.4,-24497.3,24497.3,11789,15125,6762.33
32289,20990.6,-11298.4,11298.4,22378.7,23338,21718
19158.7,20487.2,1328.58,1328.58,33769.3,24472.7,31872.3
40595.3,38260,-2335.31,2335.31,38990.7,39745,26369.7
3125,9744.98,6619.98,6619.98,62,1042.33,0
11963.7,9257.83,-2705.84,2705.84,359.333,1450.33,0
4513.67,14140.7,9627,9627,5325.33,4821.67,6104
7994.67,24885,16890.3,16890.3,14198,12115.7,4844
38734.3,34743.9,-3990.4,3990.4,42499,37897.3,9802.67
41542,27227.9,-14314.1,14314.1,11945.7,18072.3,2716
5352.33,8515.94,3163.61,3163.61,8206.67,9110.67,4131
5768.33,5335.79,-432.542,432.542,0,79.3333,0
4418.33,6254.42,1836.08,1836.08,3830.67,4131,174
1337.67,1327.36,-10.306,10.306,0,0,0
4544.67,8733.46,4188.79,4188.79,1596.67,1942,0
8887.67,9755.67,868.007,868.007,6905,6490.33,2177.33
37433,28488.3,-8944.7,8944.7,45819.3,44252.7,45905.3
43147.7,43116.4,-31.2317,31.2317,37762,40135.7,18597.3
2082.33,5060.96,2978.63,2978.63,1603,2038,70.3333
14509.7,30379.6,15870,15870,8780,21513.7,7695.33
16704,15063.9,-1640.09,1640.09,2834.33,4819.33,0
7738,7974.6,236.598,236.598,21641.3,18989.3,37441.3
28464,31980,3515.98,3515.98,49739,37356,31501.3
23730.7,23473,-257.679,257.679,21799,28684.3,12271.7
812,4303.19,3491.19,3491.19,217.667,407.333,0
40360.3,32559.6,-7800.74,7800.74,23715.3,30220.3,2953.67
40891.7,44061.7,3170,3170,29741.3,32348.3,8876
15805,15232.4,-572.646,572.646,2377.67,4461.33,0
6551.67,2972.22,-3579.44,3579.44,17587.3,13423,41562.7
17099,15484,-1615.01,1615.01,20051.7,20199.7,19016.3
239.333,736.315,496.981,496.981,2444.33,2918.33,10514.3
22204.7,24354.3,2149.66,2149.66,34456.7,32300.7,41396.3
29741.3,33590.3,3849.01,3849.01,14828.7,17869,79.3333
2497,14996.7,12499.7,12499.7,3448.33,3660.67,1002
31360,31654,294.006,294.006,39090.7,37519.7,42543.3
43725.3,37669.9,-6055.46,6055.46,36313.3,38208.7,17807.3
14998,13184.1,-1813.95,1813.95,1450.33,3371.67,0
3449.67,3768.23,318.562,318.562,15738.7,13076.3,35710.7
14198,17942.5,3744.45,3744.45,8412,9499.33,1701.67
17095.7,26828.4,9732.7,9732.7,22325,22169,17873.3
22.6667,3657.08,3634.41,3634.41,2038.67,1225.33,2840.33
0,4593.14,4593.14,4593.14,494,1241.33,20904.3
28253.7,22251,-6002.7,6002.7,23338,36719.7,19202.3
16612.7,15810.9,-801.77,801.77,31639.3,29036.7,44141
0,672.299,672.299,672.299,71,142,4397
44491.7,28398,-16093.7,16093.7,21680,26368.7,20032
41540,36350.2,-5189.79,5189.79,31955,34268.7,11963.7
7374,7105.12,-268.875,268.875,9012.67,9350,4911.67
7932.67,16231.4,8298.68,8298.68,13257,10081.3,8159.33
93.6667,-213.325,-306.992,306.992,5909,4265.67,24397.7
9474,6183.71,-3290.29,3290.29,3402.33,4598.33,99
101.667,2198.05,2096.38,2096.38,8881.67,3828.67,14688.7
24235.7,23368,-867.675,867.675,16370.7,23727.7,3502
24472.7,31864.8,7392.17,7392.17,33629.7,26255,38344.3
24128,25746.7,1618.71,1618.71,35508.7,33604,40792.7
33758,28797.4,-4960.57,4960.57,30674.7,32595.7,10064.3
5827,4765.83,-1061.17,1061.17,20583.7,16805.7,39106
32262.7,17148.7,-15114,15114,7108.33,11782.3,592.333
42713.7,36767.6,-5946.1,5946.1,42487,28553,23715.3
4694.33,5503,808.666,808.666,5719.67,4816.67,13351.3
11154,17296,6141.99,6141.99,24472.7,14511.7,27528.7
26406,13045.3,-13360.7,13360.7,10473.7,16691.7,532
0,-854.645,-854.645,854.645,2891.33,2005.67,16039.7
17395.3,30626.2,13230.9,13230.9,8103.33,9779,9436.67
41988,39626.2,-2361.82,2361.82,34240.3,36418.7,29974
16958,14083.7,-2874.31,2874.31,3014.33,5011,0
689.333,790.014,100.68,100.68,0,0,0
5012.33,4125.83,-886.506,886.506,6090,5695.67,6623.33
66.6667,431.335,364.668,364.668,7609.33,5357.33,27186.3
10934.3,12983.4,2049.11,2049.11,672.667,3620,0
38579,33477.1,-5101.93,5101.93,45247.7,44818,44634
3292.67,5491.7,2199.04,2199.04,5739.67,6371.33,6078
4524,6317.8,1793.8,1793.8,562,836.333,0
10050.7,15342,5291.37,5291.37,6104,7952.67,1942
918,668.402,-249.598,249.598,0,0,0
23522.7,25852.8,2330.14,2330.14,25962.3,22513,18502
1809.33,-226.861,-2036.19,2036.19,5099,3005,13641
90.3333,842.341,752.008,752.008,0,0,0
1805.67,884.976,-920.69,920.69,0,0,0
42630,38878.1,-3751.88,3751.88,37545.3,39131.7,11585.7
3488.67,3299.94,-188.722,188.722,10245.7,10550.3,20847.7
14976,14373.3,-602.74,602.74,28962.3,26227,40664.3
11672.3,10651.2,-1021.16,1021.16,6762.33,6515.33,420.667
37106,38469,1362.99,1362.99,23988.3,27106,3772.33
39702.7,36642.3,-3060.37,3060.37,29332.7,31547.7,19115.3
13583,38273.8,24690.8,24690.8,13723.3,15264,7386.67
642.667,1132.84,490.172,490.172,0,0,0
832.667,9461.81,8629.14,8629.14,5650,6696.33,10081.3
18768.3,27546.2,8777.88,8777.88,14548.3,17496,1943
2987,9756.7,6769.7,6769.7,4276.67,3066.67,3516.67
82.6667,1588.28,1505.61,1505.61,242.667,137,2063.67
5084,7773.54,2689.54,2689.54,2765.33,2506.33,469.667
8502,16438.8,7936.8,7936.8,6024.33,5228,14417.7
6905,6320.18,-584.819,584.819,3177.33,3522.67,285.333
34826,41253.4,6427.38,6427.38,23276.7,23860,3853.33
852.667,1228.91,376.244,376.244,11333.3,8631,32856.7
8030.33,11647.9,3617.56,3617.56,5190,5650.67,1474.67
36719.7,27639.4,-9080.32,9080.32,25382.3,27428.3,16921.7
2431.33,7641.9,5210.57,5210.57,1929,1531.67,19
21294,25129.8,3835.77,3835.77,8435.67,11090.3,0
13578.3,10906.4,-2671.98,2671.98,1162,2762,0
9012.67,10000.2,987.572,987.572,6874.33,8684.67,3642.33
6169.33,4958.56,-1210.78,1210.78,0,55.3333,0
767,4075.11,3308.11,3308.11,3543.67,4365.33,15169.7
11814.7,5764.56,-6050.1,6050.1,2869.33,4475.33,658.333
25858.7,26565.9,707.279,707.279,36050,36685.3,18179.7
42289.7,36208,-6081.72,6081.72,32170,30268.3,13407.7
20149.7,18510.9,-1638.74,1638.74,35222.3,32283.3,42857.3
0,600.751,600.751,600.751,4301,2246.67,8026
2354.67,6741.69,4387.02,4387.02,0,107.333,0
5659,5482.36,-176.637,176.637,1716,2380,0
9743.33,1648.13,-8095.2,8095.2,2596,2784,2140.33
7413.67,9764.94,2351.27,2351.27,14442.3,20085.7,14475.3
71,3032.56,2961.56,2961.56,2505.67,307.333,4922
20904.3,2383.69,-18520.6,18520.6,287.667,64.3333,1004.67
38345,30442.8,-7902.21,7902.21,42645.3,42857.3,36707.3
42606,32747.6,-9858.37,9858.37,38543.3,40386,39637.3
42377.7,45333.3,2955.67,2955.67,38590,40144.7,23675
21799,28686.2,6887.17,6887.17,18100.3,13680.7,3000.33
1716,-51.8292,-1767.83,1767.83,0,99,0
2999,12044,9044.96,9044.96,2506.33,2977.67,869.667
9926.33,24055.8,14129.4,14129.4,6611,7930.67,13462
8793.67,11072.2,2278.55,2278.55,28959.7,25803.7,11356
3231.33,9193.45,5962.12,5962.12,2423.67,2990.67,2746.67
902.333,4459.46,3557.13,3557.13,168.333,312,0
0,4472.81,4472.81,4472.81,1241.33,245,2565.67
1920,5716.07,3796.07,3796.07,588.333,689.667,0
494,7504.88,7010.88,7010.88,207,8104.67,287.667
34826.3,29242.6,-5583.76,5583.76,32595.7,32349,14082
40063.7,19248.9,-20814.7,20814.7,28595.3,34638.3,5815.33
8019.33,16251.5,8232.22,8232.22,6381.67,13491.7,24085
6215,4764.59,-1450.41,1450.41,20429,16792.7,39270.7
16941,22710,5769,5769,11388.7,8963.33,5052.67
35222.3,28362,-6860.37,6860.37,41312,40068.3,42190.7
42160.3,39805.5,-2354.81,2354.81,36418.7,35443.3,24899.7
42820.7,42369.9,-450.758,450.758,38260.3,39728.3,22996
37974.7,42868.7,4894.03,4894.03,23615.7,26788.7,3544.67
1940,1066.58,-873.424,873.424,0,0,0
36.6667,-611.953,-648.62,648.62,5409.33,3459,22255.3
18340,37494.6,19154.6,19154.6,27223.7,37303.3,13861
32772,36459.5,3687.55,3687.55,19843.3,22996,2702.33
12003.3,35947.7,23944.3,23944.3,32794,26134,13373
5430.67,28405.4,22974.7,22974.7,32262.7,33599,5881.67
3361.67,4242.34,880.669,880.669,4259.67,2887.33,4124.33
41400,40454.2,-945.795,945.795,40046.3,41252,26254
35055,35418.4,363.449,363.449,23471.7,26254,4598.33
193.333,1025.83,832.498,832.498,0,0,0
0,637.106,637.106,637.106,4169.33,1921.67,9857
6887.33,16113.1,9225.79,9225.79,7952.67,9013,2483.67
106,602.366,496.366,496.366,0,0,0
40664.3,35001.2,-5663.11,5663.11,42630,42721,33996.7
29159.7,14597.1,-14562.6,14562.6,5777.67,8082.67,0
4297.67,17012,12714.4,12714.4,7872.33,6803.67,12199
18493,29071.4,10578.4,10578.4,10934.3,13609.3,126
10653,37341.1,26688.1,26688.1,16941,14835.3,9562.67
30923.3,23779.5,-7143.8,7143.8,13025,17676,880.667
5417.33,9249.72,3832.39,3832.39,843,2098,0
12114.7,12702,587.29,587.29,746,2202,0
6573,7672.53,1099.53,1099.53,14091.7,10890.7,20986.3
29842.7,13979.4,-15863.3,15863.3,8137.33,11689.7,0
4627,23151.1,18524.1,18524.1,9017,8834.33,0
712.667,2221.04,1508.37,1508.37,5167.33,3917.33,15014.3
35443.3,39757.7,4314.34,4314.34,26924.3,29445,23076.7
35527,13199,-22328,22328,25308.7,22215.7,7207
36055,35162.2,-892.781,892.781,22389,39637.3,12036.3
2362.33,9583.95,7221.61,7221.61,0,139.333,0
13343,15337.3,1994.27,1994.27,26990.7,24793.7,39942
6803.67,28351.8,21548.1,21548.1,15169.7,15798,13222.3
4304,4437.68,133.683,133.683,436.667,430,0
9922.67,6494.01,-3428.66,3428.66,10071.7,10147,4226
6.33333,1251.49,1245.15,1245.15,7697.33,5031,22890.3
23464.7,33817.1,10352.4,10352.4,16736.3,15978,5100.67
2584,16748.6,14164.6,14164.6,3632.67,3659.33,4284.33
33518.7,35565.4,2046.77,2046.77,18597.3,21607,863
595.333,840.045,244.711,244.711,0,90.3333,0
10902.3,16875.4,5973.04,5973.04,3899.67,4539,0
13680.7,19044.3,5363.67,5363.67,7601.33,10101,2418.33
4695,1142.57,-3552.43,3552.43,0,0,0
42413.7,45875.3,3461.68,3461.68,30332.7,33076,8775.33
5451.67,24556.6,19105,19105,5223.33,5009.33,5084
5555.67,5118.67,-436.995,436.995,13333,10559.7,19545.3
17593,14256.3,-3336.71,3336.71,11570,8343,5325.33
27528.7,43620.9,16092.2,16092.2,38344.3,28678.7,26924.3
39450.3,12687.7,-26762.7,26762.7,17568,40468.3,7885.67
25682.3,28816.6,3134.24,3134.24,22838,21799,10101
4628.67,8228.66,3600,3600,6127.67,4847.67,8206.67
6065.33,3068.05,-2997.29,2997.29,6.33333,458,0
371,1881.48,1510.48,1510.48,0,0,0
443,438.621,-4.37883,4.37883,0,0,0
42190.7,25129.4,-17061.2,17061.2,18072.3,28412.7,3371.33
23844.7,9123.33,-14721.3,14721.3,4635.33,6881.33,0
3420.33,2563.2,-857.138,857.138,160,642.667,0
22910,22706.2,-203.787,203.787,35329.7,33521.3,43268.7
28110.7,23266.6,-4844.04,4844.04,12891.7,16183.3,0
20700.7,26327.6,5626.89,5626.89,29603.3,30589.3,35725
1764.67,-57.9436,-1822.61,1822.61,0,0,0
1299.67,3451.57,2151.9,2151.9,6875,5167.33,14861.3
4851.33,502.879,-4348.45,4348.45,10047.3,11304.3,14511.7
27684.7,30531.8,2847.11,2847.11,40478.3,36764,21099
7807.33,7676.01,-131.328,131.328,22451.3,19031.3,39227
66.3333,743.673,677.339,677.339,8374,5877.33,29036.7
372.333,3288.23,2915.89,2915.89,5361.33,5806.33,9455.33
2537,344.798,-2192.2,2192.2,0,0,0
32731.3,31676.3,-1055.01,1055.01,41498.3,39980,44234
41392,39138.5,-2253.48,2253.48,42543.3,42630,32097
422.333,1476.33,1053.99,1053.99,0,114.333,0
30127.7,34420.1,4292.43,4292.43,18364.3,21099,17256.7
7418.67,21461.4,14042.7,14042.7,14688.7,13538.3,26939
0,626.913,626.913,626.913,0,0,0
641.333,1386.83,745.501,745.501,1085.67,1180.67,2485
9136,9298.43,162.429,162.429,1231,2823.67,0
8778,13758.1,4980.12,4980.12,2455.67,6400.67,0
11448,12209.7,761.708,761.708,12199,16096.7,12953.3
11559.7,22638.9,11079.3,11079.3,23498,22393.3,29865.7
1702.33,2776.96,1074.63,1074.63,63.6667,264,0
8143,15276.8,7133.78,7133.78,15846.7,13206.3,35527
6938.33,4129.64,-2808.69,2808.69,10080.3,8880.33,9348.33
3832.33,1549.62,-2282.71,2282.71,0,0,0
63.3333,-459.743,-523.076,523.076,3096.67,2389.67,5773
39049,32188,-6861.04,6861.04,34997.7,42499,12472.3
40474,31418.9,-9055.13,9055.13,43411.3,41910.3,37644
0,3586.06,3586.06,3586.06,0,0,2030.33
24441.7,24233,-208.7,208.7,36167.7,34486.3,42091.7
24659,28646,3986.96,3986.96,27245.3,36052,8155
24582.7,28530.4,3947.74,3947.74,24235.7,22343,9490.67
8604.67,31341.4,22736.7,22736.7,12118,8780,8928
842,7272.56,6430.56,6430.56,2252.33,1741.67,1751
13437.3,12972.3,-465.044,465.044,1217,2834.33,0
24,503.572,479.572,479.572,7955.67,5476.67,27993.7
38814.3,32907.3,-5907.05,5907.05,9802.67,28500,22697.7
2462.33,979.611,-1482.72,1482.72,0,0,0
34363.7,34229.6,-134.086,134.086,29865.7,32432.3,23982
121.333,1598.99,1477.65,1477.65,0,0,0
2416,14138.7,11722.7,11722.7,9259.33,5894,21513.7
27011,23656.2,-3354.78,3354.78,39106,37454,46255
27684,24391.9,-3292.07,3292.07,9277,12333.7,0
4788,9271.28,4483.28,4483.28,379.333,1075.67,0
2467.67,7310.91,4843.24,4843.24,2705.67,3494,0
26297.7,33017.8,6720.09,6720.09,39867,39049,41016.7
16962,13272,-3690.04,3690.04,8030.33,7933,3640
896.333,5186.24,4289.91,4289.91,541.333,469.667,0
28744.3,30957.2,2212.89,2212.89,31872.3,27528.7,34517.7
309,783.887,474.887,474.887,4835.33,3096.67,6705.33
751.333,12755.6,12004.3,12004.3,8491.33,8767,18581.7
27703.7,27140.7,-562.994,562.994,12114.7,15784.7,0
1604,6675.66,5071.66,5071.66,4275.33,3543.67,15002.7
4298,5466.67,1168.67,1168.67,1827,1862,214.333
13492.7,14718.1,1225.47,1225.47,28005.7,24792.7,40791.3
45609,46534.9,925.894,925.894,40891.7,42356.7,23988.3
31795.3,26576.8,-5218.49,5218.49,16536.3,19655,505.667
1963.33,12036.9,10073.6,10073.6,4356.33,3960,8902
36052,9899.07,-26152.9,26152.9,25437,25308.7,7053.33
1524.67,2234.2,709.536,709.536,11315.3,9027,29704.3
966.333,-145.679,-1112.01,1112.01,0,0,0
21022,25705.7,4683.73,4683.73,5768.33,8876,0
35865.3,42504.1,6638.79,6638.79,41559,42114.7,30697.7
250,693.539,443.539,443.539,2019.67,1518.67,6606.33
5833,13209.1,7376.07,7376.07,1298,2483.67,0
38923.3,30247.9,-8675.4,8675.4,19578,17000.7,17948.7
26890,26598.2,-291.774,291.774,15805,18829.3,175.667
9937,9986.27,49.2677,49.2677,210.333,960.333,0
21639,24263.2,2624.18,2624.18,33455.7,31625.3,40458.3
44270.3,47286.6,3016.29,3016.29,43094.7,43865.7,28229
959.667,2852.02,1892.35,1892.35,4945,4767.67,15911
5195,12344.6,7149.56,7149.56,9703,12584,5430.67
40581.3,29595.4,-10986,10986,40847,40982.3,16778.3
24792.7,25746.7,954.048,954.048,36303.7,34456.7,41899.7
1725,1772.71,47.7087,47.7087,0,0,0
0,87.6388,87.6388,87.6388,6399.33,3961.33,24441.7
2127,4902.95,2775.95,2775.95,4441.33,4772.33,9037
2105.67,891.472,-1214.19,1214.19,0,0,0
18167.7,22008.2,3840.54,3840.54,5278,8347.33,0
20285,17274.5,-3010.54,3010.54,34104.3,32032.7,44066.7
37303.3,28539.4,-8763.92,8763.92,13373,21191.3,5792.67
283.667,-263.456,-547.123,547.123,2918.33,2757,7905.33
16792.7,14622.9,-2169.79,2169.79,32856.7,29990,45819.3
19787.3,21874.3,2086.97,2086.97,32382,29704.3,40901
11897,21377.2,9480.22,9480.22,17140,20196,20556
0,623.439,623.439,623.439,0,0,0
14027.3,13790.6,-236.744,236.744,11208.3,7680,5468
2767.67,1558.41,-1209.26,1209.26,8954,9916.33,35709.7
22290,22208.6,-81.3895,81.3895,35249.3,32938.7,43883.7
1247.33,4257.4,3010.06,3010.06,1233.33,1702.33,0
11090.3,11760.2,669.882,669.882,800.333,2245.67,0
12295.3,16825.4,4530.11,4530.11,6910.67,8412,1701.67
26,1076.38,1050.38,1050.38,5029,3625,14927.7
8155,7508.71,-646.287,646.287,5479.33,7053.33,2238.67
17158,21209.3,4051.35,4051.35,34795.3,15969.3,16517
21641.3,24354.3,2712.99,2712.99,33604,31603,40595.3
22934.7,22183.9,-750.798,750.798,36379.7,33755.3,45465
6219.67,9492.76,3273.09,3273.09,19141,15726,34949.7
34268.7,29639.1,-4629.52,4629.52,20372.3,23582,1450.33
5633,5758.94,125.938,125.938,18980.7,16144.3,35304.3
5381,10627.1,5246.11,5246.11,2430.67,2378.33,1160.67
19847.7,19485.5,-362.202,362.202,34302.7,31639.3,44251.7
42497,31860.9,-10636.1,10636.1,45092.7,45354.3,39223
4496.33,34284.1,29787.8,29787.8,41562.7,41811,37422.7
7839,9397.96,1558.96,1558.96,1138.67,2327,0
517.333,2119.63,1602.3,1602.3,9126.33,7025.67,10448
14105,16009.8,1904.8,1904.8,2045,3853.33,0
28111.3,31499,3387.64,3387.64,12371,16475.3,0
1090.67,124.619,-966.048,966.048,2338,2444.33,12153.7
32526.7,34715.9,2189.19,2189.19,26890,31026.3,9590.67
16065,18638.7,2573.71,2573.71,27503,26979,40793
3742.33,22538.4,18796.1,18796.1,5367.33,5342.33,5680
3488.33,3490.96,2.62569,2.62569,15849.3,13236,35855.7
44166.3,39695.7,-4470.64,4470.64,41800.7,42665.7,25747.7
10828,7652.2,-3175.8,3175.8,21561,22086.7,38734.3
22255.3,31052.9,8797.56,8797.56,32788.3,34363.7,31592.3
30634.7,19908.2,-10726.4,10726.4,8504.33,11389.7,0
42073,30164.6,-11908.4,11908.4,46677.3,46303.7,42413.7
34449.7,29191.1,-5258.61,5258.61,19650.7,15673,16439.3
11261.7,11233.4,-28.2743,28.2743,4677,5366,2214.33
574.333,4586.66,4012.33,4012.33,3155,3179,8487
4864.33,7336.07,2471.74,2471.74,3354,4312.33,0
2074,2909.16,835.159,835.159,6776.33,9834,43657.7
8840,7782.23,-1057.77,1057.77,13798,15413.7,36331.7
656,678.63,22.6303,22.6303,2282.67,2829.67,3140.33
2716,10603.6,7887.62,7887.62,373,1041.33,0
37.3333,1080.77,1043.44,1043.44,5730,4720,23795.3
624.333,1208.08,583.745,583.745,11115.3,8470.33,31932
2829.67,5069.78,2240.12,2240.12,2584,1849.67,4523
28594.3,29850.1,1255.77,1255.77,32264.3,32462.3,15559.3
8834.33,11285.3,2450.98,2450.98,1664,1406,0
4172,3925.1,-246.895,246.895,0,31.6667,0
15462,23957.7,8495.66,8495.66,18745.3,17307,29919.3
43011,42843.2,-167.781,167.781,37530.3,39071.7,19084.7
3883.33,5607.55,1724.22,1724.22,12590.7,11012.3,37605.3
0,636.802,636.802,636.802,3781,3026,12875.3
764.333,1197.3,432.97,432.97,10592.3,8018,30262.7
40052.7,35272.7,-4779.92,4779.92,42698.7,43025.7,33654
7073.67,6038.35,-1035.31,1035.31,3759,4226,1625.33
19254.7,20470.9,1216.19,1216.19,11566,12461.7,4179
27245.3,10037.7,-17207.6,17207.6,13262,25437,5479.33
4172.67,3540.68,-631.983,631.983,16657.7,13993.7,36261.3
35253,32171.5,-3081.5,3081.5,37897.3,37511.7,28500
18502,27723.1,9221.07,9221.07,8390.33,7139,1280.67
3420.33,1083.35,-2336.99,2336.99,0,0,0
12607.3,12324.4,-282.901,282.901,26423.3,23840.7,39931.3
42845,44694.2,1849.17,1849.17,31642.7,34075,9403.33
31932,30992.3,-939.699,939.699,41125.3,40176.3,45827.7
883,3088.97,2205.97,2205.97,4694.33,3232.67,7142
37,436.016,399.016,399.016,7544.67,5316,26298.3
40567.7,32446,-8121.65,8121.65,42820.7,42858.7,35239.7
6833.33,8467.82,1634.48,1634.48,3420.33,3505.33,0
3533.33,4675.05,1141.71,1141.71,11140.3,7218,31264
12875.3,12722,-153.339,153.339,27195.7,18340.3,9599.67
13254,5143.85,-8110.15,8110.15,8880.33,10791.7,7730.33
39840.7,38727.5,-1113.18,1113.18,41270.7,40792.7,34060.3
10788.3,15632.9,4844.52,4844.52,3095.33,4086.33,0
26299.3,28367.4,2068.09,2068.09,17073,26777.3,9818.67
37644,34040.6,-3603.43,3603.43,24362.7,27703.7,3973
10109.3,25814.4,15705.1,15705.1,7669.67,8390.33,452
494.667,1198.28,703.611,703.611,10548.3,7694.33,30333.7
15003,23247,8244.04,8244.04,7841.33,10420.7,413
353.333,690.691,337.358,337.358,8061.33,5435.67,18929.7
35841.7,40433.1,4591.4,4591.4,26924.3,29280.7,8435.67
37260.7,37047.4,-213.246,213.246,26254,28889,7072.33
40273,41724.2,1451.18,1451.18,33708.3,35553.3,13599.7
41940.3,38897.4,-3042.92,3042.92,40549.7,41751.3,25662.3
5695.33,8197.33,2502,2502,421.333,454.333,1077.33
41337.3,42044.4,707.095,707.095,28683,31642.7,6169.33
19120,20562.7,1442.68,1442.68,33950.3,29889.7,42431.3
618,97.9005,-520.1,520.1,6607,4231.67,19124.3
19485.7,22198.1,2712.48,2712.48,32300.7,30333.7,41460.3
35156,33103.1,-2052.89,2052.89,41475.3,40873.3,41784
2760.33,9720.35,6960.02,6960.02,902.333,1612,0
430,541.606,111.606,111.606,0,83.6667,0
908.667,1314.67,406.008,406.008,0,0,0
223.667,660.69,437.023,437.023,0,0,0
529.667,3652.28,3122.61,3122.61,8.33333,70.3333,0
26961.3,29524.7,2563.37,2563.37,35411,34273,32349
1753.67,6094.21,4340.54,4340.54,7418.67,7493,26134
23662.3,31154,7491.67,7491.67,33483.3,31993.3,33333.7
28647.3,32293.5,3646.17,3646.17,36210.7,34929.3,34849.3
4875.33,10319,5443.64,5443.64,16066.7,14091.7,21802
6067.33,8581.25,2513.92,2513.92,0,183.333,0
21934.3,37822.8,15888.5,15888.5,28254,33236,15805
4629.67,5165.69,536.022,536.022,21.6667,652.333,0
37530.3,37831.3,300.986,300.986,25274.3,28236.7,4695
15866,15613.3,-252.669,252.669,29889.7,28641.3,41345.7
6026.67,31169,25142.3,25142.3,11386.3,19741.3,4934
6048.33,14601.8,8553.47,8553.47,2483.67,3261.33,0
35807.3,25980.2,-9827.09,9827.09,37363.7,41464,26406
11024.7,21542.4,10517.7,10517.7,34718,23479.3,42621
34733,30456.3,-4276.69,4276.69,16430.3,15003,4100.67
40.6667,2557.24,2516.58,2516.58,1530.67,986,3586
26652.7,25365.7,-1286.96,1286.96,38367.7,30200.7,19721.7
2289.33,7571.79,5282.46,5282.46,2082.33,2205,788.333
16276.7,18995.2,2718.53,2718.53,28799,25868,40781
11115.3,9272.12,-1843.21,1843.21,26652.7,24023.3,41125.3
27191.3,22829.5,-4361.82,4361.82,26406,25879.3,4635.33
5174,5298.71,124.711,124.711,668,988,0
28962.3,30758.4,1796.1,1796.1,37519.7,36701.7,42630
4756,11350.5,6594.47,6594.47,2212.67,2648,312
83.6667,1430.89,1347.22,1347.22,0,0,0
11304.3,6019.75,-5284.58,5284.58,19158.7,11154,28744.3
10382,7621.64,-2760.36,2760.36,10473,11814.7,1524.67
9078,7568.89,-1509.11,1509.11,4115,4196.67,625.667
43111,42253,-857.961,857.961,40446,41784,25274.3
6975.33,20961,13985.7,13985.7,13286.7,21507.7,30577.7
2117.67,1095.97,-1021.69,1021.69,0,0,0
35.6667,359.289,323.623,323.623,7505,5323,27933
2999.33,1111.41,-1887.92,1887.92,0,0,0
13595.3,16376.8,2781.51,2781.51,2890.67,5417.33,0
15510.7,27468.1,11957.5,11957.5,17090.7,11386.3,1728.33
16666.3,9083.74,-7582.6,7582.6,4166.33,6945,0
6024.33,22914.1,16889.8,16889.8,21507.7,21243.3,9227.33
2720,-82.1603,-2802.16,2802.16,0,160,0
7078.67,21760.2,14681.5,14681.5,9184.33,9713.33,5886.33
40058.3,36081,-3977.32,3977.32,41325.3,42091.7,33519.3
1633.33,2494.76,861.423,861.423,0,0,0
34437,31767.7,-2669.3,2669.3,38365,38147.7,34304.7
17840.3,34441.5,16601.1,16601.1,12689,14307,7086.67
6463.67,8800.96,2337.3,2337.3,7142,8900.33,20016.7
9103,23770,14667,14667,4118.33,4798.33,9017
16657.7,14093.8,-2563.84,2563.84,32032.7,29369.7,43783
8684.67,9110.36,425.695,425.695,5437.33,4787,1573.33
27099.3,26361.6,-737.696,737.696,20318.7,20597.3,7933
7423.67,20932.4,13508.8,13508.8,10295,9184.33,6490.33
5560.33,3568.12,-1992.21,1992.21,0,60.6667,0
0,-289.399,-289.399,289.399,1055.33,471,3897
13936,30947,17011,17011,15937.7,25609.3,4629.67
9818.67,25024,15205.3,15205.3,5068.67,4118.33,6970.67
950.667,1251.14,300.469,300.469,0,0,0
5062,6559.27,1497.27,1497.27,38.6667,401.667,0
25274.3,28503.5,3229.13,3229.13,9921,12822,0
10563.7,19221.6,8657.95,8657.95,4121,4788,0
11418,8837.51,-2580.49,2580.49,26519.3,23456.7,41488.7
39583.7,35828,-3755.69,3755.69,27703.7,30964,6584.67
733,6913.22,6180.22,6180.22,4964.67,4945.67,28959.7
2,-4.09497,-6.09497,6.09497,6703,4688,25150.7
33565.7,31904.1,-1661.56,1661.56,41096.3,40067.7,44077.3
458.667,370.208,-88.4586,88.4586,0,0,0
5361.33,10425.5,5064.17,5064.17,7239.67,5195,8896
1450.33,753.644,-696.69,696.69,0,0,0
6990,24147.2,17157.2,17157.2,13361,13098.3,8880.33
5185,4573.83,-611.173,611.173,17946.3,14976,35321
15472.7,29222.6,13749.9,13749.9,23642,21239.7,20829.7
17392.7,14040.4,-3352.31,3352.31,4048,6075.33,0
24709.3,29514.8,4805.44,4805.44,22020.7,22030.7,14548.3
1849.67,16024,14174.4,14174.4,3659.33,3140.33,4845
359,-374.73,-733.73,733.73,11188.3,5555.67,13647.7
20882.7,25827.2,4944.54,4944.54,32221.3,30442,37417.7
566.333,-102.098,-668.431,668.431,0,0,0
98.3333,896.466,798.132,798.132,0,0,0
18597.3,18415.5,-181.856,181.856,4842.33,7649.33,0
586,20.1093,-565.891,565.891,0,0,0
42165.7,42391.7,226.016,226.016,42737,43011,30915.3
4713,4358.29,-354.712,354.712,19.6667,284.333,0
0,5906.36,5906.36,5906.36,78,0,2738
10251.3,22180.5,11929.1,11929.1,4014.33,5289.33,0
43358,37260.9,-6097.1,6097.1,43147.7,42948.7,33518.7
7148.67,6310.02,-838.648,838.648,0,210.333,0
865,691.371,-173.629,173.629,0,0,0
24793.7,26916.5,2122.83,2122.83,34763.7,33763.3,41119.3
9857,30382.9,20525.9,20525.9,42606,30757.3,31632.7
2892.67,9443.05,6550.39,6550.39,2205,1950.67,873.667
1151.33,810.265,-341.068,341.068,4925,4875.33,19007.3
11432,5220.99,-6211.01,6211.01,129.333,680.667,0
325,2443.05,2118.05,2118.05,8800.67,6646.33,25318
5571,12770.1,7199.11,7199.11,19929.7,17343,30911
38652.7,28984.7,-9667.95,9667.95,23076.7,17943.3,1725
82.6667,625.22,542.553,542.553,7738,5761,27132
21505.7,22715.5,1209.86,1209.86,34314,23298,25028.7
38055.3,29389.8,-8665.54,8665.54,44251.7,44141,43499.7
461,1150.49,689.494,689.494,10779.7,8032,31214.7
40320.7,28169.9,-12150.8,12150.8,40063.7,40847,15570
40458.3,38699.8,-1758.55,1758.55,39143,39960.3,25584
1484.33,2017.09,532.757,532.757,0,0,0
30193.3,29473.5,-719.791,719.791,28464,25448.7,42487
33483.3,25962.1,-7521.19,7521.19,22031.7,38538,30771.7
23471.7,26584.6,3112.97,3112.97,9522,12199,0
0,128.104,128.104,128.104,2139.33,1100,7657.33
1127.67,954.139,-173.528,173.528,0,0,0
28600,36595.6,7995.6,7995.6,22477.7,23621.7,3957
1524.67,2298.27,773.607,773.607,121.667,658.333,0
10399.3,11327.8,928.438,928.438,11814.7,9556.67,1528.67
17896.7,18321.6,424.951,424.951,12528.3,14305.7,0
26652.7,24230.9,-2421.73,2421.73,38579,37009.3,46287
37593,39307.2,1714.16,1714.16,35521.7,36843,23188.7
24676,20818.7,-3857.32,3857.32,31444.3,28377,43025.7
16657.7,24359.3,7701.63,7701.63,26961.3,25318,36185
3373.33,704.489,-2668.84,2668.84,0,0,0
35928.7,17768.7,-18160,18160,38381.7,41583.7,11672.3
8498.33,19708.5,11210.2,11210.2,4362.67,6632,0
3586,23838.8,20252.8,20252.8,5451.67,5367.33,6776.67
10589.7,14776.6,4186.93,4186.93,2716,3371.33,0
26206,24549.3,-1656.69,1656.69,9098,15191.7,3312.67
15523,20896.6,5373.6,5373.6,6901,11856.7,1458
435,3287.31,2852.31,2852.31,3007.33,2198.33,6647
14650.3,12112.1,-2538.25,2538.25,2411,4190.33,0
18214,18265.8,51.85,51.85,7776.33,9650,0
174,961.478,787.478,787.478,0,0,0
218.667,6540.84,6322.17,6322.17,3028,2772.67,2508
0,633.257,633.257,633.257,0,0,0
5468,5302.19,-165.808,165.808,961,965,0
11559.7,14152,2592.38,2592.38,1172.67,2702.33,0
7610,20609.3,12999.3,12999.3,4756,5052.67,1612
12304.7,10463,-1841.62,1841.62,1906,3685,0
24,2559.59,2535.59,2535.59,3896.67,2863,9057.67
4916,615.901,-4300.1,4300.1,14916.7,11827,17587.3
9098,31319.1,22221.1,22221.1,9504.33,8138,4790.67
15.3333,769.854,754.521,754.521,5630.67,4391.67,25420.7
11363,12402.4,1039.37,1039.37,595.667,2045,0
22215.7,10096,-12119.7,12119.7,8155,10346.3,2934
4433,11107.2,6674.23,6674.23,2787.33,1751,4027
571.667,1907.11,1335.44,1335.44,1657.67,1085.67,2779.33
7609.33,7331.67,-277.667,277.667,21693,18094.3,38049
3000.33,13553.9,10553.6,10553.6,1945.33,2418.33,0
41464,29304.2,-12159.8,12159.8,38508,33685.3,16691.7
28110.3,31860.4,3750.04,3750.04,39702.7,36307.3,29796.3
3494,4204.51,710.513,710.513,132,180.667,0
31993.3,28004.4,-3988.89,3988.89,38538,36666.3,32007.7
2214.33,6862.48,4648.14,4648.14,180.667,1506,0
13140.3,26371.5,13231.2,13231.2,24085,32262.7,5836.33
7905.33,15638.1,7732.76,7732.76,15877,8913.33,23750.3
22362,30269.1,7907.06,7907.06,19264.3,21692,5121.67
63.6667,-459.22,-522.886,522.886,7103,4417,19158.7
33427,43759.4,10332.4,10332.4,18631.7,23675,3936.67
21536,31628.7,10092.7,10092.7,33331,31737,35893
117,514.597,397.597,397.597,8018,5668.67,27512
28503.3,25579.4,-2923.91,2923.91,25781.3,30634.7,1557.67
37528.3,37123.4,-404.977,404.977,23237.7,26132,2834.33
13230.7,27647.4,14416.7,14416.7,20032,17660.7,5434
1781.67,1096.55,-685.12,685.12,0,0,0
36175.3,29913.3,-6262.07,6262.07,42621,41421.3,39728.3
2839.33,11083.9,8244.61,8244.61,3688,4922,7491
36307.3,37405.7,1098.33,1098.33,31547.7,32742.7,19940.7
5316,4763,-552.999,552.999,17852.3,14964.3,35156
0,850.393,850.393,850.393,0,0,0
1657.67,3604.26,1946.59,1946.59,3377,2060,3721.67
10316.7,24594.1,14277.5,14277.5,19554.3,19235,22838
14964.3,14711,-253.303,253.303,28972,26298.3,40873.3
44616,34256.5,-10359.5,10359.5,44815.3,44416,33275.7
33612.7,31008.2,-2604.45,2604.45,18720.3,21773.3,746
7536.67,14937.8,7401.16,7401.16,10081.3,10279.3,6425
982.333,8041.83,7059.5,7059.5,11347.7,8433,22898.3
43984.7,36537.9,-7446.81,7446.81,34426,42487,25042
21680,26178,4497.98,4497.98,14362.3,15523,5399.33
4854,7665.64,2811.64,2811.64,16995,14806.7,31993.3
26036,27752.8,1716.8,1716.8,21863.7,32264.3,17840.3
1152.67,2536.02,1383.36,1383.36,214.333,262.667,0
41562.7,44580.6,3017.98,3017.98,40144.7,40944,26527.7
19929.7,33427.4,13497.7,13497.7,36307.3,30458.3,36575
44369.7,40050.7,-4318.97,4318.97,42665.7,43325.3,28815.7
5287.67,7439.15,2151.48,2151.48,1530,2430,0
101.333,2629.31,2527.98,2527.98,2514.67,1922,11506.7
17140,27641.5,10501.5,10501.5,23567,26121.7,23624
2887.33,3834.62,947.282,947.282,4628.67,5739.67,5352.33
18574.7,24855.4,6280.73,6280.73,35709.7,34718,43678
43913.3,46217.1,2303.78,2303.78,34075,36546,12674.7
22086.7,18532.7,-3553.95,3553.95,26297.7,29361,37897.3
1298,1653.55,355.552,355.552,0,0,0
23975.7,27768.7,3793.01,3793.01,20950.3,24235.7,12886
1269.67,5297.02,4027.35,4027.35,3644.33,3007.33,7078.67
1257.67,812.303,-445.363,445.363,0,0,0
8051.33,8369.29,317.96,317.96,21757.3,19228.3,36019
242.667,5425.63,5182.96,5182.96,4397,3275.33,2690
40742,29788.7,-10953.3,10953.3,45396,44852.3,41097.3
9635,23247.6,13612.6,13612.6,18731.7,17989.7,15673
13270.3,17044.6,3774.25,3774.25,1940,3936.67,0
19428,16412.9,-3015.1,3015.1,7839,7696.33,1484.33
4048,1318.18,-2729.82,2729.82,0,0,0
23498,32843,9344.99,9344.99,32815.7,32434.7,30510
3384.67,5619.04,2234.38,2234.38,430,891.333,0
41312,34335.2,-6976.76,6976.76,41679.7,42207.7,18072.3
46125.7,46696.7,571.041,571.041,42356.7,43041,27106
3515.33,9584.28,6068.95,6068.95,3516.67,3448.33,543
11498,19668.9,8170.92,8170.92,5381,6799.67,1738
92,885.363,793.363,793.363,0,0,0
32815.7,34545.9,1730.23,1730.23,31592.3,38505.7,13809.7
312,-164.94,-476.94,476.94,0,0,0
39931.3,28752.9,-11178.5,11178.5,40982.3,40683.3,28595.3
6885.67,7144.65,258.987,258.987,9283.33,8862.33,4846.67
43747,36219,-7527.99,7527.99,39031.7,40083.7,23957
13351.3,25069.5,11718.2,11718.2,17395.3,15799,8138
10997.3,10864.1,-133.255,133.255,117.667,863,0
21773.3,18541.1,-3232.28,3232.28,6584.67,9247.33,0
562,864.157,302.157,302.157,0,0,0
22020.7,30544,8523.38,8523.38,20672,20145.3,4813.67
0,874.63,874.63,874.63,6488.67,3714.67,25868
1922,11913.6,9991.57,9991.57,7336.67,8595.67,7043.33
388,5137.03,4749.03,4749.03,4173,2416,14509.7
3973,640.421,-3332.58,3332.58,0,0,0
0,427.546,427.546,427.546,0,0,0
42645.3,35875.8,-6769.49,6769.49,41542,42190.7,10589.7
16778.3,9937.37,-6840.97,6840.97,8018.33,11202.3,0
3936.67,1670.3,-2266.37,2266.37,0,0,0
15435.7,4625.05,-10810.6,10810.6,9599.67,9743.33,1255.33
30477,38167.1,7690.11,7690.11,16723.7,20177,595.667
3253,15058.8,11805.8,11805.8,8823.33,4258.33,2289.33
10539.3,16035.1,5495.8,5495.8,23983,21505.7,24384.3
1002,7802.75,6800.75,6800.75,30,163.667,0
43399,43660.9,261.875,261.875,44234,45019.7,32935
17073,20685.7,3612.68,3612.68,12835.3,9926.33,5068.67
40386,37062.3,-3323.71,3323.71,35649.7,36055,24323.3
25495,28833.7,3338.66,3338.66,15673,15545.7,20133.7
17943.3,24054.3,6110.97,6110.97,7971,11857.7,0
964.333,865.454,-98.8788,98.8788,8259.67,7539,38178
2444.33,3472.04,1027.7,1027.7,9111,4527.67,16193.3
10053,9717.98,-335.023,335.023,6624.33,6306.67,836.667
42698.7,45657.8,2959.09,2959.09,37636,39042,21200.7
35049,30691.8,-4357.21,4357.21,19976,23159.3,985.667
1626.67,847.482,-779.184,779.184,0,0,0
7195,10287.8,3092.81,3092.81,2934,3922,407.333
421.333,8977.99,8556.66,8556.66,4304,3384.67,121.333
29190.7,38188.8,8998.13,8998.13,17616.7,16809,11444.3
10789.7,17144.4,6354.75,6354.75,17548.7,15911,18856.3
390.333,3841.43,3451.09,3451.09,3500.67,1951.67,4628.67
1051.67,501.12,-550.547,550.547,0,0,0
8352.67,26100.3,17747.7,17747.7,13163.7,13326.7,10057
9348.33,5456.37,-3891.97,3891.97,3897.33,5321.67,642.667
9227.33,15138.6,5911.29,5911.29,8957.33,12304.7,151
2780.67,3484.39,703.721,703.721,3669.67,884,215
82.6667,-166.556,-249.223,249.223,3973,2767.67,16999.7
902,972.674,70.6742,70.6742,0,0,0
11340.7,11483,142.341,142.341,9887.67,8019.33,18475
14713.7,16330.8,1617.09,1617.09,9630.33,11672.3,4422.33
4147.33,6228.48,2081.15,2081.15,17010.7,13979,32822
34849.3,33000.6,-1848.69,1848.69,26941,29050.7,8613.67
42077.7,29702.9,-12374.7,12374.7,43946.7,43251,36313.3
32636.3,21524.7,-11111.6,11111.6,40781,39450.3,11789
15726,27726.9,12000.9,12000.9,29341,28237.3,41824.3
1401.33,7392.14,5990.81,5990.81,498.667,664.333,0
8155.33,25402.8,17247.5,17247.5,20016.7,14596.3,9779
420.667,882.215,461.549,461.549,83.6667,43.6667,0
1563.67,522.585,-1041.08,1041.08,0,0,0
1680.33,2910.44,1230.11,1230.11,1521.67,1860.33,63.6667
31737,34666.7,2929.7,2929.7,38728.7,38034.7,11985.7
4716.33,9167.5,4451.16,4451.16,43.3333,748.667,0
4475.33,5475.2,999.869,999.869,1091.33,1524.67,0
2005.67,2055.49,49.8275,49.8275,8837.33,8491.67,18509.3
12891.7,11426.6,-1465.04,1465.04,960.333,2513.33,0
8713,17427.9,8714.91,8714.91,14675.3,10649.7,23600.7
4362.67,12225.7,7863.06,7863.06,452,1280.67,0
28419.7,25290.9,-3128.75,3128.75,47971.7,30895.3,24726.7
24070.7,35230,11159.4,11159.4,25609.3,18996.3,5278
13970.7,12793.1,-1177.59,1177.59,7695.33,9071,2378.33
3224,24051.8,20827.8,20827.8,5021,5451.67,6602.33
2882.33,1576.99,-1305.34,1305.34,0,0,0
30353.7,31077.3,723.666,723.666,39588,38644,43468.7
33233.7,31990.8,-1242.9,1242.9,41066,40011,43147.7
0,941.65,941.65,941.65,1621.33,1231.33,2584
6468,9131.95,2663.95,2663.95,14934.7,13880,32434.7
27014.7,32212.6,5197.91,5197.91,37229.3,35304.3,41426.7
5730,11592.2,5862.23,5862.23,24846.7,20149.7,38345
40668,13244.2,-27423.8,27423.8,22215.7,25889.7,7195
11065.7,20650.4,9584.73,9584.73,12295.3,14198,2494.67
38260.3,44151.2,5890.92,5890.92,28267,30733.3,9196
7207,6949.88,-257.115,257.115,3252,2934,217.667
20829.7,30978.8,10149.2,10149.2,25828.7,23947.7,5995
10509.7,10143.9,-365.806,365.806,240,1211,0
2953.67,2591.09,-362.573,362.573,0,0,0
1892.33,3990.4,2098.06,2098.06,71.6667,217.667,0
33763.3,28137.5,-5625.8,5625.8,35807.3,39942,27191.3
20672,22939.4,2267.35,2267.35,8500.33,10553,0
18243.7,33174.2,14930.5,14930.5,37328,34733,10420.7
13161.3,14718.1,1556.8,1556.8,27132,24128,39840.7
24323.3,21579.7,-2743.59,2743.59,10170.7,12036.3,0
19975,27967.4,7992.36,7992.36,15545.7,23522.7,21230.7
5650,15597.3,9947.33,9947.33,11650.7,9057.67,9294
1664,2482.78,818.785,818.785,13076.3,10480,33233.7
7073.33,4330.29,-2743.05,2743.05,15496.3,11230.3,30475
23982,31186.3,7204.28,7204.28,18008.7,16771.7,4014.33
1998.67,7538.29,5539.62,5539.62,1594,1531,4276.67
9854.33,12135.4,2281.04,2281.04,865,2455.67,0
9522,10571.1,1049.15,1049.15,185,1051.67,0
1506,1464.95,-41.0539,41.0539,0,0,0
4928.33,4427.1,-501.23,501.23,258.333,319.333,0
27694.7,25638.1,-2056.53,2056.53,38644,37078.3,43639.7
37529,25739.2,-11789.8,11789.8,21570.7,26930,551.333
36715,29820.9,-6894.06,6894.06,26369.7,28712.7,4991.33
17948.7,29753.7,11805,11805,37169,43657.7,35649.7
7394,20255.8,12861.8,12861.8,17989.7,16446,15545.7
14091.7,19407.3,5315.63,5315.63,20250.3,19007.3,22736.7
9183.67,9251,67.3287,67.3287,65.6667,865,0
42150,43527.1,1377.07,1377.07,35239.7,37063.7,16980.3
9778.67,28596.6,18817.9,18817.9,11219.3,10759.7,3095.33
19578,29562.4,9984.44,9984.44,13495.3,15238.7,1781.67
23642,31057.1,7415.1,7415.1,23975.7,24582.7,25828.7
4173.33,3538.26,-635.072,635.072,16792.7,14009,37433
4837.33,3698.3,-1139.03,1139.03,12690.7,17587.3,42377.7
33236,31502.5,-1733.46,1733.46,24333.3,25817.3,4461.33
42198.7,39167.9,-3030.74,3030.74,33235.3,39973.3,19655
2553.67,5813.06,3259.4,3259.4,13656.7,8693.33,20816
30697.7,39176.4,8478.76,8478.76,19432.7,18631.7,1940
11008.3,23772.7,12764.4,12764.4,29371.7,24893.3,22979.3
41631.3,41547.5,-83.8808,83.8808,31172.3,33518.7,10997.3
16370.3,27369.1,10998.8,10998.8,23600.7,23557,12461.7
5898.67,8961.31,3062.65,3062.65,17482,11556.3,2869.33
27213.7,32416.6,5202.9,5202.9,26724.7,30911,29050
22813,25655.8,2842.8,2842.8,17033.3,16811.7,26523.3
6153.67,8273.32,2119.65,2119.65,17906.3,16234.3,22631.7
39728.3,45189.3,5461,5461,30733.3,32772,11559.7
33769.3,26129.6,-7639.76,7639.76,38521.3,33629.7,39780.3
4312.33,7176.64,2864.31,2864.31,248.333,673.667,0
40944,47600,6655.95,6655.95,33427,35844,17622
21191.3,14811.8,-6379.52,6379.52,17974,13861,2800
2059.33,5029.58,2970.25,2970.25,407.333,1512,0
6537,6393.99,-143.013,143.013,23948,20062.3,38324.3
29403,16135.9,-13267.1,13267.1,35893,38538.7,10053
33455.7,33695.3,239.657,239.657,40562.7,39820,39143
6473.67,23774.5,17300.9,17300.9,15799,26206,14023
10850.3,23834.4,12984.1,12984.1,33509.3,29371.7,21992.3
9869.33,6947.15,-2922.19,2922.19,2156.33,3312.33,0
7252.67,7796.53,543.867,543.867,3372.67,4140.33,101.667
3968,3612.88,-355.125,355.125,16805.7,13739,37454
29704.3,31915.2,2210.82,2210.82,38021.7,36719,41385
6533.67,12046.9,5513.2,5513.2,12584,9455.33,6381.67
31291.3,32637.7,1346.39,1346.39,18605.7,21294,2245.67
41910.3,40573.5,-1336.86,1336.86,42859.7,43222,27703.7
543,2615.27,2072.27,2072.27,0,30,0
9877.33,8805.09,-1072.25,1072.25,23836.7,21072,37519.7
25584,21417.6,-4166.36,4166.36,9937,12891.7,0
2038,4919.23,2881.23,2881.23,382.667,529.667,0
6857.33,7566.61,709.281,709.281,4312.33,3372.67,0
21230.7,29373.6,8142.9,8142.9,10109.3,18502,4362.67
11556.3,7381.99,-4174.34,4174.34,3907.67,10473,1091.33
4441.33,13348.9,8907.57,8907.57,5042,6141,6084
7697.33,6404.1,-1293.23,1293.23,22086.7,15949.3,35253
43418.7,35810,-7608.7,7608.7,42289.7,41943.3,29227.3
46112.7,34265.7,-11847,11847,46904.7,47257,35371.3
17374.7,23651.7,6277.08,6277.08,29508.3,27684.7,30127.7
15843.7,29403.4,13559.7,13559.7,11170,12164,3905
18370.7,21344.7,2974.02,2974.02,4237.67,6707,0
15750.3,23961.2,8210.82,8210.82,35740.3,33509.3,26777.3
35911.3,40975.2,5063.9,5063.9,23961.7,26911.3,5356.67
0,397.81,397.81,397.81,142,47.3333,3275.33
410.667,913.446,502.78,502.78,0,0,0
16294.7,27464,11169.3,11169.3,24820,26270.3,25889.7
6279,15832.2,9553.2,9553.2,2483.67,3878,0
19640.3,18756.3,-883.999,883.999,33755.3,31214.7,45219
2027.33,5487.45,3460.11,3460.11,1002,840.667,0
16205.7,27995.6,11789.9,11789.9,38654,36175.3,42820.7
896.333,-290.659,-1186.99,1186.99,0,0,0
183,2729.73,2546.73,2546.73,8716.67,6243.67,26652.7
22736.7,37145.7,14409,14409,24133.7,25344.7,13986
7945,7363.34,-581.658,581.658,60.6667,505.667,0
35062.7,24881.5,-10181.1,10181.1,14465.7,34123.3,9045
2695,20072.3,17377.3,17377.3,4598.33,3224,5009.33
6193.67,17093.2,10899.5,10899.5,7081,8041,1135.67
21992.3,28500.2,6507.86,6507.86,11534,18259,4798.33
6090,2987.49,-3102.51,3102.51,4569.33,4747.67,3044
223,6196.78,5973.78,5973.78,9122.67,6642,28594.3
30496,27336.9,-3159.05,3159.05,23947.7,20950.3,7127.33
1579,3266.73,1687.73,1687.73,12607.3,9680.67,31066.7
61,376.473,315.473,315.473,0,0,0
1636.33,7703.78,6067.45,6067.45,664.333,1160.67,0
70.3333,983.136,912.803,912.803,0,0,0
7719.33,8384.14,664.811,664.811,0,130.667,0
10165.3,12562.8,2397.44,2397.44,1728.33,4934,0
11689.7,6104.35,-5585.32,5585.32,551.333,1317.33,0
13160.3,12918.3,-242.07,242.07,27512,24957,41498.3
918.333,823.072,-95.2611,95.2611,174,298,0
31214.7,31397.5,182.83,182.83,40980,39987.3,44906.3
28237.3,34883.6,6646.23,6646.23,29403,34949.7,18467.7
7963.67,13377.2,5413.48,5413.48,1458,2900.33,0
6620.33,11677.5,5057.18,5057.18,2656,3905,0
19628,23956.6,4328.56,4328.56,35998,33441,45135.3
8500.33,11315.5,2815.17,2815.17,896.333,1943,0
43094.7,47491.7,4397.06,4397.06,32935,34826,14105
19554.3,25421.7,5867.4,5867.4,28684.3,22362,14541.3
26254,28775.8,2521.8,2521.8,12199,14985,0
2690.67,4153.01,1462.35,1462.35,17173,14207,35998
9277,10194.5,917.526,917.526,166,1257.67,0
18929.7,23506.6,4576.92,4576.92,28801.7,32722.3,47872
35715.3,12470.9,-23244.4,23244.4,13069.3,21530.7,9183.33
40705,44565.4,3860.42,3860.42,26788.7,30332.7,5803
35511.7,34002.6,-1509.05,1509.05,40901,40742.3,38722.3
14645.3,14139.8,-505.527,505.527,1822,3544.67,0
27019.3,33199.1,6179.82,6179.82,25817.3,26890,6736.33
10759.7,26332.8,15573.2,15573.2,7086.67,9838,0
717,40.6219,-676.378,676.378,2827.33,1604,9589.33
0,849.535,849.535,849.535,0,0,0
39565.3,32727.1,-6838.23,6838.23,43111,42724.7,37530.3
10147.7,10892.5,744.812,744.812,19072,20552,34123.3
1406,1686.93,280.93,280.93,0,0,0
4837.67,15820.1,10982.4,10982.4,3997,5355,194
15865,15884.2,19.2192,19.2192,30514,28561,41249.3
2705.67,3342.9,637.238,637.238,61,132,0
13462,13033.6,-428.373,428.373,1406,2354.67,0
11242.3,26037.6,14795.3,14795.3,22043.7,17140,15268.3
31639.3,31344.2,-295.109,295.109,40742,39810.7,45165.3
43021,33622.2,-9398.78,9398.78,43725.3,44430,31955
11388.7,26935.9,15547.3,15547.3,6011.67,7386.67,2648
8433,22347.8,13914.8,13914.8,18330.7,17887.3,21015
21561,20865.7,-695.27,695.27,25203.3,26297.7,42499
3155,21093.3,17938.3,17938.3,7336,7657.33,9762.67
30911,35576.3,4665.28,4665.28,36575,29332.7,15843.7
31587.3,26760,-4827.33,4827.33,39942,39137,29895.3
13098.3,19128.9,6030.55,6030.55,6809,6938.33,11405.7
5409.33,5235.01,-174.325,174.325,13880,11559.7,32788.3
14257.3,22110.5,7853.17,7853.17,25318,23250.7,35831
45596.7,44052.4,-1544.25,1544.25,37528.3,39431.7,16704
19109,18577,-532.027,532.027,33565.7,30805.3,43731.3
1432.33,-76.969,-1509.3,1509.3,0,0,0
5884,9660.22,3776.22,3776.22,8014.33,6700.33,6975.33
7218,16399,9180.99,9180.99,25420.7,16008.7,25858.7
6018,7696.06,1678.06,1678.06,7742.67,8206.67,3830.67
17568,10544.4,-7023.6,7023.6,5881.67,6395.67,258.333
11585.7,18490,6904.32,6904.32,5067,9277,0
19557,31931.3,12374.3,12374.3,34276.3,36717.3,8504.33
18753.7,25274.1,6520.39,6520.39,30193.3,38178,42713.7
1383.33,693.437,-689.897,689.897,0,0,0
10229.3,11195.1,965.808,965.808,24221,21639,38917.7
31331.7,36662.2,5330.51,5330.51,38923.3,47872,22362
5190,7638.29,2448.29,2448.29,2528,4952.33,0
3685,5590.99,1905.99,1905.99,0.333333,151,0
528.333,570.055,41.7218,41.7218,0,0,0
42297.7,43422.6,1124.96,1124.96,37063.7,38260.3,19843.3
8806,22775.4,13969.4,13969.4,14709,13199.3,33236
8487,29235.2,20748.2,20748.2,9762.67,7083.33,6874.33
24023.3,22157.4,-1865.88,1865.88,37009.3,34668.3,45941.3
28070.3,29559.8,1489.45,1489.45,21692,22838,7601.33
10445,3833.29,-6611.71,6611.71,0,65.6667,0
11389.7,11575.6,185.916,185.916,433,1557.67,0
11602.3,12480.6,878.279,878.279,1267.33,3059,0
17589.7,14857.7,-2731.97,2731.97,11261.7,8327.67,4196.67
6381.67,30025.3,23643.7,23643.7,33599,35525.7,6395.67
1108,6259.23,5151.23,5151.23,320,498.667,0
3575,4664.1,1089.1,1089.1,0,47.6667,0
8327.67,12551.1,4223.47,4223.47,5366,9078,3002.67
36459.7,28280.4,-8179.28,8179.28,42941.3,42077.7,42729.7
31026.7,21705.5,-9321.19,9321.19,26340.3,27868.3,41156.7
22451.3,22508.6,57.3146,57.3146,35710.7,33233.7,43928.3
37328,28679.3,-8648.74,8648.74,16094,16430.3,3575
18829.3,16301.6,-2527.77,2527.77,4461.33,6736.33,0
27195.7,6891.25,-20304.4,20304.4,11356,16426.3,1439.33
39396.3,41935.1,2538.8,2538.8,27106,29741.3,5768.33
30514,30681.1,167.074,167.074,35940,38000.7,44396.3
21757.3,23256.2,1498.86,1498.86,32822,31084,38619.7
42858.7,41450.7,-1407.94,1407.94,39728.3,40766.7,25539.3
9388.33,22567.1,13178.7,13178.7,8586,12295.3,2591.33
25456.7,22036,-3420.62,3420.62,12806.3,16704,1783.33
7086.67,9973.9,2887.23,2887.23,401.667,1664.33,0
32170,28418.6,-3751.38,3751.38,19655,22954.3,1764.67
39745,34529.9,-5215.13,5215.13,34060.3,35863.7,13578.3
7841.33,13205.5,5364.12,5364.12,2638,3575,0
4767.67,11211.6,6443.91,6443.91,13534,10789.7,18745.3
14555,16076.2,1521.19,1521.19,28716.7,25851,41333
2785,18197.6,15412.6,15412.6,3224,3586,4212.33
10101,16093.2,5992.21,5992.21,2467,3000.33,114.667
34763.7,27916.2,-6847.49,6847.49,41149.3,35807.3,33685.3
18581.7,11001.1,-7580.61,7580.61,9042.33,11453.3,4677
3520.67,9305.29,5784.63,5784.63,2304.33,2222.67,543
13534,18610,5076.05,5076.05,16935.7,17548.7,18243.7
11496.7,16309.7,4813.03,4813.03,24120.3,21234.7,36719.7
17512.3,35248.8,17736.4,17736.4,24726.7,12680.3,10270.7
1568.67,6581.22,5012.55,5012.55,14453.3,8143,24820
22838,28172.5,5334.52,5334.52,14541.3,18100.3,2467
17676,21094.4,3418.41,3418.41,6067.33,9033,0
16234.3,18070.3,1835.93,1835.93,23042,27265,33481.7
5021,13110.9,8089.94,8089.94,5680,5223.33,4442.67
11480,28588.2,17108.2,17108.2,18581.7,15798,11261.7
151.667,-514.79,-666.457,666.457,1604,767,7872.33
965,2345.39,1380.39,1380.39,0,0,0
112,3829.55,3717.55,3717.55,8308.33,6153.67,27265
7540.33,8299.5,759.162,759.162,5672,5190,908.667
21099,38803,17704,17704,22440.7,17616.7,11349
9445.33,6501.56,-2943.78,2943.78,5896.33,6874.33,2932.67
14366.7,8904.26,-5462.41,5462.41,8939,7233.67,2720
8913.33,23887.1,14973.8,14973.8,19708.7,14229.7,34795.3
727.333,1385.68,658.345,658.345,10812.7,8094,29800.7
15859.3,15400.5,-458.813,458.813,1936,3832.33,0
7959.33,13971.9,6012.58,6012.58,4821.67,8938.67,7952.67
3736.33,22751.4,19015,19015,6979.67,7336,9350
36623.3,26701.9,-9921.4,9921.4,41576.3,41149.3,38508
9646.67,23927.6,14281,14281,24230.7,30600.7,31026.3
8448,20608,12160,12160,32619.7,24397.7,28464
22343,29095.5,6752.48,6752.48,23727.7,25828.7,4957.67
39137,26776.6,-12360.4,12360.4,41119.3,41576.3,35652.3
41773,37973.7,-3799.26,3799.26,29445,37592.7,17943.3
25219.7,24362.9,-856.736,856.736,36986.3,34880.7,41910.3
30220.3,24837.7,-5382.59,5382.59,8711.67,13792.3,0
35357,28642.6,-6714.42,6714.42,22389.7,25584,2513.33
20250.3,27391,7140.62,7140.62,23260.3,23763.7,24133.7
35508.7,34009.5,-1499.21,1499.21,40583,40364.7,37240.7
1743.33,7764.07,6020.73,6020.73,16580.7,10197.3,36307.3
38256.3,31561.5,-6694.87,6694.87,41988,42160.3,29445
38367.7,29632.1,-8735.55,8735.55,27428.3,45397.7,20011.7
14709,31761.2,17052.2,17052.2,32526.7,34655.7,24333.3
8900.33,17368.4,8468.09,8468.09,6473.67,6472.67,17110.3
43639.7,41500.9,-2138.82,2138.82,41169,42329,24176
4891.33,10178.6,5287.29,5287.29,16294.7,15009.7,23841.7
166,760.797,594.797,594.797,0,0,0
37078.3,33588.7,-3489.64,3489.64,43485,40367,42329
29332.7,23954.6,-5378.08,5378.08,23464.7,29050,12164
3123.67,3282.26,158.597,158.597,1453.67,1787.67,2038
10528.3,11866.5,1338.15,1338.15,24441.7,22618.7,35940
29387.7,31361,1973.37,1973.37,13437.3,16704,0
6812.33,9982.58,3170.24,3170.24,902,1337.67,0
2519,5144.01,2625.01,2625.01,7406,7352.33,7794.67
6642,18008.2,11366.2,11366.2,22485.3,24435.3,32462.3
3973,2811.26,-1161.74,1161.74,11024.7,8954,36175.3
4843.33,7469.67,2626.34,2626.34,16657.7,14257.3,31427.3
15287,14732.2,-554.835,554.835,17348,11261.7,4115
6703.33,4430.26,-2273.08,2273.08,1862,3044,262.667
22290.7,38300.9,16010.2,16010.2,30971.3,24133.7,10417.3
42021,39664,-2357,2357,41751.3,42543.3,27840.7
26523.3,31069.5,4546.14,4546.14,22576.3,19578,9796
12690.7,33775.3,21084.7,21084.7,41811,35865.3,38590
8866.67,7090.51,-1776.15,1776.15,23456.7,20285,39598.3
20803.7,21410.1,606.451,606.451,9103,12835.3,4627
15125,15209.1,84.0834,84.0834,7885.67,9630.33,2227
20556,25066.1,4510.13,4510.13,23624,21218,16704
6371.33,5897.13,-474.207,474.207,4124.33,3622,8794
1936,855.513,-1080.49,1080.49,0,0,0
19843.3,21431.1,1587.76,1587.76,6760.33,9196,0
10535,16966.4,6431.39,6431.39,6975.33,6024.33,9999
551.333,552.099,0.765368,0.765368,0,0,0
13069.3,11146.9,-1922.46,1922.46,14642.7,13806.7,92
16771.7,22069.3,5297.66,5297.66,6530.67,5136.67,38
12713,6566.51,-6146.49,6146.49,2488,3680,0
30565,31012.8,447.763,447.763,40011,39227,42948.7
11386.3,20434.5,9048.2,9048.2,6812.33,7995,0
40791.3,39220.8,-1570.56,1570.56,42312.3,41899.7,33708.3
7240.67,8773.56,1532.9,1532.9,6833.33,8939,2447.67
855.333,2572.54,1717.21,1717.21,8502.33,5596,27684.7
261,1625.18,1364.18,1364.18,6923.67,5630.67,20700.7
5997.67,16377.9,10380.2,10380.2,8159.33,6425,5549
5680,19087.9,13407.9,13407.9,2999,3945,2157
15849.3,15010,-839.304,839.304,30805.3,27993.7,42780.3
23479.3,28515.4,5036.07,5036.07,40110.7,38654,42297.7
9581.67,37028,27446.3,27446.3,16123,13583,11388.7
3028,5553.02,2525.02,2525.02,2840.33,1998.67,4113
1055.33,1951.73,896.393,896.393,3139.67,2536.33,4648.67
3556,5439.47,1883.47,1883.47,153,436.667,0
44200,30652.7,-13547.3,13547.3,44906.3,45092.7,37373.3
4397,11668.1,7271.11,7271.11,4922,5214,7672.67
14511.7,31335.6,16823.9,16823.9,26255,28744.3,28678.7
13201.3,28436,15234.7,15234.7,9838,10788.3,38.6667
478,-296.662,-774.662,774.662,3005,5666.33,8832.33
16999.7,26030,9030.33,9030.33,36175.3,35709.7,42858.7
5766.33,6510.96,744.631,744.631,18686.7,15796.3,34763.7
4461.33,1003.13,-3458.2,3458.2,0,0,0
9680.67,9273.3,-407.366,407.366,23840.7,21158.3,38867.3
5215.33,6741.84,1526.5,1526.5,18603.7,15709.3,35027.3
42548.7,42691.9,143.221,143.221,33518.7,35662,12371
1369.33,722.686,-646.648,646.648,0,0,0
19195,18356.9,-838.092,838.092,32731.3,30262.7,43399
4569.33,5649.12,1079.79,1079.79,4132.67,4298,1070.67
7603.67,28542.1,20938.4,20938.4,10972,10653,13897.3
35210.7,35423.5,212.785,212.785,19876,23237.7,1217
18467.7,12180.5,-6287.12,6287.12,10053,9144.33,4598.33
8862.33,7536.14,-1326.2,1326.2,6589,6716,2164.33
101.667,209.202,107.536,107.536,0,0,0
29072.7,25644.6,-3428.08,3428.08,38867.3,36972,40847
20552,18588.6,-1963.37,1963.37,17490.7,35062.7,37921.3
11188.3,7763,-3425.33,3425.33,16039.7,13333,20199.7
543,2213.42,1670.42,1670.42,0,0,0
12806.3,14530.4,1724.11,1724.11,4539,4713,0
7795.67,22178.8,14383.1,14383.1,13595.3,30577.7,1906
29155.7,22394.4,-6761.22,6761.22,27868.3,37099,25218.3
30475,22800.2,-7674.83,7674.83,27643.3,28419.7,32933.3
640,772.065,132.065,132.065,0,0,0
10972,38930,27958,27958,15264,16941,7610
2467,11922.5,9455.47,9455.47,941,1945.33,0
34738,28602.6,-6135.38,6135.38,42077.7,40414,43725.3
10687.7,9070.47,-1617.2,1617.2,25504.3,22733.7,40067.7
44773.7,46709.7,1936,1936,43041,44000.7,29741.3
41716.3,43774,2057.7,2057.7,35841.7,39780.3,21294
22573.3,35863.3,13289.9,13289.9,11444.3,15952.3,6972.33
1512,1781.68,269.681,269.681,0,0,0
2261.67,1609.78,-651.886,651.886,8448,8259.67,30193.3
10489.7,9272.89,-1216.78,1216.78,24984.3,22290,39588
1783.33,802,-981.334,981.334,0,0,0
14571,9473.77,-5097.23,5097.23,26473,24676,40052.7
18328,2376.05,-15952,15952,13423,13641,41811
8512,16087.7,7575.74,7575.74,14511.7,28387.7,38521.3
1622.67,886.386,-736.28,736.28,298,396,0
4118.33,27805.5,23687.2,23687.2,13462,8947.67,640
29341,34411,5070,5070,38034.7,29403,15540.7
40965.3,44604.7,3639.35,3639.35,41052.3,41884.7,29219
4598.33,24534.3,19936,19936,5518.33,5021,4689
8550.67,16789.9,8239.24,8239.24,17095.7,14266.7,23567
2112.67,1342.73,-769.94,769.94,0,0,0
593,1272.3,679.305,679.305,9988.67,7544.67,28972
8247.33,10716.1,2468.78,2468.78,259.667,672.667,0
24184.3,23498.5,-685.878,685.878,10512,14615.7,0
36717.3,20599,-16118.4,16118.4,20135.3,25781.3,433
14624,14558.3,-65.6753,65.6753,3059,3957,0
33599,14881.7,-18717.3,18717.3,11782.3,13575.7,796.333
323.667,1666.94,1343.27,1343.27,0,0,0
0,1552.61,1552.61,1552.61,4720,3883.33,21135
3597.33,3455.47,-141.86,141.86,18,223.667,0
1594,7345.19,5751.19,5751.19,2829,4167,3660.67
3660.67,7004.69,3344.02,3344.02,1509.33,1428.67,163.667
11192,29814,18622,18622,9709,8544.67,1369.33
16426.3,2816.77,-13609.6,13609.6,2673,6411,1680.33
36260.7,18164,-18096.7,18096.7,41156.7,25218.3,13806.7
14548.3,19227.8,4679.43,4679.43,4813.67,6339,0
1428.67,5424.94,3996.27,3996.27,543,1002,0
17033.3,34614.2,17580.9,17580.9,47872,39537.7,22576.3
40176.3,34194.8,-5981.52,5981.52,45941.3,45247.7,43302.7
5761,5019.97,-741.028,741.028,18989.3,16243.7,35508.7
38425.3,29994.6,-8430.71,8430.71,34304.7,35143,18771.3
47.3333,1363.92,1316.59,1316.59,229.667,242.667,2510.33
19214,16510.8,-2703.17,2703.17,22813,12977.3,26379.7
23076.7,17680.1,-5396.53,5396.53,4716.33,7971,0
11534,24586.8,13052.8,13052.8,7930.67,9818.67,8947.67
13998,15753.9,1755.86,1755.86,27518.7,25150.7,39514.3
24384.3,26185.9,1801.61,1801.61,25953,25028.7,15523
37898.7,35667.6,-2231.08,2231.08,25747.7,28815.7,5011
24899.7,30994.4,6094.76,6094.76,19975.7,23076.7,1980.33
11208.3,6554.75,-4653.58,4653.58,10906,9115.67,961
2057.67,6095.93,4038.26,4038.26,2892.67,4102.33,1515
5909,5929.42,20.4158,20.4158,18753.7,9036,29445.3
2418.33,8150.86,5732.52,5732.52,0,114.667,0
14112,29598.5,15486.5,15486.5,42114.7,42377.7,33427
3879,3376.24,-502.764,502.764,14555,12492,33521.3
16995,22694.6,5699.59,5699.59,28647.3,25955.3,38538
9146,31739.9,22593.9,22593.9,21513.7,16682.3,9071
1528.67,3216.58,1687.92,1687.92,658.333,447.333,0
13122,29279.8,16157.8,16157.8,17589.7,15666.3,15849.7
3522.67,4991.57,1468.91,1468.91,1625.33,1852.67,0
8447.33,11095.1,2647.76,2647.76,8260.33,16762.3,458
13422.7,21483.8,8061.09,8061.09,9999,14417.7,13481
35442,36362,919.97,919.97,22331.3,25274.3,2999.33
24726.7,31916.8,7190.1,7190.1,14106,18167.7,2479
22389,28690.3,6301.3,6301.3,17676,25195.3,2038
22041,24581.8,2540.77,2540.77,33763.3,31587.3,41576.3
3544.67,1503.28,-2041.38,2041.38,0,0,0
25520.3,24587.7,-932.664,932.664,37578,35710.7,44068.3
6972.33,6188.77,-783.564,783.564,0,251,0
33051.7,21806.1,-11245.6,11245.6,34826.3,36185,26803.3
7955.67,7178.72,-776.942,776.942,22733.7,19109,38707.3
34517,36925.1,2408.1,2408.1,21022,23988.3,2105.67
38170,28138.5,-10031.5,10031.5,36588,34304.7,13973.7
12378,31652.3,19274.3,19274.3,11592.7,17484,13429.7
35419.3,28168.2,-7251.09,7251.09,15003,25682,4611.33
11696.3,12835.1,1138.77,1138.77,689.333,2105.67,0
3917.33,9582.82,5665.49,5665.49,7418.67,8173.33,23730.7
40781,9193.29,-31587.7,31587.7,14713.7,17568,7886.33
23568.3,28201.8,4633.43,4633.43,22108,18768.3,8500.33
194,2149.9,1955.9,1955.9,0,0,0
34795.3,18216.1,-16579.2,16579.2,20644.3,28897,8169.33
23621.7,28265.6,4643.97,4643.97,11602.3,14624,0
7336,26714.5,19378.5,19378.5,6580.33,7374,7830.33
21199,8401.78,-12797.2,12797.2,27916.7,27195.7,6411
20196,27060.4,6864.37,6864.37,26121.7,22325,21218
3005,25.4102,-2979.59,2979.59,6551.67,18328,4496.33
6306.67,9208.12,2901.45,2901.45,2832,3402.33,0
20592.7,23731.7,3139.05,3139.05,15014.7,13990,23568.3
16858.7,18473.2,1614.54,1614.54,29704.3,27518.7,40742.3
24454,24840.8,386.791,386.791,37910.7,35998,44123.7
36588,19209.9,-17378.1,17378.1,16038,17896.7,3308
43499.7,31316.6,-12183.1,12183.1,34702.3,37529,8137.33
19072,18846,-226.001,226.001,22631.7,17490.7,22255.7
14934.7,29642.6,14708,14708,34363.7,34309.7,38505.7
17000.7,29529.1,12528.4,12528.4,15238.7,14501.3,4466
31172.3,33686.2,2513.84,2513.84,16475.3,18597.3,117.667
9556.67,9599.74,43.0687,43.0687,4475.33,3440.67,447.333
6127.67,6667.51,539.846,539.846,8794,6397,4179
41824.3,11673.3,-30151,30151,15540.7,18467.7,9474
1280.67,1030.8,-249.864,249.864,0,0,0
22898.3,26326,3427.69,3427.69,20597.3,21015,9935.33
39637.3,30324.1,-9313.24,9313.24,25195.3,24323.3,3533.33
33532.3,27986.3,-5546,5546,23957,24601.3,1747.67
22975.3,21627.8,-1347.58,1347.58,8613.67,10512,0
2823.67,1212.87,-1610.79,1610.79,0,0,0
4115,6648.19,2533.19,2533.19,3494,2214.33,0
7809.33,17352.4,9543.02,9543.02,3905,4121,0
24893.3,24305.4,-587.969,587.969,26988.7,29666,20803.7
5695.67,3773.39,-1922.28,1922.28,4747.67,6980.33,2980.33
1951.67,3815.59,1863.92,1863.92,3944.33,4259.67,4847.67
23600.7,25897.1,2296.46,2296.46,18180,19079.7,10785
46.3333,3920.29,3873.96,3873.96,5249.67,4664,5042
1548,7803.17,6255.17,6255.17,3960,3644.33,7423.67
664.333,2380.68,1716.34,1716.34,0,53.3333,0
6450.33,11135.4,4685.08,4685.08,1747.67,2377.33,0
8135.67,9651.63,1515.96,1515.96,34.3333,595.667,0
4982.33,3196.27,-1786.06,1786.06,69.6667,491.667,0
29974,29039.9,-934.122,934.122,17580,19975.7,748.667
4102.33,6350.18,2247.84,2247.84,1950.67,1453.67,1603
4169.33,790.943,-3378.39,3378.39,9834,9391,42606
307.333,5999.53,5692.2,5692.2,2063.67,2839.33,4499
33618.3,22808.4,-10809.9,10809.9,21148,28847.7,6945
20177,28724.2,8547.24,8547.24,5538,8135.67,0
12930.7,29093.2,16162.5,16162.5,23730.7,19554.3,21692
25150.7,25380.8,230.084,230.084,35511.7,33497.3,40979.7
396,2960.91,2564.91,2564.91,0,0,0
8412,11009.2,2597.25,2597.25,2706.33,2591.33,13.3333
10420.7,14149.4,3728.75,3728.75,3575,4100.67,0
35321,32488.3,-2832.73,2832.73,41392,40664.3,40549.7
9344.67,11681.7,2336.99,2336.99,13573,14442.3,13990
10154.7,9209.18,-945.483,945.483,25219.7,21709,39217.3
13753.3,21350.1,7596.78,7596.78,14475.3,17685.7,23529.7
3463.67,15824.6,12361,12361,3133.67,3632.67,3253
37644,15250.4,-22393.6,22393.6,40468.3,38381.7,9630.33
38049,28703.9,-9345.13,9345.13,43021,42941.3,41540
16704,16750.6,46.5735,46.5735,4713,7776.33,0
36100.7,29989.9,-6110.79,6110.79,24601.3,27519.3,2377.33
9122.67,18803.5,9680.84,9680.84,25726.7,22485.3,32264.3
24567,25732.6,1165.61,1165.61,25858.7,29603.3,28847.7
9599.67,1871.84,-7727.83,7727.83,1439.33,2596,1247.33
1751,14515.5,12764.5,12764.5,3681.67,2302,2289.33
30577.7,15279.6,-15298,15298,5417.33,8957.33,0.333333
37762,38629.6,867.579,867.579,24478.7,28111.3,4842.33
4385.67,5913.79,1528.12,1528.12,6700.33,6606.33,6024.33
5630.67,8276.49,2645.82,2645.82,14235.3,13007,30589.3
6084,19972.1,13888.1,13888.1,10900,9388.33,8412
47872,30459.4,-17412.6,17412.6,17000.7,16177.3,18461.7
28155.3,27814.4,-340.937,340.937,14650.3,17594,157
1342.67,1186.35,-156.32,156.32,6020.33,4835.33,5785.33
2330,4680.16,2350.16,2350.16,16276.7,12880.3,32636.3
3003,1078.4,-1924.6,1924.6,0,0,0
22631.7,24651.4,2019.71,2019.71,12141.7,33481.7,15510.7
32674,33769,1094.98,1094.98,23188.7,25760.7,4190.33
40795,29449.4,-11345.6,11345.6,46303.7,46112.7,43781.3
9283.33,7480.32,-1803.01,1803.01,6071,6589,836.333
335.333,881.48,546.146,546.146,0,0,0
0,782.467,782.467,782.467,898.667,571.667,2975.33
22485.3,27704.4,5219.1,5219.1,36386,26036,11739.3
13051.7,15372.9,2321.26,2321.26,27014.7,24221,39820
9036,22278.5,13242.5,13242.5,5943,6011.67,2212.67
91,1082.36,991.363,991.363,10430.7,6306.33,20196
8613.67,9391.81,778.146,778.146,198,918,0
29677,26811.3,-2865.7,2865.7,13572,16767.7,0
21049.3,34641.6,13592.3,13592.3,32933.3,17512.3,15937.7
41016.7,33231.7,-7785.01,7785.01,16123,12472.3,10934.3
44160.3,38955.7,-5204.59,5204.59,35049,37373.3,13572
14655,17699.9,3044.91,3044.91,29155.7,22655.3,32475.7
6310,11595.4,5285.41,5285.41,9455.33,11340.7,13491.7
69.6667,1035.76,966.091,966.091,0,0,0
32407.7,33518.4,1110.72,1110.72,16704,19876,307
25828.7,19228.6,-6600.03,6600.03,12886,9490.67,410.667
1334,2799.84,1465.84,1465.84,7310,9126.33,10649.7
13402,7013.32,-6388.68,6388.68,3680,5815.33,0
25953,27689.6,1736.63,1736.63,13230.7,17486.3,6901
31264,14643.9,-16620.1,16620.1,24819,25858.7,21148
16153.3,15143.6,-1009.76,1009.76,31214.7,28797,44200
15969.3,18991.1,3021.79,3021.79,28897,28143.7,8260.33
23727.7,18913.2,-4814.42,4814.42,7127.33,12886,21
13713.3,13395,-318.338,318.338,29036.7,26507.7,42332.3
34240.3,39667.8,5427.47,5427.47,38652.7,28604.3,17580
1853.67,1698.37,-155.293,155.293,0,0,0
4844,25127.3,20283.3,20283.3,8487,6979.67,9012.67
25955.3,31646.9,5691.57,5691.57,34929.3,33483.3,36071.3
11650.7,13027.2,1376.58,1376.58,5997.67,9824,5633.33
1557.67,3393.67,1836,1836,3897,3435.67,4361.33
15901.3,15287.8,-613.497,613.497,2999.33,4695,0
13045.7,13375.9,330.216,330.216,1805.67,3420.33,0
43411.3,39582.6,-3828.72,3828.72,41761,42859.7,24362.7
37040.3,37205.9,165.584,165.584,37451.3,37417.7,30390.7
18364.3,42873.7,24509.4,24509.4,22573.3,22440.7,8544.67
1664,1218.34,-445.66,445.66,0,0,0
7297.33,6719.7,-577.637,577.637,4787.67,4569.33,1862
9656.67,26453.9,16797.2,16797.2,10653,9652.67,13723.3
95,864.606,769.606,769.606,0,0,0
6104,12761.7,6657.74,6657.74,3878,3522.67,0
1657,1005.42,-651.582,651.582,0,0,0
25218.3,14118.2,-11100.1,11100.1,14742.7,13069.3,4026.33
6809,4477.72,-2331.28,2331.28,9206.33,10080.3,7233.67
1467.67,704.684,-762.982,762.982,0,0,0
9115.67,8838.2,-277.463,277.463,4982.33,5412,0
45905.3,48054.4,2149.08,2149.08,37974.7,40705,17538.3
1723.67,1642.89,-80.7753,80.7753,0,0,0
9650,11668.5,2018.49,2018.49,1783.33,3899.67,0
23947.7,19380.5,-4567.16,4567.16,9490.67,9231.33,1127
6705.33,6126.75,-578.579,578.579,9646.67,7804,34655.7
49.3333,1377.36,1328.03,1328.03,7772.33,5831.67,26979
15796.3,19964.1,4167.72,4167.72,29800.7,26990.7,35807.3
12492,13580.1,1088.15,1088.15,25851,22910,39904.7
35115.7,34809.6,-306.065,306.065,21497,24176,2487.67
47125.3,39304.5,-7820.79,7820.79,43781.3,45184.7,26788.7
153,5592.09,5439.09,5439.09,0,123,0
6686.33,8240.97,1554.64,1554.64,1484.33,1192,0
2497,2602.85,105.846,105.846,14571,8159,33175
5963.67,7854.44,1890.77,1890.77,18290,15988.7,34054
38976.3,30321.1,-8655.26,8655.26,43418.7,42431.3,39973.3
2840.33,6989.86,4149.52,4149.52,2520.33,1594,2497
114.333,952.401,838.068,838.068,0,0,0
5121.67,15307.7,10186.1,10186.1,2018.33,2158.33,0
2202,-506.507,-2708.51,2708.51,0,0,0
43251,35748.1,-7502.94,7502.94,41540,42729.7,26381.3
3073.67,8411.2,5337.53,5337.53,6533.67,6310,8019.33
23860,34410.4,10550.4,10550.4,11363,14105,0
3392,15321,11929,11929,8435.67,8823.33,2430
9111,10699.4,1588.36,1588.36,8913.33,9256.33,17158
1098.67,2999.68,1901.02,1901.02,0,106,0
1945.33,2282.72,337.39,337.39,0,0,0
418.667,1371.78,953.11,953.11,10480,7807.33,30565
3502,4206.02,704.023,704.023,0,21,0
44234,48585.9,4351.91,4351.91,37698,39573,20177
27357.7,26394.3,-963.365,963.365,22343,20829.7,9231.33
4845,14972.8,10127.8,10127.8,4263.33,3805.33,4016.67
2904.33,987.761,-1916.57,1916.57,0,0,0
19027,18408.4,-618.633,618.633,3832.33,6169.33,0
5042,14136.6,9094.58,9094.58,4159.67,4796,10900
2827.33,12348.1,9520.81,9520.81,6803.67,4275.33,16096.7
7680,10239.6,2559.64,2559.64,9115.67,7265,965
42265.3,34035.8,-8229.53,8229.53,31360.7,16123,8247.33
26527.7,39459.1,12931.4,12931.4,13270.3,17622,14.6667
37229.3,32265.5,-4963.83,4963.83,40458.3,40484,36332
39800,35180.5,-4619.53,4619.53,30702.3,33532.3,7247.33
126,1187.28,1061.28,1061.28,2620.67,1621.33,3463.67
43222,39924.1,-3297.88,3297.88,35654.3,37644,15784.7
19016.3,29190.7,10174.4,10174.4,33786,34276.3,6516.33
26979,24862.5,-2116.52,2116.52,32571.7,26184,24171
6436.67,14444.8,8008.16,8008.16,16299.3,17345.3,8343
454.333,9219.14,8764.8,8764.8,3556,4304,1216.67
0,1588.56,1588.56,1588.56,1922,661.667,9259.33
5836.33,5098.75,-737.581,737.581,319.333,592.333,0
1750.33,6568.19,4817.85,4817.85,1531,2508,3066.67
863,472.749,-390.251,390.251,0,0,0
6071,6457.59,386.587,386.587,3512,4375.33,0
433,204.034,-228.966,228.966,0,0,0
3657,10367.8,6710.85,6710.85,1738,2336.33,498.667
19323.7,25941.9,6618.24,6618.24,30379.7,28647.3,22031.7
11021,18956.2,7935.17,7935.17,24275.7,21536,38034.7
3096.67,1831.16,-1265.51,1265.51,7813,7578.33,7804
1514,2968.43,1454.43,1454.43,13377.3,10481.3,33950.3
38324.3,34452.6,-3871.75,3871.75,41966.7,40965.3,37636
18771.3,12527.6,-6243.73,6243.73,7372,9775.67,0
26941,25228,-1712.99,1712.99,14615.7,17392.7,198
38365,29270.3,-9094.72,9094.72,36845.7,38304,17896.7
6762.33,5458.47,-1303.87,1303.87,988,2227,83.6667
7265,8960.43,1695.43,1695.43,5412,5468,0
32264.3,24230.2,-8034.11,8034.11,12378,11739.3,14307
25618.7,29282.1,3663.48,3663.48,9403.33,12674.7,0
34426,33770.7,-655.302,655.302,30220.3,31501.3,4435.33
10512,11462.7,950.678,950.678,918,2117.67,0
45785.7,43411.4,-2374.26,2374.26,43302.7,44634,26132
39017,39006.9,-10.1258,10.1258,40792.7,40595.3,35863.7
17496,21158.8,3662.83,3662.83,6339,8500.33,0
37159,30245.1,-6913.93,6913.93,42857.3,42100.7,40744
8001,13092.3,5091.32,5091.32,22255.3,14934.7,32815.7
0,283.04,283.04,283.04,0,0,0
23159.3,22009.7,-1149.63,1149.63,7442,10465.3,0
9037,15465.7,6428.66,6428.66,6084,5739.67,14198
20.3333,490.985,470.652,470.652,1218,1234.33,4275.33
26270.3,33620.3,7349.97,7349.97,35527,40668,13262
16580.7,25356.4,8775.69,8775.69,27213.7,27594.3,31547.7
6647,21930,15283,15283,9713.33,9922.67,7073.67
35863.7,28472.9,-7390.75,7390.75,23278.3,26369.7,2762
22255.7,30960.2,8704.54,8704.54,15510.7,6026.67,10165.3
4973.67,5506.28,532.618,532.618,183.667,500.667,0
137.333,3224.58,3087.24,3087.24,8334.33,6219.67,28237.3
19124.3,32271,13146.6,13146.6,31016.7,37169,28818.7
2932.67,5907.98,2975.31,2975.31,689.667,1475.33,0
5031,5674.32,643.324,643.324,15949.3,11678.3,25203.3
30442,33051.7,2609.75,2609.75,37686,37040.3,35521.7
3435.67,1735.4,-1700.27,1700.27,5012.33,4623,5936
6970.67,8656.25,1685.58,1685.58,107.333,640,0
2800,11357.1,8557.12,8557.12,1531.67,1986.67,109.333
2030.33,9030.78,7000.44,7000.44,20904.3,2565.67,3669.67
11140.3,17624.5,6484.14,6484.14,20700.7,25420.7,24819
24171,26619.5,2448.53,2448.53,16071.3,13230.7,12113.7
23188.7,22783.7,-404.935,404.935,8315,11410,0
4747.67,7804.75,3057.08,3057.08,4298,6703.33,1152.67
2762,607.327,-2154.67,2154.67,0,0,0
262.667,828.323,565.656,565.656,0,0,0
2102.33,2729.65,627.312,627.312,13343,10812.7,31587.3
42543.3,38435.8,-4107.54,4107.54,35719.7,37545.3,18045.3
10652.7,10323.8,-328.826,328.826,505.667,1764.67,0
23983,24372.5,389.539,389.539,26184,34314,25953
25308.7,15343.8,-9964.91,9964.91,5430.33,8155,3252
12674.7,12126.7,-547.926,547.926,584.667,1936,0
451.667,1180.94,729.277,729.277,0,0,0
324.667,1894.85,1570.18,1570.18,9344.67,7413.67,19702.3
15877,27524.1,11647.1,11647.1,23918.3,19708.7,26698.3
2411,450.496,-1960.5,1960.5,0,0,0
7696.33,10684.1,2987.72,2987.72,2327,5051.67,0
2514,9790.59,7276.59,7276.59,16022.7,13718.7,36386
9036,23394.2,14358.2,14358.2,38178,32619.7,30841.3
16475.3,15943.5,-531.811,531.811,2462.33,4842.33,0
36546,37620.9,1074.89,1074.89,22584.3,25618.7,1936
22182.3,11764.4,-10418,10418,9144.33,9373.33,5659
34517.7,38476.2,3958.51,3958.51,24015.7,26924.3,6087.67
23615.7,29763.4,6147.69,6147.69,8775.33,11476.3,0
11476.3,9317.7,-2158.64,2158.64,531,1822,0
27128.7,23039.2,-4089.43,4089.43,39270.7,37433,46677.3
7669.67,14922.2,7252.57,7252.57,2900.67,2362.33,0
32370.7,20800.8,-11569.9,11569.9,11689.7,18395.3,18
40873.3,35445.3,-5428.04,5428.04,43314.3,43111,35442
37594.3,37432.5,-161.842,161.842,36843,37159.3,25760.7
0,-197.633,-197.633,197.633,0,0,0
39987.3,30037.2,-9950.14,9950.14,45465,45219,43141.7
22169,22228.1,59.0665,59.0665,20556,20824.7,23878
31084,29365.4,-1718.63,1718.63,38316.3,37422,36845.7
0,2417.92,2417.92,2417.92,2618,3781,21199
1860,2259.44,399.439,399.439,12982,10489.7,32938.7
4821.67,18015.4,13193.7,13193.7,7318.67,7770.67,3522.67
6623.33,4435.37,-2187.96,2187.96,3044,2980.33,595.333
38508,24103.9,-14404.1,14404.1,23844.7,27831,2563
986,6120.27,5134.27,5134.27,2695,2785,5367.33
7000.67,7327.13,326.465,326.465,20186.7,17745.3,38256.3
38619.7,31975.3,-6644.34,6644.34,35143,36845.7,16038
29570.7,32163,2592.36,2592.36,39017,37441.3,40724.3
23763.7,28615.8,4852.15,4852.15,22137.3,22290.7,34034.7
27872.7,28567.3,694.654,694.654,32462.3,30288.3,15351
37686,37553.2,-132.765,132.765,37159.3,37451.3,28155.3
3640,7833.24,4193.24,4193.24,1474.67,2276,0
18980.7,22247.4,3266.76,3266.76,31625.3,29719.3,40484
4212.33,18765.2,14552.8,14552.8,6602.33,6776.67,2977.67
0,478.566,478.566,478.566,6243.67,3819.33,24120.3
379.333,313.684,-65.6495,65.6495,0,0,0
23750.3,24792.8,1042.49,1042.49,26698.3,34795.3,10120.7
45450,32689.7,-12760.3,12760.3,42314.3,43499.7,26930
16762.3,7825.29,-8937.04,8937.04,3600.33,6065.33,0
23557,27705,4148.02,4148.02,19079.7,19254.7,10668.3
16370.7,16124.6,-246.068,246.068,5995,7127.33,0
8767,21875.1,13108.1,13108.1,13122,11859,11453.3
13287.7,26076,12788.4,12788.4,17840.3,15559.3,10759.7
47390.3,47190.2,-200.153,200.153,43913.3,45083.3,28683
165,1195.65,1030.65,1030.65,7930.33,5963.67,25846.7
6141,14191.6,8050.63,8050.63,4796,5616.67,9388.33
1192,7340.37,6148.37,6148.37,0,59,0
42312.3,41225.6,-1086.75,1086.75,36663.7,37386,20013.3
145.667,791.061,645.394,645.394,2757,1748.33,9111
6011.67,18280.8,12269.1,12269.1,3910,3960,623.667
17580,13283.7,-4296.35,4296.35,1725,3094.67,0
9687.33,17619.3,7931.98,7931.98,15442.3,16299.3,11570
13573.7,4021.6,-9552.07,9552.07,6411,9599.67,1143.67
40683.3,24774.1,-15909.2,15909.2,36681.7,38592,12713
15649.7,15093.2,-556.43,556.43,30306.3,27933,41463.7
4690.33,2225.99,-2464.34,2464.34,0,0,0
16861.3,24908.8,8047.42,8047.42,19238,20816,23975.7
33685.3,21974.7,-11710.6,11710.6,27831,26406,3254
25420.7,24489.4,-931.226,931.226,30589.3,27155.7,36050
2177.33,3413.93,1236.6,1236.6,285.333,528.333,0
34054,30853.8,-3200.18,3200.18,37593,37594.3,32674
40067.7,34487,-5580.65,5580.65,44369.7,43982.7,40200.7
2765.33,6008.15,3242.82,3242.82,1471.67,1363.33,0
12266,11358.8,-907.245,907.245,7831.67,10057,3372.67
4375.33,4752.71,377.379,377.379,2639.67,562,0
41488.7,34407.6,-7081.1,7081.1,44773.7,43839.7,40891.7
215,8095.66,7880.66,7880.66,2033.67,1728,436.667
1127,2022.03,895.03,895.03,0,0,0
35131,31530.4,-3600.63,3600.63,43774.3,42254.7,46790
15817,15661,-156.001,156.001,30262.7,27512,42948.7
16736.3,25946.4,9210.11,9210.11,7809.33,10563.7,1075.67
7831.67,7789.68,-41.9887,41.9887,4341,4864.33,673.667
29036.7,30562.7,1526.07,1526.07,39810.7,38055.3,45450
38707.3,33939.1,-4768.2,4768.2,43982.7,43731.3,41800.7
11453.3,11309.8,-143.573,143.573,15849.7,17348,2467.67
0,-175.944,-175.944,175.944,1122,927.333,5884
505.667,-120.504,-626.171,626.171,0,0,0
10147,7819.33,-2327.67,2327.67,5886.33,7073.67,3177.33
6945,6198.58,-746.415,746.415,1372,1426.67,0
25318,28952.8,3634.83,3634.83,34273,33051.7,32206
15724.3,16038.8,314.502,314.502,3420.33,5356.67,0
42760.7,40016.8,-2743.9,2743.9,39973.3,41568,22954.3
41307.7,33165.9,-8141.76,8141.76,12472.3,9802.67,13609.3
56,-346.329,-402.329,402.329,5555.67,2891.33,14772.7
14916.7,1984.23,-12932.4,12932.4,13641,8832.33,35865.3
15784.7,14974.6,-810.03,810.03,2202,3973,0
2289.33,3588.76,1299.42,1299.42,0,89.6667,0
2389.67,1321.05,-1068.61,1068.61,7578.33,7242,8806
101.667,317.824,216.157,216.157,0,0,0
12959.7,9244.62,-3715.04,3715.04,6723.67,12953.3,4982.33
1216.67,1146.15,-70.5172,70.5172,0,0,0
1530.67,7622.4,6091.73,6091.73,2322.33,2695,5451.67
19847.3,21215.1,1367.78,1367.78,5011,7719.33,0
19736.7,12576.5,-7160.19,7160.19,7933,9935.33,5672
29050,37102.5,8052.54,8052.54,15978,15843.7,6620.33
2832,3026.58,194.584,194.584,167,410.667,0
927.333,1140.85,213.519,213.519,2519,2019.67,6700.33
27.6667,2251.16,2223.49,2223.49,3832.67,2428,8664.67
0,-406.893,-406.893,406.893,1100,574.333,6409.67
3659.33,8394.05,4734.71,4734.71,6370.33,6229,4263.33
21434.7,30452.7,9018.02,9018.02,28503.3,18186,13697
12584.3,12010.8,-573.509,573.509,945,2377.67,0
13755.3,12317.4,-1437.97,1437.97,1563.67,3014.33,0
12164,22525.4,10361.4,10361.4,5100.67,6620.33,40.3333
9400.67,5922.87,-3477.8,3477.8,21657.7,15496.3,43870.3
10047.3,12164.3,2116.99,2116.99,25235.3,19158.7,26255
7242,3656.59,-3585.41,3585.41,6705.33,5773,13199.3
32938.7,32235,-703.653,703.653,41084.7,39588,43646
29889.7,32283.1,2393.44,2393.44,39698.7,38976.3,42198.7
1966.67,3784.33,1817.66,1817.66,529.667,788.333,0
63.6667,2161.28,2097.61,2097.61,0,0,0
2639.67,1688.81,-950.854,950.854,0,0,0
4037.67,1739.36,-2298.31,2298.31,0,0,0
6746.67,6245.04,-501.622,501.622,101.667,566.333,0
44.3333,-125.86,-170.193,170.193,4265.67,2261.67,21440.7
4925,11865.7,6940.72,6940.72,13581.7,16066.7,23763.7
0,4419.1,4419.1,4419.1,1376.33,842,4433
2787.33,15076.2,12288.9,12288.9,2057.67,3681.67,1787.67
22325,22159.2,-165.811,165.811,15268.3,20556,25456.7
8308.33,12302.1,3993.74,3993.74,20552,17906.3,26003.3
1426.67,2695.66,1269,1269,0,0,0
382.667,4644.94,4262.27,4262.27,4772.33,5249.67,7785
160,619.013,459.013,459.013,0,0,0
2620.67,3396.3,775.634,775.634,1849.67,2278,3133.67
5067.33,2322.4,-2744.93,2744.93,0,0,0
43141,42646.5,-494.486,494.486,35662,37762,16475.3
11859,29599.1,17740.1,17740.1,15666.3,18581.7,17348
24134.7,20887,-3247.7,3247.7,10902.3,12806.3,284.333
9499.33,10255.9,756.593,756.593,2591.33,2494.67,229.667
17223,22948.8,5725.8,5725.8,15287,17589.7,9078
4772.33,12106.9,7334.54,7334.54,6141,5199.33,5739.67
19825.3,19461.2,-364.167,364.167,31026.7,29155.7,36260.7
41815.7,40266.8,-1548.83,1548.83,39583.7,41761,21773.3
20105.7,25419.8,5314.17,5314.17,23568.3,25155,20672
2991,3482.87,491.868,491.868,13998,11315.3,32382
19741.3,21962.2,2220.88,2220.88,7995,10165.3,29.6667
23298,29700.5,6402.53,6402.53,28287,24384.3,21680
0,349.26,349.26,349.26,6458.33,4166.67,27556
2648,7694.63,5046.63,5046.63,623.667,902.333,0
2045,854.441,-1190.56,1190.56,0,0,0
11403.7,21122.2,9718.53,9718.53,3420,4629.67,0
11230.3,9457.03,-1773.3,1773.3,21089,13798,28419.7
21234.7,21942.1,707.438,707.438,32289,28253.7,27428.3
25817.3,24847,-970.311,970.311,12584.3,15805,0
7290.33,23229.9,15939.6,15939.6,12115.7,10900,6910.67
34104.3,31786.9,-2317.44,2317.44,42707.3,41488.7,44552.3
17568,16620.4,-947.619,947.619,11672.3,14836,6544
37519.7,34480.7,-3038.97,3038.97,41940.3,42021,37545.3
19192.3,26937.1,7744.75,7744.75,30359,26961.3,34826.3
6505,6601.63,96.6327,96.6327,4131,3582.33,298
2934,6288.24,3354.24,3354.24,2238.67,1892.33,0
15496.3,12314.2,-3182.12,3182.12,21368.7,21089,27643.3
13491.7,26857.4,13365.8,13365.8,35525.7,18475,7108.33
2784,2761.38,-22.6218,22.6218,1143.67,1255.33,2226
3184.67,5144.74,1960.07,1960.07,11678.3,13752,26297.7
40562.7,35339.4,-5223.28,5223.28,40897,41426.7,31034.7
103.333,1819.44,1716.11,1716.11,2198.33,1963.33,6028
2596,3040.52,444.525,444.525,1680.33,1143.67,1702.33
15253,23985.8,8732.82,8732.82,6620.33,7809.33,379.333
26939,24026.1,-2912.92,2912.92,10101.7,12264.3,3520.67
40446,40917,471.016,471.016,30915.3,33089.7,9921
40135.7,40174.1,38.4089,38.4089,28111.3,31172.3,7649.33
5435.67,4667.84,-767.827,767.827,19214,10245.7,32722.3
24318,29590.6,5272.63,5272.63,22030.7,23568.3,17496
8983,15737.9,6754.86,6754.86,15462,14060,23264.7
25171,28761,3589.97,3589.97,18186,19016.3,20135.3
2276,4929.73,2653.73,2653.73,55,587.667,0
5356.67,3869.65,-1487.02,1487.02,0,53.3333,0
13572,12093.2,-1478.84,1478.84,985.667,2537,0
33259.3,34010.8,751.495,751.495,20711.7,23471.7,2671.33
40877.7,37887.6,-2990.03,2990.03,37193,39143,22389.7
13656.7,19280.3,5623.61,5623.61,15472.7,14927.7,24417.7
7038,31338.1,24300.1,24300.1,4901.67,4790.67,500.667
43774.3,34664.5,-9109.8,9109.8,47390.3,46255,41337.3
19007.3,30216.1,11208.7,11208.7,23763.7,21802,25344.7
1986.67,6167.76,4181.09,4181.09,704,1408.67,0
17398,23812.6,6414.58,6414.58,6244.33,8432,0
6802.67,10407.9,3605.2,3605.2,7679.33,7142,26206
44852.3,33814.5,-11037.8,11037.8,44937.3,45344.7,32370.7
17256.7,31053,13796.3,13796.3,8544.67,11349,2184.67
6611,26216.5,19605.5,19605.5,6804.33,4627,1406
21218,32075.8,10857.8,10857.8,24134.7,25456.7,7776.33
10071.7,7302.76,-2768.9,2768.9,6490.33,5886.33,2296
12333.7,12079,-254.711,254.711,1257.67,2613.33,0
34921,32433.3,-2487.67,2487.67,42948.7,41498.3,43865.7
22440.7,39974.9,17534.2,17534.2,15952.3,11192,9037.33
32462.3,26520.2,-5942.15,5942.15,11739.3,13287.7,9778.67
21709,22224.5,515.461,515.461,34880.7,32407.7,43522.7
2227,3545.76,1318.76,1318.76,145.333,430,0
15169.7,15965.8,796.112,796.112,14421.7,14027.3,7265
13609.3,14970.9,1361.61,1361.61,3620,6069.67,0
34471,34452.2,-18.8029,18.8029,16809,18713,15952.3
25747.7,26626.8,879.109,879.109,10759.3,13755.3,0
28897,12306.6,-16590.4,16590.4,7328.67,10120.7,2486.67
21015,11952.7,-9062.25,9062.25,16962,19736.7,6892.67
18052.7,33759.8,15707.2,15707.2,11349,11444.3,2882.33
3183,409.248,-2773.75,2773.75,11827,5099,13423
12469.7,17475,5005.36,5005.36,26733,22511,39065
1976.67,3185.51,1208.85,1208.85,2226,1521.67,95
43731.3,40380.4,-3350.97,3350.97,44077.3,43565.7,33910
4179,6676.32,2497.32,2497.32,31.6667,528.333,0
554,676.779,122.779,122.779,0,0,0
1458,965.8,-492.2,492.2,0,0,0
9562.67,21070.3,11507.6,11507.6,5052.67,5943,1520
18461.7,16766.1,-1695.57,1695.57,4466,6239.33,0
38554,30831.2,-7722.8,7722.8,30841.3,28464,34426
1184.33,4923.1,3738.77,3738.77,5628.67,5052.33,8352.67
847,5968.31,5121.31,5121.31,469.667,869.667,0
19702.3,22438,2735.63,2735.63,13990,14475.3,25155
7544.67,7309.45,-235.219,235.219,20922.7,17852.3,36881.7
28716.7,29722.2,1005.55,1005.55,32386,38256.3,35443.3
41096.3,32935.9,-8160.43,8160.43,44166.3,44369.7,37898.7
319.333,921.177,601.843,601.843,0,0,0
19228.3,21154.6,1926.24,1926.24,31084,28988,38365
2912,5046.5,2134.5,2134.5,17531.7,13759.7,31026.7
10452,10438.5,-13.5048,13.5048,307,1217,0
37578,33081.3,-4496.67,4496.67,43358,42440.7,42548.7
2157,6236.1,4079.1,4079.1,869.667,1471.67,0
4611.33,9861.18,5249.85,5249.85,413,1383.33,0
5549,12605.3,7056.33,7056.33,1674,4498.33,0
13377.3,13571.8,194.431,194.431,28641.3,25612,40691.7
7565.33,5929.29,-1636.05,1636.05,9350,9762.67,5896.33
14362.3,20205.5,5843.12,5843.12,12113.7,6901,1042.33
41421.3,38323.8,-3097.55,3097.55,42297.7,42820.7,32772
0,730.605,730.605,730.605,1234.33,717,3543.67
22618.7,22276.9,-341.784,341.784,34486.3,32212,39005.3
285,5699.02,5414.02,5414.02,6213.67,3669.67,454.333
1603,3778.1,2175.1,2175.1,241.333,382.667,0
2520.33,9236.27,6715.94,6715.94,3066.67,2829,3448.33
73.3333,1468.15,1394.82,1394.82,0,0,0
40414,29978.4,-10435.6,10435.6,43251,43505.3,38208.7
16506.3,21712.3,5205.97,5205.97,20847.7,22813,27846.3
625.667,2458.93,1833.26,1833.26,0,61,0
46255,47198.9,943.941,943.941,45083.3,45938.7,31642.7
3522.67,8964.24,5441.57,5441.57,464.667,1596.67,0
19025.7,2144.88,-16880.8,16880.8,884,287.667,48
12835.3,24793.5,11958.2,11958.2,4798.33,6611,8834.33
1255.33,3702.98,2447.65,2447.65,1247.33,2140.33,441.667
24778.3,30123,5344.69,5344.69,18502,19860,6632
44251.7,33858.6,-10393,10393,45344.7,45165.3,34702.3
46677.3,37205.7,-9471.59,9471.59,45184.7,45905.3,30332.7
10057,8499.27,-1557.73,1557.73,4864.33,6857.33,1432.33
6799.67,10797.7,3998.08,3998.08,2378.33,2437.67,743.667
45397.7,25218.9,-20178.8,20178.8,19202.3,18398,7839
17660.7,20767.9,3107.26,3107.26,7963.67,12113.7,62
5321.67,1326.91,-3994.75,3994.75,0,0,0
5770,5019.97,-750.028,750.028,19485.7,16690.7,36303.7
3819.33,9553.44,5734.11,5734.11,17916.7,12269.7,32289
9796,10681.3,885.336,885.336,1299,1781.67,0
18631.7,33847.9,15216.2,15216.2,8727.33,11216.7,0
37910.7,29635.6,-8275.08,8275.08,44616,43072.7,40083.7
13191.3,16925.9,3734.56,3734.56,27265,19072,14465.7
19141,29521.3,10380.3,10380.3,31737,29341,38538.7
2873.33,4998.9,2125.56,2125.56,14257.3,11439,30359
788.333,-313.117,-1101.45,1101.45,70.3333,176.667,0
37867.3,34453.7,-3413.64,3413.64,42724.7,42165.7,39071.7
251,558.314,307.314,307.314,0,0,0
61.3333,1449.44,1388.11,1388.11,2138.67,898.667,2060
2485,4447.74,1962.74,1962.74,3234.67,3567.33,17482
6762.33,6918.13,155.795,155.795,19825.3,14655,35666.7
6516.33,7533.45,1017.12,1017.12,52,215.667,0
130.667,671.808,541.141,541.141,2829.67,2620.67,3977.33
285.333,1440.21,1154.87,1154.87,0,0,0
215.667,-155.024,-370.69,370.69,0,0,0
137,3467.67,3330.67,3330.67,3275.33,2505.67,3688
163.667,1108.67,945.004,945.004,0,0,0
2869.33,5332.53,2463.2,2463.2,1624.67,1091.33,0
973.667,9536.83,8563.16,8563.16,9687.33,6436.67,17593
35143,19333.6,-15809.4,15809.4,18442.3,19783,9775.67
1596.67,1137.04,-459.623,459.623,0,0,0
14742.7,10771.5,-3971.2,3971.2,11432,14642.7,174
25612,24437.3,-1174.66,1174.66,37527.3,35357,43158.7
16144.3,19115,2970.64,2970.64,29719.3,27014.7,40562.7
3377,7269.25,3892.25,3892.25,3567.33,4512.67,11556.3
38304,24394.7,-13909.3,13909.3,29799.3,36588,14305.7
25504.3,24053.8,-1450.55,1450.55,37649.7,35855.7,44369.7
4945,14227.3,9282.28,9282.28,14060,13534,20148.3
39071.7,39449.1,377.446,377.446,28236.7,30915.3,7057.67
6839,20926,14087,14087,12304.7,13481,843
8367.33,16383,8015.67,8015.67,2184.67,2882.33,0
12371,13613.9,1242.85,1242.85,863,2462.33,0
28825.3,31642.2,2816.87,2816.87,16822.3,17398,1267.33
7127.33,10217,3089.65,3089.65,1127,2201.67,0
28238.7,29801.6,1562.93,1562.93,39227,37578,43333.7
11739.3,29366.2,17626.9,17626.9,17484,17840.3,11219.3
7139,21726.6,14587.6,14587.6,4357,4362.67,0
23278.3,19981.5,-3296.81,3296.81,7491.67,10546.3,0
58.3333,1241.58,1183.24,1183.24,7262.33,5215.33,26423.3
13077.3,12059.5,-1017.85,1017.85,12424.7,12050.3,4341
7769,9211.25,1442.25,1442.25,10448,9844,23045
3312.33,2497.99,-814.345,814.345,238.333,651.667,0
1865.67,5920.09,4054.43,4054.43,6802.67,6463.67,6472.67
25868,23919.6,-1948.45,1948.45,35928.7,35278.7,17568
33786,21493.6,-12292.4,12292.4,11389.7,13697,52
2133.67,2785.03,651.368,651.368,0,18,0
7872.33,10697.3,2824.97,2824.97,15002.7,15169.7,7680
45344.7,33609.5,-11735.1,11735.1,39019.3,41097.3,18395.3
25657,27409.7,1752.7,1752.7,30496,23975.7,23727.7
2510.33,11982,9471.64,9471.64,3771,2690,9283.33
8711.67,8504.52,-207.148,207.148,566.333,1783.67,0
5692.67,6098.35,405.684,405.684,458,1626.67,0
21692,23474.7,1782.74,1782.74,12271.7,14541.3,2158.33
672.667,743.809,71.1428,71.1428,0,0,0
33331,33898.4,567.446,567.446,41824.3,38728.7,9373.33
26364.7,27908.1,1543.47,1543.47,36019,34437,38170
43041,46779.5,3738.46,3738.46,34517,37106,14828.7
32032.7,29537.6,-2495.09,2495.09,41488.7,39598.3,45609
592.333,1268.79,676.452,676.452,0,0,0
2486.67,1541.81,-944.852,944.852,0,0,0
5959.67,4748.73,-1210.94,1210.94,19992,16666,38579
28045.3,16262.1,-11783.2,11783.2,9136,10064.3,41.3333
4711.67,7099.89,2388.22,2388.22,17374.7,14994,35171.7
2514.67,11653.7,9139.05,9139.05,5894,7336.67,16682.3
15011.7,25056.6,10044.9,10044.9,15577.3,17090.7,1337.67
843,1557.35,714.351,714.351,0,0,0
1135.67,4541.01,3405.34,3405.34,0,18.3333,0
512.667,1208.08,695.412,695.412,10489.7,7845.33,30353.7
24846.7,19935.2,-4911.49,4911.49,37605.3,35222.3,42645.3
22476.7,32056.1,9579.4,9579.4,40668,23841.7,25437
21243.3,20322.2,-921.155,921.155,7795.67,9999,12304.7
2975.33,4991.78,2016.44,2016.44,3549,2779.33,10399.3
3862.33,5594.37,1732.03,1732.03,16065,13199,34314
12115.7,19572,7456.35,7456.35,9499.33,8607.33,2162.33
35653.3,34981.5,-671.845,671.845,37417.7,37593,31381.3
24085,11756.5,-12328.5,12328.5,6395.67,7108.33,319.333
558.333,634.977,76.6432,76.6432,0,0,0
14442.3,20243.9,5801.58,5801.58,19609,20592.7,24318
9988.67,9175.39,-813.277,813.277,23698.7,20922.7,37867.3
34655.7,36169.7,1514.06,1514.06,31026.3,28254,12584.3
35725,17591.5,-18133.5,18133.5,16666.3,18104.7,2156.33
229.667,5939.14,5709.47,5709.47,2839.33,4397,3771
5741.33,17404.4,11663,11663,16446,14404.7,23522.7
3372.67,7378.69,4006.03,4006.03,673.667,1432.33,0
198,2815.81,2617.81,2617.81,5741.33,3716.33,18731.7
8308,13988.1,5680.1,5680.1,13199.3,10144.7,27019.3
8631,7274.15,-1356.85,1356.85,24182,20429,40795
17594,14528.4,-3065.59,3065.59,4190.33,6271.67,0
7352.33,12346.8,4994.48,4994.48,8502,8014.33,7002.33
4365.33,20969.2,16603.9,16603.9,9589.33,7872.33,14027.3
17402.7,24288.4,6885.69,6885.69,25155,23529.7,20145.3
20051.7,20864.4,812.722,812.722,20594.3,21434.7,33786
33228.7,21385.5,-11843.2,11843.2,32475.7,26340.3,24903
16691.7,6734.28,-9957.39,9957.39,2563,3254,0
40547.7,28543.8,-12003.9,12003.9,44123.7,45135.3,36100.7
3066,13915.7,10849.7,10849.7,2302,2221.67,2892.67
3066.67,11632.1,8565.4,8565.4,3197.67,4784,1378.67
30674.7,18632.5,-12042.2,12042.2,29159.7,18203,2823.67
2020,17738.7,15718.7,15718.7,10546,8491.33,15666.3
30805.3,30944.6,139.26,139.26,40067.7,38707.3,43565.7
0,778.944,778.944,778.944,1344,1122,7352.33
145.333,2475.07,2329.73,2329.73,0,0,0
30236,31373.2,1137.21,1137.21,15481.3,18370.7,161
0,-162.677,-162.677,162.677,0,0,0
1531.67,5705.52,4173.85,4173.85,543,704,0
447.333,1540.53,1093.2,1093.2,0,0,0
49.6667,1449.52,1399.85,1399.85,3361.67,1663.67,6371.33
4320.33,13315.1,8994.76,8994.76,2222.67,2431.33,704
2476.33,19117.7,16641.4,16641.4,11480,10546,17589.7
2565.67,460.335,-2105.33,2105.33,64.3333,285,5695.33
14060,20805.4,6745.44,6745.44,17307,16935.7,21772.3
0,1750.6,1750.6,1750.6,6219.67,3940.33,24275.7
40549.7,37188,-3361.71,3361.71,32097,33996.7,12333.7
176.667,2601.72,2425.05,2425.05,0,0,0
6244.33,7579.52,1335.19,1335.19,0,213.667,0
4479.33,10987.3,6507.96,6507.96,11340.7,7239.67,7710
11661,20590.7,8929.7,8929.7,5289.33,6050.67,0
12977.3,24320.6,11343.3,11343.3,16811.7,28801.7,38923.3
20583.7,18447.5,-2136.18,2136.18,35131,32606.3,45703.3
42100.7,36522.4,-5578.28,5578.28,41859.3,41679.7,11945.7
14772.7,16686.2,1913.53,1913.53,19545.3,18837,20594.3
26103,27820.7,1717.7,1717.7,22513,19650.7,19860
9455.33,13608.5,4153.12,4153.12,8896,9887.67,35525.7
36707.3,20733.9,-15973.5,15973.5,10589.7,7475.33,2483.67
37921.3,25959.2,-11962.1,11962.1,6026.67,9045,15577.3
19860,29519.7,9659.74,9659.74,7139,8498.33,2900.67
5831.67,6696.13,864.461,864.461,18857.7,16065,26184
3790,4356.21,566.21,566.21,15796.3,13343,33763.3
18521,14050.1,-4470.88,4470.88,2613.33,3371.33,0
27993.7,25411.3,-2582.32,2582.32,38707.3,37649.7,44166.3
8954,15335,6380.96,6380.96,23479.3,16205.7,41421.3
359.667,4200.8,3841.13,3841.13,4920.33,3896.67,11650.7
18475,22872.4,4397.42,4397.42,17568,24085,4928.33
33333.7,36195.7,2862.04,2862.04,30771.7,32007.7,14615.7
18008,30586.4,12578.4,12578.4,22362,22576.3,7420.33
386,1501.4,1115.4,1115.4,8001,6468,23498
1871.33,2233.62,362.289,362.289,12296,9877.33,31360
32432.3,33501.3,1068.96,1068.96,30893.7,31592.3,16771.7
15191.7,28763.7,13572,13572,8138,14023,7600.67
9027,9171.32,144.318,144.318,22752.3,19787.3,36719
10480,9728.33,-751.671,751.671,25520.3,22451.3,40011
2428,5565.66,3137.66,3137.66,5237.67,5628.67,10845.3
8607.33,11893.6,3286.3,3286.3,2494.67,4844,440
33519.3,39347.1,5827.74,5827.74,23621.7,26996.3,6244.33
1950.67,7890.77,5940.1,5940.1,1966.67,1810,241.333
1363.33,5377.45,4014.11,4014.11,371,541.333,0
26368.7,27417.9,1049.25,1049.25,15523,16071.3,7963.67
6606.33,15051.8,8445.5,8445.5,13345.3,10535,21243.3
9839,14011.3,4172.27,4172.27,18340.3,28959.7,9743.33
513.333,4832.03,4318.7,4318.7,4967,4114,13098.3
4964.67,12230.8,7266.1,7266.1,21199,12875.3,13573.7
682.333,725.631,43.2974,43.2974,9400.67,7073.33,13798
39973.3,33693,-6280.35,6280.35,29227.3,31795.3,7945
33521.3,30927.2,-2594.13,2594.13,41333,39904.7,34240.3
20816,29766.9,8950.88,8950.88,24417.7,25657,24235.7
4284.33,17013.4,12729.1,12729.1,4258.33,4263.33,2340
12384.7,12342.6,-42.083,42.083,996,2487.67,0
4287.33,15141.9,10854.6,10854.6,9037,7785,7994.67
42254.7,34111.8,-8142.82,8142.82,46255,45907.3,42845
10111,6128.87,-3982.13,3982.13,4911.67,5896.33,1920
18745.3,28059.8,9314.47,9314.47,18243.7,18856.3,25682
11499,10391.4,-1107.57,1107.57,10057,12424.7,4140.33
27256,29335.7,2079.69,2079.69,12384.7,15481.3,0
25327,26683.5,1356.45,1356.45,21099,29190.7,18052.7
8727.33,6286.99,-2440.35,2440.35,14.6667,558.333,0
1509.33,7483.19,5973.85,5973.85,323.667,543,0
39595.3,37897.6,-1697.72,1697.72,27256,30236,6707
31642.7,34212,2569.29,2569.29,15859.3,19027,55.3333
11012.3,17308.2,6295.86,6295.86,23795.3,21135,41312
5773,6025.16,252.161,252.161,7804,8806,21934.3
35521.7,37217,1695.35,1695.35,28155.3,30390.7,8315
7679.33,21656.7,13977.3,13977.3,14596.3,13351.3,9098
652.333,744.743,92.4092,92.4092,0,0,0
46469.7,14065.7,-32403.9,32403.9,24903,41156.7,14642.7
38393.7,29225.2,-9168.51,9168.51,45219,44200,44160.3
33497.3,33276,-221.31,221.31,40742.3,39514.3,40046.3
26423.3,21436.8,-4986.51,4986.51,36972,35027.3,40982.3
6458.33,7495.68,1037.35,1037.35,19628,19903.3,39512.7
4341,7103.09,2762.09,2762.09,2234.33,3354,0
15577.3,13644.7,-1932.65,1932.65,4934,6181,0
116.667,2452.25,2335.59,2335.59,5929.67,5571,27213.7
37511.7,33541.6,-3970.03,3970.03,41307.7,38814.3,31360.7
33708.3,34050.4,342.086,342.086,20013.3,23218.3,1211
11333.3,9100.54,-2232.79,2232.79,27128.7,24182,42073
9709,18377.1,8668.13,8668.13,2882.33,6972.33,0
11219.3,23931.2,12711.9,12711.9,5062,7086.67,0
10546,31766,21220,21220,15798,17223,8327.67
6901,14811.8,7910.76,7910.76,5434,3125,0
42091.7,43977.5,1885.84,1885.84,39450,38470,26996.3
4301,2970.52,-1330.48,1330.48,9542.67,7769,16199
35123.3,22308.6,-12814.7,12814.7,32722.3,20847.7,39537.7
13798,20301.2,6503.21,6503.21,43870.3,30475,30895.3
13993.7,12066.4,-1927.28,1927.28,29369.7,26519.3,42707.3
8103.33,33355.1,25251.7,25251.7,3312.67,3815.33,5327.67
2162.33,5836.78,3674.45,3674.45,229.667,440,0
23188.3,37417.4,14229.1,14229.1,29551,29854.7,9854.33
3186.33,4803.57,1617.24,1617.24,15709.3,12607.3,33274
25382.3,25529.7,147.361,147.361,19428,21718,6686.33
2779.33,13525.2,10745.8,10745.8,3721.67,3234.67,9556.67
37417.7,39259.1,1841.47,1841.47,33891.3,35521.7,20208
10951,19710.5,8759.49,8759.49,10165.3,15577.3,902
8174.67,8805.4,630.737,630.737,22618.7,19335.3,38000.7
1160.67,3569.94,2409.28,2409.28,53.3333,166,0
30317.3,26628.4,-3688.93,3688.93,16607.7,16094,2638
1278.33,2617.92,1339.59,1339.59,14207,7809.67,33441
12141.7,26303.7,14162.1,14162.1,9045,32292.7,17090.7
4527.67,6383.86,1856.19,1856.19,9256.33,12153.7,23918.3
704,662.994,-41.0055,41.0055,0,19,0
7103,2326.37,-4776.63,4776.63,8512,8836,33769.3
33604,33255.2,-348.797,348.797,40364.7,39840.7,38990.7
11856.7,16756.9,4900.2,4900.2,3125,5399.33,0
40724.3,34797.2,-5927.15,5927.15,35863.7,36715,17065.3
12886,10549,-2337.05,2337.05,2201.67,3502,0
6488.67,7998.28,1509.61,1509.61,20458.3,18656.7,35928.7
13792.3,9717.9,-4074.43,4074.43,1783.67,2953.67,0
6271.67,9344.55,3072.88,3072.88,0,157,0
32212,32061.7,-150.295,150.295,40058.3,35940,42165
493.333,3011.32,2517.98,2517.98,10828,7697.33,27461.3
2138.67,2942.06,803.391,803.391,3077,2170.67,4512.67
5437.33,5322.4,-114.932,114.932,1920,2932.67,0
8169.33,6814.39,-1354.95,1354.95,1626.67,2486.67,0
43565.7,39436.2,-4129.44,4129.44,40200.7,41800.7,23020.3
0,670.389,670.389,670.389,6062.33,4147.33,24036.7
3026,9164.16,6138.16,6138.16,5515.67,4964.67,18340.3
215.333,1543.75,1328.42,1328.42,1180.67,2138.67,3377
5214,9071.34,3857.34,3857.34,20085.7,11304.3,17685.7
8343,12847,4503.99,4503.99,6776.33,5714,7318.67
41568,35021.6,-6546.4,6546.4,31795.3,32170,10652.7
6530.67,12410.8,5880.12,5880.12,1817.67,3003,0
35710.7,32531.6,-3179.11,3179.11,42440.7,41066,43141
38178,27416.9,-10761.1,10761.1,25448.7,26833.7,28553
11419,9192.74,-2226.26,2226.26,6892.67,7540.33,4952.33
1906,687.597,-1218.4,1218.4,0,0.333333,0
26134,36214.1,10080.1,10080.1,26939,27223.7,17974
4391.67,6821.94,2430.28,2430.28,13007,11140.3,27155.7
7930.67,26719.1,18788.5,18788.5,4627,5068.67,2354.67
13599.7,12520.9,-1078.73,1078.73,1211,2836.67,0
19760.3,19735.2,-25.0979,25.0979,28253.7,29056,45397.7
38521.3,43855.4,5334.11,5334.11,28678.7,30225,29280.7
259.667,-83.0085,-342.675,342.675,0,0,0
18857.7,20385.4,1527.71,1527.71,23298,27503,44491.7
22563,20217.4,-2345.65,2345.65,35278.7,32636.3,40468.3
5589.33,7603.39,2014.06,2014.06,126,259.667,0
10197.3,23389.6,13192.2,13192.2,27594.3,28110.3,32742.7
1530,1107.41,-422.586,422.586,0,0,0
41460.3,40678.1,-782.184,782.184,40273,41394,28742
44068.3,42532.1,-1536.26,1536.26,42548.7,43141,28111.3
44396.3,43649.6,-746.712,746.712,30952.3,39244.3,22477.7
4844,9534.46,4690.46,4690.46,1701.67,2162.33,0
15264,30155.4,14891.4,14891.4,9036,11388.7,4756
14404.7,31870.1,17465.5,17465.5,25495,19975,22513
27223.7,25020.9,-2202.79,2202.79,12264.3,13373,4320.33
14106,23857.3,9751.31,9751.31,4629.67,5278,0
9183.33,1869.57,-7313.76,7313.76,92,129.333,0
1233.33,1884.88,651.543,651.543,95,63.6667,0
17946.3,18893,946.616,946.616,31360,28962.3,41392
39588,34836.2,-4751.77,4751.77,44292.7,43883.7,39595.3
2063.67,9201.17,7137.5,7137.5,2690,3688,8862.33
34034.7,22529.2,-11505.5,11505.5,8778,10417.3,65.6667
43072.7,33321.1,-9751.57,9751.57,44416,43747,30702.3
4466,5160.33,694.327,694.327,0,45.6667,0
3077.67,4968.57,1890.9,1890.9,0,183.667,0
10812.7,10389.2,-423.48,423.48,24793.7,22041,39137
837.333,8878.79,8041.46,8041.46,6696.33,4920.33,10279.3
40527.7,24910.7,-15617,15617,38592,40063.7,13402
2772.67,5828.52,3055.85,3055.85,1998.67,1750.33,2987
41559,47347.9,5788.9,5788.9,35844,37422.7,19432.7
0,500.576,500.576,500.576,0,0,0
8104.67,7810.59,-294.081,294.081,2780.67,19025.7,1022
46303.7,35550.9,-10752.8,10752.8,45905.3,46904.7,33076
2563,1399.11,-1163.89,1163.89,0,212,0
183.667,659.225,475.559,475.559,0,0,0
25028.7,27690.5,2661.88,2661.88,17486.3,21680,11856.7
30971.3,31424.1,452.777,452.777,16513.3,24564,6400.67
108,1352.13,1244.13,1244.13,0,0,0
36685.3,20710.3,-15975,15975,32867.7,21148,4166.33
21530.7,11400.3,-10130.4,10130.4,13806.7,19175.7,129.333
38092.3,31201.7,-6890.6,6890.6,25042,23715.3,1783.67
3354,7537.75,4183.75,4183.75,2164.33,3512,0
21507.7,21346.5,-161.212,161.212,15105,7795.67,8957.33
9504.33,38541.7,29037.4,29037.4,9729.33,9436.67,3077.67
21374.7,17498.9,-3875.8,3875.8,6736.33,9590.67,0
280.667,126.596,-154.071,154.071,7875.33,3973,16205.7
15413.7,19165.7,3752.07,3752.07,30475,20650.7,21049.3
7848.33,12668.3,4819.94,4819.94,5714,4513.67,7770.67
10779.7,9119.29,-1660.38,1660.38,26140.7,22934.7,40980
11063.3,9569.95,-1493.39,1493.39,26507.7,23722.7,40742
471.333,1486.71,1015.38,1015.38,10229.3,7649.33,29719.3
10067.3,9217.98,-849.355,849.355,24789,21693,39181.7
12817,6735.7,-6081.3,6081.3,15413.7,21657.7,29160
3610.33,4263.63,653.3,653.3,16144.3,13051.7,33455.7
16935.7,26814,9878.31,9878.31,20313,23264.7,37328
33910,32395.1,-1514.91,1514.91,19847.3,23020.3,1563.67
40793,29303.2,-11489.8,11489.8,26368.7,24171,17660.7
30306.3,31421.7,1115.32,1115.32,39217.3,38205.7,41815.7
22979.3,25603.3,2623.98,2623.98,18259,20803.7,6611
31574,30709.8,-864.235,864.235,16958,19847.3,130.667
2656,1477.92,-1178.08,1178.08,0,0,0
4190.33,2139.32,-2051.01,2051.01,5705,4648.67,4747.67
4418.67,12317.1,7898.42,7898.42,13533.7,9277.33,13248.3
5815.33,6530.63,715.295,715.295,233,795.667,0
16980.3,19620.2,2639.89,2639.89,4572.67,6760.33,0
42440.7,34626.7,-7814,7814,42948.7,43333.7,35662
35652.3,21905.3,-13747,13747,20853.3,23844.7,1853.67
24435.3,25969.3,1533.99,1533.99,26036,28594.3,13287.7
23218.3,24836.1,1617.76,1617.76,7544.67,10509.7,0
170.333,1379.06,1208.73,1208.73,0,0,0
8470.33,7346.02,-1124.31,1124.31,24023.3,19992,40176.3
0,-1110.78,-1110.78,1110.78,0,0,0
42398.7,39679.9,-2718.76,2718.76,43270.7,41815.7,33612.7
3723.67,3632.35,-91.3181,91.3181,16243.7,13161.3,33604
1827,3702.93,1875.93,1875.93,595.333,698.667,0
145.333,2573.99,2428.65,2428.65,2476.33,2020,13122
5806.33,9937.67,4131.34,4131.34,5195,6533.67,9887.67
2357,2279.36,-77.6353,77.6353,14009,11333.3,35457.3
881.667,1634.08,752.417,752.417,10167.7,7000.67,28716.7
21239.7,31082.1,9842.46,9842.46,24582.7,27357.7,23947.7
214.667,899.136,684.469,684.469,7000.67,4846.33,25851
6875,16058.6,9183.65,9183.65,12930.7,10316.7,28070.3
213,4733.65,4520.65,4520.65,2793.33,2889.33,4598.33
1955,2336.92,381.919,381.919,12492,10067.3,32249.3
29508.3,29891.8,383.431,383.431,39065,40478.3,18364.3
2296,5667.11,3371.11,3371.11,528.333,1098.67,0
18045.3,15297.7,-2747.59,2747.59,3371.33,5067,0
891.333,6798.12,5906.78,5906.78,1216.67,121.333,0
5668.67,4699.13,-969.536,969.536,19195,15817,36840
11202.3,6141.13,-5061.2,5061.2,1616.33,2488,0
39270.7,28893.2,-10377.5,10377.5,46112.7,45819.3,45184.7
5223.33,10436,5212.67,5212.67,3945,4689,2765.33
4435.33,5065.27,629.933,629.933,0,101.667,0
208,2242.33,2034.33,2034.33,6541.33,5029,15472.7
5538,5005.41,-532.586,532.586,0,34.3333,0
29799.3,21747.9,-8051.39,8051.39,18771.3,16038,1271
0.333333,474.692,474.359,474.359,0,0,0
18259,24065.6,5806.61,5806.61,9818.67,9103,6804.33
3543.67,22136.8,18593.2,18593.2,11448,9589.33,14421.7
28801.7,28154.7,-646.998,646.998,27846.3,26379.7,17000.7
18067.3,27717.7,9650.32,9650.32,23878,20950,10902.3
2091.67,5351.78,3260.11,3260.11,335.333,588.333,0
3361,4636.57,1275.57,1275.57,15866,13377.3,35357
5364.67,3525.24,-1839.42,1839.42,11230.3,8840,20650.7
10553,12547.4,1994.4,1994.4,1943,2904.33,0
31507.7,31799.2,291.573,291.573,39565.3,37867.3,43011
1271,144.155,-1126.85,1126.85,0,0,0
42103.3,30207.2,-11896.1,11896.1,43747,44123.7,33532.3
24362.7,24778.2,415.572,415.572,9247.33,12114.7,0
2164.67,7993.75,5829.09,5829.09,454.333,215,3556
661.667,10393.2,9731.51,9731.51,8595.67,4173,8604.67
13286.7,23106.7,9820,9820,6839,15105,5417.33
0,796.42,796.42,796.42,1748.33,1090.67,4527.67
1075.67,988.164,-87.5024,87.5024,0,0,0
14541.3,18196,3654.62,3654.62,4002.67,5121.67,941
3853.33,1771.17,-2082.16,2082.16,0,0,0
8159.33,17887.5,9728.16,9728.16,8041,4837.67,1674
19940.7,32120.2,12179.5,12179.5,15253,16736.3,4788
1822,899.578,-922.422,922.422,0,0,0
5382.33,5523.37,141.039,141.039,20062.3,16734.3,31444.3
20986.3,29991,9004.63,9004.63,22736.7,23158.3,29854.7
8041,13288.9,5247.88,5247.88,4403.67,3997,18.3333
14305.7,11039.7,-3265.93,3265.93,1271,3308,0
23042,21115.7,-1926.29,1926.29,34123.3,26003.3,32292.7
11773,13915.9,2142.91,2142.91,7569.67,9129.33,0
40766.7,44686.5,3919.86,3919.86,32772,35239.7,13998
9824,17074.1,7250.1,7250.1,6425,9112,7081
23338,24159.9,821.898,821.898,19721.7,25382.3,12450.7
8390.33,19928.7,11538.4,11538.4,2362.33,4357,0
30893.7,28857.6,-2036.05,2036.05,14000.7,18292.3,6530.67
13575.7,11234.3,-2341.41,2341.41,5836.33,5881.67,15
1064.67,4359.55,3294.88,3294.88,11496.7,8716.67,29056
43657.7,36040.9,-7616.76,7616.76,39385.3,38543.3,22389
13.3333,580.409,567.076,567.076,0,0,0
34929.3,29540.6,-5388.78,5388.78,24842.7,22031.7,29050.7
2396.67,12961.4,10564.7,10564.7,3977.33,3463.67,6370.33
3416,2532.2,-883.804,883.804,10550.3,9137.67,22813
6028,20742.1,14714.1,14714.1,9922.67,8902,6830.67
17173,16915.4,-257.606,257.606,30850.7,27556,43072.7
8544.67,20275,11730.3,11730.3,6972.33,9037.33,0
39131.7,37021.2,-2110.47,2110.47,27840.7,32097,9277
10245.7,8707.2,-1538.47,1538.47,12977.3,18929.7,31331.7
6700.33,15441,8740.68,8740.68,7794.67,13345.3,21507.7
1299,133.508,-1165.49,1165.49,0,0,0
774,5151.18,4377.18,4377.18,10197.3,5929.67,30458.3
13333,15807,2473.97,2473.97,18509.3,17099,25171
43870.3,21957.4,-21912.9,21912.9,26497,27643.3,24070.7
1344,2441.5,1097.5,1097.5,4385.67,2837.67,8502
3714.67,4466.55,751.888,751.888,18656.7,16276.7,35278.7
7657.33,26203.7,18546.4,18546.4,7374,7565.33,10111
13429.7,21156.9,7727.23,7727.23,4086.33,5062,0
31444.3,33660.1,2215.8,2215.8,40965.3,40633.3,39042
25448.7,34034.5,8585.82,8585.82,37356,43984.7,38969
28959.7,7519.25,-21440.4,21440.4,13573.7,15435.7,2784
9589.33,12611.8,3022.49,3022.49,16096.7,15002.7,11208.3
880.667,-11.1268,-891.794,891.794,0,0,0
4259.67,4364.09,104.427,104.427,4896.67,4628.67,6018
42332.3,28359.2,-13973.1,13973.1,45450,45396,39019.3
25155,27595.9,2440.95,2440.95,18768.3,20827.7,10553
25889.7,9928.78,-15960.9,15960.9,10346.3,13262,3922
9033,9508.76,475.755,475.755,183.333,880.667,0
32283.3,27747,-4536.29,4536.29,40068.3,38345,41859.3
1951,2261.14,310.138,310.138,13161.3,10354.3,31603
28797,25712.1,-3084.95,3084.95,39987.3,38393.7,45092.7
179.333,534.974,355.641,355.641,5596,4711.67,26733
25726.7,28002.4,2275.76,2275.76,30288.3,36386,12378
5434,5959.7,525.704,525.704,0,62,0
45165.3,33362,-11803.4,11803.4,41097.3,42314.3,21570.7
28742,30020.7,1278.7,1278.7,13599.7,16953.3,0
23260.3,29950.6,6690.31,6690.31,23188.3,22137.3,24564
1525.67,2215.92,690.251,690.251,12884,10154.7,32407.7
7730.33,5529.92,-2200.42,2200.42,5321.67,6833.33,1138.33
6874.33,5536.99,-1337.35,1337.35,5353.33,5437.33,1475.33
13806.7,8001.08,-5805.59,5805.59,1721,4026.33,0
14675.3,31018.2,16342.9,16342.9,23045,20747.3,18180
36050,18721.1,-17328.9,17328.9,18104.7,32867.7,3312.33
21200.7,26688.3,5487.67,5487.67,7739.67,10371.3,0
12461.7,17360,4898.36,4898.36,10785,10668.3,528.333
41052.3,45930.9,4878.54,4878.54,33654,35911.3,15724.3
27518.7,30939.7,3421.01,3421.01,36719,35511.7,40714
23715.3,17966.5,-5748.85,5748.85,6746.67,8711.67,0
3555.67,3419.14,-136.526,136.526,16153.3,13444.7,36379.7
13076.3,13656.4,580.087,580.087,28238.7,25520.3,41066
3137.67,2948.89,-188.775,188.775,5975.67,4925,20250.3
2528,6811.07,4283.07,4283.07,587.667,1266.67,0
1929,4716.05,2787.05,2787.05,170.333,543,0
9403.33,9606.29,202.961,202.961,55.3333,584.667,0
26698.3,20466.3,-6232.04,6232.04,8447.33,20644.3,5692.67
1904.67,7289.5,5384.83,5384.83,2669.67,4441.33,5616.67
1860.33,4136.98,2276.64,2276.64,873.333,1233.33,0
36379.7,29492.2,-6887.52,6887.52,44200,42497,45300
6696.33,14335.3,7638.95,7638.95,9057.67,7932.67,6322
43333.7,42541.1,-792.519,792.519,41631.3,42548.7,24478.7
595.667,594.719,-0.947783,0.947783,0,0,0
34949.7,32474.1,-2475.57,2475.57,38538.7,41824.3,9144.33
13647.7,15140.7,1493.01,1493.01,20199.7,19545.3,19557
15078,13052.8,-2025.25,2025.25,8928,7695.33,2430.67
41800.7,38604.1,-3196.52,3196.52,31574,33910,10759.3
10080.3,6938.68,-3141.65,3141.65,7240.67,14366.7,3897.33
36681.7,13726.1,-22955.6,22955.6,15570,16778.3,2488
3500.67,3630.19,129.525,129.525,6371.33,3944.33,6127.67
5881.67,4177.19,-1704.48,1704.48,592.333,796.333,0
23276.7,31891.1,8614.4,8614.4,8135.67,11363,0
1439.33,3291.3,1851.97,1851.97,1976.67,1680.33,1233.33
6343,4648,-1695,1695,20285,16657.7,37739.7
836.667,1473.52,636.854,636.854,0,0,0
38696.7,12425.5,-26271.2,26271.2,21530.7,24903,11432
12689,30290,17601,17601,10788.3,13429.7,401.667
6069.67,7136.56,1066.89,1066.89,0,126,0
3567.33,8626.93,5059.6,5059.6,10399.3,9716,3907.67
44634,42993,-1641.01,1641.01,35210.7,37528.3,13437.3
4237.67,926.906,-3310.76,3310.76,0,0,0
36185,20609.6,-15575.4,15575.4,32349,32206,29159.7
33076,38819.5,5743.51,5743.51,17538.3,20835,531
38470,43795.7,5325.73,5325.73,28600,33519.3,16822.3
6062.33,7090.23,1027.9,1027.9,19228.3,17010.7,34437
29050.7,26824.8,-2225.84,2225.84,17392.7,19934.7,918
380.333,1100.69,720.361,720.361,0,0,0
6760.33,6393.91,-366.424,366.424,0,272,0
20186.7,21317.1,1130.46,1130.46,33521.3,31071,41988
869.667,3750.11,2880.44,2880.44,108,239,0
13809.7,23882.3,10072.6,10072.6,5136.67,10251.3,586
13199.3,29583.2,16383.8,16383.8,34655.7,21934.3,25817.3
41125.3,34665.9,-6459.43,6459.43,46287,45941.3,41946
38543.3,37917.3,-626.08,626.08,28818.7,35649.7,25195.3
6580.33,8669.86,2089.52,2089.52,9445.33,9012.67,4787
2252.33,10532.1,8279.73,8279.73,3975.67,4378.67,3681.67
13423,19376.5,5953.49,5953.49,14112,6626,40944
3275.33,8259.77,4984.44,4984.44,5214,2510.33,7950.33
24000,30525.2,6525.16,6525.16,19668.7,20318.7,8030.33
2038,520.965,-1517.04,1517.04,0,0,0
8138,39870.5,31732.5,31732.5,9436.67,7038,4973.67
25203.3,33127,7923.63,7923.63,37511.7,39867,42265.3
498.667,2135.57,1636.9,1636.9,0,0,0
2013,2263.28,250.278,250.278,13684.3,11115.3,34668.3
26369.7,21967.4,-4402.28,4402.28,10546.3,13578.3,0
45827.7,43259.9,-2567.81,2567.81,41946,43302.7,23237.7
2505.67,6745.52,4239.85,4239.85,2510.33,2063.67,6885.67
1529.67,1294.14,-235.531,235.531,7242,6020.33,8308
15846.7,30522.2,14675.5,14675.5,23841.7,24659,25308.7
16243.7,18759,2515.31,2515.31,29570.7,27132,40364.7
39057.3,29629.9,-9427.41,9427.41,21191.3,27421,5968
35893,12228.8,-23664.2,23664.2,9373.33,11985.7,6624.33
375.333,340.774,-34.5596,34.5596,7539,5909,32619.7
43302.7,41752.2,-1550.5,1550.5,32407.7,35210.7,10452
37441.3,34515.9,-2925.44,2925.44,40595.3,40583,36715
19179.7,19637.8,458.155,458.155,9650,10902.3,19.6667
11506.7,33507.7,22001,22001,16682.3,7043.33,11498
1138.67,6298.87,5160.2,5160.2,59,267.333,0
21135,21715.3,580.28,580.28,37159,37605.3,42207.7
3411,3463.12,52.1214,52.1214,14976,12296,33500.3
3140.33,5604.47,2464.14,2464.14,6229,4523,3805.33
6243.67,11391.1,5147.46,5147.46,19760.3,17916.7,30200.7
3179,18747.2,15568.2,15568.2,7657.33,6409.67,7083.33
192,-257.563,-449.563,449.563,4875.33,6573,14062.3
9259.33,27975.9,18716.6,18716.6,7043.33,8604.67,10071.3
23250.7,28526.9,5276.27,5276.27,33051.7,31427.3,33484.3
37422.7,46601,9178.32,9178.32,26527.7,29055,8727.33
32386,32818.6,432.623,432.623,43268.7,41988,26924.3
45907.3,46706.9,799.618,799.618,45938.7,46790,34075
1225.33,6142.19,4916.86,4916.86,1981.67,2535.33,1594
4648.67,3716.85,-931.816,931.816,7297.33,6090,6703.33
42207.7,34344.7,-7862.95,7862.95,40744,41542,9197.33
29227.3,24844.6,-4382.75,4382.75,13407.7,16536.3,60.6667
18603.7,19584,980.333,980.333,31066.7,29072.7,40320.7
7952.67,14431.2,6478.52,6478.52,3522.67,4544.67,0
23456.7,20248.6,-3208.04,3208.04,36261.3,34104.3,43839.7
42948.7,43382.2,433.482,433.482,40135.7,41631.3,21607
8693.33,16421.5,7728.21,7728.21,14927.7,16861.3,25657
20853.3,7757.05,-13096.3,13096.3,3254,4635.33,0
16690.7,18759,2068.31,2068.31,30333.7,28005.7,41622.3
44018,45635.9,1617.91,1617.91,43865.7,44234,30477
28377,31827,3449.98,3449.98,40633.3,40052.7,39997.3
4512.67,8267.75,3755.09,3755.09,9716,5898.67,10473
748.667,608.95,-139.717,139.717,0,0,0
6515.33,7693.57,1178.24,1178.24,2227,4422.33,43.6667
134,1454.27,1320.27,1320.27,1557.67,1396.33,4320.67
41475.3,40340.2,-1135.11,1135.11,43011,43314.3,33089.7
965,3820.7,2855.7,2855.7,8693.33,6541.33,21592
16299.3,15129.1,-1170.24,1170.24,13248.3,17021.3,6776.33
1981.67,5945.2,3963.53,3963.53,2508,3544.67,2829
1217,551.354,-665.646,665.646,0,0,0
40980,30330,-10650,10650,45354.3,45465,41641.3
7233.67,8628.34,1394.68,1394.68,3210,3897.33,160
1515,4639.03,3124.03,3124.03,873.667,1603,8.33333
45465,34142.1,-11322.9,11322.9,45300,45176.7,32835
6830.67,6734.78,-95.8882,95.8882,4226,6905,1852.67
1085.67,4372.76,3287.09,3287.09,2060,2975.33,3234.67
20016.7,22359.9,2343.28,2343.28,15191.7,17110.3,3815.33
4002.67,18120.6,14117.9,14117.9,2418.33,2018.33,0
3133.67,12246.8,9113.09,9113.09,4845,5369.67,8823.33
7886.33,28071.3,20185,20185,13326.7,13075.3,12424.7
40269,34855.9,-5413.09,5413.09,29585.3,31955,8773
6626,35765.7,29139.7,29139.7,42377.7,41562.7,35844
19238,29232.7,9994.72,9994.72,27357.7,24417.7,20950.3
29810.7,24923.3,-4887.4,4887.4,40822.3,39106,47390.3
7372,1022.4,-6349.6,6349.6,0,0,0
40144.7,48161,8016.36,8016.36,30697.7,33427,13270.3
6472.67,26407.1,19934.4,19934.4,26206,20016.7,8103.33
133.667,146.894,13.2271,13.2271,1518.67,1344,7406
7770.67,14357.3,6586.67,6586.67,6279,6104,1596.67
16430.3,18049,1618.62,1618.62,7002,7841.33,47.6667
21802,28861.5,7059.54,7059.54,22290.7,22736.7,29551
114.667,184.478,69.8108,69.8108,0,0,0
9436.67,28723.6,19286.9,19286.9,5327.67,4901.67,183.667
39980,34482.7,-5497.35,5497.35,44270.3,44018,39573
10906,5701.74,-5204.26,5204.26,3751.33,4982.33,0
4132.67,5378.36,1245.69,1245.69,1873.33,1827,98.3333
26988.7,28065.9,1077.2,1077.2,26777.3,21992.3,9103
33481.7,24634.9,-8846.76,8846.76,32292.7,25428.3,11386.3
7930.33,10146.9,2216.55,2216.55,20882.7,18290,35653.3
4231.67,6168.82,1937.16,1937.16,9857,6776.33,37169
588.333,1286.89,698.561,698.561,0,0,0
41966.7,45748.2,3781.49,3781.49,39997.3,41052.3,26911.3
11315.3,12985.4,1670.04,1670.04,25150.7,22752.3,38021.7
42941.3,32696.9,-10244.5,10244.5,44430,43946.7,34268.7
1166.33,7444.76,6278.42,6278.42,13718.7,9122.67,26036
0,2366.4,2366.4,2366.4,1225.33,1070.33,1998.67
22448,22774.5,326.481,326.481,28143.7,26067.7,16762.3
36764,28853.2,-7910.78,7910.78,36980.3,30127.7,17616.7
29361,32897.1,3536.05,3536.05,39049,38734.3,41307.7
9838,12052.3,2214.25,2214.25,1664.33,3095.33,0
22991.7,28286,5294.33,5294.33,21015,25670,11419
1624.67,1483.05,-141.615,141.615,0,26,0
180.667,1022.12,841.45,841.45,0,0,0
32794,33992.7,1198.7,1198.7,27421,26939,10407
19976,15664,-4311.95,4311.95,4539.33,7442,0
7493,17136.6,9643.64,9643.64,13538.3,12003.3,27223.7
10559.7,13829.6,3269.94,3269.94,17099,13647.7,20488
40110.7,31899.9,-8210.78,8210.78,42858.7,43678,37063.7
13979,14538,559.013,559.013,26364.7,24036.7,38316.3
4664,9171.54,4507.54,4507.54,4287.33,2669.67,4796
12153.7,20003,7849.36,7849.36,13158.3,16193.3,22448
11857.7,10795.8,-1061.83,1061.83,1980.33,1725,0
29,-46.2928,-75.2928,75.2928,5435.67,3488.67,35123.3
36663.7,37281.4,617.71,617.71,26345,28742,5067.33
37592.7,39035.9,1443.27,1443.27,24899.7,38652.7,11857.7
5367.33,25594.1,20226.7,20226.7,5009.33,4212.33,2999
31675.7,25470.6,-6205.02,6205.02,17065.3,20096,193
6672.67,4948.79,-1723.88,1723.88,8806,8308,24230.7
34718,28892.6,-5825.4,5825.4,40567.7,40110.7,42150
6584.67,3525.84,-3058.83,3058.83,0,64,0
33500.3,31940.2,-1560.18,1560.18,40664.3,39090.7,41751.3
3828.67,10432.3,6603.68,6603.68,11364.7,10837.7,39057.3
41943.3,37656.8,-4286.57,4286.57,30268.3,33235.3,16536.3
5026.67,18682.7,13656,13656,12938.3,10082.7,8588.67
5705,3125.02,-2579.98,2579.98,5936,7297.33,4298
35654.3,32609.9,-3044.46,3044.46,21773.3,24362.7,2202
15738.7,16433.2,694.506,694.506,30565,28238.7,42440.7
8928,11271.4,2343.36,2343.36,2437.67,3657,1108
21158.3,21542.2,383.879,383.879,33274,31066.7,40527.7
41761,37434.2,-4326.84,4326.84,30964,33612.7,9247.33
33410.7,35695.8,2285.16,2285.16,26246.3,30510,11661
177.667,2763.64,2585.97,2585.97,4431,3832.67,8697.67
40847,21202.9,-19644.1,19644.1,34638.3,35578.7,8018.33
8245.67,11865.5,3619.81,3619.81,13206.3,16294.7,40668
22752.3,24000.7,1248.37,1248.37,33497.3,32382,41400
10346.3,11164.2,817.823,817.823,7053.33,7207,1892.33
12822,13082.8,260.823,260.823,1467.67,2999.33,0
25235.3,22300.6,-2934.7,2934.7,21859.7,33769.3,41716.3
43646,41807.2,-1838.75,1838.75,37192.3,39595.3,18370.7
35709.7,29388.5,-6321.2,6321.2,41421.3,40567.7,40766.7
4677,6575.68,1898.68,1898.68,4003,2467.67,180.667
38344.3,42129.3,3784.95,3784.95,31291.3,32818,13422.3
2701.67,11436,8734.34,8734.34,9277.33,9687.33,17021.3
11347.7,24735.3,13387.6,13387.6,18888,18330.7,20597.3
27594.3,31192.8,3598.47,3598.47,30911,39702.7,34676
2508,5325.18,2817.18,2817.18,4113,2987,4784
41463.7,33090.6,-8373.11,8373.11,41815.7,43411.3,35654.3
16094,16798.6,704.552,704.552,4611.33,7002,0
33596,26568.7,-7027.27,7027.27,19340.7,22389.7,960.333
41622.3,38590.2,-3032.13,3032.13,41394,42312.3,31422
12113.7,15545.8,3432.17,3432.17,2900.33,5434,0
3975.67,13787.5,9811.86,9811.86,2221.67,2746.67,4102.33
5098,15916.3,10818.3,10818.3,13524,12827.3,24000
9775.67,7253.23,-2522.44,2522.44,0,209.667,0
14417.7,25384.5,10966.9,10966.9,9227.33,6839,2890.67
27106,31455.3,4349.27,4349.27,11696.3,14828.7,0
267.333,398.881,131.547,131.547,0,0,0
11827,1096.18,-10730.8,10730.8,8832.33,4837.33,14112
24.6667,629.177,604.511,604.511,5963.67,4088.33,23429
4828.67,5620.72,792.058,792.058,1622.67,3830.67,96.3333
15559.3,30552.7,14993.4,14993.4,14307,9778.67,9838
0,-307.064,-307.064,307.064,1396.33,1055.33,4190.33
24133.7,29586.1,5452.45,5452.45,24564,34034.7,10445
129.333,1242.54,1113.2,1113.2,0,0,0
37363.7,29267.3,-8096.35,8096.35,35652.3,38508,10473.7
19708.7,22809.6,3100.92,3100.92,22448,31748.3,20644.3
3977.33,14994.1,11016.7,11016.7,4523,3133.67,3392
4027,3265.05,-761.947,761.947,1787.67,2289.33,1966.67
931.667,4654.63,3722.96,3722.96,4479.33,5361.33,12584
1100,7671.84,6571.84,6571.84,3736.33,3155,7565.33
40633.3,40012.1,-621.241,621.241,41884.7,42698.7,31257.7
1873.33,2340.9,467.571,467.571,12275.3,9988.67,31507.7
11985.7,10701.1,-1284.61,1284.61,9741.67,9555.67,2832
34486.3,32778.9,-1707.44,1707.44,41249.3,40058.3,38470
23948,18372.8,-5575.2,5575.2,28377,33175,41966.7
41641.3,36106.3,-5534.99,5534.99,29677,32835,7442
23795.3,27250,3454.68,3454.68,38345,37159,41679.7
5009.33,9652.69,4643.35,4643.35,4689,6602.33,2506.33
3261.33,6165.9,2904.57,2904.57,13.6667,373,0
34276.3,22959.2,-11317.1,11317.1,13697,20135.3,215.667
3922.67,9751.91,5829.24,5829.24,10789.7,10343,17307
8837.33,11154.2,2316.89,2316.89,13647.7,14772.7,18957.7
8947.67,15128.6,6180.97,6180.97,2354.67,6970.67,0
10649.7,28407.7,17758,17758,20747.3,19888.3,19079.7
35027.3,30486.7,-4540.66,4540.66,40320.7,40581.3,36681.7
11079,9207.9,-1871.1,1871.1,27011,24014.7,42254.7
139.333,708.07,568.737,568.737,0,0,0
43270.7,39913.9,-3356.76,3356.76,37644,39583.7,18720.3
10785,8680.06,-2104.94,2104.94,5321.67,4172,0
31603,32701.1,1098.15,1098.15,39840.7,39017,39745
32835,28851.2,-3983.84,3983.84,16767.7,19976,164.667
19,681.784,662.784,662.784,0,0,0
33654,37459.3,3805.33,3805.33,21200.7,23961.7,3420.33
11592.7,30172.6,18579.9,18579.9,10759.7,13201.3,4086.33
214.333,2535.48,2321.15,2321.15,0,0,0
5975.67,14848,8872.3,8872.3,14062.3,13581.7,23260.3
20148.3,27424.1,7275.77,7275.77,21772.3,18243.7,15003
29865.7,33899.2,4033.52,4033.52,30510,30893.7,18008.7
37063.7,42498,5434.38,5434.38,25539.3,28267,6760.33
9256.33,22734.2,13477.9,13477.9,14229.7,13158.3,15969.3
0,835.448,835.448,835.448,6626,4854,23662.3
8137.33,3795.92,-4341.41,4341.41,223.667,551.333,0
30757.3,33062.9,2305.55,2305.55,40386,31016.7,38596.3
6020.33,2555.15,-3465.19,3465.19,5773,6672.67,10144.7
45938.7,47545.1,1606.48,1606.48,38697.7,41337.3,19027
35553.3,35751.6,198.23,198.23,23218.3,26345,2836.67
3957,1603.02,-2353.98,2353.98,0,0,0
22511,25465.3,2954.29,2954.29,35171.7,32949.3,34471
8876,8574.24,-301.759,301.759,79.3333,689.333,0
29445.3,30873,1427.69,1427.69,42713.7,30841.3,40360.3
45092.7,39010,-6082.66,6082.66,43141.7,44160.3,26523.3
17852.3,18595.2,742.913,742.913,31507.7,28972,41475.3
528.667,1180.58,651.912,651.912,10687.7,7955.67,30805.3
1728,9954.65,8226.65,8226.65,1077.33,3556,267.667
25609.3,29025.1,3415.81,3415.81,10270.7,11403.7,652.333
4919.33,7281.6,2362.27,2362.27,847,2157,371
2131.67,2257.72,126.056,126.056,13160.3,10592.3,32731.3
9197.33,14104.1,4906.73,4906.73,3261.33,2716,0
1679,4907.75,3228.75,3228.75,2565.67,207,884
12590.7,20201.9,7611.27,7611.27,32283.3,23795.3,42100.7
1074.33,717.248,-357.086,357.086,8491.67,11188.3,17099
15009.7,24246,9236.34,9236.34,26270.3,22476.7,27245.3
19992,18800,-1192,1192,34668.3,31932,45247.7
24478.7,28922,4443.31,4443.31,10997.3,12371,0
15673,28742.6,13069.6,13069.6,24778.3,28830.3,8464.33
20318.7,8505.93,-11812.7,11812.7,11419,13604,5650.67
18996.3,30575.9,11579.5,11579.5,11403.7,14106,1723.67
26345,27601.8,1256.77,1256.77,10509.7,13599.7,0
18072.3,19133.8,1061.5,1061.5,6048.33,9197.33,1041.33
14465.7,26221.8,11756.1,11756.1,25428.3,22255.7,19741.3
64.3333,5000.7,4936.37,4936.37,1022,6213.67,421.333
89.6667,787.289,697.623,697.623,0,0,0
0,1229.32,1229.32,1229.32,0,0,0
14806.7,20035.8,5229.17,5229.17,25955.3,23662.3,36666.3
23836.7,22576.6,-1260.1,1260.1,35321,33500.3,41940.3
29990,25226.1,-4763.86,4763.86,40795,39270.7,47125.3
9729.33,25665.1,15935.8,15935.8,5463.67,5327.67,0
37169,36780.2,-388.755,388.755,31632.7,39385.3,30923.3
16193.3,30086,13892.7,13892.7,17158,23918.3,26067.7
773.667,4396.72,3623.06,3623.06,7493,8881.67,18340
34676,38834.9,4158.86,4158.86,15843.7,19115.3,7809.33
1603.33,1973.14,369.803,369.803,9648,8001,34309.7
26519.3,22118.5,-4400.8,4400.8,37739.7,36261.3,44773.7
12450.7,12538.2,87.5526,87.5526,5051.67,6686.33,59
12827.3,30744.3,17917,17917,22991.7,18888,20318.7
32935,39614.8,6679.82,6679.82,20177,23276.7,2045
21157.3,28860.3,7702.96,7702.96,31427.3,30359,33758
39244.3,42278.2,3033.89,3033.89,28825.3,29685,11602.3
35411,19155.4,-16255.6,16255.6,33484.3,33758,28045.3
19115.3,30822.7,11707.4,11707.4,12164,15253,4121
28678.7,42728.9,14050.2,14050.2,32818,34517.7,15994.3
8347.33,12605,4257.65,4257.65,1723.67,2479,0
27831,9820.55,-18010.4,18010.4,6881.33,10473.7,212
30,685.36,655.36,655.36,0,0,0
12296,12318.3,22.2883,22.2883,26227,23836.7,39090.7
4159.67,17222,13062.3,13062.3,11065.7,7994.67,8607.33
31625.3,33177.7,1552.36,1552.36,39820,38917.7,39960.3
14235.3,19794.5,5559.14,5559.14,31264,24567,33618.3
1791.67,8388.26,6596.59,6596.59,6131,5026.67,12427
2483.67,5966.42,3482.75,3482.75,0,458.667,0
42724.7,42450.4,-274.249,274.249,41784,42737,28236.7
69.6667,524.341,454.674,454.674,8470.33,5959.67,29129.3
0,5610.67,5610.67,5610.67,77.3333,78,8104.67
54.3333,660.485,606.152,606.152,3716.33,2408.67,17989.7
34060.3,27024.7,-7035.63,7035.63,20096,23278.3,1162
2837.67,5437.34,2599.68,2599.68,6606.33,7406,5228
29895.3,27796.9,-2098.44,2098.44,25879.3,35652.3,6881.33
2943,7762.66,4819.66,4819.66,908.667,1474.67,0
3059,1371.06,-1687.94,1687.94,0,0,0
5170.33,11283.2,6112.87,6112.87,2943,3640,587.667
25851,24327.4,-1523.61,1523.61,38256.3,35329.7,41773
10791.7,8041.18,-2750.49,2750.49,11405.7,10056,6833.33
4991.33,1876.43,-3114.9,3114.9,0,0,0
3402.33,5118.97,1716.63,1716.63,410.667,836.667,0
21772.3,32437.9,10665.5,10665.5,30317.3,37328,7841.33
3234.67,9609.58,6374.91,6374.91,17343,16580.7,39702.7
6776.33,24539.4,17763.1,17763.1,30757.3,19124.3,39385.3
1070.67,1959.82,889.151,889.151,98.3333,214.333,0
764.333,1267.43,503.101,503.101,11079,8286,32606.3
6589,9662.99,3073.99,3073.99,4375.33,4524,147.667
2226,3626.63,1400.63,1400.63,264,441.667,0
4417,1708.15,-2708.85,2708.85,8836,10047.3,24472.7
22627,22271.1,-355.886,355.886,16564.7,18180,9129.33
27421,16248.6,-11172.4,11172.4,13861,10101.7,2635.67
18398,22246,3848.01,3848.01,16921.7,20011.7,2327
11570,14797.4,3227.44,3227.44,8938.67,6776.33,9013
3721.67,12584.9,8863.19,8863.19,11556.3,10382,4475.33
18104.7,9768.08,-8336.59,8336.59,6945,7288.33,238.333
3448.33,7264.39,3816.05,3816.05,1378.67,1509.33,30
6544,4539.88,-2004.12,2004.12,420.667,668,0
44252.7,31584.6,-12668,12668,47125.3,46677.3,40705
1317.33,492.766,-824.567,824.567,0,0,0
241.333,2556,2314.66,2314.66,0,0,0
8773,6269.16,-2503.84,2503.84,0,359.333,0
33509.3,22291.8,-11217.6,11217.6,20158,26299.3,11534
9648,20854.9,11206.9,11206.9,22393.3,22255.3,32432.3
38722.3,38538.9,-183.417,183.417,28889,31012.7,9522
40742.3,39725.6,-1016.72,1016.72,41385,40714,31012.7
1782.67,2189.74,407.077,407.077,13444.7,10779.7,33755.3
18837,17208.5,-1628.48,1628.48,20488,18957.7,28503.3
2829,11455.4,8626.38,8626.38,4784,3515.33,1509.33
40982.3,23009.4,-17973,17973,35578.7,36681.7,11202.3
4129.67,3898.12,-231.545,231.545,16734.3,14571,28377
26121.7,23361.9,-2759.73,2759.73,18067.3,15268.3,24134.7
682.667,-53.612,-736.279,736.279,9777,7103,25235.3
45219,29980.9,-15238.1,15238.1,45176.7,44906.3,35049
5237.67,15118.9,9881.26,9881.26,7886.33,8697.67,13077.3
30600.7,30887.3,286.635,286.635,27019.3,32526.7,21374.7
32782,33184.4,402.419,402.419,18370.7,21497,996
3232.67,6279.32,3046.65,3046.65,4816.67,6802.67,6473.67
9630.33,8894.76,-735.572,735.572,5174,6762.33,430
8595.67,23271.2,14675.5,14675.5,9146,11506.7,12118
39031.7,31716.4,-7315.3,7315.3,27519.3,33275.7,5514
3254,2384.16,-869.845,869.845,212,532,0
35662,37197.2,1535.18,1535.18,21607,24478.7,2462.33
1810,3870.78,2060.78,2060.78,788.333,873.667,0
7995,11426,3431.03,3431.03,1337.67,1728.33,0
4361.33,3931.62,-429.711,429.711,6980.33,5936,4132.67
5384.33,4703.08,-681.25,681.25,10890.7,5975.67,20557
15798,12090.8,-3707.23,3707.23,11453.3,15287,5366
6624.33,5933.27,-691.062,691.062,2380,2832,0
996,377.861,-618.139,618.139,0,0,0
32619.7,26470.5,-6149.15,6149.15,26833.7,29445.3,49739
32933.3,36273.4,3340.11,3340.11,18996.3,24726.7,8347.33
2246.67,2447.37,200.702,200.702,7769,7310,14675.3
2673,2430.87,-242.128,242.128,1255.33,1414,1521.67
37009.3,32896.5,-4112.8,4112.8,44818,42548.7,45596.7
3905,3547.08,-357.924,357.924,0,40.3333,0
4816.67,14275.2,9458.55,9458.55,8155.33,7679.33,15799
1557.67,527.842,-1029.82,1029.82,0,0,0
4787.67,4439.61,-348.053,348.053,2980.33,4132.67,698.667
2139.33,10877.3,8738.01,8738.01,4844,3736.33,7374
4896.67,8807.46,3910.79,3910.79,6078,6127.67,7742.67
44815.3,36504.7,-8310.65,8310.65,33532.3,36100.7,6450.33
31381.3,31658.2,276.836,276.836,20208,23188.7,2411
14421.7,11303,-3118.69,3118.69,12953.3,11208.3,5412
8259.67,16537.2,8277.56,8277.56,24397.7,21440.7,25448.7
0,1678.76,1678.76,1678.76,5098,2945,18330.7
36210.7,34126.7,-2083.94,2083.94,33333.7,24842.7,26941
5412,5154.29,-257.712,257.712,491.667,961,0
4275.33,24331.5,20056.2,20056.2,15798,11448,12959.7
9.33333,618.78,609.447,609.447,0,0,0
7794.67,21122.6,13327.9,13327.9,13422.7,7002.33,15105
28684.3,31723.8,3039.47,3039.47,13680.7,19264.3,4002.67
34638.3,11979.1,-22659.3,22659.3,12713,13402,795.667
410.667,1075.89,665.218,665.218,0,0,0
31066.7,27055,-4011.71,4011.71,39931.3,38867.3,40063.7
35831,20026,-15805,15805,32206,33484.3,18203
8206.67,6706.15,-1500.52,1500.52,4179,4828.67,764.667
40792.7,36612.1,-4180.61,4180.61,37240.7,38990.7,23278.3
1701.67,8382.58,6680.91,6680.91,13.3333,229.667,0
36845.7,23165.5,-13680.1,13680.1,19783,29799.3,12528.3
3832.67,5382.46,1549.8,1549.8,6305.67,5237.67,11997.3
217.667,1037.67,820,820,0,0,0
30359,29769.5,-589.511,589.511,35831,35411,32595.7
42499,34149.8,-8349.2,8349.2,42265.3,41016.7,33309
6663.33,20164.9,13501.6,13501.6,15014.3,12930.7,22362
3716.33,15728.6,12012.3,12012.3,14404.7,12264.3,26103
6131,23747.3,17616.3,17616.3,13098.3,12938.3,10791.7
29445,33184.6,3739.63,3739.63,29974,24899.7,7971
40583,34365.1,-6217.86,6217.86,39745,40724.3,28712.7
441.667,2469.87,2028.2,2028.2,0,9.33333,0
21072,20439.1,-632.895,632.895,33500.3,31360,42021
11444.3,28754.7,17310.4,17310.4,9325.33,8367.33,0
14268,22260.3,7992.31,7992.31,21592,15472.7,27357.7
41385,40303.2,-1081.79,1081.79,35055,37260.7,17884.7
27461.3,31085.4,3624.03,3624.03,38734.3,35253,38814.3
1180.67,3311.38,2130.72,2130.72,2975.33,3077,3567.33
4088.33,4973.76,885.428,885.428,15988.7,13056.3,32221.3
41119.3,25271.3,-15848,15848,33685.3,27191.3,20853.3
2430,4913.48,2483.48,2483.48,11304.3,9686,19609
8374,7561.77,-812.233,812.233,23722.7,19847.7,39810.7
29369.7,24032,-5337.66,5337.66,39598.3,37739.7,46125.7
52.6667,4661.21,4608.54,4608.54,2772.67,2038.67,3544.67
658.333,1217.34,559.01,559.01,0,0,0
20208,16513.5,-3694.48,3694.48,6271.67,8315,0
24820,32956.3,8136.26,8136.26,36052,35527,10346.3
3696,6067.26,2371.26,2371.26,1852.67,2177.33,0
18957.7,21850.5,2892.85,2892.85,19557,20594.3,30634.7
2401.33,12754.3,10352.9,10352.9,15750.3,10850.3,26988.7
28561,25475.7,-3085.33,3085.33,38000.7,36167.7,41325.3
4539,3685.19,-853.814,853.814,0,19.6667,0
5596,8687.41,3091.41,3091.41,17468.7,17374.7,36764
24397.7,26660.2,2262.51,2262.51,29445.3,38554,37356
18340.3,6598.21,-11742.1,11742.1,16426.3,13573.7,2596
9834,17992.6,8158.62,8158.62,19124.3,17948.7,38543.3
6339,9164.05,2825.05,2825.05,176,896.333,0
22137.3,38416.5,16279.2,16279.2,29854.7,30971.3,8778
6776.33,18642.3,11865.9,11865.9,10050.7,6887.33,4052.67
2635.67,8702.26,6066.59,6066.59,1986.67,2304.33,170.333
32818,34890,2072.02,2072.02,21294,24015.7,4037.67
9555.67,9547.74,-7.9255,7.9255,5659,6624.33,410.667
41270.7,34736.3,-6534.33,6534.33,36715,37240.7,20096
16666,15246.2,-1419.82,1419.82,31932,29129.3,44818
2408.67,12443,10034.4,10034.4,12264.3,9635,34449.7
19934.7,19588.2,-346.497,346.497,6075.33,8613.67,0
30268.3,30431.2,162.837,162.837,22954.3,25924.7,3373.33
11405.7,9043.61,-2362.06,2362.06,7233.67,9348.33,3420.33
12199,16502.9,4303.89,4303.89,7680,13222.3,5753.67
41156.7,12589,-28567.7,28567.7,18049,14742.7,1721
182,533.329,351.329,351.329,0,0,0
4052.67,10550.9,6498.25,6498.25,1942,2483.67,0
8697.67,28462.7,19765,19765,13075.3,11997.3,12050.3
32595.7,20066.8,-12528.9,12528.9,18203,28045.3,5176.33
13533.7,19687.6,6153.94,6153.94,17593,18305,4513.67
5886.33,6429.66,543.324,543.324,3696,3759,1098.67
9777,3943.67,-5833.33,5833.33,11154,8512,21859.7
1518.67,2597.33,1078.67,1078.67,5884,4385.67,10535
8.66667,7288.37,7279.7,7279.7,11008.3,10230.3,35740.3
7386.67,19676.6,12289.9,12289.9,3960,4756,902.333
1621.33,2086.59,465.253,465.253,2278,2396.67,3632.67
4598.33,1026.26,-3572.08,3572.08,0,0,0
276.667,1173.7,897.03,897.03,10154.7,7505,30306.3
8588.67,7844.22,-744.443,744.443,10056,9206.33,8939
10550.3,12010.4,1460.09,1460.09,18929.7,35123.3,17033.3
351.333,1908.88,1557.54,1557.54,9680.67,7262.33,29072.7
37356,37365.8,9.83279,9.83279,40360.3,34426,18049.3
5515.67,14373.6,8857.98,8857.98,25803.7,21199,16426.3
12492,12769.6,277.558,277.558,27186.3,24789,40414
5068.67,25629.2,20560.5,20560.5,8834.33,13462,107.333
39019.3,27307.8,-11711.5,11711.5,26930,29842.7,1317.33
17685.7,22647.1,4961.48,4961.48,20105.7,17402.7,22020.7
41084.7,32962.2,-8122.43,8122.43,43639.7,44292.7,37192.3
1414,3514.6,2100.6,2100.6,2140.33,1976.67,873.333
598.333,3497.27,2898.94,2898.94,5052.33,4431,7886.33
37649.7,33236.4,-4413.24,4413.24,43731.3,42780.3,42665.7
0,-181.051,-181.051,181.051,3073.67,2030.33,7239.67
13998,17843,3844.96,3844.96,2702.33,4572.67,0
40822.3,33359.2,-7463.16,7463.16,45907.3,45703.3,43913.3
44416,37619.8,-6796.23,6796.23,36100.7,39031.7,10323
26990.7,26400.7,-590.001,590.001,36623.3,34763.7,41464
15679.7,31191.5,15511.8,15511.8,43657.7,42606,36055
32407.7,32105.7,-301.97,301.97,40474,39217.3,43270.7
2205,5915.16,3710.16,3710.16,2038,1966.67,176.667
6213.67,7252.7,1039.03,1039.03,48,1004.67,3384.67
22513,36625.3,14112.3,14112.3,20133.7,21230.7,7139
1573.33,5725.53,4152.2,4152.2,0,335.333,0
